idmanzana,ubigeo,distrito,codzona,codmzna,n_hogar,n_pob,estrato,estrato_label
070101033000210,070101,CALLAO,033,021,77,298,3,medio
070101033000220,070101,CALLAO,033,022,61,237,3,medio
070101033000200,070101,CALLAO,033,020,11,67,3,medio
070101033000250,070101,CALLAO,033,025,1,1,3,medio
070101033000270,070101,CALLAO,033,027,22,109,3,medio
070101033000280,070101,CALLAO,033,028,44,161,3,medio
070101033000300,070101,CALLAO,033,030,51,216,3,medio
070101033000130,070101,CALLAO,033,013,89,351,3,medio
070101033000290,070101,CALLAO,033,029,51,190,3,medio
070101033000260,070101,CALLAO,033,026,53,193,3,medio
070101033000120,070101,CALLAO,033,012,67,237,3,medio
070101033000240,070101,CALLAO,033,024,54,204,3,medio
070101033000320,070101,CALLAO,033,032,23,92,3,medio
070101033000310,070101,CALLAO,033,031,33,124,3,medio
070101033000110,070101,CALLAO,033,011,64,223,3,medio
070101033000080,070101,CALLAO,033,008,5,9,3,medio
070101033000230,070101,CALLAO,033,023,38,161,3,medio
070101009000530,070101,CALLAO,009,053,56,224,4,medio alto
070101009000520,070101,CALLAO,009,052,45,194,4,medio alto
070101009000270,070101,CALLAO,009,027,42,141,4,medio alto
070101009000490,070101,CALLAO,009,049,38,141,4,medio alto
070101009000210,070101,CALLAO,009,021,81,270,4,medio alto
07010101500061C,070101,CALLAO,015,061,4,9,2,medio bajo
070101009000510,070101,CALLAO,009,051,81,325,4,medio alto
070101009000180,070101,CALLAO,009,018,78,331,4,medio alto
07010101500061B,070101,CALLAO,015,061,15,49,2,medio bajo
070101009000540,070101,CALLAO,009,054,100,370,4,medio alto
070101009000500,070101,CALLAO,009,050,82,314,4,medio alto
070101033000150,070101,CALLAO,033,015,80,308,3,medio
070101033000160,070101,CALLAO,033,016,27,113,3,medio
070101033000070,070101,CALLAO,033,007,4,6,3,medio
070101033000350,070101,CALLAO,033,035,74,282,3,medio
070101033000330,070101,CALLAO,033,033,2,3,3,medio
070101033000370,070101,CALLAO,033,037,97,392,3,medio
070101033000340,070101,CALLAO,033,034,65,291,3,medio
070101033000170,070101,CALLAO,033,017,107,391,3,medio
070101009000150,070101,CALLAO,009,015,83,372,4,medio alto
070101033000090,070101,CALLAO,033,009,16,57,3,medio
070101009000470,070101,CALLAO,009,047,20,68,4,medio alto
070101009000580,070101,CALLAO,009,058,1,10,4,medio alto
070101009000060,070101,CALLAO,009,006,57,189,4,medio alto
070101009000440,070101,CALLAO,009,044,55,174,4,medio alto
070101009000030,070101,CALLAO,009,003,49,190,4,medio alto
070101009000460,070101,CALLAO,009,046,48,233,4,medio alto
070101009000450,070101,CALLAO,009,045,108,338,4,medio alto
070101009000140,070101,CALLAO,009,014,101,366,4,medio alto
070101009000020,070101,CALLAO,009,002,67,233,4,medio alto
070101009000010,070101,CALLAO,009,001,115,409,4,medio alto
070101009000170,070101,CALLAO,009,017,65,267,4,medio alto
070101009000070,070101,CALLAO,009,007,41,168,4,medio alto
070101009000040,070101,CALLAO,009,004,21,85,4,medio alto
070101009000080,070101,CALLAO,009,008,61,237,4,medio alto
070101009000120,070101,CALLAO,009,012,67,249,4,medio alto
070101009000100,070101,CALLAO,009,010,50,167,4,medio alto
070101009000110,070101,CALLAO,009,011,52,169,4,medio alto
070101009000240,070101,CALLAO,009,024,68,268,4,medio alto
070101009000250,070101,CALLAO,009,025,65,212,4,medio alto
070101009000280,070101,CALLAO,009,028,46,182,4,medio alto
070101009000230,070101,CALLAO,009,023,75,267,4,medio alto
070101009000220,070101,CALLAO,009,022,68,276,4,medio alto
070101009000130,070101,CALLAO,009,013,43,149,4,medio alto
070101009000290,070101,CALLAO,009,029,65,245,4,medio alto
070101033000100,070101,CALLAO,033,010,26,71,3,medio
070101033000380,070101,CALLAO,033,038,55,221,3,medio
070101009000200,070101,CALLAO,009,020,68,216,4,medio alto
070101033000550,070101,CALLAO,033,055,88,396,2,medio bajo
070101033000560,070101,CALLAO,033,056,107,461,2,medio bajo
070101033000420,070101,CALLAO,033,042,51,222,3,medio
070101033000440,070101,CALLAO,033,044,61,295,3,medio
070101033000570,070101,CALLAO,033,057,73,297,2,medio bajo
070101033000400,070101,CALLAO,033,040,48,193,3,medio
070101033000410,070101,CALLAO,033,041,67,270,3,medio
070101033000490,070101,CALLAO,033,049,39,147,3,medio
07010103300045A,070101,CALLAO,033,045,2,11,3,medio
070101033000540,070101,CALLAO,033,054,80,388,2,medio bajo
070101033000500,070101,CALLAO,033,050,38,179,3,medio
070101033000520,070101,CALLAO,033,052,50,198,3,medio
070101033000480,070101,CALLAO,033,048,30,127,3,medio
070101044000010,070101,CALLAO,044,001,111,376,3,medio
070101009000090,070101,CALLAO,009,009,54,159,4,medio alto
070101009000350,070101,CALLAO,009,035,44,141,4,medio alto
070101009000340,070101,CALLAO,009,034,36,114,4,medio alto
070101009000330,070101,CALLAO,009,033,1,2,4,medio alto
070101009000570,070101,CALLAO,009,057,28,116,4,medio alto
070101009000370,070101,CALLAO,009,037,80,259,4,medio alto
070101009000410,070101,CALLAO,009,041,107,358,4,medio alto
070101005000470,070101,CALLAO,005,047,17,60,3,medio
07010100500046A,070101,CALLAO,005,046,11,31,3,medio
070101044000060,070101,CALLAO,044,006,41,106,3,medio
070101009000390,070101,CALLAO,009,039,1,1,4,medio alto
070101009000420,070101,CALLAO,009,042,52,217,4,medio alto
070101044000030,070101,CALLAO,044,003,147,465,3,medio
070101009000300,070101,CALLAO,009,030,59,207,4,medio alto
070101009000560,070101,CALLAO,009,056,61,261,4,medio alto
070101009000480,070101,CALLAO,009,048,52,169,4,medio alto
070101044000080,070101,CALLAO,044,008,1,4,3,medio
07010100500046B,070101,CALLAO,005,046,14,39,3,medio
070101044000040,070101,CALLAO,044,004,41,152,3,medio
070101009000550,070101,CALLAO,009,055,65,274,4,medio alto
070101009000360,070101,CALLAO,009,036,62,240,4,medio alto
070101009000380,070101,CALLAO,009,038,83,322,4,medio alto
070101009000400,070101,CALLAO,009,040,121,418,4,medio alto
070101044000070,070101,CALLAO,044,007,75,253,3,medio
070101005000420,070101,CALLAO,005,042,24,76,3,medio
070101005000410,070101,CALLAO,005,041,20,57,3,medio
070101044000050,070101,CALLAO,044,005,63,216,3,medio
070101033000390,070101,CALLAO,033,039,48,198,3,medio
070101033000530,070101,CALLAO,033,053,68,352,2,medio bajo
070101009000310,070101,CALLAO,009,031,54,213,4,medio alto
07010100500045A,070101,CALLAO,005,045,25,94,2,medio bajo
070101005000520,070101,CALLAO,005,052,7,23,3,medio
07010100500050B,070101,CALLAO,005,050,6,16,3,medio
070101044000160,070101,CALLAO,044,016,197,679,3,medio
070101044000130,070101,CALLAO,044,013,146,478,3,medio
070101044000170,070101,CALLAO,044,017,121,403,3,medio
070101044000120,070101,CALLAO,044,012,43,150,3,medio
070101044000140,070101,CALLAO,044,014,189,661,3,medio
07010100500053C,070101,CALLAO,005,053,5,12,3,medio
07010100500059A,070101,CALLAO,005,059,1,2,3,medio
07010100500055B,070101,CALLAO,005,055,5,14,3,medio
070101005000130,070101,CALLAO,005,013,2,7,3,medio
070101005000360,070101,CALLAO,005,036,1,2,3,medio
07010100500055C,070101,CALLAO,005,055,4,13,3,medio
07010100500011A,070101,CALLAO,005,011,3,9,3,medio
07010100500005A,070101,CALLAO,005,005,1,1,3,medio
070101009000320,070101,CALLAO,009,032,35,117,4,medio alto
070101044000020,070101,CALLAO,044,002,119,389,3,medio
070101044000110,070101,CALLAO,044,011,32,85,3,medio
070101044000100,070101,CALLAO,044,010,106,314,3,medio
070101005000340,070101,CALLAO,005,034,22,80,3,medio
070101005000210,070101,CALLAO,005,021,46,168,3,medio
070101005000330,070101,CALLAO,005,033,27,136,3,medio
07010100500036A,070101,CALLAO,005,036,25,105,3,medio
070101005000150,070101,CALLAO,005,015,46,155,3,medio
070101005000300,070101,CALLAO,005,030,26,89,3,medio
070101005000320,070101,CALLAO,005,032,27,98,3,medio
070101005000170,070101,CALLAO,005,017,21,93,3,medio
070101005000350,070101,CALLAO,005,035,28,119,3,medio
070101005000310,070101,CALLAO,005,031,29,139,3,medio
070101005000160,070101,CALLAO,005,016,29,113,3,medio
070101005000190,070101,CALLAO,005,019,58,220,3,medio
070101005000260,070101,CALLAO,005,026,42,155,3,medio
070101005000220,070101,CALLAO,005,022,35,116,3,medio
07010100500039A,070101,CALLAO,005,039,21,63,3,medio
070101035000060,070101,CALLAO,035,006,32,137,3,medio
070101035000100,070101,CALLAO,035,010,40,203,3,medio
07010103500003A,070101,CALLAO,035,003,70,269,3,medio
070101005000450,070101,CALLAO,005,045,25,87,3,medio
070101044000090,070101,CALLAO,044,009,33,138,3,medio
07010100500053A,070101,CALLAO,005,053,11,32,3,medio
070101005000480,070101,CALLAO,005,048,27,90,3,medio
070101044000190,070101,CALLAO,044,019,347,1162,3,medio
070101044000200,070101,CALLAO,044,020,185,559,3,medio
070101044000230,070101,CALLAO,044,023,104,363,3,medio
070101044000150,070101,CALLAO,044,015,119,400,3,medio
07010100500055D,070101,CALLAO,005,055,7,27,3,medio
070101010000450,070101,CALLAO,010,045,85,345,4,medio alto
070101010000290,070101,CALLAO,010,029,51,188,4,medio alto
070101010000460,070101,CALLAO,010,046,116,447,4,medio alto
070101044000260,070101,CALLAO,044,026,47,144,3,medio
070101044000570,070101,CALLAO,044,057,31,111,3,medio
070101044000300,070101,CALLAO,044,030,173,535,3,medio
070101044000210,070101,CALLAO,044,021,118,323,3,medio
070101044000280,070101,CALLAO,044,028,68,189,3,medio
070101044000320,070101,CALLAO,044,032,83,320,3,medio
070101044000450,070101,CALLAO,044,045,174,538,3,medio
070101044000600,070101,CALLAO,044,060,40,152,3,medio
070101005000200,070101,CALLAO,005,020,37,137,3,medio
070101044000560,070101,CALLAO,044,056,41,161,3,medio
070101005000400,070101,CALLAO,005,040,23,98,3,medio
070101044000180,070101,CALLAO,044,018,216,735,3,medio
07010100500006B,070101,CALLAO,005,006,1,3,3,medio
070101044000540,070101,CALLAO,044,054,17,69,3,medio
07010104400050A,070101,CALLAO,044,050,27,100,3,medio
07010104400048A,070101,CALLAO,044,048,32,104,3,medio
070101044000550,070101,CALLAO,044,055,24,89,3,medio
070101044000380,070101,CALLAO,044,038,12,62,3,medio
070101044000330,070101,CALLAO,044,033,112,401,3,medio
070101044000530,070101,CALLAO,044,053,30,130,3,medio
070101044000390,070101,CALLAO,044,039,13,37,3,medio
070101044000370,070101,CALLAO,044,037,11,51,3,medio
07010104400046A,070101,CALLAO,044,046,32,111,3,medio
070101044000220,070101,CALLAO,044,022,156,494,3,medio
070101010000470,070101,CALLAO,010,047,45,152,4,medio alto
070101010000490,070101,CALLAO,010,049,24,70,4,medio alto
070101010000420,070101,CALLAO,010,042,57,192,4,medio alto
070101035000070,070101,CALLAO,035,007,32,140,3,medio
070101010000340,070101,CALLAO,010,034,17,67,4,medio alto
070101035000150,070101,CALLAO,035,015,29,139,3,medio
070101035000110,070101,CALLAO,035,011,49,235,3,medio
070101035000120,070101,CALLAO,035,012,44,213,3,medio
070101010000370,070101,CALLAO,010,037,68,252,4,medio alto
070101035000140,070101,CALLAO,035,014,50,224,3,medio
070101010000430,070101,CALLAO,010,043,43,155,4,medio alto
070101010000480,070101,CALLAO,010,048,28,86,4,medio alto
070101010000360,070101,CALLAO,010,036,66,301,4,medio alto
070101010000380,070101,CALLAO,010,038,58,180,4,medio alto
070101035000130,070101,CALLAO,035,013,45,205,3,medio
07010104400058B,070101,CALLAO,044,058,17,61,3,medio
070101035000190,070101,CALLAO,035,019,4,23,3,medio
070101035000160,070101,CALLAO,035,016,25,125,3,medio
070101035000230,070101,CALLAO,035,023,2,4,3,medio
070101035000180,070101,CALLAO,035,018,35,168,3,medio
070101035000260,070101,CALLAO,035,026,62,244,3,medio
070101035000250,070101,CALLAO,035,025,76,264,3,medio
070101035000280,070101,CALLAO,035,028,18,76,3,medio
070101035000270,070101,CALLAO,035,027,109,431,3,medio
070101035000320,070101,CALLAO,035,032,160,623,3,medio
070101035000390,070101,CALLAO,035,039,50,191,3,medio
070101035000290,070101,CALLAO,035,029,1,4,3,medio
070101035000220,070101,CALLAO,035,022,69,272,3,medio
070101035000300,070101,CALLAO,035,030,76,358,3,medio
070101035000240,070101,CALLAO,035,024,51,190,3,medio
070101035000210,070101,CALLAO,035,021,34,146,3,medio
070101035000370,070101,CALLAO,035,037,89,342,3,medio
070101035000360,070101,CALLAO,035,036,75,316,3,medio
070101035000380,070101,CALLAO,035,038,36,192,3,medio
070101035000490,070101,CALLAO,035,049,37,176,3,medio
070101035000480,070101,CALLAO,035,048,37,177,3,medio
070101044000590,070101,CALLAO,044,059,31,107,3,medio
070101035000420,070101,CALLAO,035,042,40,162,3,medio
070101035000410,070101,CALLAO,035,041,53,218,3,medio
070101035000440,070101,CALLAO,035,044,83,361,3,medio
070101010000350,070101,CALLAO,010,035,42,159,4,medio alto
070101035000090,070101,CALLAO,035,009,16,75,3,medio
070101010000320,070101,CALLAO,010,032,20,78,4,medio alto
070101010000310,070101,CALLAO,010,031,2,5,4,medio alto
070101010000400,070101,CALLAO,010,040,1,1,4,medio alto
070101010000240,070101,CALLAO,010,024,43,143,4,medio alto
070101010000070,070101,CALLAO,010,007,30,104,4,medio alto
070101010000020,070101,CALLAO,010,002,39,152,4,medio alto
070101010000220,070101,CALLAO,010,022,85,275,4,medio alto
070101010000120,070101,CALLAO,010,012,38,139,4,medio alto
070101010000080,070101,CALLAO,010,008,26,89,4,medio alto
070101010000200,070101,CALLAO,010,020,32,108,4,medio alto
070101006040240,070101,CALLAO,006,024,16,71,2,medio bajo
070101010000130,070101,CALLAO,010,013,45,175,4,medio alto
070101010000230,070101,CALLAO,010,023,59,197,4,medio alto
070101010000260,070101,CALLAO,010,026,24,85,4,medio alto
070101010000300,070101,CALLAO,010,030,31,85,4,medio alto
07010100700003A,070101,CALLAO,007,003,7,29,2,medio bajo
07010101000003B,070101,CALLAO,010,003,1,1,4,medio alto
07010100700003B,070101,CALLAO,007,003,30,111,2,medio bajo
070101010000170,070101,CALLAO,010,017,63,245,4,medio alto
070101010000110,070101,CALLAO,010,011,36,117,4,medio alto
070101010000060,070101,CALLAO,010,006,28,110,4,medio alto
070101010000040,070101,CALLAO,010,004,15,59,4,medio alto
070101007000010,070101,CALLAO,007,001,37,141,2,medio bajo
070101010000210,070101,CALLAO,010,021,34,133,4,medio alto
070101010000410,070101,CALLAO,010,041,21,90,4,medio alto
070101008000010,070101,CALLAO,008,001,47,188,3,medio
070101010000090,070101,CALLAO,010,009,34,98,4,medio alto
070101008000020,070101,CALLAO,008,002,74,261,3,medio
070101010000050,070101,CALLAO,010,005,35,149,4,medio alto
07010101000027A,070101,CALLAO,010,027,66,244,4,medio alto
07010101000019A,070101,CALLAO,010,019,60,194,4,medio alto
070101006040190,070101,CALLAO,006,019,19,53,2,medio bajo
070101010000160,070101,CALLAO,010,016,55,193,4,medio alto
070101010000180,070101,CALLAO,010,018,63,247,4,medio alto
070101035000170,070101,CALLAO,035,017,36,165,3,medio
070101007000020,070101,CALLAO,007,002,43,175,2,medio bajo
070101008000070,070101,CALLAO,008,007,48,177,3,medio
070101035000310,070101,CALLAO,035,031,41,170,3,medio
07010100700012B,070101,CALLAO,007,012,3,13,1,bajo
070101007000050,070101,CALLAO,007,005,6,27,2,medio bajo
07010100700008A,070101,CALLAO,007,008,14,51,2,medio bajo
070101006020580,070101,CALLAO,006,058,16,79,2,medio bajo
070101008000570,070101,CALLAO,008,057,67,238,4,medio alto
070101006020630,070101,CALLAO,006,063,28,119,2,medio bajo
070101006020540,070101,CALLAO,006,054,14,58,2,medio bajo
07010100602064B,070101,CALLAO,006,064,1,1,3,medio
070101008000560,070101,CALLAO,008,056,25,100,4,medio alto
070101044000350,070101,CALLAO,044,035,14,53,3,medio
070101044000340,070101,CALLAO,044,034,12,33,3,medio
070101044000440,070101,CALLAO,044,044,192,666,3,medio
070101045000010,070101,CALLAO,045,001,89,304,3,medio
070101044000430,070101,CALLAO,044,043,58,200,3,medio
070101045000030,070101,CALLAO,045,003,14,51,3,medio
070101044000410,070101,CALLAO,044,041,18,75,3,medio
070101045000020,070101,CALLAO,045,002,79,253,3,medio
070101045000050,070101,CALLAO,045,005,48,150,3,medio
070101035000340,070101,CALLAO,035,034,65,272,3,medio
070101045000040,070101,CALLAO,045,004,13,38,3,medio
070101035000460,070101,CALLAO,035,046,15,75,3,medio
070101041000020,070101,CALLAO,041,002,28,92,4,medio alto
07010103500003B,070101,CALLAO,035,003,101,404,3,medio
07010103500001A,070101,CALLAO,035,001,222,799,3,medio
070101035000450,070101,CALLAO,035,045,63,298,3,medio
070101035000500,070101,CALLAO,035,050,81,353,3,medio
070101035000350,070101,CALLAO,035,035,78,346,3,medio
070101010000330,070101,CALLAO,010,033,18,56,4,medio alto
070101041000080,070101,CALLAO,041,008,3,14,4,medio alto
070101045000150,070101,CALLAO,045,015,74,272,3,medio
070101045000060,070101,CALLAO,045,006,138,483,3,medio
070101045000080,070101,CALLAO,045,008,142,422,3,medio
070101045000180,070101,CALLAO,045,018,25,80,3,medio
070101010000390,070101,CALLAO,010,039,35,113,4,medio alto
070101041000070,070101,CALLAO,041,007,20,73,4,medio alto
070101041000090,070101,CALLAO,041,009,9,39,4,medio alto
070101010000140,070101,CALLAO,010,014,64,239,4,medio alto
070101041000150,070101,CALLAO,041,015,61,183,4,medio alto
070101041000220,070101,CALLAO,041,022,70,221,4,medio alto
070101041000240,070101,CALLAO,041,024,14,43,4,medio alto
070101041000160,070101,CALLAO,041,016,37,125,4,medio alto
070101041000230,070101,CALLAO,041,023,15,41,4,medio alto
070101041000210,070101,CALLAO,041,021,27,94,4,medio alto
070101041000250,070101,CALLAO,041,025,8,30,4,medio alto
070101041000550,070101,CALLAO,041,055,1,1,3,medio
07010104100012A,070101,CALLAO,041,012,16,62,3,medio
070101041000470,070101,CALLAO,041,047,18,69,3,medio
070101041000520,070101,CALLAO,041,052,13,45,3,medio
070101041000490,070101,CALLAO,041,049,15,63,3,medio
070101041000450,070101,CALLAO,041,045,48,175,3,medio
070101041000480,070101,CALLAO,041,048,17,62,3,medio
070101041000560,070101,CALLAO,041,056,18,108,3,medio
070101041000540,070101,CALLAO,041,054,15,48,3,medio
070101041000530,070101,CALLAO,041,053,14,61,3,medio
07010100604021A,070101,CALLAO,006,021,15,63,2,medio bajo
07010104500027A,070101,CALLAO,045,027,47,166,3,medio
070101045000140,070101,CALLAO,045,014,169,560,3,medio
070101045000220,070101,CALLAO,045,022,77,246,3,medio
070101045000130,070101,CALLAO,045,013,160,557,3,medio
070101041000390,070101,CALLAO,041,039,43,122,4,medio alto
070101045000090,070101,CALLAO,045,009,53,170,3,medio
070101045000210,070101,CALLAO,045,021,63,195,3,medio
070101041000360,070101,CALLAO,041,036,42,124,4,medio alto
070101045000300,070101,CALLAO,045,030,110,378,3,medio
070101041000130,070101,CALLAO,041,013,17,42,4,medio alto
070101045000190,070101,CALLAO,045,019,34,95,3,medio
070101045000290,070101,CALLAO,045,029,62,193,3,medio
070101045000200,070101,CALLAO,045,020,86,292,3,medio
070101041000370,070101,CALLAO,041,037,18,50,4,medio alto
070101041000140,070101,CALLAO,041,014,60,199,4,medio alto
07010104500027B,070101,CALLAO,045,027,25,96,3,medio
070101045000100,070101,CALLAO,045,010,67,228,3,medio
070101045000280,070101,CALLAO,045,028,16,55,3,medio
070101041000440,070101,CALLAO,041,044,38,93,3,medio
070101045000110,070101,CALLAO,045,011,109,338,3,medio
070101044000360,070101,CALLAO,044,036,15,57,3,medio
070101044000400,070101,CALLAO,044,040,72,255,3,medio
070101006010630,070101,CALLAO,006,063,22,63,3,medio
070101007000110,070101,CALLAO,007,011,8,41,1,bajo
070101006010620,070101,CALLAO,006,062,28,105,3,medio
07010100700009B,070101,CALLAO,007,009,17,68,1,bajo
07010100601021A,070101,CALLAO,006,021,17,105,2,medio bajo
070101006010170,070101,CALLAO,006,017,21,79,2,medio bajo
070101006010180,070101,CALLAO,006,018,29,99,3,medio
070101045000160,070101,CALLAO,045,016,28,79,3,medio
070101041000040,070101,CALLAO,041,004,12,33,4,medio alto
070101007000070,070101,CALLAO,007,007,18,73,2,medio bajo
07010100700012A,070101,CALLAO,007,012,16,62,1,bajo
07010100700046A,070101,CALLAO,007,046,4,20,3,medio
07010100602037A,070101,CALLAO,006,037,5,27,3,medio
07010100700006A,070101,CALLAO,007,006,8,25,2,medio bajo
070101006040090,070101,CALLAO,006,009,28,104,2,medio bajo
070101008000600,070101,CALLAO,008,060,682,2128,5,alto
070101008000280,070101,CALLAO,008,028,82,331,4,medio alto
07010100700019A,070101,CALLAO,007,019,6,35,2,medio bajo
070101008000530,070101,CALLAO,008,053,79,288,4,medio alto
070101008000500,070101,CALLAO,008,050,57,194,4,medio alto
070101008000060,070101,CALLAO,008,006,36,138,3,medio
070101008000270,070101,CALLAO,008,027,92,310,4,medio alto
070101008000520,070101,CALLAO,008,052,8,34,4,medio alto
07010100700017A,070101,CALLAO,007,017,4,13,2,medio bajo
070101050000390,070101,CALLAO,050,039,58,194,4,medio alto
07010100700009E,070101,CALLAO,007,009,20,75,2,medio bajo
07010100700018G,070101,CALLAO,007,018,8,25,2,medio bajo
07010104100040B,070101,CALLAO,041,040,11,43,3,medio
070101041000060,070101,CALLAO,041,006,26,88,4,medio alto
07010100604010A,070101,CALLAO,006,010,8,35,2,medio bajo
070101006040080,070101,CALLAO,006,008,13,40,2,medio bajo
07010100604011A,070101,CALLAO,006,011,20,97,2,medio bajo
07010100604022A,070101,CALLAO,006,022,7,21,2,medio bajo
070101006020660,070101,CALLAO,006,066,38,139,2,medio bajo
070101041000580,070101,CALLAO,041,058,2,2,3,medio
070101045000170,070101,CALLAO,045,017,13,42,3,medio
070101041000460,070101,CALLAO,041,046,21,83,3,medio
070101045000330,070101,CALLAO,045,033,45,149,3,medio
070101045000520,070101,CALLAO,045,052,133,414,3,medio
070101045000560,070101,CALLAO,045,056,152,452,3,medio
07010104500045B,070101,CALLAO,045,045,139,385,3,medio
070101045000570,070101,CALLAO,045,057,53,199,3,medio
070101045000550,070101,CALLAO,045,055,94,327,3,medio
070101045000320,070101,CALLAO,045,032,51,188,3,medio
070101045000490,070101,CALLAO,045,049,246,729,3,medio
070101045000410,070101,CALLAO,045,041,25,95,3,medio
070101045000380,070101,CALLAO,045,038,54,216,3,medio
070101045000500,070101,CALLAO,045,050,46,170,3,medio
070101045000470,070101,CALLAO,045,047,168,603,3,medio
070101045000440,070101,CALLAO,045,044,1,4,3,medio
070101045000510,070101,CALLAO,045,051,4,9,3,medio
070101045000260,070101,CALLAO,045,026,107,368,3,medio
070101045000400,070101,CALLAO,045,040,26,93,3,medio
070101045000310,070101,CALLAO,045,031,229,694,3,medio
070101045000540,070101,CALLAO,045,054,50,183,3,medio
070101045000420,070101,CALLAO,045,042,8,38,3,medio
070101045000530,070101,CALLAO,045,053,89,263,3,medio
070101045000460,070101,CALLAO,045,046,62,209,3,medio
07010104500045A,070101,CALLAO,045,045,261,797,3,medio
070101045000430,070101,CALLAO,045,043,293,870,3,medio
070101045000390,070101,CALLAO,045,039,34,136,3,medio
070101045000360,070101,CALLAO,045,036,42,117,3,medio
070101006020670,070101,CALLAO,006,067,30,135,2,medio bajo
070101045000120,070101,CALLAO,045,012,37,111,3,medio
070101041000310,070101,CALLAO,041,031,6,9,3,medio
07010100700009A,070101,CALLAO,007,009,10,46,1,bajo
070101045000240,070101,CALLAO,045,024,95,297,3,medio
070101041000270,070101,CALLAO,041,027,17,59,3,medio
070101006010470,070101,CALLAO,006,047,14,69,2,medio bajo
070101006010400,070101,CALLAO,006,040,38,116,2,medio bajo
070101006010610,070101,CALLAO,006,061,18,75,2,medio bajo
070101006010570,070101,CALLAO,006,057,6,26,2,medio bajo
070101006010540,070101,CALLAO,006,054,17,64,2,medio bajo
07010100601060C,070101,CALLAO,006,060,8,28,2,medio bajo
07010100604016B,070101,CALLAO,006,016,9,36,2,medio bajo
070101050000410,070101,CALLAO,050,041,57,212,4,medio alto
070101050000400,070101,CALLAO,050,040,62,239,4,medio alto
070101032000010,070101,CALLAO,032,001,7,52,3,medio
070101050000380,070101,CALLAO,050,038,41,175,4,medio alto
070101045000350,070101,CALLAO,045,035,97,326,3,medio
070101032000020,070101,CALLAO,032,002,38,163,3,medio
070101032000030,070101,CALLAO,032,003,68,283,3,medio
070101032000050,070101,CALLAO,032,005,20,107,3,medio
070101032000120,070101,CALLAO,032,012,59,237,3,medio
070101032000070,070101,CALLAO,032,007,35,179,3,medio
070101032000130,070101,CALLAO,032,013,60,209,3,medio
070101032000090,070101,CALLAO,032,009,55,218,3,medio
070101032000100,070101,CALLAO,032,010,55,209,3,medio
070101032000080,070101,CALLAO,032,008,36,140,3,medio
070101032000060,070101,CALLAO,032,006,27,114,3,medio
07010105000003A,070101,CALLAO,050,003,155,652,4,medio alto
070101050000230,070101,CALLAO,050,023,46,182,4,medio alto
07010105000026B,070101,CALLAO,050,026,22,98,4,medio alto
070101050000250,070101,CALLAO,050,025,45,179,4,medio alto
070101045000250,070101,CALLAO,045,025,87,273,3,medio
070101050000240,070101,CALLAO,050,024,70,256,4,medio alto
070101007000040,070101,CALLAO,007,004,31,145,2,medio bajo
070101006010030,070101,CALLAO,006,003,14,62,3,medio
07010100700016A,070101,CALLAO,007,016,3,13,2,medio bajo
07010100601064C,070101,CALLAO,006,064,9,46,3,medio
07010100700018D,070101,CALLAO,007,018,8,42,2,medio bajo
070101050000310,070101,CALLAO,050,031,54,209,4,medio alto
07010100700018A,070101,CALLAO,007,018,20,72,1,bajo
07010100602051C,070101,CALLAO,006,051,24,121,2,medio bajo
07010100700015A,070101,CALLAO,007,015,14,45,1,bajo
07010100602052A,070101,CALLAO,006,052,14,41,2,medio bajo
07010100602052B,070101,CALLAO,006,052,18,70,2,medio bajo
07010100601060B,070101,CALLAO,006,060,13,56,2,medio bajo
070101007000160,070101,CALLAO,007,016,4,20,1,bajo
07010100602060A,070101,CALLAO,006,060,25,88,2,medio bajo
070101006020590,070101,CALLAO,006,059,18,60,2,medio bajo
07010100602052C,070101,CALLAO,006,052,5,24,2,medio bajo
070101006020610,070101,CALLAO,006,061,24,87,2,medio bajo
070101006020620,070101,CALLAO,006,062,26,94,2,medio bajo
070101050000320,070101,CALLAO,050,032,41,122,4,medio alto
070101032000140,070101,CALLAO,032,014,57,238,3,medio
070101032000150,070101,CALLAO,032,015,79,272,3,medio
070101050000330,070101,CALLAO,050,033,22,78,4,medio alto
070101050000210,070101,CALLAO,050,021,28,109,4,medio alto
070101050000340,070101,CALLAO,050,034,63,250,4,medio alto
070101050000200,070101,CALLAO,050,020,50,220,4,medio alto
070101006010560,070101,CALLAO,006,056,10,58,2,medio bajo
070101045000370,070101,CALLAO,045,037,60,203,3,medio
070101050000520,070101,CALLAO,050,052,69,290,4,medio alto
070101045000340,070101,CALLAO,045,034,44,111,3,medio
070101032000230,070101,CALLAO,032,023,58,271,3,medio
070101032000260,070101,CALLAO,032,026,64,240,3,medio
07010103200030A,070101,CALLAO,032,030,3,7,3,medio
070101032000240,070101,CALLAO,032,024,43,215,3,medio
070101050000140,070101,CALLAO,050,014,15,53,4,medio alto
070101032000350,070101,CALLAO,032,035,14,58,3,medio
070101050000120,070101,CALLAO,050,012,46,206,4,medio alto
070101050000430,070101,CALLAO,050,043,41,154,4,medio alto
070101032000360,070101,CALLAO,032,036,35,159,3,medio
070101032000370,070101,CALLAO,032,037,32,141,3,medio
070101050000100,070101,CALLAO,050,010,25,88,4,medio alto
070101050000160,070101,CALLAO,050,016,23,87,4,medio alto
070101032000330,070101,CALLAO,032,033,32,118,3,medio
070101032000320,070101,CALLAO,032,032,64,206,3,medio
070101032000400,070101,CALLAO,032,040,37,132,3,medio
070101032000270,070101,CALLAO,032,027,60,231,3,medio
07010105000008A,070101,CALLAO,050,008,61,241,3,medio
07010105000007C,070101,CALLAO,050,007,30,127,4,medio alto
070101032000390,070101,CALLAO,032,039,49,208,3,medio
070101032000440,070101,CALLAO,032,044,42,188,3,medio
070101050000090,070101,CALLAO,050,009,46,192,4,medio alto
070101032000430,070101,CALLAO,032,043,46,217,3,medio
070101050000110,070101,CALLAO,050,011,486,1837,4,medio alto
070101050000420,070101,CALLAO,050,042,1,6,4,medio alto
070101050000350,070101,CALLAO,050,035,109,385,4,medio alto
070101032000410,070101,CALLAO,032,041,39,136,3,medio
070101032000280,070101,CALLAO,032,028,59,239,3,medio
070101032000220,070101,CALLAO,032,022,47,224,3,medio
070101050000180,070101,CALLAO,050,018,26,110,3,medio
070101032000290,070101,CALLAO,032,029,86,337,3,medio
070101050000370,070101,CALLAO,050,037,48,205,4,medio alto
070101050000130,070101,CALLAO,050,013,38,159,4,medio alto
070101032000380,070101,CALLAO,032,038,49,185,3,medio
070101050000450,070101,CALLAO,050,045,55,193,4,medio alto
070101050000360,070101,CALLAO,050,036,48,193,4,medio alto
070101050000440,070101,CALLAO,050,044,42,149,4,medio alto
070101050000020,070101,CALLAO,050,002,6,12,5,alto
07010100601011A,070101,CALLAO,006,011,9,41,3,medio
070101006010020,070101,CALLAO,006,002,31,124,3,medio
070101006010130,070101,CALLAO,006,013,15,61,3,medio
07010100601010C,070101,CALLAO,006,010,38,155,3,medio
07010100601058A,070101,CALLAO,006,058,16,82,2,medio bajo
070101032000460,070101,CALLAO,032,046,25,128,3,medio
070101032000480,070101,CALLAO,032,048,46,202,3,medio
070101032000530,070101,CALLAO,032,053,48,171,3,medio
070101032000510,070101,CALLAO,032,051,28,113,3,medio
070101032000500,070101,CALLAO,032,050,37,154,3,medio
070101032000520,070101,CALLAO,032,052,46,196,3,medio
07010100400016F,070101,CALLAO,004,016,28,109,2,medio bajo
070101050000490,070101,CALLAO,050,049,48,174,4,medio alto
07010100400016E,070101,CALLAO,004,016,25,108,2,medio bajo
07010100400016D,070101,CALLAO,004,016,52,192,2,medio bajo
070101032000470,070101,CALLAO,032,047,45,153,3,medio
070101032000540,070101,CALLAO,032,054,4,5,3,medio
070101050000300,070101,CALLAO,050,030,47,171,4,medio alto
07010100400016G,070101,CALLAO,004,016,1,1,2,medio bajo
070101006010160,070101,CALLAO,006,016,7,32,3,medio
070101050000220,070101,CALLAO,050,022,38,141,4,medio alto
070101032000160,070101,CALLAO,032,016,70,271,3,medio
07010100400028D,070101,CALLAO,004,028,6,25,3,medio
07010100400016J,070101,CALLAO,004,016,13,53,2,medio bajo
07010100400028I,070101,CALLAO,004,028,77,275,3,medio
070101004000050,070101,CALLAO,004,005,23,64,3,medio
070101004000280,070101,CALLAO,004,028,50,188,3,medio
07010100400028H,070101,CALLAO,004,028,21,103,3,medio
070101004000040,070101,CALLAO,004,004,8,24,3,medio
070101004000100,070101,CALLAO,004,010,36,149,3,medio
07010100400016I,070101,CALLAO,004,016,12,50,2,medio bajo
07010100400008A,070101,CALLAO,004,008,29,103,3,medio
070101004000060,070101,CALLAO,004,006,20,70,3,medio
07010100400005A,070101,CALLAO,004,005,23,81,3,medio
07010100400016L,070101,CALLAO,004,016,24,96,2,medio bajo
07010100400011B,070101,CALLAO,004,011,29,108,3,medio
07010100400006A,070101,CALLAO,004,006,6,32,3,medio
07010100400032A,070101,CALLAO,004,032,87,339,3,medio
070101004000130,070101,CALLAO,004,013,15,65,3,medio
070101004000090,070101,CALLAO,004,009,29,106,3,medio
07010100400016K,070101,CALLAO,004,016,11,44,2,medio bajo
070101004000140,070101,CALLAO,004,014,8,29,3,medio
07010100400011A,070101,CALLAO,004,011,17,64,3,medio
07010100400016M,070101,CALLAO,004,016,21,96,2,medio bajo
070101032000170,070101,CALLAO,032,017,51,206,3,medio
070101050000190,070101,CALLAO,050,019,26,114,3,medio
070101049000120,070101,CALLAO,049,012,59,230,4,medio alto
070101049000060,070101,CALLAO,049,006,29,136,4,medio alto
070101049000190,070101,CALLAO,049,019,40,175,3,medio
070101049000200,070101,CALLAO,049,020,7,49,3,medio
070101050000510,070101,CALLAO,050,051,76,295,4,medio alto
070101049000010,070101,CALLAO,049,001,222,665,4,medio alto
070101049000040,070101,CALLAO,049,004,67,245,4,medio alto
070101049000050,070101,CALLAO,049,005,52,175,4,medio alto
070101049000070,070101,CALLAO,049,007,32,146,4,medio alto
070101049000090,070101,CALLAO,049,009,18,71,4,medio alto
070101049000110,070101,CALLAO,049,011,31,150,4,medio alto
070101049000210,070101,CALLAO,049,021,61,218,3,medio
07010100601004B,070101,CALLAO,006,004,11,47,3,medio
070101050000460,070101,CALLAO,050,046,37,139,4,medio alto
070101006010140,070101,CALLAO,006,014,19,75,3,medio
070101006010250,070101,CALLAO,006,025,1,8,2,medio bajo
070101006010240,070101,CALLAO,006,024,13,59,2,medio bajo
070101004000290,070101,CALLAO,004,029,47,196,3,medio
070101004000340,070101,CALLAO,004,034,50,197,3,medio
070101004000260,070101,CALLAO,004,026,32,131,3,medio
070101006010230,070101,CALLAO,006,023,20,94,2,medio bajo
070101004000310,070101,CALLAO,004,031,43,166,3,medio
07010100400028F,070101,CALLAO,004,028,19,59,3,medio
070101004000300,070101,CALLAO,004,030,16,88,3,medio
07010100400028G,070101,CALLAO,004,028,12,50,3,medio
070101032000450,070101,CALLAO,032,045,22,91,3,medio
070101050000470,070101,CALLAO,050,047,36,137,4,medio alto
07010100601036C,070101,CALLAO,006,036,17,74,2,medio bajo
07010100400028B,070101,CALLAO,004,028,11,46,3,medio
07010100400016H,070101,CALLAO,004,016,4,14,2,medio bajo
070101004000270,070101,CALLAO,004,027,30,120,3,medio
070101006010280,070101,CALLAO,006,028,22,99,2,medio bajo
070101006010290,070101,CALLAO,006,029,11,38,2,medio bajo
070101050000480,070101,CALLAO,050,048,33,130,4,medio alto
070101006010220,070101,CALLAO,006,022,10,47,2,medio bajo
070101006010300,070101,CALLAO,006,030,49,186,2,medio bajo
070101006010270,070101,CALLAO,006,027,1,1,2,medio bajo
070101049000080,070101,CALLAO,049,008,41,254,4,medio alto
070101006010320,070101,CALLAO,006,032,7,32,2,medio bajo
070101006010310,070101,CALLAO,006,031,30,119,2,medio bajo
070101049000130,070101,CALLAO,049,013,35,147,4,medio alto
070101049000160,070101,CALLAO,049,016,44,193,3,medio
070101049000140,070101,CALLAO,049,014,40,181,3,medio
070101049000170,070101,CALLAO,049,017,27,134,3,medio
070101049000310,070101,CALLAO,049,031,121,539,3,medio
070101006010150,070101,CALLAO,006,015,24,102,3,medio
070101004000250,070101,CALLAO,004,025,69,238,3,medio
070101049000320,070101,CALLAO,049,032,20,76,5,alto
070101049000300,070101,CALLAO,049,030,21,76,3,medio
070101049000340,070101,CALLAO,049,034,13,50,5,alto
07010104900031A,070101,CALLAO,049,031,43,157,3,medio
070101049000280,070101,CALLAO,049,028,37,183,3,medio
070101049000290,070101,CALLAO,049,029,21,72,3,medio
07010104900037A,070101,CALLAO,049,037,36,121,5,alto
070101049000390,070101,CALLAO,049,039,49,160,4,medio alto
070101049000360,070101,CALLAO,049,036,13,53,5,alto
070101049000410,070101,CALLAO,049,041,58,215,4,medio alto
070101049000230,070101,CALLAO,049,023,29,124,4,medio alto
070101049000270,070101,CALLAO,049,027,13,50,4,medio alto
070101049000420,070101,CALLAO,049,042,28,85,4,medio alto
070101049000240,070101,CALLAO,049,024,24,88,4,medio alto
07010100400016O,070101,CALLAO,004,016,23,89,2,medio bajo
070101049000440,070101,CALLAO,049,044,25,91,4,medio alto
070101049000250,070101,CALLAO,049,025,20,90,4,medio alto
070101049000470,070101,CALLAO,049,047,18,61,4,medio alto
070101049000450,070101,CALLAO,049,045,16,66,4,medio alto
070101006010380,070101,CALLAO,006,038,15,71,2,medio bajo
070101006010260,070101,CALLAO,006,026,18,69,2,medio bajo
070101049000180,070101,CALLAO,049,018,17,56,3,medio
070101049000490,070101,CALLAO,049,049,24,82,4,medio alto
070101049000520,070101,CALLAO,049,052,36,141,4,medio alto
070101030000120,070101,CALLAO,030,012,41,156,3,medio
070101049000510,070101,CALLAO,049,051,26,94,4,medio alto
070101048000020,070101,CALLAO,048,002,28,97,5,alto
070101031000060,070101,CALLAO,031,006,26,116,3,medio
070101048000010,070101,CALLAO,048,001,32,108,5,alto
070101048000030,070101,CALLAO,048,003,54,188,5,alto
070101049000500,070101,CALLAO,049,050,86,274,4,medio alto
070101048000150,070101,CALLAO,048,015,48,153,5,alto
070101031000050,070101,CALLAO,031,005,24,109,3,medio
070101048000280,070101,CALLAO,048,028,39,160,4,medio alto
070101048000180,070101,CALLAO,048,018,44,160,5,alto
070101048000080,070101,CALLAO,048,008,13,48,5,alto
070101048000120,070101,CALLAO,048,012,48,167,5,alto
070101031000040,070101,CALLAO,031,004,27,116,3,medio
070101048000110,070101,CALLAO,048,011,66,210,5,alto
070101049000550,070101,CALLAO,049,055,35,134,4,medio alto
070101031000070,070101,CALLAO,031,007,30,106,3,medio
070101049000540,070101,CALLAO,049,054,34,110,4,medio alto
070101048000290,070101,CALLAO,048,029,24,95,4,medio alto
070101048000100,070101,CALLAO,048,010,44,153,5,alto
070101048000050,070101,CALLAO,048,005,23,84,5,alto
070101031000030,070101,CALLAO,031,003,17,70,3,medio
070101048000260,070101,CALLAO,048,026,34,121,4,medio alto
070101048000070,070101,CALLAO,048,007,37,112,5,alto
070101048000190,070101,CALLAO,048,019,20,66,5,alto
070101048000270,070101,CALLAO,048,027,45,202,4,medio alto
070101048000300,070101,CALLAO,048,030,45,141,4,medio alto
070101048000140,070101,CALLAO,048,014,47,158,5,alto
070101048000130,070101,CALLAO,048,013,70,218,5,alto
070101048000170,070101,CALLAO,048,017,20,53,5,alto
070101048000040,070101,CALLAO,048,004,61,184,4,medio alto
070101048000200,070101,CALLAO,048,020,135,554,4,medio alto
070101048000340,070101,CALLAO,048,034,88,265,4,medio alto
070101048000310,070101,CALLAO,048,031,36,142,4,medio alto
070101031000090,070101,CALLAO,031,009,33,148,3,medio
070101031000560,070101,CALLAO,031,056,48,200,3,medio
07010104900031B,070101,CALLAO,049,031,39,162,3,medio
070101031000530,070101,CALLAO,031,053,47,227,3,medio
070101030000130,070101,CALLAO,030,013,37,150,3,medio
070101049000330,070101,CALLAO,049,033,15,56,5,alto
070101030000140,070101,CALLAO,030,014,40,178,3,medio
070101031000570,070101,CALLAO,031,057,51,228,3,medio
070101007000500,070101,CALLAO,007,050,43,166,3,medio
070101007000520,070101,CALLAO,007,052,46,228,3,medio
070101030000620,070101,CALLAO,030,062,17,51,3,medio
07010100601037B,070101,CALLAO,006,037,21,83,2,medio bajo
070101031000540,070101,CALLAO,031,054,59,226,3,medio
070101007000490,070101,CALLAO,007,049,56,192,3,medio
070101031000550,070101,CALLAO,031,055,38,203,3,medio
070101006010350,070101,CALLAO,006,035,34,148,2,medio bajo
070101007000510,070101,CALLAO,007,051,59,201,3,medio
070101049000350,070101,CALLAO,049,035,7,24,5,alto
070101048000210,070101,CALLAO,048,021,13,59,4,medio alto
070101006010330,070101,CALLAO,006,033,11,46,2,medio bajo
070101007000550,070101,CALLAO,007,055,53,222,3,medio
070101007000470,070101,CALLAO,007,047,63,247,3,medio
070101006010550,070101,CALLAO,006,055,25,94,2,medio bajo
070101007000540,070101,CALLAO,007,054,47,183,3,medio
070101007000560,070101,CALLAO,007,056,49,163,3,medio
07010100700046B,070101,CALLAO,007,046,7,32,2,medio bajo
070101006010530,070101,CALLAO,006,053,24,88,2,medio bajo
070101007000450,070101,CALLAO,007,045,17,78,2,medio bajo
070101007000440,070101,CALLAO,007,044,34,154,2,medio bajo
07010100400016N,070101,CALLAO,004,016,5,27,2,medio bajo
070101006010510,070101,CALLAO,006,051,18,79,2,medio bajo
070101007000420,070101,CALLAO,007,042,6,22,4,medio alto
070101006010490,070101,CALLAO,006,049,11,45,2,medio bajo
07010100700040A,070101,CALLAO,007,040,47,163,4,medio alto
070101007000430,070101,CALLAO,007,043,21,68,4,medio alto
07010100602056A,070101,CALLAO,006,056,3,12,2,medio bajo
070101007000390,070101,CALLAO,007,039,33,116,4,medio alto
070101006020340,070101,CALLAO,006,034,24,86,2,medio bajo
070101008000040,070101,CALLAO,008,004,37,116,3,medio
070101006020300,070101,CALLAO,006,030,27,97,2,medio bajo
070101008000110,070101,CALLAO,008,011,83,285,3,medio
07010100602031B,070101,CALLAO,006,031,15,60,2,medio bajo
070101006020560,070101,CALLAO,006,056,9,36,2,medio bajo
07010100602031A,070101,CALLAO,006,031,22,90,2,medio bajo
07010100700037A,070101,CALLAO,007,037,46,189,2,medio bajo
070101006040200,070101,CALLAO,006,020,22,88,2,medio bajo
07010100602023A,070101,CALLAO,006,023,33,123,2,medio bajo
070101006030430,070101,CALLAO,006,043,6,22,3,medio
070101006010480,070101,CALLAO,006,048,16,56,2,medio bajo
070101007000380,070101,CALLAO,007,038,8,29,4,medio alto
07010100700041A,070101,CALLAO,007,041,12,47,4,medio alto
07010100602020B,070101,CALLAO,006,020,39,169,2,medio bajo
070101006010460,070101,CALLAO,006,046,18,70,2,medio bajo
07010100602036A,070101,CALLAO,006,036,12,39,2,medio bajo
070101006010420,070101,CALLAO,006,042,16,63,2,medio bajo
07010100700021A,070101,CALLAO,007,021,1,6,2,medio bajo
070101008000030,070101,CALLAO,008,003,47,173,3,medio
070101006010450,070101,CALLAO,006,045,17,73,2,medio bajo
070101006010410,070101,CALLAO,006,041,25,115,2,medio bajo
07010100602036B,070101,CALLAO,006,036,21,65,3,medio
07010100601043E,070101,CALLAO,006,043,2,9,2,medio bajo
070101008000160,070101,CALLAO,008,016,75,261,4,medio alto
070101008000170,070101,CALLAO,008,017,46,189,3,medio
070101008000130,070101,CALLAO,008,013,74,252,4,medio alto
070101006010440,070101,CALLAO,006,044,23,109,2,medio bajo
070101008000230,070101,CALLAO,008,023,45,181,4,medio alto
070101006020380,070101,CALLAO,006,038,33,143,3,medio
070101006010500,070101,CALLAO,006,050,22,108,2,medio bajo
070101008000200,070101,CALLAO,008,020,52,181,4,medio alto
070101006020350,070101,CALLAO,006,035,26,113,2,medio bajo
07010100601043C,070101,CALLAO,006,043,3,5,2,medio bajo
070101008000140,070101,CALLAO,008,014,59,194,4,medio alto
070101008000120,070101,CALLAO,008,012,22,102,4,medio alto
070101008000180,070101,CALLAO,008,018,17,76,4,medio alto
070101006020500,070101,CALLAO,006,050,7,28,2,medio bajo
070101008000220,070101,CALLAO,008,022,63,224,4,medio alto
070101008000190,070101,CALLAO,008,019,52,181,4,medio alto
070101049000480,070101,CALLAO,049,048,11,35,4,medio alto
07010104900056A,070101,CALLAO,049,056,1,1,4,medio alto
070101048000160,070101,CALLAO,048,016,31,92,5,alto
070101031000080,070101,CALLAO,031,008,20,66,3,medio
070101030000150,070101,CALLAO,030,015,30,118,3,medio
07010100400044C,070101,CALLAO,004,044,30,116,3,medio
070101048000350,070101,CALLAO,048,035,20,66,4,medio alto
07010100400039A,070101,CALLAO,004,039,75,267,3,medio
07010103000017C,070101,CALLAO,030,017,34,159,3,medio
070101004000550,070101,CALLAO,004,055,36,155,3,medio
07010100400037A,070101,CALLAO,004,037,36,145,3,medio
07010100400058A,070101,CALLAO,004,058,17,76,3,medio
07010100400044A,070101,CALLAO,004,044,1,3,3,medio
07010100400055B,070101,CALLAO,004,055,17,67,3,medio
07010100400055E,070101,CALLAO,004,055,13,46,3,medio
070101031000590,070101,CALLAO,031,059,74,276,3,medio
070101030000160,070101,CALLAO,030,016,28,100,3,medio
07010100400044B,070101,CALLAO,004,044,21,87,3,medio
07010100400043J,070101,CALLAO,004,043,19,76,3,medio
07010100400055A,070101,CALLAO,004,055,25,118,3,medio
07010103000020C,070101,CALLAO,030,020,23,85,3,medio
070101048000380,070101,CALLAO,048,038,85,311,4,medio alto
070101048000360,070101,CALLAO,048,036,59,201,4,medio alto
07010100400055C,070101,CALLAO,004,055,15,69,3,medio
07010100400017Z,070101,CALLAO,004,017,16,59,3,medio
070101031000600,070101,CALLAO,031,060,52,231,3,medio
070101006010340,070101,CALLAO,006,034,32,138,2,medio bajo
07010100601037D,070101,CALLAO,006,037,36,140,2,medio bajo
07010104800033A,070101,CALLAO,048,033,12,63,4,medio alto
070101048000220,070101,CALLAO,048,022,139,521,4,medio alto
070101030000180,070101,CALLAO,030,018,76,333,3,medio
070101031000100,070101,CALLAO,031,010,22,99,3,medio
070101030000250,070101,CALLAO,030,025,13,50,3,medio
070101030000280,070101,CALLAO,030,028,85,353,3,medio
070101030000300,070101,CALLAO,030,030,16,67,3,medio
07010100800034B,070101,CALLAO,008,034,73,286,4,medio alto
070101030000360,070101,CALLAO,030,036,66,309,3,medio
07010103000024A,070101,CALLAO,030,024,3,13,3,medio
070101008000360,070101,CALLAO,008,036,113,470,4,medio alto
070101030000230,070101,CALLAO,030,023,49,189,3,medio
070101031000430,070101,CALLAO,031,043,21,101,3,medio
070101031000410,070101,CALLAO,031,041,32,118,3,medio
070101030000270,070101,CALLAO,030,027,62,209,3,medio
070101030000260,070101,CALLAO,030,026,12,62,3,medio
070101031000150,070101,CALLAO,031,015,26,96,3,medio
070101031000130,070101,CALLAO,031,013,25,112,3,medio
070101030000290,070101,CALLAO,030,029,22,83,3,medio
070101031000180,070101,CALLAO,031,018,31,107,3,medio
070101030000310,070101,CALLAO,030,031,72,254,3,medio
070101031000140,070101,CALLAO,031,014,29,127,3,medio
070101030000350,070101,CALLAO,030,035,51,242,3,medio
070101031000160,070101,CALLAO,031,016,23,108,3,medio
070101008000370,070101,CALLAO,008,037,77,271,4,medio alto
070101031000420,070101,CALLAO,031,042,27,106,3,medio
070101030000320,070101,CALLAO,030,032,44,189,3,medio
070101030000340,070101,CALLAO,030,034,55,236,3,medio
070101006010520,070101,CALLAO,006,052,28,92,2,medio bajo
070101031000110,070101,CALLAO,031,011,27,103,3,medio
070101031000120,070101,CALLAO,031,012,21,77,3,medio
070101031000170,070101,CALLAO,031,017,43,135,3,medio
07010100400043N,070101,CALLAO,004,043,20,85,3,medio
07010100400062B,070101,CALLAO,004,062,31,129,2,medio bajo
07010100400017X,070101,CALLAO,004,017,10,38,3,medio
07010100400062F,070101,CALLAO,004,062,19,78,3,medio
070101030000380,070101,CALLAO,030,038,49,187,3,medio
070101048000240,070101,CALLAO,048,024,35,141,4,medio alto
070101030000400,070101,CALLAO,030,040,57,211,3,medio
070101031000580,070101,CALLAO,031,058,60,239,3,medio
070101030000390,070101,CALLAO,030,039,57,219,3,medio
070101031000360,070101,CALLAO,031,036,20,84,3,medio
070101031000200,070101,CALLAO,031,020,28,99,3,medio
070101008000240,070101,CALLAO,008,024,31,131,4,medio alto
070101048000440,070101,CALLAO,048,044,14,56,4,medio alto
070101031000400,070101,CALLAO,031,040,28,130,3,medio
07010104800056A,070101,CALLAO,048,056,40,146,4,medio alto
070101048000410,070101,CALLAO,048,041,81,312,4,medio alto
070101052000240,070101,CALLAO,052,024,33,107,5,alto
070101048000510,070101,CALLAO,048,051,91,315,4,medio alto
070101052000110,070101,CALLAO,052,011,36,124,4,medio alto
070101052000010,070101,CALLAO,052,001,41,166,4,medio alto
070101048000520,070101,CALLAO,048,052,58,219,4,medio alto
070101048000450,070101,CALLAO,048,045,60,223,4,medio alto
070101048000550,070101,CALLAO,048,055,60,213,4,medio alto
070101052000250,070101,CALLAO,052,025,74,253,5,alto
070101048000540,070101,CALLAO,048,054,46,178,4,medio alto
070101048000420,070101,CALLAO,048,042,63,234,4,medio alto
070101052000200,070101,CALLAO,052,020,75,271,5,alto
070101052000330,070101,CALLAO,052,033,67,218,5,alto
070101048000490,070101,CALLAO,048,049,65,284,4,medio alto
070101052000020,070101,CALLAO,052,002,55,201,4,medio alto
070101048000500,070101,CALLAO,048,050,20,76,4,medio alto
07010104800037A,070101,CALLAO,048,037,253,935,4,medio alto
070101048000530,070101,CALLAO,048,053,49,211,4,medio alto
070101048000430,070101,CALLAO,048,043,80,304,4,medio alto
070101008000350,070101,CALLAO,008,035,70,253,4,medio alto
070101052000150,070101,CALLAO,052,015,61,246,4,medio alto
07010100400043M,070101,CALLAO,004,043,15,49,3,medio
070101052000090,070101,CALLAO,052,009,67,240,4,medio alto
07010105200016A,070101,CALLAO,052,016,42,191,3,medio
070101052000050,070101,CALLAO,052,005,183,589,4,medio alto
07010100400017A,070101,CALLAO,004,017,13,39,2,medio bajo
070101052000120,070101,CALLAO,052,012,50,180,4,medio alto
07010100400065C,070101,CALLAO,004,065,33,135,2,medio bajo
070101052000140,070101,CALLAO,052,014,42,146,4,medio alto
070101052000300,070101,CALLAO,052,030,17,66,5,alto
070101052000080,070101,CALLAO,052,008,32,98,4,medio alto
07010100400057A,070101,CALLAO,004,057,4,18,3,medio
07010100400017B,070101,CALLAO,004,017,29,120,2,medio bajo
070101052000320,070101,CALLAO,052,032,63,204,5,alto
07010105200043D,070101,CALLAO,052,043,379,1297,5,alto
070101052000040,070101,CALLAO,052,004,54,168,4,medio alto
07010100400044E,070101,CALLAO,004,044,3,8,3,medio
070101052000310,070101,CALLAO,052,031,55,183,5,alto
070101052000340,070101,CALLAO,052,034,90,297,5,alto
070101052000280,070101,CALLAO,052,028,39,134,5,alto
07010100400017Y,070101,CALLAO,004,017,14,50,3,medio
070101052000290,070101,CALLAO,052,029,20,66,5,alto
070101052000220,070101,CALLAO,052,022,33,94,5,alto
070101052000350,070101,CALLAO,052,035,40,131,5,alto
070101052000260,070101,CALLAO,052,026,68,238,5,alto
07010100400044D,070101,CALLAO,004,044,25,67,3,medio
070101052000190,070101,CALLAO,052,019,109,297,5,alto
070101052000360,070101,CALLAO,052,036,22,79,5,alto
070101052000390,070101,CALLAO,052,039,44,169,5,alto
070101052000210,070101,CALLAO,052,021,83,295,5,alto
070101052000370,070101,CALLAO,052,037,1,2,5,alto
07010105200027A,070101,CALLAO,052,027,9,37,5,alto
07010100400017J,070101,CALLAO,004,017,19,57,2,medio bajo
070101052000380,070101,CALLAO,052,038,38,137,5,alto
07010100400062E,070101,CALLAO,004,062,7,25,3,medio
070101030000370,070101,CALLAO,030,037,50,201,3,medio
07010100400014L,070101,CALLAO,004,014,12,38,2,medio bajo
070101030000420,070101,CALLAO,030,042,85,350,3,medio
070101030000440,070101,CALLAO,030,044,94,345,3,medio
07010100400012D,070101,CALLAO,004,012,5,13,3,medio
07010100400012E,070101,CALLAO,004,012,4,16,3,medio
070101030000460,070101,CALLAO,030,046,119,548,3,medio
07010100400014A,070101,CALLAO,004,014,13,50,2,medio bajo
07010100400017E,070101,CALLAO,004,017,48,205,2,medio bajo
07010100400009A,070101,CALLAO,004,009,31,106,3,medio
070101030000430,070101,CALLAO,030,043,69,278,3,medio
07010100400012C,070101,CALLAO,004,012,41,179,3,medio
070101030000450,070101,CALLAO,030,045,60,207,3,medio
070101031000350,070101,CALLAO,031,035,31,97,3,medio
07010103000024B,070101,CALLAO,030,024,5,20,3,medio
070101031000230,070101,CALLAO,031,023,20,120,3,medio
070101031000340,070101,CALLAO,031,034,19,78,3,medio
07010100400014F,070101,CALLAO,004,014,8,30,2,medio bajo
070101031000330,070101,CALLAO,031,033,15,79,3,medio
070101031000310,070101,CALLAO,031,031,16,69,3,medio
070101031000240,070101,CALLAO,031,024,24,118,3,medio
070101031000320,070101,CALLAO,031,032,20,90,3,medio
07010100400011C,070101,CALLAO,004,011,39,151,3,medio
07010100400014E,070101,CALLAO,004,014,2,12,2,medio bajo
07010100400012B,070101,CALLAO,004,012,42,126,3,medio
07010100400012G,070101,CALLAO,004,012,6,25,2,medio bajo
070101031000220,070101,CALLAO,031,022,15,53,3,medio
070101031000380,070101,CALLAO,031,038,23,84,3,medio
070101031000250,070101,CALLAO,031,025,25,112,3,medio
07010100400014B,070101,CALLAO,004,014,5,26,2,medio bajo
070101031000390,070101,CALLAO,031,039,22,86,3,medio
070101031000260,070101,CALLAO,031,026,2,2,3,medio
070101031000290,070101,CALLAO,031,029,15,75,3,medio
070101031000300,070101,CALLAO,031,030,17,81,3,medio
07010100400043Q,070101,CALLAO,004,043,17,75,3,medio
07010100400056J,070101,CALLAO,004,056,6,22,2,medio bajo
070101031000370,070101,CALLAO,031,037,26,95,3,medio
070101052000560,070101,CALLAO,052,056,52,193,4,medio alto
070101052000460,070101,CALLAO,052,046,2,9,5,alto
070101052000570,070101,CALLAO,052,057,50,184,4,medio alto
070101052000400,070101,CALLAO,052,040,47,166,5,alto
070101052000550,070101,CALLAO,052,055,1184,3828,5,alto
070101052000520,070101,CALLAO,052,052,1,4,5,alto
070101052000540,070101,CALLAO,052,054,2,8,5,alto
070101052000510,070101,CALLAO,052,051,3,9,5,alto
070101051000450,070101,CALLAO,051,045,63,274,4,medio alto
070101052000420,070101,CALLAO,052,042,108,332,5,alto
07010105200043C,070101,CALLAO,052,043,514,1724,5,alto
070101048000470,070101,CALLAO,048,047,58,220,4,medio alto
070101051000430,070101,CALLAO,051,043,39,126,5,alto
070101052000030,070101,CALLAO,052,003,66,228,4,medio alto
07010100400062C,070101,CALLAO,004,062,10,42,3,medio
07010100400065B,070101,CALLAO,004,065,32,114,2,medio bajo
070101052000070,070101,CALLAO,052,007,49,210,4,medio alto
07010100400017D,070101,CALLAO,004,017,24,82,2,medio bajo
070101031000210,070101,CALLAO,031,021,23,67,3,medio
07010100400028K,070101,CALLAO,004,028,16,84,3,medio
070101052000410,070101,CALLAO,052,041,45,126,5,alto
070101004000660,070101,CALLAO,004,066,48,185,3,medio
070101051000470,070101,CALLAO,051,047,29,99,5,alto
07010100400043U,070101,CALLAO,004,043,38,146,3,medio
07010100400056I,070101,CALLAO,004,056,23,81,1,bajo
07010105100037B,070101,CALLAO,051,037,6,28,4,medio alto
070101004000700,070101,CALLAO,004,070,17,73,2,medio bajo
070101036000010,070101,CALLAO,036,001,56,232,3,medio
070101036000050,070101,CALLAO,036,005,23,101,3,medio
07010100400028N,070101,CALLAO,004,028,5,26,3,medio
070101036000130,070101,CALLAO,036,013,12,42,3,medio
07010103600012B,070101,CALLAO,036,012,14,54,3,medio
07010103600012A,070101,CALLAO,036,012,10,37,3,medio
070101051000030,070101,CALLAO,051,003,158,170,5,alto
070101051000360,070101,CALLAO,051,036,64,222,4,medio alto
070101004000670,070101,CALLAO,004,067,13,70,2,medio bajo
070101004000640,070101,CALLAO,004,064,8,33,1,bajo
070101036000070,070101,CALLAO,036,007,22,121,3,medio
070101004000680,070101,CALLAO,004,068,29,135,2,medio bajo
070101004000690,070101,CALLAO,004,069,12,35,2,medio bajo
070101036000080,070101,CALLAO,036,008,36,113,3,medio
07010100400043R,070101,CALLAO,004,043,4,18,3,medio
070101036000020,070101,CALLAO,036,002,36,122,3,medio
07010100400041B,070101,CALLAO,004,041,41,156,3,medio
070101036000100,070101,CALLAO,036,010,14,92,3,medio
070101051000390,070101,CALLAO,051,039,66,247,4,medio alto
07010100400062G,070101,CALLAO,004,062,2,9,2,medio bajo
07010100400028M,070101,CALLAO,004,028,29,108,3,medio
070101051000350,070101,CALLAO,051,035,22,98,4,medio alto
07010100400043T,070101,CALLAO,004,043,33,148,3,medio
070101051000400,070101,CALLAO,051,040,12,38,4,medio alto
07010100400056B,070101,CALLAO,004,056,1,3,2,medio bajo
070101036000060,070101,CALLAO,036,006,23,104,3,medio
070101036000090,070101,CALLAO,036,009,36,147,3,medio
070101036000150,070101,CALLAO,036,015,53,185,3,medio
070101036000190,070101,CALLAO,036,019,21,78,3,medio
070101036000040,070101,CALLAO,036,004,55,198,3,medio
070101036000110,070101,CALLAO,036,011,42,153,3,medio
070101036000120,070101,CALLAO,036,012,43,159,3,medio
070101036000140,070101,CALLAO,036,014,24,109,3,medio
07010105200043B,070101,CALLAO,052,043,1575,5324,5,alto
07010103600017A,070101,CALLAO,036,017,20,76,3,medio
070101051000490,070101,CALLAO,051,049,29,105,4,medio alto
07010105100044C,070101,CALLAO,051,044,36,93,4,medio alto
070101051000500,070101,CALLAO,051,050,31,119,4,medio alto
070101051000410,070101,CALLAO,051,041,28,98,4,medio alto
070101051000520,070101,CALLAO,051,052,73,319,4,medio alto
070101051000510,070101,CALLAO,051,051,36,173,4,medio alto
070101030000540,070101,CALLAO,030,054,43,180,3,medio
070101030000480,070101,CALLAO,030,048,24,87,3,medio
070101031000480,070101,CALLAO,031,048,50,203,3,medio
070101030000470,070101,CALLAO,030,047,33,155,3,medio
070101030000510,070101,CALLAO,030,051,14,64,3,medio
070101030000530,070101,CALLAO,030,053,16,56,3,medio
070101051000550,070101,CALLAO,051,055,29,102,4,medio alto
070101051000530,070101,CALLAO,051,053,25,84,4,medio alto
070101051000590,070101,CALLAO,051,059,59,209,4,medio alto
070101030000490,070101,CALLAO,030,049,20,73,3,medio
070101030000500,070101,CALLAO,030,050,19,111,3,medio
070101051000270,070101,CALLAO,051,027,7,16,4,medio alto
070101051000600,070101,CALLAO,051,060,45,172,4,medio alto
070101051000310,070101,CALLAO,051,031,137,524,4,medio alto
070101030000520,070101,CALLAO,030,052,16,66,3,medio
070101051000250,070101,CALLAO,051,025,157,666,4,medio alto
070101051000540,070101,CALLAO,051,054,17,59,4,medio alto
070101051000260,070101,CALLAO,051,026,56,195,4,medio alto
070101051000280,070101,CALLAO,051,028,35,129,4,medio alto
070101051000560,070101,CALLAO,051,056,54,180,4,medio alto
070101051000290,070101,CALLAO,051,029,42,152,4,medio alto
070101051000060,070101,CALLAO,051,006,51,182,4,medio alto
070101051000300,070101,CALLAO,051,030,43,154,4,medio alto
070101051000040,070101,CALLAO,051,004,61,249,4,medio alto
07010103600022A,070101,CALLAO,036,022,52,203,3,medio
070101036000290,070101,CALLAO,036,029,45,177,3,medio
070101036000310,070101,CALLAO,036,031,53,272,3,medio
07010103600026B,070101,CALLAO,036,026,25,100,3,medio
070101036000300,070101,CALLAO,036,030,20,88,3,medio
070101036000280,070101,CALLAO,036,028,60,226,3,medio
070101036000350,070101,CALLAO,036,035,40,158,3,medio
070101008000330,070101,CALLAO,008,033,62,231,4,medio alto
070101036000370,070101,CALLAO,036,037,62,255,3,medio
07010100800038A,070101,CALLAO,008,038,59,221,4,medio alto
070101008000450,070101,CALLAO,008,045,88,301,4,medio alto
070101036000340,070101,CALLAO,036,034,73,315,3,medio
07010100400043S,070101,CALLAO,004,043,10,45,3,medio
070101051000380,070101,CALLAO,051,038,96,323,4,medio alto
07010100602064E,070101,CALLAO,006,064,20,86,3,medio
07010100602064O,070101,CALLAO,006,064,11,36,2,medio bajo
07010100602064D,070101,CALLAO,006,064,14,55,3,medio
070101030000580,070101,CALLAO,030,058,25,100,3,medio
070101008000420,070101,CALLAO,008,042,79,300,4,medio alto
070101051000120,070101,CALLAO,051,012,98,346,4,medio alto
070101031000440,070101,CALLAO,031,044,61,255,3,medio
070101031000470,070101,CALLAO,031,047,51,242,3,medio
070101008000410,070101,CALLAO,008,041,70,270,4,medio alto
070101030000560,070101,CALLAO,030,056,17,55,3,medio
070101030000610,070101,CALLAO,030,061,27,130,3,medio
07010100602064F,070101,CALLAO,006,064,14,51,3,medio
070101031000510,070101,CALLAO,031,051,49,210,3,medio
070101031000500,070101,CALLAO,031,050,68,251,3,medio
070101030000600,070101,CALLAO,030,060,21,82,3,medio
070101008000480,070101,CALLAO,008,048,37,124,4,medio alto
070101030000590,070101,CALLAO,030,059,25,107,3,medio
070101029000350,070101,CALLAO,029,035,81,361,3,medio
070101029000250,070101,CALLAO,029,025,51,189,3,medio
07010100602060B,070101,CALLAO,006,060,22,80,2,medio bajo
070101008000430,070101,CALLAO,008,043,68,237,4,medio alto
070101008000400,070101,CALLAO,008,040,37,134,4,medio alto
070101008000390,070101,CALLAO,008,039,56,199,4,medio alto
070101031000520,070101,CALLAO,031,052,58,238,3,medio
070101031000450,070101,CALLAO,031,045,55,251,3,medio
070101029000240,070101,CALLAO,029,024,43,213,3,medio
070101008000470,070101,CALLAO,008,047,34,119,4,medio alto
070101051000420,070101,CALLAO,051,042,64,232,4,medio alto
070101036000200,070101,CALLAO,036,020,25,90,3,medio
070101031000490,070101,CALLAO,031,049,68,291,3,medio
070101008000310,070101,CALLAO,008,031,12,43,4,medio alto
070101051000580,070101,CALLAO,051,058,64,235,4,medio alto
070101029000200,070101,CALLAO,029,020,54,252,3,medio
07010100800054A,070101,CALLAO,008,054,80,291,4,medio alto
070101008000580,070101,CALLAO,008,058,92,300,4,medio alto
070101008000300,070101,CALLAO,008,030,65,260,4,medio alto
070101034000020,070101,CALLAO,034,002,12,31,3,medio
070101029000170,070101,CALLAO,029,017,59,240,3,medio
070101029000010,070101,CALLAO,029,001,28,90,3,medio
070101029000020,070101,CALLAO,029,002,33,154,3,medio
070101029000060,070101,CALLAO,029,006,38,158,3,medio
070101034000010,070101,CALLAO,034,001,2,7,3,medio
070101034000030,070101,CALLAO,034,003,12,44,3,medio
070101008000550,070101,CALLAO,008,055,108,345,4,medio alto
070101029000220,070101,CALLAO,029,022,83,308,3,medio
070101029000050,070101,CALLAO,029,005,38,161,3,medio
070101029000030,070101,CALLAO,029,003,34,168,3,medio
070101029000180,070101,CALLAO,029,018,54,252,3,medio
070101029000040,070101,CALLAO,029,004,37,171,3,medio
070101036000210,070101,CALLAO,036,021,12,40,3,medio
070101036000320,070101,CALLAO,036,032,71,295,3,medio
070101036000360,070101,CALLAO,036,036,2,5,3,medio
070101051000110,070101,CALLAO,051,011,99,387,4,medio alto
070101008000250,070101,CALLAO,008,025,77,289,4,medio alto
070101029000260,070101,CALLAO,029,026,86,347,3,medio
070101051000200,070101,CALLAO,051,020,89,355,4,medio alto
070101051000210,070101,CALLAO,051,021,80,365,4,medio alto
070101051000100,070101,CALLAO,051,010,111,395,4,medio alto
070101051000090,070101,CALLAO,051,009,81,287,4,medio alto
070101006020150,070101,CALLAO,006,015,21,92,2,medio bajo
070101029000100,070101,CALLAO,029,010,57,236,3,medio
070101029000080,070101,CALLAO,029,008,38,179,3,medio
070101051000180,070101,CALLAO,051,018,86,380,4,medio alto
070101029000210,070101,CALLAO,029,021,1,8,3,medio
070101008000590,070101,CALLAO,008,059,78,266,4,medio alto
070101051000070,070101,CALLAO,051,007,66,245,4,medio alto
070101029000280,070101,CALLAO,029,028,41,192,3,medio
070101029000330,070101,CALLAO,029,033,62,254,3,medio
07010100602013B,070101,CALLAO,006,013,17,75,2,medio bajo
070101029000120,070101,CALLAO,029,012,56,250,3,medio
070101006020390,070101,CALLAO,006,039,18,75,2,medio bajo
070101029000110,070101,CALLAO,029,011,60,238,3,medio
070101029000310,070101,CALLAO,029,031,74,263,3,medio
070101029000090,070101,CALLAO,029,009,77,320,3,medio
070101029000290,070101,CALLAO,029,029,60,245,3,medio
070101029000300,070101,CALLAO,029,030,97,399,3,medio
070101029000150,070101,CALLAO,029,015,1,2,3,medio
070101030000550,070101,CALLAO,030,055,27,113,3,medio
070101008000440,070101,CALLAO,008,044,43,167,4,medio alto
070101008000460,070101,CALLAO,008,046,37,163,4,medio alto
070101006020400,070101,CALLAO,006,040,6,25,2,medio bajo
070101006020410,070101,CALLAO,006,041,35,123,2,medio bajo
070101006020120,070101,CALLAO,006,012,16,77,2,medio bajo
070101006040060,070101,CALLAO,006,006,17,70,2,medio bajo
070101006020080,070101,CALLAO,006,008,31,147,2,medio bajo
070101029000160,070101,CALLAO,029,016,52,258,3,medio
070101008000260,070101,CALLAO,008,026,53,228,4,medio alto
070101051000230,070101,CALLAO,051,023,81,336,4,medio alto
070101006030060,070101,CALLAO,006,006,6,23,3,medio
070101006030310,070101,CALLAO,006,031,10,42,3,medio
070101006030270,070101,CALLAO,006,027,44,181,3,medio
070101006040070,070101,CALLAO,006,007,25,82,2,medio bajo
070101006030300,070101,CALLAO,006,030,21,75,3,medio
07010100604005A,070101,CALLAO,006,005,99,441,2,medio bajo
070101006030320,070101,CALLAO,006,032,27,95,3,medio
070101006030010,070101,CALLAO,006,001,7,21,3,medio
070101006030090,070101,CALLAO,006,009,1,2,3,medio
070101006020220,070101,CALLAO,006,022,3,3,2,medio bajo
070101006030050,070101,CALLAO,006,005,8,30,3,medio
070101006030150,070101,CALLAO,006,015,13,56,3,medio
070101006030400,070101,CALLAO,006,040,24,66,3,medio
07010100602037B,070101,CALLAO,006,037,22,91,3,medio
070101006030280,070101,CALLAO,006,028,12,34,3,medio
070101029000070,070101,CALLAO,029,007,36,163,3,medio
070101006030290,070101,CALLAO,006,029,27,83,3,medio
070101006020470,070101,CALLAO,006,047,11,42,2,medio bajo
070101006030380,070101,CALLAO,006,038,7,21,3,medio
07010100603041A,070101,CALLAO,006,041,1,7,3,medio
070101029000370,070101,CALLAO,029,037,64,281,3,medio
070101029000360,070101,CALLAO,029,036,43,167,3,medio
070101029000390,070101,CALLAO,029,039,80,311,3,medio
070101029000230,070101,CALLAO,029,023,106,460,3,medio
070101029000410,070101,CALLAO,029,041,78,286,3,medio
070101036000380,070101,CALLAO,036,038,49,193,3,medio
070101006020430,070101,CALLAO,006,043,28,116,2,medio bajo
070101006030470,070101,CALLAO,006,047,68,269,3,medio
070101006030490,070101,CALLAO,006,049,20,38,3,medio
070101006030440,070101,CALLAO,006,044,42,143,3,medio
07010100603038A,070101,CALLAO,006,038,3,5,3,medio
070101006030450,070101,CALLAO,006,045,31,119,3,medio
070101006030510,070101,CALLAO,006,051,27,82,3,medio
070101006030500,070101,CALLAO,006,050,20,76,3,medio
070101051000170,070101,CALLAO,051,017,97,359,4,medio alto
07010100603057A,070101,CALLAO,006,057,15,64,2,medio bajo
07010100603057B,070101,CALLAO,006,057,2,12,2,medio bajo
070101006030590,070101,CALLAO,006,059,19,65,2,medio bajo
070101006030650,070101,CALLAO,006,065,31,141,2,medio bajo
070101006030600,070101,CALLAO,006,060,22,127,2,medio bajo
070101006030540,070101,CALLAO,006,054,31,107,2,medio bajo
070101006030630,070101,CALLAO,006,063,20,113,2,medio bajo
070101006030620,070101,CALLAO,006,062,15,65,2,medio bajo
070101006030560,070101,CALLAO,006,056,28,133,2,medio bajo
070101006030550,070101,CALLAO,006,055,24,98,2,medio bajo
070101006030640,070101,CALLAO,006,064,1,6,2,medio bajo
07010100604002A,070101,CALLAO,006,002,27,121,2,medio bajo
070101036000530,070101,CALLAO,036,053,8,21,3,medio
070101036000440,070101,CALLAO,036,044,34,142,3,medio
070101036000400,070101,CALLAO,036,040,41,164,3,medio
070101036000540,070101,CALLAO,036,054,14,34,3,medio
070101036000510,070101,CALLAO,036,051,1,1,3,medio
070101036000520,070101,CALLAO,036,052,9,17,3,medio
070101036000490,070101,CALLAO,036,049,54,183,3,medio
070101051000140,070101,CALLAO,051,014,98,337,4,medio alto
070101051000130,070101,CALLAO,051,013,125,383,4,medio alto
07010103600042A,070101,CALLAO,036,042,23,84,3,medio
070101036000460,070101,CALLAO,036,046,20,80,3,medio
070101046000460,070101,CALLAO,046,046,17,54,4,medio alto
070101036000480,070101,CALLAO,036,048,32,150,3,medio
070101046000470,070101,CALLAO,046,047,21,64,4,medio alto
070101046000310,070101,CALLAO,046,031,25,73,4,medio alto
070101046000330,070101,CALLAO,046,033,14,48,4,medio alto
070101006030390,070101,CALLAO,006,039,6,16,3,medio
070101046000380,070101,CALLAO,046,038,6,17,4,medio alto
070101046000360,070101,CALLAO,046,036,18,56,4,medio alto
070101046000340,070101,CALLAO,046,034,17,53,4,medio alto
070101046000410,070101,CALLAO,046,041,8,40,4,medio alto
070101046000320,070101,CALLAO,046,032,75,239,4,medio alto
070101046000350,070101,CALLAO,046,035,16,47,4,medio alto
070101046000400,070101,CALLAO,046,040,14,56,4,medio alto
07010104600043B,070101,CALLAO,046,043,12,36,4,medio alto
070101046000370,070101,CALLAO,046,037,37,137,4,medio alto
07010104600043A,070101,CALLAO,046,043,15,55,4,medio alto
07010105100057B,070101,CALLAO,051,057,27,71,4,medio alto
070101046000230,070101,CALLAO,046,023,13,36,4,medio alto
070101046000200,070101,CALLAO,046,020,9,21,4,medio alto
070101046000390,070101,CALLAO,046,039,24,94,4,medio alto
070101046000020,070101,CALLAO,046,002,10,36,4,medio alto
070101051000240,070101,CALLAO,051,024,2,5,4,medio alto
070101046000030,070101,CALLAO,046,003,11,33,4,medio alto
070101046000210,070101,CALLAO,046,021,18,53,4,medio alto
070101043000050,070101,CALLAO,043,005,155,566,3,medio
070101046000010,070101,CALLAO,046,001,17,54,4,medio alto
070101043000010,070101,CALLAO,043,001,21,88,3,medio
07010104300002A,070101,CALLAO,043,002,104,355,3,medio
070101043000040,070101,CALLAO,043,004,11,21,3,medio
070101043000060,070101,CALLAO,043,006,180,598,3,medio
070101029000320,070101,CALLAO,029,032,49,184,3,medio
070101046000070,070101,CALLAO,046,007,24,83,4,medio alto
070101036000330,070101,CALLAO,036,033,67,257,3,medio
07010100603034B,070101,CALLAO,006,034,22,73,2,medio bajo
07010100603033A,070101,CALLAO,006,033,20,79,2,medio bajo
07010100603034D,070101,CALLAO,006,034,9,42,2,medio bajo
07010100603034A,070101,CALLAO,006,034,29,109,2,medio bajo
07010100603033B,070101,CALLAO,006,033,11,47,2,medio bajo
070101046000090,070101,CALLAO,046,009,22,67,4,medio alto
070101006030460,070101,CALLAO,006,046,38,149,3,medio
070101046000160,070101,CALLAO,046,016,20,81,4,medio alto
070101006030520,070101,CALLAO,006,052,35,164,2,medio bajo
070101036000550,070101,CALLAO,036,055,12,21,3,medio
070101051000150,070101,CALLAO,051,015,81,296,4,medio alto
070101043000310,070101,CALLAO,043,031,25,95,3,medio
070101043000290,070101,CALLAO,043,029,5,15,3,medio
070101043000360,070101,CALLAO,043,036,26,98,3,medio
070101043000390,070101,CALLAO,043,039,51,194,3,medio
070101043000280,070101,CALLAO,043,028,20,75,3,medio
070101043000330,070101,CALLAO,043,033,17,63,3,medio
070101034000040,070101,CALLAO,034,004,10,35,3,medio
070101043000320,070101,CALLAO,043,032,27,90,3,medio
070101043000120,070101,CALLAO,043,012,5,22,3,medio
07010104300022A,070101,CALLAO,043,022,8,20,3,medio
070101043000370,070101,CALLAO,043,037,29,85,3,medio
070101043000130,070101,CALLAO,043,013,7,19,3,medio
070101043000380,070101,CALLAO,043,038,23,91,3,medio
07010104300021C,070101,CALLAO,043,021,6,15,3,medio
070101043000170,070101,CALLAO,043,017,7,31,3,medio
070101043000160,070101,CALLAO,043,016,6,29,3,medio
070101043000450,070101,CALLAO,043,045,14,68,3,medio
070101043000250,070101,CALLAO,043,025,164,645,3,medio
070101043000490,070101,CALLAO,043,049,33,101,3,medio
070101043000260,070101,CALLAO,043,026,29,113,3,medio
070101043000470,070101,CALLAO,043,047,33,109,3,medio
070101043000500,070101,CALLAO,043,050,14,52,3,medio
070101034000060,070101,CALLAO,034,006,30,122,3,medio
07010104300008A,070101,CALLAO,043,008,18,73,3,medio
070101043000070,070101,CALLAO,043,007,4,24,3,medio
070101029000540,070101,CALLAO,029,054,41,171,3,medio
070101006030360,070101,CALLAO,006,036,28,112,2,medio bajo
070101043000240,070101,CALLAO,043,024,4,16,3,medio
070101043000460,070101,CALLAO,043,046,20,61,3,medio
07010104300043A,070101,CALLAO,043,043,43,182,3,medio
070101043000200,070101,CALLAO,043,020,6,24,3,medio
070101043000180,070101,CALLAO,043,018,3,8,3,medio
070101043000190,070101,CALLAO,043,019,9,20,3,medio
070101034000050,070101,CALLAO,034,005,25,94,3,medio
070101043000140,070101,CALLAO,043,014,4,10,3,medio
07010100603037A,070101,CALLAO,006,037,15,52,2,medio bajo
070101043000150,070101,CALLAO,043,015,4,12,3,medio
070101006030370,070101,CALLAO,006,037,17,60,2,medio bajo
070101036000450,070101,CALLAO,036,045,38,182,3,medio
070101043000480,070101,CALLAO,043,048,8,18,3,medio
070101046000480,070101,CALLAO,046,048,15,44,4,medio alto
070101046000420,070101,CALLAO,046,042,18,66,4,medio alto
07010104600026A,070101,CALLAO,046,026,13,55,4,medio alto
07010104600043C,070101,CALLAO,046,043,15,48,4,medio alto
07010105100057C,070101,CALLAO,051,057,11,51,4,medio alto
07010104600053A,070101,CALLAO,046,053,2,10,4,medio alto
070101046000270,070101,CALLAO,046,027,15,51,4,medio alto
07010100601037C,070101,CALLAO,006,037,1,1,2,medio bajo
070101046000290,070101,CALLAO,046,029,13,40,4,medio alto
070101046000500,070101,CALLAO,046,050,46,182,4,medio alto
070101006030250,070101,CALLAO,006,025,8,41,3,medio
070101046000510,070101,CALLAO,046,051,39,116,4,medio alto
070101046000490,070101,CALLAO,046,049,49,186,4,medio alto
070101046000100,070101,CALLAO,046,010,42,195,4,medio alto
070101046000220,070101,CALLAO,046,022,11,34,4,medio alto
070101046000050,070101,CALLAO,046,005,20,70,4,medio alto
070101034000090,070101,CALLAO,034,009,33,147,3,medio
070101046000250,070101,CALLAO,046,025,15,52,4,medio alto
070101034000120,070101,CALLAO,034,012,34,98,3,medio
070101046000140,070101,CALLAO,046,014,20,79,4,medio alto
070101046000120,070101,CALLAO,046,012,17,76,4,medio alto
070101034000110,070101,CALLAO,034,011,26,91,3,medio
070101034000100,070101,CALLAO,034,010,150,556,3,medio
070101040000100,070101,CALLAO,040,010,82,232,3,medio
070101040000020,070101,CALLAO,040,002,1,1,3,medio
07010102900050D,070101,CALLAO,029,050,51,179,3,medio
070101029000550,070101,CALLAO,029,055,32,141,3,medio
070101029000570,070101,CALLAO,029,057,12,57,3,medio
070101040000110,070101,CALLAO,040,011,101,349,3,medio
070101046000110,070101,CALLAO,046,011,29,109,4,medio alto
070101046000240,070101,CALLAO,046,024,43,127,4,medio alto
07010102900061A,070101,CALLAO,029,061,15,51,3,medio
070101040000090,070101,CALLAO,040,009,36,130,3,medio
070101029000530,070101,CALLAO,029,053,43,165,3,medio
070101040000140,070101,CALLAO,040,014,60,181,3,medio
070101046000170,070101,CALLAO,046,017,32,99,4,medio alto
070101046000130,070101,CALLAO,046,013,38,136,4,medio alto
070101029000560,070101,CALLAO,029,056,32,70,3,medio
070101029000580,070101,CALLAO,029,058,9,53,3,medio
070101040000060,070101,CALLAO,040,006,40,120,3,medio
070101040000010,070101,CALLAO,040,001,26,97,3,medio
070101040000050,070101,CALLAO,040,005,60,178,3,medio
070101040000030,070101,CALLAO,040,003,111,325,3,medio
070101040000120,070101,CALLAO,040,012,74,264,3,medio
070101040000040,070101,CALLAO,040,004,79,288,3,medio
070101040000070,070101,CALLAO,040,007,95,271,3,medio
07010100603007F,070101,CALLAO,006,007,2,4,2,medio bajo
070101046000080,070101,CALLAO,046,008,21,59,4,medio alto
070101043000420,070101,CALLAO,043,042,34,120,3,medio
070101046000190,070101,CALLAO,046,019,15,54,4,medio alto
070101043000520,070101,CALLAO,043,052,23,92,3,medio
070101043000540,070101,CALLAO,043,054,19,81,3,medio
070101043000270,070101,CALLAO,043,027,111,442,3,medio
070101043000530,070101,CALLAO,043,053,10,39,3,medio
07010100604006A,070101,CALLAO,006,006,35,157,2,medio bajo
07010100602013A,070101,CALLAO,006,013,16,56,2,medio bajo
07010100603037C,070101,CALLAO,006,037,11,40,2,medio bajo
070101029000600,070101,CALLAO,029,060,41,160,3,medio
070101006030350,070101,CALLAO,006,035,14,56,2,medio bajo
07010100602064T,070101,CALLAO,006,064,6,24,2,medio bajo
070101029000520,070101,CALLAO,029,052,52,193,3,medio
070101029000480,070101,CALLAO,029,048,44,155,3,medio
07010100603038B,070101,CALLAO,006,038,12,59,2,medio bajo
07010100603036A,070101,CALLAO,006,036,30,138,3,medio
07010100602064M,070101,CALLAO,006,064,8,37,2,medio bajo
070101029000490,070101,CALLAO,029,049,73,241,3,medio
07010100603036D,070101,CALLAO,006,036,6,20,2,medio bajo
070101006020550,070101,CALLAO,006,055,33,118,2,medio bajo
07010100603036B,070101,CALLAO,006,036,14,53,3,medio
07010100603037B,070101,CALLAO,006,037,7,30,2,medio bajo
07010100603035A,070101,CALLAO,006,035,22,64,2,medio bajo
070101029000470,070101,CALLAO,029,047,15,58,3,medio
070101029000460,070101,CALLAO,029,046,1,6,3,medio
070101029000510,070101,CALLAO,029,051,59,243,3,medio
07010100602055A,070101,CALLAO,006,055,22,73,2,medio bajo
070101029000450,070101,CALLAO,029,045,37,139,3,medio
070101029000400,070101,CALLAO,029,040,84,313,3,medio
07010100603034E,070101,CALLAO,006,034,21,88,2,medio bajo
070101046000150,070101,CALLAO,046,015,22,56,4,medio alto
07010100602069D,070101,CALLAO,006,069,20,95,2,medio bajo
07010100603061C,070101,CALLAO,006,061,8,37,2,medio bajo
07010100604001D,070101,CALLAO,006,001,24,110,2,medio bajo
07010100604001C,070101,CALLAO,006,001,9,35,2,medio bajo
07010100603038C,070101,CALLAO,006,038,8,31,2,medio bajo
07010100602069E,070101,CALLAO,006,069,30,128,2,medio bajo
07010100602043A,070101,CALLAO,006,043,7,27,2,medio bajo
07010100602069G,070101,CALLAO,006,069,23,80,2,medio bajo
07010100602043B,070101,CALLAO,006,043,16,74,2,medio bajo
07010100602069H,070101,CALLAO,006,069,28,119,2,medio bajo
07010100602046B,070101,CALLAO,006,046,26,81,2,medio bajo
07010100602046A,070101,CALLAO,006,046,18,73,2,medio bajo
070101006020460,070101,CALLAO,006,046,18,73,2,medio bajo
07010100603038D,070101,CALLAO,006,038,1,5,2,medio bajo
070101006040010,070101,CALLAO,006,001,23,103,2,medio bajo
070101046000520,070101,CALLAO,046,052,39,114,4,medio alto
070101046000560,070101,CALLAO,046,056,23,77,4,medio alto
070101034000080,070101,CALLAO,034,008,30,96,3,medio
070101046000180,070101,CALLAO,046,018,15,56,4,medio alto
070101040000150,070101,CALLAO,040,015,14,41,3,medio
070101040000160,070101,CALLAO,040,016,25,95,3,medio
070101040000230,070101,CALLAO,040,023,11,24,3,medio
070101040000170,070101,CALLAO,040,017,11,47,3,medio
070101040000290,070101,CALLAO,040,029,40,125,3,medio
070101040000310,070101,CALLAO,040,031,8,18,3,medio
070101040000300,070101,CALLAO,040,030,34,115,3,medio
070101040000180,070101,CALLAO,040,018,56,168,3,medio
070101040000240,070101,CALLAO,040,024,64,177,3,medio
070101043000510,070101,CALLAO,043,051,36,136,3,medio
07010100601004A,070101,CALLAO,006,004,14,65,3,medio
070101029000590,070101,CALLAO,029,059,13,63,3,medio
070101040000260,070101,CALLAO,040,026,49,151,3,medio
070101034000400,070101,CALLAO,034,040,42,173,3,medio
070101034000360,070101,CALLAO,034,036,59,247,3,medio
070101034000460,070101,CALLAO,034,046,49,220,3,medio
070101034000350,070101,CALLAO,034,035,53,202,3,medio
070101034000410,070101,CALLAO,034,041,40,166,3,medio
070101034000430,070101,CALLAO,034,043,64,233,3,medio
070101034000450,070101,CALLAO,034,045,47,185,3,medio
070101034000510,070101,CALLAO,034,051,62,249,3,medio
070101034000370,070101,CALLAO,034,037,50,178,3,medio
070101034000440,070101,CALLAO,034,044,47,186,3,medio
070101034000420,070101,CALLAO,034,042,42,192,3,medio
070101034000480,070101,CALLAO,034,048,46,275,3,medio
070101034000520,070101,CALLAO,034,052,68,252,3,medio
070101034000490,070101,CALLAO,034,049,52,244,3,medio
070101034000570,070101,CALLAO,034,057,51,235,3,medio
070101034000500,070101,CALLAO,034,050,48,197,3,medio
070101034000530,070101,CALLAO,034,053,24,119,3,medio
070101034000380,070101,CALLAO,034,038,65,271,3,medio
070101034000390,070101,CALLAO,034,039,47,259,3,medio
070101034000470,070101,CALLAO,034,047,45,195,3,medio
07010100602069F,070101,CALLAO,006,069,43,181,3,medio
070101034000550,070101,CALLAO,034,055,58,246,3,medio
07010100604001B,070101,CALLAO,006,001,28,120,2,medio bajo
07010104300056C,070101,CALLAO,043,056,8,31,3,medio
070101043000590,070101,CALLAO,043,059,6,16,3,medio
07010104300057A,070101,CALLAO,043,057,13,46,3,medio
07010104300060C,070101,CALLAO,043,060,6,23,3,medio
070101043000610,070101,CALLAO,043,061,6,16,3,medio
07010104300056B,070101,CALLAO,043,056,7,34,3,medio
07010104300054A,070101,CALLAO,043,054,4,7,3,medio
070101040000360,070101,CALLAO,040,036,42,141,3,medio
070101040000340,070101,CALLAO,040,034,45,175,3,medio
070101040000330,070101,CALLAO,040,033,60,197,3,medio
070101040000350,070101,CALLAO,040,035,46,152,3,medio
070101040000400,070101,CALLAO,040,040,27,104,3,medio
070101040000280,070101,CALLAO,040,028,19,42,3,medio
070101040000390,070101,CALLAO,040,039,82,272,3,medio
070101040000410,070101,CALLAO,040,041,42,135,3,medio
070101040000270,070101,CALLAO,040,027,16,39,3,medio
070101040000480,070101,CALLAO,040,048,39,113,3,medio
070101040000470,070101,CALLAO,040,047,23,66,3,medio
070101040000380,070101,CALLAO,040,038,54,157,3,medio
070101040000220,070101,CALLAO,040,022,29,86,3,medio
070101034000580,070101,CALLAO,034,058,61,263,3,medio
070101034000620,070101,CALLAO,034,062,37,150,3,medio
070101034000610,070101,CALLAO,034,061,49,190,3,medio
070101034000600,070101,CALLAO,034,060,33,124,3,medio
070101034000130,070101,CALLAO,034,013,49,191,3,medio
070101034000140,070101,CALLAO,034,014,36,154,3,medio
070101034000160,070101,CALLAO,034,016,49,186,3,medio
070101034000590,070101,CALLAO,034,059,84,295,3,medio
070101034000150,070101,CALLAO,034,015,53,197,3,medio
070101040000250,070101,CALLAO,040,025,27,72,3,medio
07010100604018E,070101,CALLAO,006,018,10,55,2,medio bajo
07010100604018A,070101,CALLAO,006,018,28,113,2,medio bajo
07010100604018B,070101,CALLAO,006,018,8,39,2,medio bajo
07010100603061K,070101,CALLAO,006,061,6,24,2,medio bajo
07010100601008C,070101,CALLAO,006,008,32,144,2,medio bajo
07010100604015B,070101,CALLAO,006,015,25,100,2,medio bajo
07010100700020C,070101,CALLAO,007,020,12,39,2,medio bajo
070101007000200,070101,CALLAO,007,020,14,49,2,medio bajo
07010100604015A,070101,CALLAO,006,015,15,52,2,medio bajo
07010100602020F,070101,CALLAO,006,020,25,100,2,medio bajo
07010100604018D,070101,CALLAO,006,018,15,62,2,medio bajo
07010100601021C,070101,CALLAO,006,021,3,9,2,medio bajo
07010100602048A,070101,CALLAO,006,048,34,140,2,medio bajo
07010100602009A,070101,CALLAO,006,009,12,50,2,medio bajo
070101006040180,070101,CALLAO,006,018,9,38,2,medio bajo
070101040000600,070101,CALLAO,040,060,8,33,3,medio
070101034000170,070101,CALLAO,034,017,65,268,3,medio
070101034000220,070101,CALLAO,034,022,53,209,3,medio
070101034000230,070101,CALLAO,034,023,25,100,3,medio
07010104200004B,070101,CALLAO,042,004,20,75,3,medio
070101040000580,070101,CALLAO,040,058,36,110,3,medio
070101034000320,070101,CALLAO,034,032,46,204,3,medio
070101034000240,070101,CALLAO,034,024,45,180,3,medio
070101042000080,070101,CALLAO,042,008,28,104,3,medio
070101042000030,070101,CALLAO,042,003,24,104,3,medio
070101042000070,070101,CALLAO,042,007,29,116,3,medio
070101040000500,070101,CALLAO,040,050,7,24,3,medio
070101040000510,070101,CALLAO,040,051,1,1,3,medio
070101034000190,070101,CALLAO,034,019,49,185,3,medio
070101042000440,070101,CALLAO,042,044,14,46,3,medio
070101034000300,070101,CALLAO,034,030,47,204,3,medio
070101034000250,070101,CALLAO,034,025,55,216,3,medio
070101042000430,070101,CALLAO,042,043,31,93,3,medio
070101042000060,070101,CALLAO,042,006,27,92,3,medio
070101006010200,070101,CALLAO,006,020,21,96,2,medio bajo
070101034000340,070101,CALLAO,034,034,47,214,3,medio
070101034000270,070101,CALLAO,034,027,2,5,3,medio
070101034000310,070101,CALLAO,034,031,59,219,3,medio
070101042000400,070101,CALLAO,042,040,15,54,3,medio
070101034000200,070101,CALLAO,034,020,54,238,3,medio
070101034000290,070101,CALLAO,034,029,57,233,3,medio
070101042000090,070101,CALLAO,042,009,1,1,3,medio
070101034000260,070101,CALLAO,034,026,50,206,3,medio
07010103400033C,070101,CALLAO,034,033,38,151,3,medio
070101034000280,070101,CALLAO,034,028,54,255,3,medio
07010100400019B,070101,CALLAO,004,019,2,7,3,medio
07010100400065D,070101,CALLAO,004,065,19,94,2,medio bajo
070101006010090,070101,CALLAO,006,009,1,6,2,medio bajo
070101006010010,070101,CALLAO,006,001,16,60,3,medio
07010102900050A,070101,CALLAO,029,050,25,101,3,medio
070101042000420,070101,CALLAO,042,042,28,85,3,medio
070101004000200,070101,CALLAO,004,020,1,2,3,medio
07010100400018Q,070101,CALLAO,004,018,4,16,3,medio
07010100400065A,070101,CALLAO,004,065,26,105,2,medio bajo
07010100400064D,070101,CALLAO,004,064,5,24,2,medio bajo
07010100400003F,070101,CALLAO,004,003,2,5,3,medio
070101006010190,070101,CALLAO,006,019,29,114,3,medio
07010100601008B,070101,CALLAO,006,008,24,110,2,medio bajo
070101006010070,070101,CALLAO,006,007,47,194,3,medio
070101006010060,070101,CALLAO,006,006,49,215,3,medio
070101006010050,070101,CALLAO,006,005,25,107,3,medio
070101034000540,070101,CALLAO,034,054,49,192,3,medio
07010104300055A,070101,CALLAO,043,055,8,28,3,medio
070101040000370,070101,CALLAO,040,037,59,196,3,medio
070101034000560,070101,CALLAO,034,056,64,260,3,medio
07010100700018F,070101,CALLAO,007,018,4,20,2,medio bajo
07010100700020B,070101,CALLAO,007,020,8,30,2,medio bajo
07010100700012C,070101,CALLAO,007,012,2,3,1,bajo
07010100500023B,070101,CALLAO,005,023,35,153,3,medio
07010100500023A,070101,CALLAO,005,023,33,119,3,medio
07010100700018E,070101,CALLAO,007,018,2,10,2,medio bajo
070101040000620,070101,CALLAO,040,062,33,81,3,medio
07010100603038E,070101,CALLAO,006,038,14,45,2,medio bajo
07010100500024C,070101,CALLAO,005,024,34,114,3,medio
070101005000250,070101,CALLAO,005,025,12,50,3,medio
070101040000440,070101,CALLAO,040,044,21,68,3,medio
070101040000610,070101,CALLAO,040,061,73,213,3,medio
070101042000340,070101,CALLAO,042,034,10,29,3,medio
070101042000300,070101,CALLAO,042,030,18,62,3,medio
070101034000180,070101,CALLAO,034,018,48,154,3,medio
070101013000030,070101,CALLAO,013,003,114,439,3,medio
070101040000560,070101,CALLAO,040,056,23,81,3,medio
070101042000290,070101,CALLAO,042,029,41,120,3,medio
070101040000550,070101,CALLAO,040,055,6,17,3,medio
070101042000260,070101,CALLAO,042,026,18,58,3,medio
070101042000350,070101,CALLAO,042,035,29,100,3,medio
070101040000460,070101,CALLAO,040,046,9,32,3,medio
070101013000310,070101,CALLAO,013,031,49,127,3,medio
070101013000100,070101,CALLAO,013,010,45,175,3,medio
070101040000540,070101,CALLAO,040,054,11,42,3,medio
07010100602009E,070101,CALLAO,006,009,7,31,2,medio bajo
070101013000060,070101,CALLAO,013,006,56,233,3,medio
07010100602009F,070101,CALLAO,006,009,34,118,2,medio bajo
07010101300004A,070101,CALLAO,013,004,84,342,3,medio
07010100602011A,070101,CALLAO,006,011,26,93,2,medio bajo
07010104000043A,070101,CALLAO,040,043,3,9,3,medio
070101005000090,070101,CALLAO,005,009,3,8,3,medio
070101013000360,070101,CALLAO,013,036,33,126,3,medio
070101013000350,070101,CALLAO,013,035,3,8,3,medio
070101013000330,070101,CALLAO,013,033,54,188,3,medio
07010100602014B,070101,CALLAO,006,014,21,100,2,medio bajo
07010100602009D,070101,CALLAO,006,009,5,23,2,medio bajo
070101013000320,070101,CALLAO,013,032,47,139,3,medio
070101013000490,070101,CALLAO,013,049,42,150,3,medio
070101013000340,070101,CALLAO,013,034,46,169,3,medio
07010100602011B,070101,CALLAO,006,011,29,118,2,medio bajo
07010100602014A,070101,CALLAO,006,014,22,94,2,medio bajo
070101042000020,070101,CALLAO,042,002,26,83,3,medio
070101040000490,070101,CALLAO,040,049,23,71,3,medio
070101040000590,070101,CALLAO,040,059,48,144,3,medio
070101034000210,070101,CALLAO,034,021,52,226,3,medio
070101013000480,070101,CALLAO,013,048,1,3,3,medio
070101013000510,070101,CALLAO,013,051,1,4,3,medio
070101013000460,070101,CALLAO,013,046,52,211,3,medio
070101013000470,070101,CALLAO,013,047,35,115,3,medio
07010100602042A,070101,CALLAO,006,042,9,43,2,medio bajo
07010100602038A,070101,CALLAO,006,038,8,21,3,medio
07010100602049C,070101,CALLAO,006,049,19,65,2,medio bajo
07010100602064W,070101,CALLAO,006,064,30,116,2,medio bajo
07010100602051F,070101,CALLAO,006,051,16,60,2,medio bajo
07010100602051G,070101,CALLAO,006,051,19,76,2,medio bajo
07010100602057B,070101,CALLAO,006,057,22,90,2,medio bajo
07010100602069I,070101,CALLAO,006,069,32,116,2,medio bajo
07010100602064Z,070101,CALLAO,006,064,3,11,2,medio bajo
07010100602042B,070101,CALLAO,006,042,19,93,2,medio bajo
07010100602051H,070101,CALLAO,006,051,30,113,2,medio bajo
07010100602064X,070101,CALLAO,006,064,33,132,2,medio bajo
07010100602064Y,070101,CALLAO,006,064,20,73,2,medio bajo
07010100500024D,070101,CALLAO,005,024,46,193,3,medio
070101040000570,070101,CALLAO,040,057,8,29,3,medio
070101042000380,070101,CALLAO,042,038,7,16,3,medio
070101042000280,070101,CALLAO,042,028,14,45,3,medio
070101042000320,070101,CALLAO,042,032,16,56,3,medio
070101042000100,070101,CALLAO,042,010,22,75,3,medio
070101042000230,070101,CALLAO,042,023,24,72,3,medio
070101042000310,070101,CALLAO,042,031,14,53,3,medio
070101042000170,070101,CALLAO,042,017,10,34,3,medio
070101042000370,070101,CALLAO,042,037,27,84,3,medio
070101042000160,070101,CALLAO,042,016,22,58,3,medio
070101042000360,070101,CALLAO,042,036,25,78,3,medio
070101042000330,070101,CALLAO,042,033,18,58,3,medio
070101042000120,070101,CALLAO,042,012,23,91,3,medio
070101042000520,070101,CALLAO,042,052,28,93,3,medio
070101042000530,070101,CALLAO,042,053,140,497,3,medio
070101042000200,070101,CALLAO,042,020,20,66,3,medio
070101042000150,070101,CALLAO,042,015,23,77,3,medio
070101042000110,070101,CALLAO,042,011,15,51,3,medio
070101042000140,070101,CALLAO,042,014,25,81,3,medio
070101042000210,070101,CALLAO,042,021,23,76,3,medio
070101042000220,070101,CALLAO,042,022,24,78,3,medio
070101042000180,070101,CALLAO,042,018,15,52,3,medio
070101042000510,070101,CALLAO,042,051,26,80,3,medio
070101013000540,070101,CALLAO,013,054,35,114,3,medio
070101013000530,070101,CALLAO,013,053,23,82,3,medio
070101013000580,070101,CALLAO,013,058,33,133,3,medio
070101013000500,070101,CALLAO,013,050,43,174,3,medio
07010100602023C,070101,CALLAO,006,023,67,269,3,medio
070101042000470,070101,CALLAO,042,047,29,85,3,medio
07010100603002M,070101,CALLAO,006,002,11,32,3,medio
07010100603003Q,070101,CALLAO,006,003,8,33,3,medio
07010100603002S,070101,CALLAO,006,002,17,72,2,medio bajo
07010100603002N,070101,CALLAO,006,002,20,65,3,medio
070101042000450,070101,CALLAO,042,045,19,67,3,medio
07010100603002T,070101,CALLAO,006,002,10,33,3,medio
070101042000490,070101,CALLAO,042,049,30,120,3,medio
070101042000460,070101,CALLAO,042,046,25,95,3,medio
07010100603003S,070101,CALLAO,006,003,2,7,3,medio
07010100603002Q,070101,CALLAO,006,002,13,52,2,medio bajo
07010100603003M,070101,CALLAO,006,003,15,58,3,medio
07010100603002R,070101,CALLAO,006,002,9,41,2,medio bajo
07010100603003O,070101,CALLAO,006,003,14,59,3,medio
07010100603003N,070101,CALLAO,006,003,3,11,3,medio
07010100602049D,070101,CALLAO,006,049,6,26,2,medio bajo
07010100603036G,070101,CALLAO,006,036,22,90,2,medio bajo
07010100603023E,070101,CALLAO,006,023,10,52,3,medio
07010100603013A,070101,CALLAO,006,013,44,153,3,medio
07010100603034G,070101,CALLAO,006,034,8,26,2,medio bajo
07010100603023F,070101,CALLAO,006,023,22,60,3,medio
07010100603010O,070101,CALLAO,006,010,23,58,3,medio
07010100603033F,070101,CALLAO,006,033,9,51,3,medio
07010100603034F,070101,CALLAO,006,034,5,25,2,medio bajo
070101042000270,070101,CALLAO,042,027,16,45,3,medio
070101042000130,070101,CALLAO,042,013,19,62,3,medio
070101016000020,070101,CALLAO,016,002,1,1,2,medio bajo
070101016000080,070101,CALLAO,016,008,2,2,2,medio bajo
070101016000400,070101,CALLAO,016,040,46,159,2,medio bajo
070101013000520,070101,CALLAO,013,052,48,197,3,medio
07010100602069J,070101,CALLAO,006,069,25,95,2,medio bajo
070101013000550,070101,CALLAO,013,055,62,270,3,medio
070101013000570,070101,CALLAO,013,057,33,116,3,medio
070101013000560,070101,CALLAO,013,056,35,168,3,medio
070101013000620,070101,CALLAO,013,062,34,143,3,medio
070101013000610,070101,CALLAO,013,061,26,99,3,medio
070101016000230,070101,CALLAO,016,023,24,72,2,medio bajo
070101016000140,070101,CALLAO,016,014,45,163,2,medio bajo
070101016000130,070101,CALLAO,016,013,53,158,2,medio bajo
070101016000250,070101,CALLAO,016,025,25,75,2,medio bajo
070101016000150,070101,CALLAO,016,015,84,291,2,medio bajo
070101042000500,070101,CALLAO,042,050,30,111,3,medio
07010100603010I,070101,CALLAO,006,010,15,60,3,medio
070101013000410,070101,CALLAO,013,041,30,106,3,medio
070101013000440,070101,CALLAO,013,044,39,145,3,medio
070101013000430,070101,CALLAO,013,043,35,127,3,medio
070101013000400,070101,CALLAO,013,040,34,124,3,medio
070101013000450,070101,CALLAO,013,045,52,181,3,medio
070101013000090,070101,CALLAO,013,009,56,204,3,medio
07010101300012B,070101,CALLAO,013,012,41,123,3,medio
070101013000080,070101,CALLAO,013,008,42,153,3,medio
070101013000110,070101,CALLAO,013,011,28,137,3,medio
070101042000580,070101,CALLAO,042,058,22,80,3,medio
070101042000590,070101,CALLAO,042,059,133,481,3,medio
070101013000200,070101,CALLAO,013,020,26,118,3,medio
07010101300017A,070101,CALLAO,013,017,1,5,3,medio
070101013000240,070101,CALLAO,013,024,51,228,3,medio
070101013000290,070101,CALLAO,013,029,33,139,3,medio
070101039000070,070101,CALLAO,039,007,39,150,3,medio
070101013000250,070101,CALLAO,013,025,47,215,3,medio
070101039000100,070101,CALLAO,039,010,39,134,3,medio
070101013000160,070101,CALLAO,013,016,30,139,3,medio
070101042000610,070101,CALLAO,042,061,20,66,3,medio
070101039000060,070101,CALLAO,039,006,98,336,3,medio
070101013000190,070101,CALLAO,013,019,33,152,3,medio
070101039000020,070101,CALLAO,039,002,71,227,3,medio
070101042000600,070101,CALLAO,042,060,32,94,3,medio
070101013000120,070101,CALLAO,013,012,33,140,3,medio
070101039000130,070101,CALLAO,039,013,15,42,3,medio
070101039000230,070101,CALLAO,039,023,3,12,3,medio
070101042000560,070101,CALLAO,042,056,37,158,3,medio
070101039000170,070101,CALLAO,039,017,20,70,3,medio
070101013000170,070101,CALLAO,013,017,55,204,3,medio
070101039000090,070101,CALLAO,039,009,47,144,3,medio
070101013000210,070101,CALLAO,013,021,58,209,3,medio
070101013000270,070101,CALLAO,013,027,67,213,3,medio
070101039000330,070101,CALLAO,039,033,24,69,3,medio
07010104200024A,070101,CALLAO,042,024,26,77,3,medio
070101039000150,070101,CALLAO,039,015,60,232,3,medio
070101039000340,070101,CALLAO,039,034,34,97,3,medio
070101013000230,070101,CALLAO,013,023,38,142,3,medio
070101013000260,070101,CALLAO,013,026,68,246,3,medio
070101039000010,070101,CALLAO,039,001,2,6,3,medio
070101039000200,070101,CALLAO,039,020,20,73,3,medio
070101039000510,070101,CALLAO,039,051,2,2,3,medio
070101039000520,070101,CALLAO,039,052,2,9,3,medio
070101013000300,070101,CALLAO,013,030,37,147,3,medio
070101039000110,070101,CALLAO,039,011,96,278,3,medio
070101042000540,070101,CALLAO,042,054,74,254,3,medio
070101039000420,070101,CALLAO,039,042,83,309,3,medio
070101039000410,070101,CALLAO,039,041,69,224,3,medio
070101039000140,070101,CALLAO,039,014,47,147,3,medio
070101039000220,070101,CALLAO,039,022,89,352,3,medio
070101042000550,070101,CALLAO,042,055,71,250,3,medio
070101039000030,070101,CALLAO,039,003,39,118,3,medio
070101039000180,070101,CALLAO,039,018,19,75,3,medio
070101039000040,070101,CALLAO,039,004,81,297,3,medio
070101039000080,070101,CALLAO,039,008,19,73,3,medio
070101039000120,070101,CALLAO,039,012,5,19,3,medio
070101042000570,070101,CALLAO,042,057,1,1,3,medio
070101039000210,070101,CALLAO,039,021,52,159,3,medio
070101039000160,070101,CALLAO,039,016,59,228,3,medio
070101039000190,070101,CALLAO,039,019,107,380,3,medio
070101039000550,070101,CALLAO,039,055,45,160,3,medio
070101039000530,070101,CALLAO,039,053,7,23,3,medio
070101039000540,070101,CALLAO,039,054,75,281,3,medio
070101039000240,070101,CALLAO,039,024,31,121,3,medio
070101039000390,070101,CALLAO,039,039,45,150,3,medio
070101039000310,070101,CALLAO,039,031,77,289,3,medio
070101039000320,070101,CALLAO,039,032,5,15,3,medio
070101039000250,070101,CALLAO,039,025,106,346,3,medio
070101039000280,070101,CALLAO,039,028,42,133,3,medio
070101039000380,070101,CALLAO,039,038,103,381,3,medio
070101039000260,070101,CALLAO,039,026,84,250,3,medio
070101039000270,070101,CALLAO,039,027,70,242,3,medio
070101016000190,070101,CALLAO,016,019,66,231,2,medio bajo
070101016000200,070101,CALLAO,016,020,53,187,2,medio bajo
070101016000260,070101,CALLAO,016,026,55,223,2,medio bajo
070101039000470,070101,CALLAO,039,047,79,253,3,medio
070101038000090,070101,CALLAO,038,009,12,19,3,medio
070101016000210,070101,CALLAO,016,021,82,294,2,medio bajo
070101039000300,070101,CALLAO,039,030,68,211,3,medio
070101039000480,070101,CALLAO,039,048,23,92,3,medio
070101039000490,070101,CALLAO,039,049,17,70,3,medio
070101038000050,070101,CALLAO,038,005,8,21,3,medio
070101016000160,070101,CALLAO,016,016,26,104,2,medio bajo
070101038000080,070101,CALLAO,038,008,11,46,3,medio
070101038000010,070101,CALLAO,038,001,31,112,3,medio
07010103900043A,070101,CALLAO,039,043,1,2,3,medio
070101016000180,070101,CALLAO,016,018,53,170,2,medio bajo
070101039000400,070101,CALLAO,039,040,7,31,3,medio
070101038000100,070101,CALLAO,038,010,24,110,3,medio
070101039000460,070101,CALLAO,039,046,18,61,3,medio
070101039000500,070101,CALLAO,039,050,16,88,3,medio
070101038000160,070101,CALLAO,038,016,27,94,3,medio
070101038000110,070101,CALLAO,038,011,24,97,3,medio
070101039000450,070101,CALLAO,039,045,5,18,3,medio
070101038000020,070101,CALLAO,038,002,24,97,3,medio
070101038000180,070101,CALLAO,038,018,16,48,3,medio
070101038000150,070101,CALLAO,038,015,13,55,3,medio
070101038000070,070101,CALLAO,038,007,18,57,3,medio
070101038000040,070101,CALLAO,038,004,18,68,3,medio
070101038000120,070101,CALLAO,038,012,1,1,3,medio
070101013000600,070101,CALLAO,013,060,29,128,3,medio
070101038000170,070101,CALLAO,038,017,12,41,3,medio
070101033000030,070101,CALLAO,033,003,57,214,3,medio
070101013000070,070101,CALLAO,013,007,39,151,3,medio
070101033000050,070101,CALLAO,033,005,28,115,3,medio
070101033000040,070101,CALLAO,033,004,73,277,3,medio
070101033000190,070101,CALLAO,033,019,75,301,3,medio
070101033000060,070101,CALLAO,033,006,51,191,3,medio
070101016000280,070101,CALLAO,016,028,57,191,2,medio bajo
070101016000290,070101,CALLAO,016,029,59,200,2,medio bajo
070101013000220,070101,CALLAO,013,022,44,183,3,medio
070101013000180,070101,CALLAO,013,018,29,88,3,medio
070101042000480,070101,CALLAO,042,048,29,129,3,medio
070101038000260,070101,CALLAO,038,026,29,105,3,medio
070101038000270,070101,CALLAO,038,027,24,81,3,medio
070101038000200,070101,CALLAO,038,020,16,57,3,medio
070101038000210,070101,CALLAO,038,021,15,63,3,medio
070101038000280,070101,CALLAO,038,028,33,118,3,medio
070101038000220,070101,CALLAO,038,022,24,96,3,medio
070101016000220,070101,CALLAO,016,022,56,214,2,medio bajo
070101039000290,070101,CALLAO,039,029,88,306,3,medio
070101033000010,070101,CALLAO,033,001,42,166,3,medio
070101038000240,070101,CALLAO,038,024,14,45,3,medio
070101016000270,070101,CALLAO,016,027,44,169,2,medio bajo
070101038000250,070101,CALLAO,038,025,17,48,3,medio
070101038000440,070101,CALLAO,038,044,51,195,3,medio
070101016000320,070101,CALLAO,016,032,46,163,2,medio bajo
070101016000330,070101,CALLAO,016,033,34,168,2,medio bajo
070101016000310,070101,CALLAO,016,031,87,268,2,medio bajo
070101016000340,070101,CALLAO,016,034,38,126,2,medio bajo
070101038000190,070101,CALLAO,038,019,38,126,3,medio
070101038000460,070101,CALLAO,038,046,22,87,3,medio
070101038000450,070101,CALLAO,038,045,31,107,3,medio
070101038000470,070101,CALLAO,038,047,32,120,3,medio
070101038000520,070101,CALLAO,038,052,17,55,3,medio
070101038000500,070101,CALLAO,038,050,8,28,3,medio
070101038000420,070101,CALLAO,038,042,39,157,3,medio
070101038000400,070101,CALLAO,038,040,26,107,3,medio
070101038000410,070101,CALLAO,038,041,27,88,3,medio
070101038000480,070101,CALLAO,038,048,31,108,3,medio
070101038000510,070101,CALLAO,038,051,6,19,3,medio
070101038000490,070101,CALLAO,038,049,32,121,3,medio
070101038000300,070101,CALLAO,038,030,17,71,3,medio
070101016000430,070101,CALLAO,016,043,59,190,2,medio bajo
070101016000580,070101,CALLAO,016,058,42,160,2,medio bajo
070101016000390,070101,CALLAO,016,039,31,139,2,medio bajo
070101016000370,070101,CALLAO,016,037,51,151,2,medio bajo
070101016000450,070101,CALLAO,016,045,40,177,2,medio bajo
070101016000510,070101,CALLAO,016,051,33,135,2,medio bajo
070101016000470,070101,CALLAO,016,047,33,113,2,medio bajo
070101016000590,070101,CALLAO,016,059,60,203,2,medio bajo
070101016000440,070101,CALLAO,016,044,46,184,2,medio bajo
070101016000410,070101,CALLAO,016,041,49,187,2,medio bajo
070101016000570,070101,CALLAO,016,057,53,243,2,medio bajo
070101016000420,070101,CALLAO,016,042,52,197,2,medio bajo
070101016000610,070101,CALLAO,016,061,25,101,2,medio bajo
07010101600001Z,070101,CALLAO,016,001,34,138,3,medio
070101016000530,070101,CALLAO,016,053,37,111,2,medio bajo
070101016000460,070101,CALLAO,016,046,94,348,2,medio bajo
070101016000640,070101,CALLAO,016,064,49,188,2,medio bajo
070101016000540,070101,CALLAO,016,054,55,181,2,medio bajo
070101016000520,070101,CALLAO,016,052,55,192,2,medio bajo
070101016000550,070101,CALLAO,016,055,57,210,2,medio bajo
070101016000560,070101,CALLAO,016,056,53,235,2,medio bajo
070101016000600,070101,CALLAO,016,060,55,200,2,medio bajo
070101038000230,070101,CALLAO,038,023,26,87,3,medio
07010101600001Y,070101,CALLAO,016,001,28,92,3,medio
070101016000300,070101,CALLAO,016,030,48,184,2,medio bajo
070101038000320,070101,CALLAO,038,032,23,95,3,medio
070101038000430,070101,CALLAO,038,043,24,90,3,medio
07010101600001W,070101,CALLAO,016,001,48,176,3,medio
070101038000290,070101,CALLAO,038,029,17,55,3,medio
070101016000350,070101,CALLAO,016,035,35,122,2,medio bajo
07010101600001Q,070101,CALLAO,016,001,31,118,3,medio
07010101600001G,070101,CALLAO,016,001,64,204,3,medio
07010101600001F,070101,CALLAO,016,001,34,102,3,medio
07010101600001P,070101,CALLAO,016,001,36,91,3,medio
07010101600001I,070101,CALLAO,016,001,12,47,3,medio
07010101600001K,070101,CALLAO,016,001,2,10,3,medio
07010101600001S,070101,CALLAO,016,001,63,210,3,medio
07010101600001U,070101,CALLAO,016,001,17,83,3,medio
07010101500030A,070101,CALLAO,015,030,27,91,2,medio bajo
07010101600001O,070101,CALLAO,016,001,11,15,3,medio
07010101500062A,070101,CALLAO,015,062,25,82,2,medio bajo
07010101600001E,070101,CALLAO,016,001,2,4,3,medio
07010101600001M,070101,CALLAO,016,001,32,134,3,medio
07010101600001J,070101,CALLAO,016,001,8,31,3,medio
070101038000330,070101,CALLAO,038,033,14,49,3,medio
07010101600001T,070101,CALLAO,016,001,45,161,3,medio
070101006020700,070101,CALLAO,006,070,43,172,3,medio
070101006020740,070101,CALLAO,006,074,7,27,2,medio bajo
070101038000560,070101,CALLAO,038,056,40,149,3,medio
070101006020720,070101,CALLAO,006,072,4,16,3,medio
07010101600001L,070101,CALLAO,016,001,5,24,3,medio
070101038000530,070101,CALLAO,038,053,17,82,3,medio
07010101600001H,070101,CALLAO,016,001,44,159,3,medio
07010101500028Q,070101,CALLAO,015,028,13,46,1,bajo
070101006020710,070101,CALLAO,006,071,16,71,3,medio
070101038000550,070101,CALLAO,038,055,38,143,3,medio
070101006020730,070101,CALLAO,006,073,10,49,2,medio bajo
07010100603010K,070101,CALLAO,006,010,20,65,3,medio
070101038000540,070101,CALLAO,038,054,18,81,3,medio
070101016000380,070101,CALLAO,016,038,41,155,2,medio bajo
07010100603010L,070101,CALLAO,006,010,18,77,3,medio
07010100603010N,070101,CALLAO,006,010,18,82,3,medio
07010100603014C,070101,CALLAO,006,014,14,48,3,medio
07010100603014A,070101,CALLAO,006,014,8,31,3,medio
07010100603004C,070101,CALLAO,006,004,4,12,3,medio
07010101500028N,070101,CALLAO,015,028,15,49,1,bajo
070101019000010,070101,CALLAO,019,001,55,173,4,medio alto
07010100603008A,070101,CALLAO,006,008,11,44,3,medio
070101019000030,070101,CALLAO,019,003,59,195,4,medio alto
070101019000150,070101,CALLAO,019,015,87,284,4,medio alto
070101019000040,070101,CALLAO,019,004,55,177,4,medio alto
07010100603007G,070101,CALLAO,006,007,11,42,3,medio
070101019000050,070101,CALLAO,019,005,80,281,4,medio alto
07010101900006B,070101,CALLAO,019,006,184,639,4,medio alto
070101016000660,070101,CALLAO,016,066,22,76,3,medio
070101019000190,070101,CALLAO,019,019,55,197,4,medio alto
070101038000310,070101,CALLAO,038,031,18,80,3,medio
070101019000300,070101,CALLAO,019,030,38,165,4,medio alto
070101019000120,070101,CALLAO,019,012,55,219,4,medio alto
070101019000090,070101,CALLAO,019,009,31,127,4,medio alto
070101019000110,070101,CALLAO,019,011,52,187,4,medio alto
070101019000100,070101,CALLAO,019,010,53,169,4,medio alto
070101019000080,070101,CALLAO,019,008,61,193,4,medio alto
070101019000140,070101,CALLAO,019,014,30,113,4,medio alto
070101019000290,070101,CALLAO,019,029,39,168,4,medio alto
070101019000310,070101,CALLAO,019,031,36,132,4,medio alto
070101019000130,070101,CALLAO,019,013,57,219,4,medio alto
070101019000250,070101,CALLAO,019,025,70,275,4,medio alto
07010101600001X,070101,CALLAO,016,001,29,112,3,medio
070101019000260,070101,CALLAO,019,026,91,357,4,medio alto
07010101600001V,070101,CALLAO,016,001,29,96,3,medio
070101019000220,070101,CALLAO,019,022,67,273,4,medio alto
070101011000410,070101,CALLAO,011,041,15,53,1,bajo
070101019000230,070101,CALLAO,019,023,67,281,4,medio alto
070101011000500,070101,CALLAO,011,050,19,53,2,medio bajo
070101011000610,070101,CALLAO,011,061,46,162,1,bajo
07010101100060B,070101,CALLAO,011,060,25,91,1,bajo
070101019000330,070101,CALLAO,019,033,80,317,4,medio alto
07010101100060D,070101,CALLAO,011,060,22,89,1,bajo
070101038000590,070101,CALLAO,038,059,30,107,3,medio
070101011000470,070101,CALLAO,011,047,50,159,1,bajo
070101038000580,070101,CALLAO,038,058,21,85,3,medio
070101011000520,070101,CALLAO,011,052,19,75,2,medio bajo
07010101100041A,070101,CALLAO,011,041,16,57,1,bajo
07010101100060K,070101,CALLAO,011,060,17,50,1,bajo
070101011000400,070101,CALLAO,011,040,4,17,1,bajo
07010101100042A,070101,CALLAO,011,042,20,65,1,bajo
07010101100040A,070101,CALLAO,011,040,5,21,1,bajo
070101019000360,070101,CALLAO,019,036,71,250,4,medio alto
070101011000600,070101,CALLAO,011,060,25,81,1,bajo
070101019000350,070101,CALLAO,019,035,49,197,4,medio alto
07010101100043A,070101,CALLAO,011,043,15,53,1,bajo
070101011000440,070101,CALLAO,011,044,38,137,1,bajo
070101019000340,070101,CALLAO,019,034,67,228,4,medio alto
070101019000410,070101,CALLAO,019,041,17,49,4,medio alto
070101019000550,070101,CALLAO,019,055,34,104,4,medio alto
07010101500028P,070101,CALLAO,015,028,25,88,1,bajo
070101019000560,070101,CALLAO,019,056,79,278,4,medio alto
070101011000430,070101,CALLAO,011,043,11,48,1,bajo
070101011000490,070101,CALLAO,011,049,12,44,1,bajo
070101011000510,070101,CALLAO,011,051,17,57,2,medio bajo
070101019000390,070101,CALLAO,019,039,43,148,4,medio alto
070101011000530,070101,CALLAO,011,053,12,43,2,medio bajo
070101019000400,070101,CALLAO,019,040,49,172,4,medio alto
07010101100049A,070101,CALLAO,011,049,34,106,1,bajo
07010101100048A,070101,CALLAO,011,048,31,126,1,bajo
07010101100060M,070101,CALLAO,011,060,19,65,1,bajo
07010101100060N,070101,CALLAO,011,060,4,10,1,bajo
070101012000040,070101,CALLAO,012,004,20,71,2,medio bajo
07010101100050B,070101,CALLAO,011,050,6,11,2,medio bajo
07010101100060P,070101,CALLAO,011,060,2,2,1,bajo
07010101100050A,070101,CALLAO,011,050,3,16,2,medio bajo
070101012000370,070101,CALLAO,012,037,39,165,2,medio bajo
070101012000080,070101,CALLAO,012,008,30,135,2,medio bajo
070101011000540,070101,CALLAO,011,054,24,79,2,medio bajo
070101012000010,070101,CALLAO,012,001,20,67,2,medio bajo
070101012000380,070101,CALLAO,012,038,31,106,2,medio bajo
07010101100060O,070101,CALLAO,011,060,12,31,1,bajo
07010101100038A,070101,CALLAO,011,038,19,52,1,bajo
07010101200052N,070101,CALLAO,012,052,8,8,1,bajo
070101012000610,070101,CALLAO,012,061,43,167,2,medio bajo
070101012000410,070101,CALLAO,012,041,32,122,2,medio bajo
070101012000020,070101,CALLAO,012,002,19,88,2,medio bajo
070101019000180,070101,CALLAO,019,018,42,161,4,medio alto
070101019000200,070101,CALLAO,019,020,16,60,4,medio alto
070101038000570,070101,CALLAO,038,057,30,109,3,medio
07010101100060C,070101,CALLAO,011,060,19,79,1,bajo
070101019000540,070101,CALLAO,019,054,87,303,4,medio alto
070101019000580,070101,CALLAO,019,058,84,290,4,medio alto
070101019000520,070101,CALLAO,019,052,46,212,4,medio alto
070101019000450,070101,CALLAO,019,045,45,176,4,medio alto
070101022000570,070101,CALLAO,022,057,63,239,4,medio alto
070101019000460,070101,CALLAO,019,046,12,48,4,medio alto
070101019000440,070101,CALLAO,019,044,52,180,4,medio alto
070101019000490,070101,CALLAO,019,049,74,237,4,medio alto
070101019000600,070101,CALLAO,019,060,37,114,4,medio alto
070101019000500,070101,CALLAO,019,050,26,91,4,medio alto
070101019000480,070101,CALLAO,019,048,50,150,4,medio alto
070101022000210,070101,CALLAO,022,021,75,264,4,medio alto
070101019000530,070101,CALLAO,019,053,69,247,4,medio alto
070101022000230,070101,CALLAO,022,023,38,107,4,medio alto
070101022000010,070101,CALLAO,022,001,32,110,5,alto
070101022000560,070101,CALLAO,022,056,75,268,4,medio alto
070101022000220,070101,CALLAO,022,022,62,184,4,medio alto
07010101100060J,070101,CALLAO,011,060,23,86,1,bajo
070101022000290,070101,CALLAO,022,029,144,449,4,medio alto
070101019000430,070101,CALLAO,019,043,41,178,4,medio alto
070101019000590,070101,CALLAO,019,059,54,157,4,medio alto
070101019000320,070101,CALLAO,019,032,71,237,4,medio alto
070101019000470,070101,CALLAO,019,047,52,149,4,medio alto
070101011000360,070101,CALLAO,011,036,1,1,3,medio
070101012000110,070101,CALLAO,012,011,22,78,2,medio bajo
070101012000050,070101,CALLAO,012,005,38,130,2,medio bajo
070101012000060,070101,CALLAO,012,006,35,124,2,medio bajo
07010101200010C,070101,CALLAO,012,010,25,81,2,medio bajo
070101012000090,070101,CALLAO,012,009,22,91,2,medio bajo
07010101200052P,070101,CALLAO,012,052,3,10,1,bajo
07010101200052S,070101,CALLAO,012,052,48,135,2,medio bajo
07010101200052T,070101,CALLAO,012,052,49,134,2,medio bajo
07010101200052Q,070101,CALLAO,012,052,33,93,1,bajo
070101011000420,070101,CALLAO,011,042,11,46,1,bajo
070101011000560,070101,CALLAO,011,056,45,162,2,medio bajo
07010101100040D,070101,CALLAO,011,040,83,250,1,bajo
070101022000030,070101,CALLAO,022,003,57,182,5,alto
070101027000150,070101,CALLAO,027,015,66,227,2,medio bajo
070101027000200,070101,CALLAO,027,020,46,184,2,medio bajo
07010102700021A,070101,CALLAO,027,021,41,157,2,medio bajo
07010102700021B,070101,CALLAO,027,021,3,9,2,medio bajo
070101027000160,070101,CALLAO,027,016,62,234,2,medio bajo
07010102700001A,070101,CALLAO,027,001,1,1,2,medio bajo
070101022000180,070101,CALLAO,022,018,76,259,5,alto
070101012000140,070101,CALLAO,012,014,29,98,2,medio bajo
070101027000170,070101,CALLAO,027,017,26,108,2,medio bajo
070101027000190,070101,CALLAO,027,019,53,216,2,medio bajo
070101012000250,070101,CALLAO,012,025,31,114,2,medio bajo
070101012000270,070101,CALLAO,012,027,13,50,2,medio bajo
070101012000260,070101,CALLAO,012,026,25,97,2,medio bajo
070101012000280,070101,CALLAO,012,028,49,169,2,medio bajo
07010101200036B,070101,CALLAO,012,036,21,92,2,medio bajo
070101012000340,070101,CALLAO,012,034,36,149,2,medio bajo
070101012000330,070101,CALLAO,012,033,29,91,2,medio bajo
070101012000360,070101,CALLAO,012,036,11,36,2,medio bajo
07010101200023A,070101,CALLAO,012,023,3,4,2,medio bajo
070101012000620,070101,CALLAO,012,062,26,99,2,medio bajo
070101012000290,070101,CALLAO,012,029,57,218,2,medio bajo
070101012000420,070101,CALLAO,012,042,3,5,2,medio bajo
070101012000320,070101,CALLAO,012,032,20,64,2,medio bajo
070101012000440,070101,CALLAO,012,044,34,122,2,medio bajo
07010101200036A,070101,CALLAO,012,036,12,48,2,medio bajo
070101012000350,070101,CALLAO,012,035,15,55,2,medio bajo
070101019000370,070101,CALLAO,019,037,47,166,4,medio alto
070101012000400,070101,CALLAO,012,040,34,130,2,medio bajo
070101012000460,070101,CALLAO,012,046,37,159,2,medio bajo
070101012000480,070101,CALLAO,012,048,21,99,2,medio bajo
070101012000530,070101,CALLAO,012,053,27,105,2,medio bajo
070101012000070,070101,CALLAO,012,007,33,123,2,medio bajo
070101012000550,070101,CALLAO,012,055,18,59,2,medio bajo
070101012000570,070101,CALLAO,012,057,26,105,2,medio bajo
070101012000390,070101,CALLAO,012,039,33,132,2,medio bajo
070101012000130,070101,CALLAO,012,013,9,24,2,medio bajo
070101012000470,070101,CALLAO,012,047,22,99,2,medio bajo
070101012000540,070101,CALLAO,012,054,25,99,2,medio bajo
070101012000490,070101,CALLAO,012,049,21,83,2,medio bajo
070101012000560,070101,CALLAO,012,056,35,104,2,medio bajo
070101024000010,070101,CALLAO,024,001,44,135,4,medio alto
070101022000020,070101,CALLAO,022,002,70,232,5,alto
070101012000520,070101,CALLAO,012,052,44,181,2,medio bajo
07010101200050C,070101,CALLAO,012,050,60,199,1,bajo
070101012000510,070101,CALLAO,012,051,13,58,1,bajo
070101012000500,070101,CALLAO,012,050,15,64,2,medio bajo
07010101200052C,070101,CALLAO,012,052,14,57,1,bajo
07010101200051A,070101,CALLAO,012,051,40,146,1,bajo
07010101200050B,070101,CALLAO,012,050,39,144,1,bajo
07010101200052A,070101,CALLAO,012,052,21,84,2,medio bajo
07010101200060A,070101,CALLAO,012,060,12,46,2,medio bajo
07010101200050D,070101,CALLAO,012,050,54,200,1,bajo
070101028000340,070101,CALLAO,028,034,62,180,4,medio alto
07010101200015A,070101,CALLAO,012,015,5,10,2,medio bajo
070101012000450,070101,CALLAO,012,045,31,127,2,medio bajo
070101028000330,070101,CALLAO,028,033,84,342,4,medio alto
070101028000260,070101,CALLAO,028,026,70,243,4,medio alto
070101012000590,070101,CALLAO,012,059,45,172,2,medio bajo
07010101200008D,070101,CALLAO,012,008,41,142,2,medio bajo
07010101200010D,070101,CALLAO,012,010,23,90,2,medio bajo
070101012000580,070101,CALLAO,012,058,31,113,2,medio bajo
070101024000190,070101,CALLAO,024,019,52,194,4,medio alto
070101012000690,070101,CALLAO,012,069,29,109,1,bajo
07010101200050F,070101,CALLAO,012,050,39,137,1,bajo
070101024000180,070101,CALLAO,024,018,72,218,4,medio alto
07010101200050G,070101,CALLAO,012,050,49,176,1,bajo
070101024000200,070101,CALLAO,024,020,37,143,4,medio alto
070101012000730,070101,CALLAO,012,073,23,75,1,bajo
070101022000190,070101,CALLAO,022,019,30,103,5,alto
070101022000160,070101,CALLAO,022,016,51,162,5,alto
070101022000170,070101,CALLAO,022,017,58,173,5,alto
070101023000140,070101,CALLAO,023,014,116,363,4,medio alto
070101023000010,070101,CALLAO,023,001,88,240,4,medio alto
070101023000460,070101,CALLAO,023,046,20,94,4,medio alto
070101023000160,070101,CALLAO,023,016,58,187,4,medio alto
070101023000150,070101,CALLAO,023,015,133,419,4,medio alto
070101024000150,070101,CALLAO,024,015,69,230,4,medio alto
070101023000170,070101,CALLAO,023,017,144,423,4,medio alto
070101023000020,070101,CALLAO,023,002,67,194,4,medio alto
070101024000140,070101,CALLAO,024,014,37,140,4,medio alto
07010101200063A,070101,CALLAO,012,063,30,93,2,medio bajo
070101012000660,070101,CALLAO,012,066,26,86,1,bajo
07010101200064A,070101,CALLAO,012,064,58,246,2,medio bajo
07010101200052M,070101,CALLAO,012,052,9,38,1,bajo
070101014000250,070101,CALLAO,014,025,37,137,3,medio
070101014000090,070101,CALLAO,014,009,38,155,3,medio
070101012000710,070101,CALLAO,012,071,37,143,1,bajo
070101012000680,070101,CALLAO,012,068,23,107,1,bajo
070101014000240,070101,CALLAO,014,024,59,265,3,medio
070101014000100,070101,CALLAO,014,010,37,141,3,medio
070101014000260,070101,CALLAO,014,026,32,111,3,medio
070101014000110,070101,CALLAO,014,011,48,168,3,medio
070101024000170,070101,CALLAO,024,017,40,132,4,medio alto
070101014000210,070101,CALLAO,014,021,22,79,3,medio
070101012000670,070101,CALLAO,012,067,16,59,1,bajo
070101014000230,070101,CALLAO,014,023,47,172,3,medio
070101012000700,070101,CALLAO,012,070,20,78,1,bajo
070101027000050,070101,CALLAO,027,005,52,179,2,medio bajo
070101014000220,070101,CALLAO,014,022,38,151,3,medio
070101012000650,070101,CALLAO,012,065,45,175,1,bajo
070101028000350,070101,CALLAO,028,035,59,245,4,medio alto
070101027000120,070101,CALLAO,027,012,98,386,2,medio bajo
070101027000040,070101,CALLAO,027,004,72,294,2,medio bajo
070101022000090,070101,CALLAO,022,009,43,140,5,alto
070101014000350,070101,CALLAO,014,035,39,148,3,medio
070101022000100,070101,CALLAO,022,010,52,171,5,alto
070101022000120,070101,CALLAO,022,012,22,59,5,alto
070101024000020,070101,CALLAO,024,002,32,128,4,medio alto
070101024000030,070101,CALLAO,024,003,52,165,4,medio alto
070101014000360,070101,CALLAO,014,036,53,206,3,medio
07010102400011A,070101,CALLAO,024,011,11,11,4,medio alto
070101022000140,070101,CALLAO,022,014,37,122,5,alto
070101023000450,070101,CALLAO,023,045,51,194,4,medio alto
070101022000080,070101,CALLAO,022,008,19,66,5,alto
070101022000060,070101,CALLAO,022,006,78,280,5,alto
070101012000720,070101,CALLAO,012,072,16,53,1,bajo
070101027000010,070101,CALLAO,027,001,36,143,2,medio bajo
070101027000020,070101,CALLAO,027,002,68,254,2,medio bajo
070101023000030,070101,CALLAO,023,003,52,170,4,medio alto
070101023000110,070101,CALLAO,023,011,53,224,4,medio alto
070101023000100,070101,CALLAO,023,010,79,232,4,medio alto
07010102300013B,070101,CALLAO,023,013,2,14,4,medio alto
070101027000030,070101,CALLAO,027,003,29,110,2,medio bajo
070101023000050,070101,CALLAO,023,005,75,265,4,medio alto
070101023000040,070101,CALLAO,023,004,44,151,4,medio alto
070101014000080,070101,CALLAO,014,008,35,145,3,medio
070101022000050,070101,CALLAO,022,005,64,223,5,alto
070101023000220,070101,CALLAO,023,022,69,222,4,medio alto
070101022000330,070101,CALLAO,022,033,72,266,4,medio alto
070101022000250,070101,CALLAO,022,025,75,279,4,medio alto
070101022000270,070101,CALLAO,022,027,5,7,4,medio alto
070101022000370,070101,CALLAO,022,037,64,236,4,medio alto
070101023000070,070101,CALLAO,023,007,68,201,4,medio alto
070101023000080,070101,CALLAO,023,008,103,328,4,medio alto
070101023000230,070101,CALLAO,023,023,77,254,4,medio alto
070101022000240,070101,CALLAO,022,024,101,305,4,medio alto
070101022000340,070101,CALLAO,022,034,54,194,4,medio alto
070101023000120,070101,CALLAO,023,012,93,353,4,medio alto
070101014000410,070101,CALLAO,014,041,43,140,3,medio
070101014000380,070101,CALLAO,014,038,19,75,3,medio
070101014000400,070101,CALLAO,014,040,11,36,3,medio
070101014000390,070101,CALLAO,014,039,19,82,3,medio
070101023000090,070101,CALLAO,023,009,64,218,4,medio alto
070101014000040,070101,CALLAO,014,004,40,159,3,medio
070101014000070,070101,CALLAO,014,007,35,127,3,medio
070101014000030,070101,CALLAO,014,003,37,124,3,medio
070101014000020,070101,CALLAO,014,002,52,216,3,medio
070101014000050,070101,CALLAO,014,005,49,163,3,medio
070101014000320,070101,CALLAO,014,032,35,157,3,medio
070101014000500,070101,CALLAO,014,050,32,118,3,medio
070101014000160,070101,CALLAO,014,016,38,158,3,medio
070101014000290,070101,CALLAO,014,029,19,67,3,medio
070101014000270,070101,CALLAO,014,027,41,172,3,medio
070101014000420,070101,CALLAO,014,042,48,190,3,medio
070101014000430,070101,CALLAO,014,043,44,143,3,medio
070101014000310,070101,CALLAO,014,031,21,83,3,medio
070101014000170,070101,CALLAO,014,017,31,130,3,medio
070101014000190,070101,CALLAO,014,019,70,251,3,medio
070101014000460,070101,CALLAO,014,046,22,109,3,medio
070101014000490,070101,CALLAO,014,049,23,55,3,medio
07010101400047A,070101,CALLAO,014,047,37,126,3,medio
07010101400050A,070101,CALLAO,014,050,31,110,3,medio
070101014000150,070101,CALLAO,014,015,90,302,3,medio
070101014000450,070101,CALLAO,014,045,17,70,3,medio
070101014000120,070101,CALLAO,014,012,38,128,3,medio
070101014000180,070101,CALLAO,014,018,61,232,3,medio
070101014000300,070101,CALLAO,014,030,49,193,3,medio
070101014000130,070101,CALLAO,014,013,34,117,3,medio
070101014000280,070101,CALLAO,014,028,29,105,3,medio
070101037000080,070101,CALLAO,037,008,44,139,3,medio
070101037000070,070101,CALLAO,037,007,25,87,3,medio
07010101400058E,070101,CALLAO,014,058,27,92,3,medio
070101037000090,070101,CALLAO,037,009,34,137,3,medio
070101022000280,070101,CALLAO,022,028,72,244,4,medio alto
07010103700023A,070101,CALLAO,037,023,18,62,3,medio
070101037000010,070101,CALLAO,037,001,10,48,3,medio
07010103700012A,070101,CALLAO,037,012,9,29,3,medio
070101037000160,070101,CALLAO,037,016,16,59,3,medio
070101037000170,070101,CALLAO,037,017,12,51,3,medio
070101037000020,070101,CALLAO,037,002,27,103,3,medio
070101014000370,070101,CALLAO,014,037,42,159,3,medio
070101014000010,070101,CALLAO,014,001,69,226,3,medio
070101014000440,070101,CALLAO,014,044,15,60,3,medio
070101037000050,070101,CALLAO,037,005,29,107,3,medio
070101014000470,070101,CALLAO,014,047,18,68,3,medio
07010101400054A,070101,CALLAO,014,054,3,10,3,medio
070101026000360,070101,CALLAO,026,036,45,151,2,medio bajo
070101026000370,070101,CALLAO,026,037,33,110,2,medio bajo
070101026000390,070101,CALLAO,026,039,99,365,2,medio bajo
070101023000210,070101,CALLAO,023,021,34,133,4,medio alto
070101023000200,070101,CALLAO,023,020,51,164,4,medio alto
07010102800037A,070101,CALLAO,028,037,1,1,4,medio alto
070101037000030,070101,CALLAO,037,003,28,102,3,medio
070101037000040,070101,CALLAO,037,004,30,118,3,medio
070101037000190,070101,CALLAO,037,019,16,49,3,medio
070101037000210,070101,CALLAO,037,021,14,42,3,medio
070101037000240,070101,CALLAO,037,024,72,239,3,medio
070101037000200,070101,CALLAO,037,020,25,104,3,medio
070101037000400,070101,CALLAO,037,040,52,166,3,medio
070101037000260,070101,CALLAO,037,026,114,416,3,medio
070101037000220,070101,CALLAO,037,022,15,60,3,medio
070101037000300,070101,CALLAO,037,030,9,23,3,medio
070101037000290,070101,CALLAO,037,029,7,31,3,medio
070101037000310,070101,CALLAO,037,031,10,42,3,medio
070101037000280,070101,CALLAO,037,028,7,35,3,medio
070101024000050,070101,CALLAO,024,005,16,61,4,medio alto
070101037000060,070101,CALLAO,037,006,35,119,3,medio
070101026000420,070101,CALLAO,026,042,95,361,2,medio bajo
070101027000110,070101,CALLAO,027,011,73,307,2,medio bajo
070101024000060,070101,CALLAO,024,006,22,68,4,medio alto
070101026000010,070101,CALLAO,026,001,61,252,2,medio bajo
070101026000410,070101,CALLAO,026,041,81,323,2,medio bajo
070101026000400,070101,CALLAO,026,040,77,311,2,medio bajo
070101037000100,070101,CALLAO,037,010,22,90,3,medio
070101026000110,070101,CALLAO,026,011,76,238,2,medio bajo
070101037000150,070101,CALLAO,037,015,9,24,3,medio
070101037000360,070101,CALLAO,037,036,8,27,3,medio
070101037000330,070101,CALLAO,037,033,11,45,3,medio
070101037000430,070101,CALLAO,037,043,19,81,3,medio
070101025000390,070101,CALLAO,025,039,29,130,3,medio
070101024000250,070101,CALLAO,024,025,21,75,4,medio alto
070101037000500,070101,CALLAO,037,050,63,264,3,medio
070101037000420,070101,CALLAO,037,042,14,55,3,medio
070101037000390,070101,CALLAO,037,039,9,29,3,medio
070101037000380,070101,CALLAO,037,038,8,30,3,medio
070101037000320,070101,CALLAO,037,032,6,16,3,medio
070101025000380,070101,CALLAO,025,038,56,234,2,medio bajo
070101022000320,070101,CALLAO,022,032,90,297,4,medio alto
070101025000040,070101,CALLAO,025,004,17,61,4,medio alto
070101024000070,070101,CALLAO,024,007,38,135,4,medio alto
070101037000340,070101,CALLAO,037,034,10,31,3,medio
070101025000060,070101,CALLAO,025,006,10,39,4,medio alto
070101037000410,070101,CALLAO,037,041,51,227,3,medio
070101025000400,070101,CALLAO,025,040,48,197,3,medio
070101028000020,070101,CALLAO,028,002,32,131,2,medio bajo
070101037000490,070101,CALLAO,037,049,29,109,3,medio
070101025000020,070101,CALLAO,025,002,43,170,4,medio alto
070101037000510,070101,CALLAO,037,051,34,121,3,medio
070101026000020,070101,CALLAO,026,002,42,135,2,medio bajo
070101026000050,070101,CALLAO,026,005,46,183,2,medio bajo
070101025000320,070101,CALLAO,025,032,57,214,2,medio bajo
070101025000120,070101,CALLAO,025,012,63,276,2,medio bajo
070101025000070,070101,CALLAO,025,007,17,73,4,medio alto
070101022000360,070101,CALLAO,022,036,113,412,4,medio alto
070101023000370,070101,CALLAO,023,037,26,77,4,medio alto
070101025000330,070101,CALLAO,025,033,72,241,2,medio bajo
070101025000050,070101,CALLAO,025,005,74,264,4,medio alto
070101022000300,070101,CALLAO,022,030,53,176,4,medio alto
070101022000310,070101,CALLAO,022,031,70,267,4,medio alto
070101027000090,070101,CALLAO,027,009,34,128,2,medio bajo
070101037000250,070101,CALLAO,037,025,37,113,3,medio
070101023000360,070101,CALLAO,023,036,50,156,4,medio alto
070101025000010,070101,CALLAO,025,001,51,173,4,medio alto
070101023000190,070101,CALLAO,023,019,2,11,4,medio alto
070101024000040,070101,CALLAO,024,004,4,11,4,medio alto
070101004010010,070101,CALLAO,004,001,10,34,2,medio bajo
070101004010030,070101,CALLAO,004,003,16,66,2,medio bajo
070101037000470,070101,CALLAO,037,047,15,66,3,medio
07010100401024A,070101,CALLAO,004,024,22,91,2,medio bajo
070101004010220,070101,CALLAO,004,022,11,48,2,medio bajo
070101004010190,070101,CALLAO,004,019,16,80,3,medio
07010100401011F,070101,CALLAO,004,011,24,89,2,medio bajo
070101004010210,070101,CALLAO,004,021,9,28,3,medio
070101037000460,070101,CALLAO,037,046,15,63,3,medio
07010100401011A,070101,CALLAO,004,011,20,87,2,medio bajo
07010100401003A,070101,CALLAO,004,003,1,4,2,medio bajo
070101004010070,070101,CALLAO,004,007,8,34,2,medio bajo
070101004010100,070101,CALLAO,004,010,7,32,2,medio bajo
07010100401004C,070101,CALLAO,004,004,1,4,2,medio bajo
070101004010080,070101,CALLAO,004,008,17,54,2,medio bajo
070101004010200,070101,CALLAO,004,020,19,69,3,medio
07010100401002B,070101,CALLAO,004,002,5,20,2,medio bajo
07010100401023C,070101,CALLAO,004,023,15,85,2,medio bajo
07010100401016F,070101,CALLAO,004,016,4,19,3,medio
07010100401012A,070101,CALLAO,004,012,14,49,2,medio bajo
07010100401014A,070101,CALLAO,004,014,26,105,3,medio
070101004010050,070101,CALLAO,004,005,21,85,2,medio bajo
070101004010130,070101,CALLAO,004,013,10,46,3,medio
07010100401002A,070101,CALLAO,004,002,8,38,2,medio bajo
07010100401018C,070101,CALLAO,004,018,13,51,3,medio
07010100401028C,070101,CALLAO,004,028,23,58,2,medio bajo
07010100401017C,070101,CALLAO,004,017,4,13,3,medio
07010100401004A,070101,CALLAO,004,004,3,11,2,medio bajo
07010100401004B,070101,CALLAO,004,004,8,26,2,medio bajo
07010100401010A,070101,CALLAO,004,010,11,43,2,medio bajo
07010100401006C,070101,CALLAO,004,006,9,35,2,medio bajo
070101004010090,070101,CALLAO,004,009,22,92,2,medio bajo
07010100401017B,070101,CALLAO,004,017,3,13,3,medio
07010100401026A,070101,CALLAO,004,026,25,126,2,medio bajo
07010100401015A,070101,CALLAO,004,015,12,46,3,medio
07010100401027B,070101,CALLAO,004,027,13,60,2,medio bajo
07010100401016C,070101,CALLAO,004,016,6,43,3,medio
07010100401017A,070101,CALLAO,004,017,9,38,3,medio
07010100401016D,070101,CALLAO,004,016,8,47,3,medio
07010100401016E,070101,CALLAO,004,016,3,7,3,medio
070101027000070,070101,CALLAO,027,007,58,232,2,medio bajo
070101023000350,070101,CALLAO,023,035,25,80,4,medio alto
070101023000340,070101,CALLAO,023,034,15,69,4,medio alto
070101023000380,070101,CALLAO,023,038,33,146,4,medio alto
070101037000270,070101,CALLAO,037,027,8,41,3,medio
07010100401012B,070101,CALLAO,004,012,31,142,2,medio bajo
07010100401010D,070101,CALLAO,004,010,7,33,2,medio bajo
07010100401010C,070101,CALLAO,004,010,2,5,2,medio bajo
070101027000060,070101,CALLAO,027,006,61,245,2,medio bajo
07010100401011C,070101,CALLAO,004,011,6,37,2,medio bajo
070101002000020,070101,CALLAO,002,002,9,30,3,medio
070101002000110,070101,CALLAO,002,011,44,199,3,medio
07010100401011D,070101,CALLAO,004,011,3,11,2,medio bajo
070101027000130,070101,CALLAO,027,013,102,387,2,medio bajo
070101025000340,070101,CALLAO,025,034,33,103,2,medio bajo
07010100401011E,070101,CALLAO,004,011,8,33,2,medio bajo
070101025000360,070101,CALLAO,025,036,47,231,3,medio
070101027000430,070101,CALLAO,027,043,47,185,2,medio bajo
07010100200003B,070101,CALLAO,002,003,4,21,3,medio
070101027000420,070101,CALLAO,027,042,43,172,2,medio bajo
070101002000120,070101,CALLAO,002,012,53,220,3,medio
070101027000230,070101,CALLAO,027,023,48,188,2,medio bajo
070101002000070,070101,CALLAO,002,007,34,151,3,medio
070101027000140,070101,CALLAO,027,014,82,317,2,medio bajo
07010100200003A,070101,CALLAO,002,003,14,46,3,medio
070101037000370,070101,CALLAO,037,037,13,47,3,medio
070101027000100,070101,CALLAO,027,010,38,170,2,medio bajo
070101002000010,070101,CALLAO,002,001,14,44,3,medio
070101027000240,070101,CALLAO,027,024,52,165,2,medio bajo
070101027000440,070101,CALLAO,027,044,42,130,2,medio bajo
070101027000460,070101,CALLAO,027,046,26,121,2,medio bajo
070101027000450,070101,CALLAO,027,045,39,136,2,medio bajo
070101027000410,070101,CALLAO,027,041,23,51,2,medio bajo
070101037000480,070101,CALLAO,037,048,16,57,3,medio
070101024000100,070101,CALLAO,024,010,12,42,4,medio alto
070101024000080,070101,CALLAO,024,008,42,144,4,medio alto
070101026000060,070101,CALLAO,026,006,64,331,2,medio bajo
070101025000090,070101,CALLAO,025,009,39,135,2,medio bajo
070101027000340,070101,CALLAO,027,034,59,207,2,medio bajo
070101026000070,070101,CALLAO,026,007,55,194,2,medio bajo
070101026000340,070101,CALLAO,026,034,51,185,2,medio bajo
070101027000600,070101,CALLAO,027,060,77,260,2,medio bajo
070101023000260,070101,CALLAO,023,026,51,216,4,medio alto
070101023000270,070101,CALLAO,023,027,17,72,4,medio alto
070101028000110,070101,CALLAO,028,011,39,146,2,medio bajo
070101023000250,070101,CALLAO,023,025,3,17,4,medio alto
070101026000100,070101,CALLAO,026,010,47,171,2,medio bajo
070101026000090,070101,CALLAO,026,009,39,129,2,medio bajo
070101028000560,070101,CALLAO,028,056,61,274,4,medio alto
070101023000240,070101,CALLAO,023,024,22,80,4,medio alto
070101023000400,070101,CALLAO,023,040,5,19,4,medio alto
070101023000390,070101,CALLAO,023,039,23,94,4,medio alto
070101028000070,070101,CALLAO,028,007,44,168,2,medio bajo
070101025000420,070101,CALLAO,025,042,14,76,2,medio bajo
07010102800001C,070101,CALLAO,028,001,1,4,2,medio bajo
070101028000060,070101,CALLAO,028,006,58,214,2,medio bajo
070101027000580,070101,CALLAO,027,058,31,137,2,medio bajo
070101028000600,070101,CALLAO,028,060,75,294,4,medio alto
070101024000090,070101,CALLAO,024,009,13,49,4,medio alto
070101026000350,070101,CALLAO,026,035,108,380,2,medio bajo
070101028000090,070101,CALLAO,028,009,34,147,2,medio bajo
070101028000240,070101,CALLAO,028,024,27,103,2,medio bajo
070101028000080,070101,CALLAO,028,008,40,158,2,medio bajo
070101028000050,070101,CALLAO,028,005,42,164,2,medio bajo
070101028000040,070101,CALLAO,028,004,34,162,2,medio bajo
070101027000260,070101,CALLAO,027,026,14,51,2,medio bajo
07010100401006A,070101,CALLAO,004,006,8,22,2,medio bajo
070101028000100,070101,CALLAO,028,010,36,181,2,medio bajo
070101027000080,070101,CALLAO,027,008,47,193,2,medio bajo
07010100200022A,070101,CALLAO,002,022,2,3,3,medio
070101002000260,070101,CALLAO,002,026,27,129,3,medio
070101002000200,070101,CALLAO,002,020,34,132,3,medio
070101002000250,070101,CALLAO,002,025,29,139,3,medio
070101002000080,070101,CALLAO,002,008,32,118,3,medio
070101002000090,070101,CALLAO,002,009,23,82,3,medio
070101002000440,070101,CALLAO,002,044,32,116,3,medio
070101002000430,070101,CALLAO,002,043,28,143,3,medio
070101002000190,070101,CALLAO,002,019,36,123,3,medio
070101002000210,070101,CALLAO,002,021,24,125,3,medio
070101002000420,070101,CALLAO,002,042,28,117,3,medio
070101002000180,070101,CALLAO,002,018,44,177,3,medio
070101002000240,070101,CALLAO,002,024,25,126,3,medio
07010100401010B,070101,CALLAO,004,010,8,37,2,medio bajo
070101002000410,070101,CALLAO,002,041,37,165,3,medio
070101002000500,070101,CALLAO,002,050,39,152,3,medio
070101002000320,070101,CALLAO,002,032,33,139,3,medio
070101002000400,070101,CALLAO,002,040,33,140,3,medio
070101002000380,070101,CALLAO,002,038,37,135,3,medio
070101002000290,070101,CALLAO,002,029,36,153,3,medio
070101002000490,070101,CALLAO,002,049,38,146,3,medio
070101002000450,070101,CALLAO,002,045,50,195,3,medio
070101002000330,070101,CALLAO,002,033,32,127,3,medio
070101002000460,070101,CALLAO,002,046,34,151,3,medio
070101002000390,070101,CALLAO,002,039,36,172,3,medio
07010100200051A,070101,CALLAO,002,051,39,158,3,medio
070101002000480,070101,CALLAO,002,048,24,114,3,medio
070101002000340,070101,CALLAO,002,034,40,140,3,medio
070101002000540,070101,CALLAO,002,054,11,54,3,medio
070101027000220,070101,CALLAO,027,022,50,189,2,medio bajo
070101027000470,070101,CALLAO,027,047,50,189,2,medio bajo
070101027000560,070101,CALLAO,027,056,41,185,2,medio bajo
070101027000590,070101,CALLAO,027,059,54,236,2,medio bajo
070101026000080,070101,CALLAO,026,008,56,174,2,medio bajo
070101028000130,070101,CALLAO,028,013,32,148,2,medio bajo
070101028000220,070101,CALLAO,028,022,76,272,2,medio bajo
070101028000150,070101,CALLAO,028,015,65,234,2,medio bajo
070101028000200,070101,CALLAO,028,020,73,326,2,medio bajo
070101024000260,070101,CALLAO,024,026,24,65,4,medio alto
070101022000390,070101,CALLAO,022,039,61,176,4,medio alto
070101028000160,070101,CALLAO,028,016,45,173,2,medio bajo
070101024000340,070101,CALLAO,024,034,25,85,4,medio alto
070101021000140,070101,CALLAO,021,014,38,126,5,alto
070101022000380,070101,CALLAO,022,038,90,301,4,medio alto
070101021000180,070101,CALLAO,021,018,33,102,5,alto
070101023000330,070101,CALLAO,023,033,47,164,4,medio alto
070101021000020,070101,CALLAO,021,002,35,129,4,medio alto
070101021000030,070101,CALLAO,021,003,35,134,4,medio alto
070101021000040,070101,CALLAO,021,004,1,9,5,alto
070101021000390,070101,CALLAO,021,039,56,174,5,alto
070101021000150,070101,CALLAO,021,015,35,112,5,alto
070101024000270,070101,CALLAO,024,027,34,143,4,medio alto
070101021000170,070101,CALLAO,021,017,33,102,5,alto
070101021000160,070101,CALLAO,021,016,35,107,5,alto
070101021000190,070101,CALLAO,021,019,25,85,5,alto
070101002000100,070101,CALLAO,002,010,37,133,3,medio
070101002000280,070101,CALLAO,002,028,33,132,3,medio
070101028000190,070101,CALLAO,028,019,38,175,2,medio bajo
070101021000200,070101,CALLAO,021,020,30,106,5,alto
070101027000390,070101,CALLAO,027,039,45,209,2,medio bajo
070101022000530,070101,CALLAO,022,053,46,173,4,medio alto
070101022000550,070101,CALLAO,022,055,16,43,4,medio alto
070101027000280,070101,CALLAO,027,028,43,155,2,medio bajo
070101027000270,070101,CALLAO,027,027,32,131,2,medio bajo
070101027000400,070101,CALLAO,027,040,43,152,2,medio bajo
070101028000310,070101,CALLAO,028,031,72,249,4,medio alto
070101025000410,070101,CALLAO,025,041,37,191,2,medio bajo
070101022000430,070101,CALLAO,022,043,80,285,4,medio alto
070101023000300,070101,CALLAO,023,030,41,182,4,medio alto
070101028000230,070101,CALLAO,028,023,7,22,4,medio alto
070101024000330,070101,CALLAO,024,033,27,114,4,medio alto
070101028000320,070101,CALLAO,028,032,65,266,4,medio alto
070101023000290,070101,CALLAO,023,029,22,79,4,medio alto
070101025000110,070101,CALLAO,025,011,31,120,2,medio bajo
070101025000080,070101,CALLAO,025,008,56,268,2,medio bajo
070101025000300,070101,CALLAO,025,030,27,98,2,medio bajo
070101026000130,070101,CALLAO,026,013,54,188,2,medio bajo
070101027000500,070101,CALLAO,027,050,44,175,2,medio bajo
070101025000100,070101,CALLAO,025,010,27,97,2,medio bajo
070101021000130,070101,CALLAO,021,013,30,87,5,alto
070101027000480,070101,CALLAO,027,048,38,160,2,medio bajo
070101023000280,070101,CALLAO,023,028,13,50,4,medio alto
070101027000490,070101,CALLAO,027,049,52,198,2,medio bajo
070101025000310,070101,CALLAO,025,031,30,118,2,medio bajo
070101021000520,070101,CALLAO,021,052,31,101,5,alto
070101027000510,070101,CALLAO,027,051,16,50,2,medio bajo
070101022000470,070101,CALLAO,022,047,105,366,4,medio alto
070101022000480,070101,CALLAO,022,048,57,187,4,medio alto
070101024000350,070101,CALLAO,024,035,11,34,4,medio alto
070101024000360,070101,CALLAO,024,036,18,64,4,medio alto
070101021000510,070101,CALLAO,021,051,30,100,5,alto
070101022000420,070101,CALLAO,022,042,38,129,4,medio alto
070101028000390,070101,CALLAO,028,039,68,208,4,medio alto
070101028000400,070101,CALLAO,028,040,71,291,4,medio alto
070101002000370,070101,CALLAO,002,037,10,46,3,medio
070101002000520,070101,CALLAO,002,052,19,88,3,medio
07010100200002A,070101,CALLAO,002,002,9,32,3,medio
070101002000270,070101,CALLAO,002,027,33,132,3,medio
070101002000530,070101,CALLAO,002,053,40,143,3,medio
070101002000470,070101,CALLAO,002,047,34,149,3,medio
070101002000550,070101,CALLAO,002,055,9,28,3,medio
070101028000120,070101,CALLAO,028,012,61,227,2,medio bajo
070101028000470,070101,CALLAO,028,047,47,147,4,medio alto
070101028000440,070101,CALLAO,028,044,78,275,4,medio alto
070101028000290,070101,CALLAO,028,029,102,359,4,medio alto
070101028000280,070101,CALLAO,028,028,33,122,4,medio alto
070101028000410,070101,CALLAO,028,041,64,240,4,medio alto
070101021000360,070101,CALLAO,021,036,1,1,5,alto
070101021000580,070101,CALLAO,021,058,31,96,5,alto
070101028000430,070101,CALLAO,028,043,31,122,4,medio alto
070101028000300,070101,CALLAO,028,030,118,453,4,medio alto
070101028000420,070101,CALLAO,028,042,64,245,4,medio alto
070101028000460,070101,CALLAO,028,046,38,165,4,medio alto
070101001000420,070101,CALLAO,001,042,33,145,3,medio
070101028000450,070101,CALLAO,028,045,67,246,4,medio alto
070101021000550,070101,CALLAO,021,055,31,98,5,alto
070101021000560,070101,CALLAO,021,056,36,115,5,alto
070101028000490,070101,CALLAO,028,049,80,288,4,medio alto
070101021000570,070101,CALLAO,021,057,33,115,5,alto
070101021000530,070101,CALLAO,021,053,29,109,5,alto
070101001000460,070101,CALLAO,001,046,32,124,3,medio
070101001000010,070101,CALLAO,001,001,115,308,3,medio
070101001000470,070101,CALLAO,001,047,24,93,3,medio
070101021000250,070101,CALLAO,021,025,62,218,5,alto
070101021000050,070101,CALLAO,021,005,66,207,5,alto
070101021000210,070101,CALLAO,021,021,43,151,5,alto
070101021000280,070101,CALLAO,021,028,43,159,5,alto
070101021000540,070101,CALLAO,021,054,29,85,5,alto
070101021000270,070101,CALLAO,021,027,68,217,5,alto
070101001000050,070101,CALLAO,001,005,31,120,3,medio
070101021000220,070101,CALLAO,021,022,3,9,5,alto
070101021000230,070101,CALLAO,021,023,26,104,5,alto
070101001000390,070101,CALLAO,001,039,42,168,3,medio
070101021000240,070101,CALLAO,021,024,76,274,5,alto
070101021000110,070101,CALLAO,021,011,26,94,5,alto
07010100100013A,070101,CALLAO,001,013,14,63,3,medio
07010100100002A,070101,CALLAO,001,002,23,100,3,medio
070101021000100,070101,CALLAO,021,010,64,238,5,alto
070101021000010,070101,CALLAO,021,001,72,224,4,medio alto
070101022000400,070101,CALLAO,022,040,42,178,4,medio alto
070101022000410,070101,CALLAO,022,041,76,256,4,medio alto
070101023000310,070101,CALLAO,023,031,27,77,4,medio alto
070101002000360,070101,CALLAO,002,036,11,48,3,medio
07010100200030A,070101,CALLAO,002,030,8,29,3,medio
070101028000380,070101,CALLAO,028,038,96,343,4,medio alto
070101001000550,070101,CALLAO,001,055,31,120,3,medio
070101001000570,070101,CALLAO,001,057,35,143,3,medio
070101001000520,070101,CALLAO,001,052,13,63,3,medio
070101001000510,070101,CALLAO,001,051,31,122,3,medio
070101001000080,070101,CALLAO,001,008,21,94,3,medio
070101001000560,070101,CALLAO,001,056,33,121,3,medio
07010100100006A,070101,CALLAO,001,006,8,36,3,medio
070101001000090,070101,CALLAO,001,009,16,66,3,medio
070101001000100,070101,CALLAO,001,010,15,69,3,medio
07010100100054A,070101,CALLAO,001,054,40,135,3,medio
070101001000500,070101,CALLAO,001,050,50,187,3,medio
070101001000120,070101,CALLAO,001,012,7,33,3,medio
070101021000080,070101,CALLAO,021,008,71,238,5,alto
070101021000320,070101,CALLAO,021,032,57,198,5,alto
070101001000490,070101,CALLAO,001,049,14,82,3,medio
070101001000480,070101,CALLAO,001,048,7,31,3,medio
070101001000450,070101,CALLAO,001,045,39,164,3,medio
070101021000310,070101,CALLAO,021,031,50,174,5,alto
070101001000110,070101,CALLAO,001,011,10,41,3,medio
070101021000070,070101,CALLAO,021,007,90,312,5,alto
070101001000590,070101,CALLAO,001,059,16,63,3,medio
070101021000290,070101,CALLAO,021,029,89,318,5,alto
070101021000300,070101,CALLAO,021,030,39,128,5,alto
070101028000500,070101,CALLAO,028,050,42,141,4,medio alto
070101001000400,070101,CALLAO,001,040,14,60,3,medio
070101026000280,070101,CALLAO,026,028,28,111,2,medio bajo
070101001000350,070101,CALLAO,001,035,46,128,3,medio
070101026000120,070101,CALLAO,026,012,107,393,2,medio bajo
070101026000140,070101,CALLAO,026,014,68,282,2,medio bajo
070101001000360,070101,CALLAO,001,036,31,126,3,medio
070101026000180,070101,CALLAO,026,018,59,230,2,medio bajo
070101026000190,070101,CALLAO,026,019,57,283,2,medio bajo
070101021000350,070101,CALLAO,021,035,54,186,5,alto
070101026000290,070101,CALLAO,026,029,31,103,2,medio bajo
070101026000260,070101,CALLAO,026,026,71,317,2,medio bajo
070101028000480,070101,CALLAO,028,048,88,303,4,medio alto
070101001000030,070101,CALLAO,001,003,16,51,3,medio
070101001000260,070101,CALLAO,001,026,29,120,3,medio
070101001000330,070101,CALLAO,001,033,40,143,3,medio
070101001000310,070101,CALLAO,001,031,36,128,3,medio
070101001000300,070101,CALLAO,001,030,40,154,3,medio
070101001000320,070101,CALLAO,001,032,29,109,3,medio
070101001000290,070101,CALLAO,001,029,15,38,3,medio
070101001000040,070101,CALLAO,001,004,11,47,3,medio
070101028000530,070101,CALLAO,028,053,1,1,4,medio alto
070101021000400,070101,CALLAO,021,040,58,185,5,alto
070101021000410,070101,CALLAO,021,041,62,209,5,alto
070101021000370,070101,CALLAO,021,037,66,201,5,alto
070101026000150,070101,CALLAO,026,015,32,115,2,medio bajo
070101021000380,070101,CALLAO,021,038,59,181,5,alto
070101021000500,070101,CALLAO,021,050,28,86,5,alto
070101021000460,070101,CALLAO,021,046,64,239,5,alto
070101021000490,070101,CALLAO,021,049,62,203,5,alto
070101021000590,070101,CALLAO,021,059,31,107,5,alto
070101021000470,070101,CALLAO,021,047,63,205,5,alto
070101028000550,070101,CALLAO,028,055,50,164,4,medio alto
070101021000440,070101,CALLAO,021,044,64,230,5,alto
070101026000170,070101,CALLAO,026,017,13,54,2,medio bajo
070101028000580,070101,CALLAO,028,058,1,6,4,medio alto
070101026000160,070101,CALLAO,026,016,1,1,2,medio bajo
070101028000570,070101,CALLAO,028,057,74,307,4,medio alto
070101028000590,070101,CALLAO,028,059,84,268,4,medio alto
070101026000200,070101,CALLAO,026,020,27,115,2,medio bajo
070101021000120,070101,CALLAO,021,012,24,87,5,alto
070101001000380,070101,CALLAO,001,038,38,119,3,medio
070101001000340,070101,CALLAO,001,034,33,111,3,medio
070101021000340,070101,CALLAO,021,034,62,220,5,alto
070101021000430,070101,CALLAO,021,043,65,278,5,alto
070101001000410,070101,CALLAO,001,041,50,180,3,medio
070101001000430,070101,CALLAO,001,043,42,189,3,medio
070101001000250,070101,CALLAO,001,025,30,106,3,medio
070101001000200,070101,CALLAO,001,020,6,17,3,medio
070101001000240,070101,CALLAO,001,024,56,203,3,medio
070101001000600,070101,CALLAO,001,060,11,51,3,medio
070101028000510,070101,CALLAO,028,051,1,1,4,medio alto
070101001000190,070101,CALLAO,001,019,21,84,3,medio
070101003000330,070101,CALLAO,003,033,21,93,3,medio
070101001000220,070101,CALLAO,001,022,27,86,3,medio
070101003000320,070101,CALLAO,003,032,18,74,3,medio
07010100300057B,070101,CALLAO,003,057,1,1,3,medio
070101003000380,070101,CALLAO,003,038,5,24,3,medio
070101001000230,070101,CALLAO,001,023,25,98,3,medio
070101001000210,070101,CALLAO,001,021,10,47,3,medio
070101003000560,070101,CALLAO,003,056,3,8,3,medio
070101001000180,070101,CALLAO,001,018,5,14,3,medio
070101001000280,070101,CALLAO,001,028,12,28,3,medio
070101003000220,070101,CALLAO,003,022,37,166,3,medio
070101003000180,070101,CALLAO,003,018,35,130,3,medio
070101003000210,070101,CALLAO,003,021,30,124,3,medio
070101003000040,070101,CALLAO,003,004,24,89,3,medio
070101003000160,070101,CALLAO,003,016,16,60,3,medio
070101003000150,070101,CALLAO,003,015,12,45,3,medio
070101003000170,070101,CALLAO,003,017,29,115,3,medio
070101003000400,070101,CALLAO,003,040,27,121,3,medio
070101003000190,070101,CALLAO,003,019,29,104,3,medio
07010100300052A,070101,CALLAO,003,052,2,2,3,medio
070101003000370,070101,CALLAO,003,037,24,115,3,medio
070101003000050,070101,CALLAO,003,005,23,80,3,medio
070101003000200,070101,CALLAO,003,020,37,163,3,medio
070101003000390,070101,CALLAO,003,039,31,118,3,medio
070101003000310,070101,CALLAO,003,031,23,89,3,medio
070101003000030,070101,CALLAO,003,003,26,110,3,medio
070101003000360,070101,CALLAO,003,036,24,87,3,medio
070101003000410,070101,CALLAO,003,041,30,110,3,medio
070101003000300,070101,CALLAO,003,030,42,167,3,medio
070101003000350,070101,CALLAO,003,035,31,117,3,medio
070101001000270,070101,CALLAO,001,027,26,99,3,medio
070101001000440,070101,CALLAO,001,044,36,163,3,medio
070101001000020,070101,CALLAO,001,002,27,105,3,medio
070101026000230,070101,CALLAO,026,023,33,100,2,medio bajo
070101026000210,070101,CALLAO,026,021,42,173,2,medio bajo
070101003000290,070101,CALLAO,003,029,31,128,3,medio
070101026000240,070101,CALLAO,026,024,47,190,2,medio bajo
070101003000280,070101,CALLAO,003,028,20,102,3,medio
070101003000250,070101,CALLAO,003,025,19,78,3,medio
070101003000270,070101,CALLAO,003,027,26,125,3,medio
070101003000260,070101,CALLAO,003,026,23,81,3,medio
070101003000110,070101,CALLAO,003,011,26,115,3,medio
070101003000140,070101,CALLAO,003,014,21,101,3,medio
070101003000010,070101,CALLAO,003,001,12,42,3,medio
070101003000130,070101,CALLAO,003,013,19,80,3,medio
07010100300013A,070101,CALLAO,003,013,1,1,3,medio
070101003000060,070101,CALLAO,003,006,19,95,3,medio
070101003000070,070101,CALLAO,003,007,16,66,3,medio
070101003000090,070101,CALLAO,003,009,30,134,3,medio
070101003000080,070101,CALLAO,003,008,34,131,3,medio
070101003000240,070101,CALLAO,003,024,16,71,3,medio
070101003000120,070101,CALLAO,003,012,23,97,3,medio
070101003000100,070101,CALLAO,003,010,14,69,3,medio
070101003000020,070101,CALLAO,003,002,6,31,3,medio
070101003000230,070101,CALLAO,003,023,47,150,3,medio
070101044000310,070101,CALLAO,044,031,94,301,3,medio
070101027000380,070101,CALLAO,027,038,26,126,2,medio bajo
070101027000350,070101,CALLAO,027,035,54,173,2,medio bajo
07010100400012H,070101,CALLAO,004,012,57,194,3,medio
07010105100033B,070101,CALLAO,051,033,375,1300,3,medio
070101027000530,070101,CALLAO,027,053,59,240,2,medio bajo
070101027000360,070101,CALLAO,027,036,49,191,2,medio bajo
070101027000520,070101,CALLAO,027,052,53,217,2,medio bajo
070101014000510,070101,CALLAO,014,051,30,110,3,medio
07010100400004C,070101,CALLAO,004,004,17,59,3,medio
07010101400052N,070101,CALLAO,014,052,22,75,3,medio
07010102700054A,070101,CALLAO,027,054,44,153,2,medio bajo
070101027000300,070101,CALLAO,027,030,52,199,2,medio bajo
070101027000320,070101,CALLAO,027,032,37,133,2,medio bajo
070101025000130,070101,CALLAO,025,013,43,157,2,medio bajo
070101027000310,070101,CALLAO,027,031,57,236,2,medio bajo
070101025000290,070101,CALLAO,025,029,41,153,2,medio bajo
070101033000470,070101,CALLAO,033,047,41,166,3,medio
07010102600032A,070101,CALLAO,026,032,45,166,2,medio bajo
070101047000220,070101,CALLAO,047,022,26,82,4,medio alto
070101047000030,070101,CALLAO,047,003,18,84,4,medio alto
070101047000260,070101,CALLAO,047,026,15,61,4,medio alto
070101047000010,070101,CALLAO,047,001,24,90,4,medio alto
070101047000050,070101,CALLAO,047,005,31,121,4,medio alto
070101025000150,070101,CALLAO,025,015,26,109,2,medio bajo
070101047000020,070101,CALLAO,047,002,18,69,4,medio alto
070101047000240,070101,CALLAO,047,024,19,65,4,medio alto
070101047000200,070101,CALLAO,047,020,28,99,4,medio alto
070101047000070,070101,CALLAO,047,007,34,142,4,medio alto
070101047000080,070101,CALLAO,047,008,24,79,4,medio alto
070101047000090,070101,CALLAO,047,009,32,128,4,medio alto
070101047000210,070101,CALLAO,047,021,24,77,4,medio alto
070101047000060,070101,CALLAO,047,006,34,130,4,medio alto
070101047000270,070101,CALLAO,047,027,19,80,4,medio alto
070101047000230,070101,CALLAO,047,023,17,85,4,medio alto
070101047000250,070101,CALLAO,047,025,15,66,4,medio alto
070101047000280,070101,CALLAO,047,028,34,126,4,medio alto
070101026000250,070101,CALLAO,026,025,34,150,2,medio bajo
070101003000340,070101,CALLAO,003,034,38,165,3,medio
070101047000180,070101,CALLAO,047,018,32,150,4,medio alto
070101047000500,070101,CALLAO,047,050,52,175,4,medio alto
070101047000100,070101,CALLAO,047,010,42,152,4,medio alto
070101047000310,070101,CALLAO,047,031,19,69,4,medio alto
070101047000450,070101,CALLAO,047,045,44,147,4,medio alto
070101047000510,070101,CALLAO,047,051,20,63,4,medio alto
070101047000320,070101,CALLAO,047,032,18,74,4,medio alto
070101047000410,070101,CALLAO,047,041,26,86,4,medio alto
070101047000420,070101,CALLAO,047,042,26,110,4,medio alto
070101047000290,070101,CALLAO,047,029,17,68,4,medio alto
070101047000300,070101,CALLAO,047,030,18,56,4,medio alto
07010104700012A,070101,CALLAO,047,012,21,82,4,medio alto
070101047000350,070101,CALLAO,047,035,16,76,4,medio alto
070101047000360,070101,CALLAO,047,036,17,76,4,medio alto
070101047000330,070101,CALLAO,047,033,18,64,4,medio alto
070101047000340,070101,CALLAO,047,034,19,67,4,medio alto
070101027000550,070101,CALLAO,027,055,46,142,2,medio bajo
070101051000010,070101,CALLAO,051,001,80,256,5,alto
070101027000290,070101,CALLAO,027,029,61,191,2,medio bajo
070101027000330,070101,CALLAO,027,033,37,155,2,medio bajo
070101048000580,070101,CALLAO,048,058,48,239,4,medio alto
070101047000430,070101,CALLAO,047,043,50,187,4,medio alto
070101047000470,070101,CALLAO,047,047,43,180,4,medio alto
070101047000480,070101,CALLAO,047,048,46,191,4,medio alto
070101047000400,070101,CALLAO,047,040,47,172,4,medio alto
070101026000470,070101,CALLAO,026,047,43,154,2,medio bajo
070101047000580,070101,CALLAO,047,058,35,113,4,medio alto
070101022000580,070101,CALLAO,022,058,84,278,4,medio alto
070101047000600,070101,CALLAO,047,060,29,104,4,medio alto
070101026000550,070101,CALLAO,026,055,27,106,2,medio bajo
07010104700055A,070101,CALLAO,047,055,38,124,4,medio alto
07010102600031A,070101,CALLAO,026,031,10,34,2,medio bajo
070101023000410,070101,CALLAO,023,041,10,51,4,medio alto
070101023000510,070101,CALLAO,023,051,42,150,4,medio alto
070101047000590,070101,CALLAO,047,059,33,114,4,medio alto
070101026000440,070101,CALLAO,026,044,33,123,2,medio bajo
070101047000440,070101,CALLAO,047,044,49,160,4,medio alto
070101026000530,070101,CALLAO,026,053,73,252,2,medio bajo
070101026000600,070101,CALLAO,026,060,56,213,2,medio bajo
070101026000510,070101,CALLAO,026,051,49,222,2,medio bajo
070101026000610,070101,CALLAO,026,061,15,46,2,medio bajo
070101026000520,070101,CALLAO,026,052,40,172,2,medio bajo
070101022000490,070101,CALLAO,022,049,93,326,4,medio alto
070101023000490,070101,CALLAO,023,049,65,206,4,medio alto
070101026000590,070101,CALLAO,026,059,87,321,2,medio bajo
070101022000520,070101,CALLAO,022,052,119,402,4,medio alto
070101023000530,070101,CALLAO,023,053,29,100,4,medio alto
070101023000480,070101,CALLAO,023,048,38,107,4,medio alto
070101023000440,070101,CALLAO,023,044,17,58,4,medio alto
070101023000570,070101,CALLAO,023,057,30,102,4,medio alto
070101022000510,070101,CALLAO,022,051,36,136,4,medio alto
070101025000170,070101,CALLAO,025,017,41,170,2,medio bajo
070101023000500,070101,CALLAO,023,050,27,93,4,medio alto
070101025000240,070101,CALLAO,025,024,32,115,2,medio bajo
070101023000420,070101,CALLAO,023,042,32,87,4,medio alto
070101026000560,070101,CALLAO,026,056,99,391,2,medio bajo
070101023000470,070101,CALLAO,023,047,52,172,4,medio alto
070101023000560,070101,CALLAO,023,056,21,114,4,medio alto
070101025000180,070101,CALLAO,025,018,42,161,2,medio bajo
070101023000430,070101,CALLAO,023,043,12,40,4,medio alto
070101025000200,070101,CALLAO,025,020,51,185,2,medio bajo
070101024000370,070101,CALLAO,024,037,50,161,4,medio alto
070101023000520,070101,CALLAO,023,052,24,66,4,medio alto
070101025000230,070101,CALLAO,025,023,45,149,2,medio bajo
070101025000160,070101,CALLAO,025,016,42,159,2,medio bajo
070101025000190,070101,CALLAO,025,019,81,338,2,medio bajo
070101025000210,070101,CALLAO,025,021,57,241,2,medio bajo
070101047000190,070101,CALLAO,047,019,30,136,4,medio alto
07010104700017A,070101,CALLAO,047,017,26,105,4,medio alto
070101047000110,070101,CALLAO,047,011,26,113,4,medio alto
070101047000150,070101,CALLAO,047,015,21,81,4,medio alto
070101026000330,070101,CALLAO,026,033,69,265,2,medio bajo
070101024000390,070101,CALLAO,024,039,24,77,4,medio alto
070101026000580,070101,CALLAO,026,058,99,378,2,medio bajo
070101017000150,070101,CALLAO,017,015,50,174,4,medio alto
070101018000110,070101,CALLAO,018,011,55,192,4,medio alto
070101017000430,070101,CALLAO,017,043,64,222,4,medio alto
070101017000140,070101,CALLAO,017,014,46,186,4,medio alto
07010102400047A,070101,CALLAO,024,047,38,140,4,medio alto
070101017000290,070101,CALLAO,017,029,66,203,4,medio alto
070101017000250,070101,CALLAO,017,025,53,183,4,medio alto
070101024000380,070101,CALLAO,024,038,48,171,4,medio alto
070101024000430,070101,CALLAO,024,043,26,101,4,medio alto
070101024000450,070101,CALLAO,024,045,39,158,4,medio alto
070101026000570,070101,CALLAO,026,057,82,291,2,medio bajo
070101024000210,070101,CALLAO,024,021,53,156,4,medio alto
070101017000130,070101,CALLAO,017,013,71,237,4,medio alto
070101024000230,070101,CALLAO,024,023,6,12,4,medio alto
070101024000290,070101,CALLAO,024,029,23,86,4,medio alto
070101046000040,070101,CALLAO,046,004,21,63,4,medio alto
070101024000420,070101,CALLAO,024,042,49,198,4,medio alto
070101018000010,070101,CALLAO,018,001,62,267,4,medio alto
070101024000440,070101,CALLAO,024,044,26,104,4,medio alto
070101018000120,070101,CALLAO,018,012,38,114,4,medio alto
070101017000160,070101,CALLAO,017,016,27,111,4,medio alto
070101024000280,070101,CALLAO,024,028,19,57,4,medio alto
07010101800009A,070101,CALLAO,018,009,56,238,4,medio alto
070101024000220,070101,CALLAO,024,022,48,165,4,medio alto
070101018000130,070101,CALLAO,018,013,46,134,4,medio alto
070101024000460,070101,CALLAO,024,046,26,91,4,medio alto
070101018000140,070101,CALLAO,018,014,42,149,4,medio alto
070101018000020,070101,CALLAO,018,002,69,289,4,medio alto
070101018000030,070101,CALLAO,018,003,13,47,4,medio alto
07010102400047B,070101,CALLAO,024,047,25,92,4,medio alto
070101047000460,070101,CALLAO,047,046,45,194,4,medio alto
070101026000540,070101,CALLAO,026,054,48,195,2,medio bajo
070101024000500,070101,CALLAO,024,050,26,92,4,medio alto
070101017000490,070101,CALLAO,017,049,9,37,4,medio alto
070101017000520,070101,CALLAO,017,052,49,192,4,medio alto
070101017000300,070101,CALLAO,017,030,46,147,4,medio alto
070101024000540,070101,CALLAO,024,054,54,170,4,medio alto
070101025000270,070101,CALLAO,025,027,41,186,2,medio bajo
070101024000550,070101,CALLAO,024,055,90,304,4,medio alto
070101017000440,070101,CALLAO,017,044,56,197,4,medio alto
070101024000510,070101,CALLAO,024,051,26,108,4,medio alto
070101018000160,070101,CALLAO,018,016,73,231,4,medio alto
070101017000010,070101,CALLAO,017,001,80,282,4,medio alto
070101017000030,070101,CALLAO,017,003,54,182,4,medio alto
070101024000490,070101,CALLAO,024,049,16,65,4,medio alto
070101017000090,070101,CALLAO,017,009,78,254,4,medio alto
070101017000540,070101,CALLAO,017,054,58,183,4,medio alto
070101024000560,070101,CALLAO,024,056,41,139,4,medio alto
070101017000050,070101,CALLAO,017,005,67,282,4,medio alto
070101025000260,070101,CALLAO,025,026,43,172,2,medio bajo
070101017000040,070101,CALLAO,017,004,17,64,4,medio alto
070101017000470,070101,CALLAO,017,047,63,208,4,medio alto
070101017000530,070101,CALLAO,017,053,66,257,4,medio alto
070101017000020,070101,CALLAO,017,002,48,179,4,medio alto
070101025000250,070101,CALLAO,025,025,8,30,2,medio bajo
070101018000170,070101,CALLAO,018,017,44,161,4,medio alto
070101017000060,070101,CALLAO,017,006,23,61,4,medio alto
070101017000100,070101,CALLAO,017,010,56,199,4,medio alto
070101017000120,070101,CALLAO,017,012,32,116,4,medio alto
070101017000080,070101,CALLAO,017,008,59,174,4,medio alto
070101017000070,070101,CALLAO,017,007,19,81,4,medio alto
070101017000110,070101,CALLAO,017,011,75,221,4,medio alto
070101026000450,070101,CALLAO,026,045,37,145,2,medio bajo
07010104700054A,070101,CALLAO,047,054,36,142,4,medio alto
070101026000460,070101,CALLAO,026,046,31,127,2,medio bajo
070101018000040,070101,CALLAO,018,004,21,91,4,medio alto
070101023000540,070101,CALLAO,023,054,23,83,4,medio alto
070101017000210,070101,CALLAO,017,021,10,36,4,medio alto
070101023000550,070101,CALLAO,023,055,80,310,4,medio alto
070101047000490,070101,CALLAO,047,049,35,124,4,medio alto
070101025000500,070101,CALLAO,025,050,57,179,2,medio bajo
070101025000550,070101,CALLAO,025,055,23,92,2,medio bajo
07010102700021C,070101,CALLAO,027,021,32,109,2,medio bajo
070101020000050,070101,CALLAO,020,005,47,162,5,alto
070101025000530,070101,CALLAO,025,053,33,107,2,medio bajo
070101020000060,070101,CALLAO,020,006,44,158,5,alto
070101020000080,070101,CALLAO,020,008,60,203,5,alto
070101025000520,070101,CALLAO,025,052,74,252,2,medio bajo
070101025000490,070101,CALLAO,025,049,51,202,2,medio bajo
070101020000020,070101,CALLAO,020,002,41,153,5,alto
070101025000560,070101,CALLAO,025,056,45,145,2,medio bajo
070101025000510,070101,CALLAO,025,051,58,241,2,medio bajo
070101020000010,070101,CALLAO,020,001,138,461,5,alto
070101020000070,070101,CALLAO,020,007,47,156,5,alto
070101025000540,070101,CALLAO,025,054,31,127,2,medio bajo
070101025000460,070101,CALLAO,025,046,32,125,2,medio bajo
070101020000040,070101,CALLAO,020,004,44,148,5,alto
070101024000480,070101,CALLAO,024,048,19,70,4,medio alto
070101018000050,070101,CALLAO,018,005,22,81,4,medio alto
070101017000180,070101,CALLAO,017,018,47,169,4,medio alto
070101018000060,070101,CALLAO,018,006,17,67,4,medio alto
070101017000240,070101,CALLAO,017,024,45,121,4,medio alto
070101020000190,070101,CALLAO,020,019,51,157,5,alto
070101020000200,070101,CALLAO,020,020,45,174,5,alto
070101020000090,070101,CALLAO,020,009,40,159,5,alto
070101017000480,070101,CALLAO,017,048,50,201,4,medio alto
070101024000520,070101,CALLAO,024,052,19,94,4,medio alto
07010102000017E,070101,CALLAO,020,017,15,49,5,alto
070101018000180,070101,CALLAO,018,018,68,248,4,medio alto
070101025000440,070101,CALLAO,025,044,14,49,2,medio bajo
070101017000310,070101,CALLAO,017,031,97,311,4,medio alto
070101017000320,070101,CALLAO,017,032,47,154,4,medio alto
070101018000480,070101,CALLAO,018,048,18,71,4,medio alto
070101018000510,070101,CALLAO,018,051,64,244,4,medio alto
070101018000300,070101,CALLAO,018,030,39,141,4,medio alto
070101020000250,070101,CALLAO,020,025,29,100,5,alto
070101018000070,070101,CALLAO,018,007,19,32,4,medio alto
070101025000450,070101,CALLAO,025,045,107,386,2,medio bajo
070101025000470,070101,CALLAO,025,047,4,9,2,medio bajo
07010102000017C,070101,CALLAO,020,017,10,31,5,alto
070101025000480,070101,CALLAO,025,048,20,90,2,medio bajo
070101020000280,070101,CALLAO,020,028,54,176,5,alto
070101020000270,070101,CALLAO,020,027,59,211,5,alto
070101020000290,070101,CALLAO,020,029,138,411,5,alto
070101018000320,070101,CALLAO,018,032,25,64,4,medio alto
070101020000260,070101,CALLAO,020,026,146,505,5,alto
07010101800023A,070101,CALLAO,018,023,69,268,4,medio alto
070101017000220,070101,CALLAO,017,022,73,255,4,medio alto
070101018000310,070101,CALLAO,018,031,39,171,4,medio alto
070101018000190,070101,CALLAO,018,019,78,271,4,medio alto
070101018000340,070101,CALLAO,018,034,66,255,4,medio alto
070101018000210,070101,CALLAO,018,021,58,199,4,medio alto
070101018000330,070101,CALLAO,018,033,84,301,4,medio alto
07010102000017B,070101,CALLAO,020,017,20,53,5,alto
070101020000150,070101,CALLAO,020,015,47,152,5,alto
070101018000220,070101,CALLAO,018,022,28,97,4,medio alto
070101018000270,070101,CALLAO,018,027,77,275,4,medio alto
070101018000260,070101,CALLAO,018,026,60,267,4,medio alto
070101017000510,070101,CALLAO,017,051,40,178,4,medio alto
070101015000580,070101,CALLAO,015,058,147,559,4,medio alto
070101017000230,070101,CALLAO,017,023,69,233,4,medio alto
070101017000190,070101,CALLAO,017,019,15,50,4,medio alto
070101017000460,070101,CALLAO,017,046,54,163,4,medio alto
070101017000500,070101,CALLAO,017,050,49,169,4,medio alto
070101018000350,070101,CALLAO,018,035,85,256,4,medio alto
070101018000360,070101,CALLAO,018,036,69,183,4,medio alto
070101020000030,070101,CALLAO,020,003,41,124,5,alto
070101020000210,070101,CALLAO,020,021,40,126,5,alto
070101020000230,070101,CALLAO,020,023,29,101,5,alto
070101018000280,070101,CALLAO,018,028,5,20,4,medio alto
070101020000100,070101,CALLAO,020,010,51,174,5,alto
070101020000490,070101,CALLAO,020,049,2,9,5,alto
070101020000120,070101,CALLAO,020,012,2,2,5,alto
070101020000540,070101,CALLAO,020,054,43,124,5,alto
070101020000520,070101,CALLAO,020,052,40,140,5,alto
070101020000580,070101,CALLAO,020,058,64,201,5,alto
070101020000160,070101,CALLAO,020,016,49,173,5,alto
070101020000110,070101,CALLAO,020,011,55,172,5,alto
070101020000530,070101,CALLAO,020,053,41,141,5,alto
070101020000500,070101,CALLAO,020,050,39,131,5,alto
070101020000550,070101,CALLAO,020,055,30,105,5,alto
070101020000130,070101,CALLAO,020,013,54,168,5,alto
070101020000480,070101,CALLAO,020,048,1,1,5,alto
070101020000510,070101,CALLAO,020,051,34,125,5,alto
070101018000250,070101,CALLAO,018,025,40,241,4,medio alto
070101020000560,070101,CALLAO,020,056,37,125,5,alto
070101018000380,070101,CALLAO,018,038,28,84,4,medio alto
070101018000420,070101,CALLAO,018,042,49,188,4,medio alto
070101018000390,070101,CALLAO,018,039,70,232,4,medio alto
070101018000410,070101,CALLAO,018,041,36,116,4,medio alto
070101018000440,070101,CALLAO,018,044,83,312,4,medio alto
070101020000240,070101,CALLAO,020,024,38,135,5,alto
070101020000410,070101,CALLAO,020,041,149,490,5,alto
070101020000430,070101,CALLAO,020,043,56,187,5,alto
070101017000360,070101,CALLAO,017,036,30,140,4,medio alto
070101015000390,070101,CALLAO,015,039,70,296,3,medio
070101020000440,070101,CALLAO,020,044,140,426,5,alto
070101020000350,070101,CALLAO,020,035,40,120,5,alto
070101017000280,070101,CALLAO,017,028,46,129,4,medio alto
070101020000420,070101,CALLAO,020,042,51,188,5,alto
070101020000360,070101,CALLAO,020,036,69,223,5,alto
070101017000340,070101,CALLAO,017,034,62,196,4,medio alto
070101020000390,070101,CALLAO,020,039,55,156,5,alto
070101015000360,070101,CALLAO,015,036,54,219,3,medio
070101020000380,070101,CALLAO,020,038,29,90,5,alto
070101015000370,070101,CALLAO,015,037,60,248,3,medio
070101017000380,070101,CALLAO,017,038,55,224,4,medio alto
070101017000400,070101,CALLAO,017,040,46,162,4,medio alto
070101017000370,070101,CALLAO,017,037,63,234,4,medio alto
070101017000390,070101,CALLAO,017,039,26,105,4,medio alto
070101020000320,070101,CALLAO,020,032,64,199,5,alto
07010102000046A,070101,CALLAO,020,046,1,1,5,alto
070101030000020,070101,CALLAO,030,002,55,223,3,medio
070101020000310,070101,CALLAO,020,031,40,159,5,alto
070101030000070,070101,CALLAO,030,007,69,253,3,medio
070101030000050,070101,CALLAO,030,005,86,398,3,medio
070101031000020,070101,CALLAO,031,002,23,72,3,medio
070101030000040,070101,CALLAO,030,004,58,274,3,medio
070101030000010,070101,CALLAO,030,001,64,237,3,medio
070101030000060,070101,CALLAO,030,006,59,235,3,medio
070101020000140,070101,CALLAO,020,014,1,1,5,alto
070101030000090,070101,CALLAO,030,009,37,166,3,medio
070101030000110,070101,CALLAO,030,011,22,97,3,medio
070101030000100,070101,CALLAO,030,010,98,356,3,medio
070101017000570,070101,CALLAO,017,057,44,156,4,medio alto
070101017000560,070101,CALLAO,017,056,99,304,4,medio alto
070101018000530,070101,CALLAO,018,053,48,176,4,medio alto
070101015000400,070101,CALLAO,015,040,45,174,3,medio
070101017000580,070101,CALLAO,017,058,62,228,4,medio alto
070101018000540,070101,CALLAO,018,054,41,158,4,medio alto
070101018000450,070101,CALLAO,018,045,46,194,4,medio alto
070101017000410,070101,CALLAO,017,041,68,249,4,medio alto
070101015000350,070101,CALLAO,015,035,61,238,3,medio
070101018000520,070101,CALLAO,018,052,29,98,4,medio alto
070101017000590,070101,CALLAO,017,059,62,196,4,medio alto
070101018000500,070101,CALLAO,018,050,56,223,4,medio alto
070101018000580,070101,CALLAO,018,058,49,177,4,medio alto
070101018000550,070101,CALLAO,018,055,66,220,4,medio alto
070101015000330,070101,CALLAO,015,033,27,99,2,medio bajo
070101018000560,070101,CALLAO,018,056,36,136,4,medio alto
070101018000570,070101,CALLAO,018,057,9,46,4,medio alto
070101018000430,070101,CALLAO,018,043,31,108,4,medio alto
070101015000340,070101,CALLAO,015,034,39,175,2,medio bajo
070101017000270,070101,CALLAO,017,027,35,123,4,medio alto
070101020000340,070101,CALLAO,020,034,26,70,5,alto
070101017000350,070101,CALLAO,017,035,15,59,4,medio alto
070101020000330,070101,CALLAO,020,033,50,168,5,alto
070101017000550,070101,CALLAO,017,055,55,159,4,medio alto
070101018000590,070101,CALLAO,018,059,44,181,4,medio alto
07010101500028K,070101,CALLAO,015,028,33,123,1,bajo
070101015000600,070101,CALLAO,015,060,83,312,4,medio alto
070101015000310,070101,CALLAO,015,031,13,52,2,medio bajo
07010101500028J,070101,CALLAO,015,028,21,98,1,bajo
07010101500028L,070101,CALLAO,015,028,16,61,1,bajo
070101015000590,070101,CALLAO,015,059,101,368,4,medio alto
07010101500029A,070101,CALLAO,015,029,32,95,1,bajo
070101015000510,070101,CALLAO,015,051,125,422,4,medio alto
07010101500061D,070101,CALLAO,015,061,18,72,2,medio bajo
070101015000520,070101,CALLAO,015,052,120,393,4,medio alto
07010101500029B,070101,CALLAO,015,029,24,79,1,bajo
070101015000320,070101,CALLAO,015,032,15,63,2,medio bajo
07010101500063A,070101,CALLAO,015,063,18,88,1,bajo
070101015000550,070101,CALLAO,015,055,127,452,4,medio alto
070102001000380,070102,BELLAVISTA,001,038,18,71,4,medio alto
070102001000400,070102,BELLAVISTA,001,040,22,92,4,medio alto
070102001000460,070102,BELLAVISTA,001,046,14,54,4,medio alto
070102001000480,070102,BELLAVISTA,001,048,50,163,3,medio
070102001000470,070102,BELLAVISTA,001,047,15,51,4,medio alto
070102001000420,070102,BELLAVISTA,001,042,59,206,4,medio alto
070102001000450,070102,BELLAVISTA,001,045,91,359,3,medio
070102001000440,070102,BELLAVISTA,001,044,48,187,3,medio
070102001000320,070102,BELLAVISTA,001,032,90,302,3,medio
070102001000430,070102,BELLAVISTA,001,043,92,330,3,medio
070102001000330,070102,BELLAVISTA,001,033,112,405,3,medio
07010200100027A,070102,BELLAVISTA,001,027,15,46,4,medio alto
070102001000140,070102,BELLAVISTA,001,014,11,49,4,medio alto
070102001000020,070102,BELLAVISTA,001,002,13,47,4,medio alto
070102001000130,070102,BELLAVISTA,001,013,3,9,4,medio alto
070102001000150,070102,BELLAVISTA,001,015,42,119,4,medio alto
070102001000050,070102,BELLAVISTA,001,005,13,37,4,medio alto
070102001000120,070102,BELLAVISTA,001,012,31,104,4,medio alto
070102001000090,070102,BELLAVISTA,001,009,8,29,4,medio alto
070102001000070,070102,BELLAVISTA,001,007,53,153,4,medio alto
070102001000170,070102,BELLAVISTA,001,017,19,74,4,medio alto
070102001000160,070102,BELLAVISTA,001,016,75,257,4,medio alto
070102001000180,070102,BELLAVISTA,001,018,32,106,4,medio alto
070102001000110,070102,BELLAVISTA,001,011,34,104,4,medio alto
070102001000040,070102,BELLAVISTA,001,004,10,39,4,medio alto
070102001000200,070102,BELLAVISTA,001,020,169,555,4,medio alto
070102001000410,070102,BELLAVISTA,001,041,14,55,4,medio alto
070102001000010,070102,BELLAVISTA,001,001,72,189,4,medio alto
070102001000190,070102,BELLAVISTA,001,019,112,395,4,medio alto
070102001000310,070102,BELLAVISTA,001,031,58,197,3,medio
070102001000360,070102,BELLAVISTA,001,036,68,203,4,medio alto
070102001000300,070102,BELLAVISTA,001,030,31,65,3,medio
070102001000280,070102,BELLAVISTA,001,028,30,117,4,medio alto
070102001000290,070102,BELLAVISTA,001,029,38,159,3,medio
070102001000270,070102,BELLAVISTA,001,027,52,233,4,medio alto
070102001000220,070102,BELLAVISTA,001,022,14,54,4,medio alto
070102001000260,070102,BELLAVISTA,001,026,42,169,4,medio alto
070102001000250,070102,BELLAVISTA,001,025,102,351,4,medio alto
070102001000240,070102,BELLAVISTA,001,024,99,388,4,medio alto
070102001000340,070102,BELLAVISTA,001,034,25,100,4,medio alto
070102003000590,070102,BELLAVISTA,003,059,71,296,4,medio alto
070102003000070,070102,BELLAVISTA,003,007,44,169,5,alto
070102003000110,070102,BELLAVISTA,003,011,48,190,5,alto
070102003000090,070102,BELLAVISTA,003,009,76,238,5,alto
070102003000030,070102,BELLAVISTA,003,003,91,338,5,alto
070102003000120,070102,BELLAVISTA,003,012,41,156,5,alto
070102003000080,070102,BELLAVISTA,003,008,45,158,5,alto
070102003000060,070102,BELLAVISTA,003,006,55,217,5,alto
070102003000040,070102,BELLAVISTA,003,004,45,153,5,alto
070102003000020,070102,BELLAVISTA,003,002,137,496,5,alto
070102003000250,070102,BELLAVISTA,003,025,85,259,4,medio alto
070102003000310,070102,BELLAVISTA,003,031,74,289,4,medio alto
070102003000560,070102,BELLAVISTA,003,056,65,292,4,medio alto
070102003000290,070102,BELLAVISTA,003,029,80,352,4,medio alto
070102003000540,070102,BELLAVISTA,003,054,80,333,4,medio alto
070102003000570,070102,BELLAVISTA,003,057,69,244,4,medio alto
070102001000350,070102,BELLAVISTA,001,035,21,83,4,medio alto
070102001000370,070102,BELLAVISTA,001,037,9,43,4,medio alto
070102003000360,070102,BELLAVISTA,003,036,39,141,4,medio alto
070102003000340,070102,BELLAVISTA,003,034,24,89,4,medio alto
070102003000450,070102,BELLAVISTA,003,045,60,236,4,medio alto
070102003000430,070102,BELLAVISTA,003,043,65,238,4,medio alto
070102003000480,070102,BELLAVISTA,003,048,61,226,4,medio alto
070102003000350,070102,BELLAVISTA,003,035,39,156,4,medio alto
070102003000390,070102,BELLAVISTA,003,039,88,277,4,medio alto
070102003000420,070102,BELLAVISTA,003,042,97,368,4,medio alto
070102003000460,070102,BELLAVISTA,003,046,57,203,4,medio alto
070102003000100,070102,BELLAVISTA,003,010,45,185,5,alto
070102003000500,070102,BELLAVISTA,003,050,60,230,4,medio alto
070102003000200,070102,BELLAVISTA,003,020,52,175,5,alto
070102003000210,070102,BELLAVISTA,003,021,47,149,5,alto
070102003000510,070102,BELLAVISTA,003,051,73,290,4,medio alto
070102003000220,070102,BELLAVISTA,003,022,42,154,5,alto
070102003000260,070102,BELLAVISTA,003,026,88,337,4,medio alto
070102003000600,070102,BELLAVISTA,003,060,65,234,4,medio alto
070102003000240,070102,BELLAVISTA,003,024,50,161,4,medio alto
070102003000490,070102,BELLAVISTA,003,049,89,328,4,medio alto
070102003000230,070102,BELLAVISTA,003,023,68,266,5,alto
070102003000130,070102,BELLAVISTA,003,013,83,286,5,alto
070102003000160,070102,BELLAVISTA,003,016,67,231,5,alto
070102003000140,070102,BELLAVISTA,003,014,61,188,5,alto
070102003000180,070102,BELLAVISTA,003,018,50,193,5,alto
070102003000170,070102,BELLAVISTA,003,017,14,88,5,alto
070102004000300,070102,BELLAVISTA,004,030,84,366,4,medio alto
070102003000150,070102,BELLAVISTA,003,015,61,210,5,alto
070102004000070,070102,BELLAVISTA,004,007,21,71,5,alto
070102004000280,070102,BELLAVISTA,004,028,45,205,4,medio alto
070102003000470,070102,BELLAVISTA,003,047,1,8,4,medio alto
070102004000110,070102,BELLAVISTA,004,011,87,330,4,medio alto
070102004000340,070102,BELLAVISTA,004,034,30,105,4,medio alto
070102003000330,070102,BELLAVISTA,003,033,95,337,4,medio alto
070102004000320,070102,BELLAVISTA,004,032,56,198,4,medio alto
070102004000140,070102,BELLAVISTA,004,014,10,36,5,alto
070102004000150,070102,BELLAVISTA,004,015,11,37,5,alto
070102004000330,070102,BELLAVISTA,004,033,60,228,4,medio alto
070102004000050,070102,BELLAVISTA,004,005,30,103,5,alto
070102004000250,070102,BELLAVISTA,004,025,105,406,4,medio alto
070102004000370,070102,BELLAVISTA,004,037,41,148,4,medio alto
070102004000220,070102,BELLAVISTA,004,022,69,259,5,alto
070102004000380,070102,BELLAVISTA,004,038,1,1,4,medio alto
070102004000430,070102,BELLAVISTA,004,043,65,226,4,medio alto
070102004000230,070102,BELLAVISTA,004,023,82,304,5,alto
070102004000410,070102,BELLAVISTA,004,041,78,295,4,medio alto
070102004000460,070102,BELLAVISTA,004,046,71,281,4,medio alto
070102004000240,070102,BELLAVISTA,004,024,81,330,4,medio alto
07010200400019A,070102,BELLAVISTA,004,019,62,243,4,medio alto
070102004000400,070102,BELLAVISTA,004,040,88,345,4,medio alto
070102004000470,070102,BELLAVISTA,004,047,99,393,4,medio alto
070102004000090,070102,BELLAVISTA,004,009,6,24,5,alto
070102004000480,070102,BELLAVISTA,004,048,87,317,4,medio alto
070102004000040,070102,BELLAVISTA,004,004,72,262,5,alto
070102004000010,070102,BELLAVISTA,004,001,78,244,5,alto
070102004000020,070102,BELLAVISTA,004,002,82,275,5,alto
070102004000030,070102,BELLAVISTA,004,003,60,237,5,alto
070102003000190,070102,BELLAVISTA,003,019,78,288,5,alto
070102004000260,070102,BELLAVISTA,004,026,59,196,4,medio alto
070102004000390,070102,BELLAVISTA,004,039,68,247,4,medio alto
070102004000200,070102,BELLAVISTA,004,020,36,134,4,medio alto
070102004000180,070102,BELLAVISTA,004,018,78,326,4,medio alto
070102004000550,070102,BELLAVISTA,004,055,25,73,4,medio alto
070102004000270,070102,BELLAVISTA,004,027,86,332,5,alto
070102004000500,070102,BELLAVISTA,004,050,70,257,4,medio alto
070102004000530,070102,BELLAVISTA,004,053,102,334,4,medio alto
070102004000490,070102,BELLAVISTA,004,049,6,23,4,medio alto
070102004000560,070102,BELLAVISTA,004,056,69,266,4,medio alto
070102004000170,070102,BELLAVISTA,004,017,82,268,4,medio alto
070102004000160,070102,BELLAVISTA,004,016,86,298,5,alto
070102004000130,070102,BELLAVISTA,004,013,92,317,5,alto
070102005000040,070102,BELLAVISTA,005,004,65,200,4,medio alto
07010200400010M,070102,BELLAVISTA,004,010,236,771,4,medio alto
070102005000050,070102,BELLAVISTA,005,005,43,125,4,medio alto
07010200400021A,070102,BELLAVISTA,004,021,5,20,4,medio alto
070102004000350,070102,BELLAVISTA,004,035,40,173,4,medio alto
070102004000080,070102,BELLAVISTA,004,008,2,7,5,alto
070102005000090,070102,BELLAVISTA,005,009,110,436,4,medio alto
070102005000100,070102,BELLAVISTA,005,010,50,195,4,medio alto
070102005000130,070102,BELLAVISTA,005,013,49,176,4,medio alto
070102005000120,070102,BELLAVISTA,005,012,54,194,4,medio alto
070102004000440,070102,BELLAVISTA,004,044,79,330,4,medio alto
070102004000520,070102,BELLAVISTA,004,052,107,350,4,medio alto
070102005000060,070102,BELLAVISTA,005,006,87,343,4,medio alto
070102005000170,070102,BELLAVISTA,005,017,102,368,4,medio alto
070102005000190,070102,BELLAVISTA,005,019,57,210,4,medio alto
070102005000290,070102,BELLAVISTA,005,029,45,163,4,medio alto
070102005000200,070102,BELLAVISTA,005,020,45,169,4,medio alto
070102005000160,070102,BELLAVISTA,005,016,89,326,4,medio alto
070102005000340,070102,BELLAVISTA,005,034,58,254,4,medio alto
070102005000310,070102,BELLAVISTA,005,031,2,6,4,medio alto
07010200500033A,070102,BELLAVISTA,005,033,92,360,4,medio alto
070102005000370,070102,BELLAVISTA,005,037,65,258,4,medio alto
070102005000110,070102,BELLAVISTA,005,011,50,194,4,medio alto
070102005000360,070102,BELLAVISTA,005,036,94,288,4,medio alto
070102005000500,070102,BELLAVISTA,005,050,63,212,4,medio alto
070102005000480,070102,BELLAVISTA,005,048,149,533,4,medio alto
070102005000320,070102,BELLAVISTA,005,032,1,1,4,medio alto
070102005000570,070102,BELLAVISTA,005,057,90,356,4,medio alto
070102005000600,070102,BELLAVISTA,005,060,69,257,4,medio alto
070102005000410,070102,BELLAVISTA,005,041,147,549,4,medio alto
070102005000520,070102,BELLAVISTA,005,052,96,350,4,medio alto
070102005000490,070102,BELLAVISTA,005,049,31,114,4,medio alto
070102005000470,070102,BELLAVISTA,005,047,63,221,4,medio alto
070102005000540,070102,BELLAVISTA,005,054,69,349,4,medio alto
070102005000560,070102,BELLAVISTA,005,056,106,426,4,medio alto
07010200500039A,070102,BELLAVISTA,005,039,56,203,4,medio alto
070102005000580,070102,BELLAVISTA,005,058,78,307,4,medio alto
070102005000430,070102,BELLAVISTA,005,043,102,393,4,medio alto
070102005000380,070102,BELLAVISTA,005,038,73,313,4,medio alto
070102005000450,070102,BELLAVISTA,005,045,61,214,4,medio alto
070102005000260,070102,BELLAVISTA,005,026,8,30,4,medio alto
070102005000140,070102,BELLAVISTA,005,014,78,283,4,medio alto
070102005000210,070102,BELLAVISTA,005,021,110,402,4,medio alto
070102005000220,070102,BELLAVISTA,005,022,63,257,4,medio alto
070102005000230,070102,BELLAVISTA,005,023,70,247,4,medio alto
070102005000080,070102,BELLAVISTA,005,008,124,436,4,medio alto
070102005000460,070102,BELLAVISTA,005,046,117,393,4,medio alto
07010200200008A,070102,BELLAVISTA,002,008,20,85,4,medio alto
070102002000070,070102,BELLAVISTA,002,007,8,29,4,medio alto
070102005000030,070102,BELLAVISTA,005,003,74,273,4,medio alto
070102005000010,070102,BELLAVISTA,005,001,80,311,4,medio alto
070102002000040,070102,BELLAVISTA,002,004,66,270,5,alto
070102002000090,070102,BELLAVISTA,002,009,49,170,5,alto
070102005000350,070102,BELLAVISTA,005,035,64,223,4,medio alto
070102002000170,070102,BELLAVISTA,002,017,42,114,5,alto
070102002000060,070102,BELLAVISTA,002,006,16,50,4,medio alto
070102002000100,070102,BELLAVISTA,002,010,67,164,5,alto
070102002000140,070102,BELLAVISTA,002,014,32,107,5,alto
070102002000120,070102,BELLAVISTA,002,012,41,144,5,alto
070102005000300,070102,BELLAVISTA,005,030,1,1,4,medio alto
070102002000150,070102,BELLAVISTA,002,015,52,188,5,alto
070102002000160,070102,BELLAVISTA,002,016,31,125,5,alto
070102002000530,070102,BELLAVISTA,002,053,16,47,4,medio alto
070102005000250,070102,BELLAVISTA,005,025,93,372,4,medio alto
070102002000510,070102,BELLAVISTA,002,051,41,132,4,medio alto
070102002000490,070102,BELLAVISTA,002,049,90,348,4,medio alto
070102002000430,070102,BELLAVISTA,002,043,55,202,4,medio alto
070102002000520,070102,BELLAVISTA,002,052,78,289,4,medio alto
070102002000380,070102,BELLAVISTA,002,038,184,658,4,medio alto
070102005000070,070102,BELLAVISTA,005,007,127,539,4,medio alto
070102002000480,070102,BELLAVISTA,002,048,8,19,4,medio alto
070102002000470,070102,BELLAVISTA,002,047,29,54,4,medio alto
070102002000440,070102,BELLAVISTA,002,044,63,222,4,medio alto
070102002000030,070102,BELLAVISTA,002,003,18,49,4,medio alto
070102002000050,070102,BELLAVISTA,002,005,21,71,4,medio alto
070102002000400,070102,BELLAVISTA,002,040,20,68,4,medio alto
070102002000180,070102,BELLAVISTA,002,018,129,483,4,medio alto
070102002000110,070102,BELLAVISTA,002,011,35,109,5,alto
070102002000260,070102,BELLAVISTA,002,026,4,16,4,medio alto
070102002000450,070102,BELLAVISTA,002,045,167,590,4,medio alto
070102002000200,070102,BELLAVISTA,002,020,81,313,4,medio alto
070102002000280,070102,BELLAVISTA,002,028,42,142,4,medio alto
070102002000220,070102,BELLAVISTA,002,022,66,177,4,medio alto
070102002000210,070102,BELLAVISTA,002,021,46,128,4,medio alto
070102002000010,070102,BELLAVISTA,002,001,4,25,4,medio alto
070102002000240,070102,BELLAVISTA,002,024,53,211,4,medio alto
070102002000300,070102,BELLAVISTA,002,030,62,234,4,medio alto
070102002000370,070102,BELLAVISTA,002,037,22,78,4,medio alto
070102002000360,070102,BELLAVISTA,002,036,74,232,4,medio alto
070102002000250,070102,BELLAVISTA,002,025,71,250,4,medio alto
070102002000330,070102,BELLAVISTA,002,033,74,270,4,medio alto
070102002000340,070102,BELLAVISTA,002,034,111,326,4,medio alto
070102002000420,070102,BELLAVISTA,002,042,50,200,4,medio alto
070102002000270,070102,BELLAVISTA,002,027,60,282,4,medio alto
070102002000320,070102,BELLAVISTA,002,032,36,123,4,medio alto
070102002000190,070102,BELLAVISTA,002,019,22,84,4,medio alto
070102002000410,070102,BELLAVISTA,002,041,37,119,4,medio alto
070102002000500,070102,BELLAVISTA,002,050,15,57,4,medio alto
070102002000310,070102,BELLAVISTA,002,031,68,234,4,medio alto
07010200700046A,070102,BELLAVISTA,007,046,88,308,5,alto
070102007000500,070102,BELLAVISTA,007,050,40,144,5,alto
070102007000440,070102,BELLAVISTA,007,044,67,231,5,alto
07010200200023C,070102,BELLAVISTA,002,023,29,105,4,medio alto
070102007000290,070102,BELLAVISTA,007,029,13,48,5,alto
070102007000420,070102,BELLAVISTA,007,042,75,248,5,alto
070102007000380,070102,BELLAVISTA,007,038,24,89,5,alto
070102007000490,070102,BELLAVISTA,007,049,5,15,5,alto
070102007000310,070102,BELLAVISTA,007,031,54,172,5,alto
070102007000430,070102,BELLAVISTA,007,043,59,202,5,alto
070102007000410,070102,BELLAVISTA,007,041,72,238,5,alto
070102007000300,070102,BELLAVISTA,007,030,37,120,5,alto
070102007000360,070102,BELLAVISTA,007,036,45,171,5,alto
070102002000350,070102,BELLAVISTA,002,035,135,443,4,medio alto
07010200200023B,070102,BELLAVISTA,002,023,28,120,4,medio alto
070102002000390,070102,BELLAVISTA,002,039,25,80,4,medio alto
070102007000210,070102,BELLAVISTA,007,021,28,109,5,alto
070102007000280,070102,BELLAVISTA,007,028,27,119,5,alto
070102007000170,070102,BELLAVISTA,007,017,37,145,5,alto
070102007000180,070102,BELLAVISTA,007,018,75,296,5,alto
070102007000250,070102,BELLAVISTA,007,025,25,91,5,alto
070102007000190,070102,BELLAVISTA,007,019,44,139,5,alto
070102007000240,070102,BELLAVISTA,007,024,37,124,5,alto
070102007000220,070102,BELLAVISTA,007,022,11,40,5,alto
070102007000200,070102,BELLAVISTA,007,020,44,143,5,alto
070102007000130,070102,BELLAVISTA,007,013,48,160,5,alto
070102007000150,070102,BELLAVISTA,007,015,63,224,5,alto
070102007000320,070102,BELLAVISTA,007,032,74,265,5,alto
070102007000330,070102,BELLAVISTA,007,033,64,229,5,alto
070102007000350,070102,BELLAVISTA,007,035,36,125,5,alto
070102007000340,070102,BELLAVISTA,007,034,47,139,5,alto
070102007000270,070102,BELLAVISTA,007,027,36,127,5,alto
070102007000090,070102,BELLAVISTA,007,009,50,180,5,alto
070102007000080,070102,BELLAVISTA,007,008,26,91,5,alto
070102008000460,070102,BELLAVISTA,008,046,54,227,5,alto
070102007000060,070102,BELLAVISTA,007,006,77,289,5,alto
070102007000030,070102,BELLAVISTA,007,003,30,136,5,alto
070102007000050,070102,BELLAVISTA,007,005,11,34,5,alto
070102007000450,070102,BELLAVISTA,007,045,136,477,5,alto
070102007000070,070102,BELLAVISTA,007,007,35,130,5,alto
070102008000570,070102,BELLAVISTA,008,057,10,38,5,alto
07010200800058A,070102,BELLAVISTA,008,058,217,773,5,alto
070102007000020,070102,BELLAVISTA,007,002,9,25,5,alto
070102008000550,070102,BELLAVISTA,008,055,20,86,5,alto
070102008000470,070102,BELLAVISTA,008,047,47,163,5,alto
070102008000240,070102,BELLAVISTA,008,024,55,195,5,alto
070102008000530,070102,BELLAVISTA,008,053,52,203,5,alto
070102008000040,070102,BELLAVISTA,008,004,18,43,5,alto
070102008000540,070102,BELLAVISTA,008,054,46,185,5,alto
070102008000260,070102,BELLAVISTA,008,026,55,203,5,alto
070102007000160,070102,BELLAVISTA,007,016,40,135,5,alto
070102008000450,070102,BELLAVISTA,008,045,46,166,5,alto
070102008000270,070102,BELLAVISTA,008,027,27,94,5,alto
070102008000190,070102,BELLAVISTA,008,019,53,181,5,alto
070102008000160,070102,BELLAVISTA,008,016,38,122,5,alto
070102008000230,070102,BELLAVISTA,008,023,36,113,5,alto
070102008000280,070102,BELLAVISTA,008,028,76,257,5,alto
070102008000200,070102,BELLAVISTA,008,020,54,192,5,alto
070102008000170,070102,BELLAVISTA,008,017,50,179,5,alto
070102008000120,070102,BELLAVISTA,008,012,56,186,5,alto
070102008000430,070102,BELLAVISTA,008,043,16,48,5,alto
070102008000520,070102,BELLAVISTA,008,052,32,115,5,alto
070102008000490,070102,BELLAVISTA,008,049,43,150,5,alto
070102008000290,070102,BELLAVISTA,008,029,21,89,5,alto
070102008000410,070102,BELLAVISTA,008,041,15,57,5,alto
070102008000510,070102,BELLAVISTA,008,051,12,47,5,alto
070102008000380,070102,BELLAVISTA,008,038,29,112,5,alto
070102008000330,070102,BELLAVISTA,008,033,110,383,5,alto
070102008000100,070102,BELLAVISTA,008,010,11,42,5,alto
070102008000320,070102,BELLAVISTA,008,032,33,107,5,alto
070102008000080,070102,BELLAVISTA,008,008,43,148,5,alto
070102008000500,070102,BELLAVISTA,008,050,33,101,5,alto
070102008000480,070102,BELLAVISTA,008,048,2,4,5,alto
07010200600045D,070102,BELLAVISTA,006,045,66,267,5,alto
070102008000010,070102,BELLAVISTA,008,001,53,199,5,alto
070102008000370,070102,BELLAVISTA,008,037,25,77,5,alto
070102008000350,070102,BELLAVISTA,008,035,39,151,5,alto
07010200800005B,070102,BELLAVISTA,008,005,173,550,5,alto
070102008000400,070102,BELLAVISTA,008,040,34,138,5,alto
070102008000030,070102,BELLAVISTA,008,003,94,310,5,alto
070102008000360,070102,BELLAVISTA,008,036,39,120,5,alto
070102008000420,070102,BELLAVISTA,008,042,66,235,5,alto
070102008000020,070102,BELLAVISTA,008,002,32,99,5,alto
070102006000460,070102,BELLAVISTA,006,046,63,244,5,alto
070102006000520,070102,BELLAVISTA,006,052,83,289,4,medio alto
070102006000480,070102,BELLAVISTA,006,048,42,122,5,alto
070102007000120,070102,BELLAVISTA,007,012,70,215,5,alto
070102006000390,070102,BELLAVISTA,006,039,54,165,5,alto
070102006000330,070102,BELLAVISTA,006,033,67,218,5,alto
070102006000170,070102,BELLAVISTA,006,017,45,155,5,alto
070102006000560,070102,BELLAVISTA,006,056,138,470,4,medio alto
070102006000250,070102,BELLAVISTA,006,025,33,107,5,alto
070102006000540,070102,BELLAVISTA,006,054,58,172,4,medio alto
070102006000500,070102,BELLAVISTA,006,050,25,98,5,alto
070102006000260,070102,BELLAVISTA,006,026,68,215,5,alto
070102006000400,070102,BELLAVISTA,006,040,69,218,5,alto
070102006000320,070102,BELLAVISTA,006,032,44,132,5,alto
070102006000430,070102,BELLAVISTA,006,043,67,228,5,alto
070102006000490,070102,BELLAVISTA,006,049,106,355,5,alto
070102006000240,070102,BELLAVISTA,006,024,47,134,5,alto
070102006000370,070102,BELLAVISTA,006,037,29,103,5,alto
070102006000420,070102,BELLAVISTA,006,042,85,290,5,alto
070102006000360,070102,BELLAVISTA,006,036,52,168,5,alto
070102006000300,070102,BELLAVISTA,006,030,37,128,5,alto
070102006000410,070102,BELLAVISTA,006,041,39,123,5,alto
070102006000310,070102,BELLAVISTA,006,031,30,120,5,alto
070102008000440,070102,BELLAVISTA,008,044,33,113,5,alto
070102008000220,070102,BELLAVISTA,008,022,46,175,5,alto
070102006000210,070102,BELLAVISTA,006,021,38,112,5,alto
070102006000180,070102,BELLAVISTA,006,018,46,147,5,alto
070102006000270,070102,BELLAVISTA,006,027,41,133,5,alto
070102006000280,070102,BELLAVISTA,006,028,36,114,5,alto
070102006000220,070102,BELLAVISTA,006,022,87,250,5,alto
070102006000190,070102,BELLAVISTA,006,019,19,61,5,alto
070102006000230,070102,BELLAVISTA,006,023,25,88,5,alto
070102006000150,070102,BELLAVISTA,006,015,44,145,5,alto
070102008000150,070102,BELLAVISTA,008,015,44,161,5,alto
070102006000110,070102,BELLAVISTA,006,011,101,349,5,alto
070102006000130,070102,BELLAVISTA,006,013,37,123,5,alto
070102006000120,070102,BELLAVISTA,006,012,29,104,5,alto
070102006000010,070102,BELLAVISTA,006,001,183,745,4,medio alto
070102006000090,070102,BELLAVISTA,006,009,62,206,5,alto
070102006000100,070102,BELLAVISTA,006,010,26,93,5,alto
070102006000070,070102,BELLAVISTA,006,007,54,174,5,alto
070102006000020,070102,BELLAVISTA,006,002,34,127,5,alto
070102006000050,070102,BELLAVISTA,006,005,60,238,5,alto
070102008000140,070102,BELLAVISTA,008,014,61,225,5,alto
070102008000310,070102,BELLAVISTA,008,031,77,266,5,alto
070102006000440,070102,BELLAVISTA,006,044,42,154,5,alto
070102006000530,070102,BELLAVISTA,006,053,67,252,4,medio alto
070102006000160,070102,BELLAVISTA,006,016,70,250,5,alto
070103002000540,070103,CARMEN DE LA LEGUA REYNOSO,002,054,40,187,3,medio
070103002000600,070103,CARMEN DE LA LEGUA REYNOSO,002,060,40,155,3,medio
070103002000580,070103,CARMEN DE LA LEGUA REYNOSO,002,058,32,175,3,medio
070103002000570,070103,CARMEN DE LA LEGUA REYNOSO,002,057,69,280,4,medio alto
070103002000560,070103,CARMEN DE LA LEGUA REYNOSO,002,056,69,271,4,medio alto
070103002000550,070103,CARMEN DE LA LEGUA REYNOSO,002,055,85,316,4,medio alto
070103002000500,070103,CARMEN DE LA LEGUA REYNOSO,002,050,81,319,4,medio alto
070103002000480,070103,CARMEN DE LA LEGUA REYNOSO,002,048,54,189,4,medio alto
070103002000490,070103,CARMEN DE LA LEGUA REYNOSO,002,049,55,193,4,medio alto
070103002000250,070103,CARMEN DE LA LEGUA REYNOSO,002,025,52,241,4,medio alto
070103002000230,070103,CARMEN DE LA LEGUA REYNOSO,002,023,25,106,4,medio alto
070103002000590,070103,CARMEN DE LA LEGUA REYNOSO,002,059,43,185,3,medio
070103002000240,070103,CARMEN DE LA LEGUA REYNOSO,002,024,29,121,4,medio alto
070103002000340,070103,CARMEN DE LA LEGUA REYNOSO,002,034,37,161,4,medio alto
070103002000010,070103,CARMEN DE LA LEGUA REYNOSO,002,001,62,222,4,medio alto
070103002000310,070103,CARMEN DE LA LEGUA REYNOSO,002,031,64,205,4,medio alto
070103002000330,070103,CARMEN DE LA LEGUA REYNOSO,002,033,42,162,4,medio alto
070103002000210,070103,CARMEN DE LA LEGUA REYNOSO,002,021,59,223,4,medio alto
070103002000120,070103,CARMEN DE LA LEGUA REYNOSO,002,012,81,259,4,medio alto
070103002000370,070103,CARMEN DE LA LEGUA REYNOSO,002,037,43,203,4,medio alto
070103002000110,070103,CARMEN DE LA LEGUA REYNOSO,002,011,73,257,4,medio alto
070103002000360,070103,CARMEN DE LA LEGUA REYNOSO,002,036,54,187,4,medio alto
070103002000320,070103,CARMEN DE LA LEGUA REYNOSO,002,032,54,224,4,medio alto
070103002000300,070103,CARMEN DE LA LEGUA REYNOSO,002,030,40,159,4,medio alto
070103002000290,070103,CARMEN DE LA LEGUA REYNOSO,002,029,86,280,4,medio alto
070103002000350,070103,CARMEN DE LA LEGUA REYNOSO,002,035,53,203,4,medio alto
070103002000060,070103,CARMEN DE LA LEGUA REYNOSO,002,006,1,4,4,medio alto
070103002000080,070103,CARMEN DE LA LEGUA REYNOSO,002,008,71,260,4,medio alto
070103002000020,070103,CARMEN DE LA LEGUA REYNOSO,002,002,50,188,4,medio alto
070103002000180,070103,CARMEN DE LA LEGUA REYNOSO,002,018,87,309,4,medio alto
070103002000140,070103,CARMEN DE LA LEGUA REYNOSO,002,014,67,228,4,medio alto
070103002000280,070103,CARMEN DE LA LEGUA REYNOSO,002,028,92,299,4,medio alto
070103002000200,070103,CARMEN DE LA LEGUA REYNOSO,002,020,80,293,4,medio alto
070103002000040,070103,CARMEN DE LA LEGUA REYNOSO,002,004,68,243,4,medio alto
070103002000130,070103,CARMEN DE LA LEGUA REYNOSO,002,013,86,322,4,medio alto
070103002000100,070103,CARMEN DE LA LEGUA REYNOSO,002,010,68,277,4,medio alto
070103002000190,070103,CARMEN DE LA LEGUA REYNOSO,002,019,83,258,4,medio alto
070103002000400,070103,CARMEN DE LA LEGUA REYNOSO,002,040,46,158,4,medio alto
070103002000260,070103,CARMEN DE LA LEGUA REYNOSO,002,026,126,421,4,medio alto
070103002000420,070103,CARMEN DE LA LEGUA REYNOSO,002,042,89,294,4,medio alto
070103002000440,070103,CARMEN DE LA LEGUA REYNOSO,002,044,38,158,4,medio alto
070103002000410,070103,CARMEN DE LA LEGUA REYNOSO,002,041,39,139,4,medio alto
070103002000150,070103,CARMEN DE LA LEGUA REYNOSO,002,015,74,283,4,medio alto
070103002000270,070103,CARMEN DE LA LEGUA REYNOSO,002,027,60,198,4,medio alto
070103002000090,070103,CARMEN DE LA LEGUA REYNOSO,002,009,78,305,4,medio alto
070103002000220,070103,CARMEN DE LA LEGUA REYNOSO,002,022,35,112,4,medio alto
070103002000170,070103,CARMEN DE LA LEGUA REYNOSO,002,017,45,146,4,medio alto
070103002000470,070103,CARMEN DE LA LEGUA REYNOSO,002,047,37,151,4,medio alto
070103002000160,070103,CARMEN DE LA LEGUA REYNOSO,002,016,46,160,4,medio alto
070103002000050,070103,CARMEN DE LA LEGUA REYNOSO,002,005,66,210,4,medio alto
070103002000430,070103,CARMEN DE LA LEGUA REYNOSO,002,043,94,337,4,medio alto
070103004000170,070103,CARMEN DE LA LEGUA REYNOSO,004,017,68,265,3,medio
070103004000350,070103,CARMEN DE LA LEGUA REYNOSO,004,035,24,89,3,medio
070103004000270,070103,CARMEN DE LA LEGUA REYNOSO,004,027,80,275,3,medio
070103004000020,070103,CARMEN DE LA LEGUA REYNOSO,004,002,44,151,3,medio
070103004000040,070103,CARMEN DE LA LEGUA REYNOSO,004,004,58,242,3,medio
070103004000310,070103,CARMEN DE LA LEGUA REYNOSO,004,031,42,174,3,medio
070103004000010,070103,CARMEN DE LA LEGUA REYNOSO,004,001,29,128,3,medio
070103004000380,070103,CARMEN DE LA LEGUA REYNOSO,004,038,1,3,3,medio
070103004000370,070103,CARMEN DE LA LEGUA REYNOSO,004,037,60,232,3,medio
070103004000300,070103,CARMEN DE LA LEGUA REYNOSO,004,030,69,264,3,medio
070103004000030,070103,CARMEN DE LA LEGUA REYNOSO,004,003,43,153,3,medio
070103004000360,070103,CARMEN DE LA LEGUA REYNOSO,004,036,79,274,3,medio
070103004000560,070103,CARMEN DE LA LEGUA REYNOSO,004,056,56,191,3,medio
070103004000280,070103,CARMEN DE LA LEGUA REYNOSO,004,028,47,186,3,medio
070103004000290,070103,CARMEN DE LA LEGUA REYNOSO,004,029,60,193,3,medio
070103004000570,070103,CARMEN DE LA LEGUA REYNOSO,004,057,79,259,3,medio
070103002000450,070103,CARMEN DE LA LEGUA REYNOSO,002,045,63,233,4,medio alto
070103004000480,070103,CARMEN DE LA LEGUA REYNOSO,004,048,68,212,3,medio
070103004000520,070103,CARMEN DE LA LEGUA REYNOSO,004,052,46,165,3,medio
070103004000540,070103,CARMEN DE LA LEGUA REYNOSO,004,054,64,262,3,medio
070103004000530,070103,CARMEN DE LA LEGUA REYNOSO,004,053,44,161,3,medio
070103004000610,070103,CARMEN DE LA LEGUA REYNOSO,004,061,34,113,3,medio
070103004000470,070103,CARMEN DE LA LEGUA REYNOSO,004,047,65,230,3,medio
070103004000600,070103,CARMEN DE LA LEGUA REYNOSO,004,060,25,76,3,medio
070103004000510,070103,CARMEN DE LA LEGUA REYNOSO,004,051,49,232,3,medio
070103004000590,070103,CARMEN DE LA LEGUA REYNOSO,004,059,30,121,3,medio
070103004000550,070103,CARMEN DE LA LEGUA REYNOSO,004,055,42,158,3,medio
070103004000500,070103,CARMEN DE LA LEGUA REYNOSO,004,050,53,160,3,medio
070103004000440,070103,CARMEN DE LA LEGUA REYNOSO,004,044,47,182,3,medio
070103004000050,070103,CARMEN DE LA LEGUA REYNOSO,004,005,29,87,3,medio
070103004000340,070103,CARMEN DE LA LEGUA REYNOSO,004,034,53,179,3,medio
070103004000390,070103,CARMEN DE LA LEGUA REYNOSO,004,039,65,258,3,medio
070103004000400,070103,CARMEN DE LA LEGUA REYNOSO,004,040,49,209,3,medio
070103004000410,070103,CARMEN DE LA LEGUA REYNOSO,004,041,39,159,3,medio
070103004000460,070103,CARMEN DE LA LEGUA REYNOSO,004,046,55,189,3,medio
070103004000580,070103,CARMEN DE LA LEGUA REYNOSO,004,058,51,201,3,medio
070103004000430,070103,CARMEN DE LA LEGUA REYNOSO,004,043,57,195,3,medio
070103004000200,070103,CARMEN DE LA LEGUA REYNOSO,004,020,65,232,3,medio
070103004000210,070103,CARMEN DE LA LEGUA REYNOSO,004,021,49,179,3,medio
070103004000240,070103,CARMEN DE LA LEGUA REYNOSO,004,024,43,159,3,medio
070103004000220,070103,CARMEN DE LA LEGUA REYNOSO,004,022,58,205,3,medio
070103004000130,070103,CARMEN DE LA LEGUA REYNOSO,004,013,55,208,3,medio
070103004000100,070103,CARMEN DE LA LEGUA REYNOSO,004,010,43,147,3,medio
070103004000250,070103,CARMEN DE LA LEGUA REYNOSO,004,025,46,145,3,medio
070103004000330,070103,CARMEN DE LA LEGUA REYNOSO,004,033,20,85,3,medio
070103004000110,070103,CARMEN DE LA LEGUA REYNOSO,004,011,47,157,3,medio
070103004000080,070103,CARMEN DE LA LEGUA REYNOSO,004,008,46,142,3,medio
070103004000060,070103,CARMEN DE LA LEGUA REYNOSO,004,006,45,142,3,medio
070103004000190,070103,CARMEN DE LA LEGUA REYNOSO,004,019,1,6,3,medio
070103004000160,070103,CARMEN DE LA LEGUA REYNOSO,004,016,62,247,3,medio
070103004000140,070103,CARMEN DE LA LEGUA REYNOSO,004,014,37,102,3,medio
070103004000150,070103,CARMEN DE LA LEGUA REYNOSO,004,015,22,97,3,medio
070103004000120,070103,CARMEN DE LA LEGUA REYNOSO,004,012,50,175,3,medio
070103004000070,070103,CARMEN DE LA LEGUA REYNOSO,004,007,26,92,3,medio
070103004000090,070103,CARMEN DE LA LEGUA REYNOSO,004,009,31,108,3,medio
070103003000510,070103,CARMEN DE LA LEGUA REYNOSO,003,051,38,127,3,medio
070103003000340,070103,CARMEN DE LA LEGUA REYNOSO,003,034,68,245,3,medio
070103003000430,070103,CARMEN DE LA LEGUA REYNOSO,003,043,52,155,3,medio
070103003000480,070103,CARMEN DE LA LEGUA REYNOSO,003,048,28,89,3,medio
070103003000410,070103,CARMEN DE LA LEGUA REYNOSO,003,041,33,123,3,medio
070103003000500,070103,CARMEN DE LA LEGUA REYNOSO,003,050,73,247,3,medio
070103003000330,070103,CARMEN DE LA LEGUA REYNOSO,003,033,45,166,3,medio
070103003000540,070103,CARMEN DE LA LEGUA REYNOSO,003,054,48,167,3,medio
070103003000420,070103,CARMEN DE LA LEGUA REYNOSO,003,042,32,112,3,medio
070103003000470,070103,CARMEN DE LA LEGUA REYNOSO,003,047,26,77,3,medio
070103003000530,070103,CARMEN DE LA LEGUA REYNOSO,003,053,43,177,3,medio
070103003000490,070103,CARMEN DE LA LEGUA REYNOSO,003,049,46,162,3,medio
070103003000520,070103,CARMEN DE LA LEGUA REYNOSO,003,052,53,176,3,medio
070103003000350,070103,CARMEN DE LA LEGUA REYNOSO,003,035,60,219,3,medio
070103003000460,070103,CARMEN DE LA LEGUA REYNOSO,003,046,77,288,3,medio
070103003000360,070103,CARMEN DE LA LEGUA REYNOSO,003,036,21,72,3,medio
070103003000370,070103,CARMEN DE LA LEGUA REYNOSO,003,037,25,85,3,medio
070103003000170,070103,CARMEN DE LA LEGUA REYNOSO,003,017,83,311,4,medio alto
070103003000130,070103,CARMEN DE LA LEGUA REYNOSO,003,013,72,250,4,medio alto
070103003000400,070103,CARMEN DE LA LEGUA REYNOSO,003,040,78,290,3,medio
070103003000230,070103,CARMEN DE LA LEGUA REYNOSO,003,023,138,526,4,medio alto
070103003000040,070103,CARMEN DE LA LEGUA REYNOSO,003,004,51,201,4,medio alto
070103003000390,070103,CARMEN DE LA LEGUA REYNOSO,003,039,59,201,3,medio
070103003000260,070103,CARMEN DE LA LEGUA REYNOSO,003,026,58,234,4,medio alto
070103003000080,070103,CARMEN DE LA LEGUA REYNOSO,003,008,94,290,4,medio alto
070103003000110,070103,CARMEN DE LA LEGUA REYNOSO,003,011,32,158,4,medio alto
070103003000160,070103,CARMEN DE LA LEGUA REYNOSO,003,016,65,234,4,medio alto
070103003000380,070103,CARMEN DE LA LEGUA REYNOSO,003,038,26,77,3,medio
070103003000030,070103,CARMEN DE LA LEGUA REYNOSO,003,003,50,159,4,medio alto
070103003000240,070103,CARMEN DE LA LEGUA REYNOSO,003,024,62,241,4,medio alto
070103003000020,070103,CARMEN DE LA LEGUA REYNOSO,003,002,52,187,4,medio alto
070103003000120,070103,CARMEN DE LA LEGUA REYNOSO,003,012,76,301,4,medio alto
070103003000250,070103,CARMEN DE LA LEGUA REYNOSO,003,025,90,299,4,medio alto
070103003000280,070103,CARMEN DE LA LEGUA REYNOSO,003,028,95,330,4,medio alto
070103003000320,070103,CARMEN DE LA LEGUA REYNOSO,003,032,42,143,4,medio alto
070103003000150,070103,CARMEN DE LA LEGUA REYNOSO,003,015,84,305,4,medio alto
070103003000140,070103,CARMEN DE LA LEGUA REYNOSO,003,014,99,334,4,medio alto
070103003000210,070103,CARMEN DE LA LEGUA REYNOSO,003,021,84,278,4,medio alto
070103003000290,070103,CARMEN DE LA LEGUA REYNOSO,003,029,86,296,4,medio alto
070103003000010,070103,CARMEN DE LA LEGUA REYNOSO,003,001,80,320,4,medio alto
070103003000270,070103,CARMEN DE LA LEGUA REYNOSO,003,027,103,363,4,medio alto
070103003000070,070103,CARMEN DE LA LEGUA REYNOSO,003,007,69,235,4,medio alto
070103003000200,070103,CARMEN DE LA LEGUA REYNOSO,003,020,72,240,4,medio alto
070103004000450,070103,CARMEN DE LA LEGUA REYNOSO,004,045,59,253,3,medio
070103004000420,070103,CARMEN DE LA LEGUA REYNOSO,004,042,57,189,3,medio
070103003000060,070103,CARMEN DE LA LEGUA REYNOSO,003,006,36,129,4,medio alto
070103003000050,070103,CARMEN DE LA LEGUA REYNOSO,003,005,51,178,4,medio alto
070103003000180,070103,CARMEN DE LA LEGUA REYNOSO,003,018,67,256,4,medio alto
070103003000550,070103,CARMEN DE LA LEGUA REYNOSO,003,055,53,189,3,medio
070103003000450,070103,CARMEN DE LA LEGUA REYNOSO,003,045,64,265,3,medio
070103001000430,070103,CARMEN DE LA LEGUA REYNOSO,001,043,29,102,3,medio
070103003000300,070103,CARMEN DE LA LEGUA REYNOSO,003,030,35,105,4,medio alto
070103005000030,070103,CARMEN DE LA LEGUA REYNOSO,005,003,20,70,3,medio
070103003000310,070103,CARMEN DE LA LEGUA REYNOSO,003,031,34,116,4,medio alto
070103001000480,070103,CARMEN DE LA LEGUA REYNOSO,001,048,45,183,3,medio
070103001000410,070103,CARMEN DE LA LEGUA REYNOSO,001,041,35,100,3,medio
070103001000440,070103,CARMEN DE LA LEGUA REYNOSO,001,044,38,129,3,medio
070103001000400,070103,CARMEN DE LA LEGUA REYNOSO,001,040,37,152,3,medio
070103001000490,070103,CARMEN DE LA LEGUA REYNOSO,001,049,64,275,3,medio
070103001000390,070103,CARMEN DE LA LEGUA REYNOSO,001,039,15,51,3,medio
070103001000200,070103,CARMEN DE LA LEGUA REYNOSO,001,020,26,91,4,medio alto
070103001000330,070103,CARMEN DE LA LEGUA REYNOSO,001,033,49,209,4,medio alto
070103001000280,070103,CARMEN DE LA LEGUA REYNOSO,001,028,3,3,4,medio alto
070103001000260,070103,CARMEN DE LA LEGUA REYNOSO,001,026,53,172,4,medio alto
070103001000350,070103,CARMEN DE LA LEGUA REYNOSO,001,035,95,340,4,medio alto
070103001000340,070103,CARMEN DE LA LEGUA REYNOSO,001,034,41,163,4,medio alto
070103001000320,070103,CARMEN DE LA LEGUA REYNOSO,001,032,26,128,4,medio alto
070103001000190,070103,CARMEN DE LA LEGUA REYNOSO,001,019,32,120,4,medio alto
070103001000270,070103,CARMEN DE LA LEGUA REYNOSO,001,027,39,162,4,medio alto
070103001000180,070103,CARMEN DE LA LEGUA REYNOSO,001,018,1,1,4,medio alto
070103001000460,070103,CARMEN DE LA LEGUA REYNOSO,001,046,54,203,3,medio
070103001000240,070103,CARMEN DE LA LEGUA REYNOSO,001,024,48,155,4,medio alto
070103001000220,070103,CARMEN DE LA LEGUA REYNOSO,001,022,51,149,4,medio alto
070103001000250,070103,CARMEN DE LA LEGUA REYNOSO,001,025,57,218,4,medio alto
070103001000230,070103,CARMEN DE LA LEGUA REYNOSO,001,023,33,129,4,medio alto
070103001000470,070103,CARMEN DE LA LEGUA REYNOSO,001,047,55,267,3,medio
070103001000370,070103,CARMEN DE LA LEGUA REYNOSO,001,037,77,308,4,medio alto
070103001000150,070103,CARMEN DE LA LEGUA REYNOSO,001,015,37,142,4,medio alto
070103001000290,070103,CARMEN DE LA LEGUA REYNOSO,001,029,60,239,4,medio alto
070103001000450,070103,CARMEN DE LA LEGUA REYNOSO,001,045,38,140,3,medio
070103001000420,070103,CARMEN DE LA LEGUA REYNOSO,001,042,43,160,3,medio
070103003000190,070103,CARMEN DE LA LEGUA REYNOSO,003,019,90,326,4,medio alto
070103003000090,070103,CARMEN DE LA LEGUA REYNOSO,003,009,54,208,4,medio alto
070103001000120,070103,CARMEN DE LA LEGUA REYNOSO,001,012,83,308,4,medio alto
070103001000030,070103,CARMEN DE LA LEGUA REYNOSO,001,003,50,187,4,medio alto
070103001000170,070103,CARMEN DE LA LEGUA REYNOSO,001,017,82,276,4,medio alto
070103001000020,070103,CARMEN DE LA LEGUA REYNOSO,001,002,88,295,4,medio alto
070103001000160,070103,CARMEN DE LA LEGUA REYNOSO,001,016,60,234,4,medio alto
070103001000100,070103,CARMEN DE LA LEGUA REYNOSO,001,010,73,220,4,medio alto
070103001000090,070103,CARMEN DE LA LEGUA REYNOSO,001,009,69,226,4,medio alto
070103001000070,070103,CARMEN DE LA LEGUA REYNOSO,001,007,123,414,4,medio alto
070103001000050,070103,CARMEN DE LA LEGUA REYNOSO,001,005,58,195,4,medio alto
070103001000110,070103,CARMEN DE LA LEGUA REYNOSO,001,011,73,289,4,medio alto
070103003000100,070103,CARMEN DE LA LEGUA REYNOSO,003,010,69,305,4,medio alto
070103003000220,070103,CARMEN DE LA LEGUA REYNOSO,003,022,52,180,4,medio alto
070103001000500,070103,CARMEN DE LA LEGUA REYNOSO,001,050,32,108,3,medio
070103001000130,070103,CARMEN DE LA LEGUA REYNOSO,001,013,80,278,4,medio alto
070103001000060,070103,CARMEN DE LA LEGUA REYNOSO,001,006,86,276,4,medio alto
070103001000040,070103,CARMEN DE LA LEGUA REYNOSO,001,004,81,258,4,medio alto
070103002000530,070103,CARMEN DE LA LEGUA REYNOSO,002,053,46,205,4,medio alto
070103002000520,070103,CARMEN DE LA LEGUA REYNOSO,002,052,37,174,4,medio alto
070103002000460,070103,CARMEN DE LA LEGUA REYNOSO,002,046,58,231,4,medio alto
070104003000380,070104,LA PERLA,003,038,23,79,5,alto
070104003000480,070104,LA PERLA,003,048,40,139,5,alto
070104003000500,070104,LA PERLA,003,050,45,164,5,alto
070104003000290,070104,LA PERLA,003,029,47,146,4,medio alto
070104003000310,070104,LA PERLA,003,031,28,101,4,medio alto
070104003000300,070104,LA PERLA,003,030,26,113,4,medio alto
070104003000470,070104,LA PERLA,003,047,73,292,5,alto
070104003000350,070104,LA PERLA,003,035,83,289,5,alto
070104003000360,070104,LA PERLA,003,036,48,165,5,alto
070104003000370,070104,LA PERLA,003,037,58,206,5,alto
070104003000130,070104,LA PERLA,003,013,42,133,5,alto
070104003000140,070104,LA PERLA,003,014,42,152,5,alto
070104003000280,070104,LA PERLA,003,028,64,210,4,medio alto
070104003000320,070104,LA PERLA,003,032,38,155,4,medio alto
070104003000260,070104,LA PERLA,003,026,32,120,4,medio alto
070104003000010,070104,LA PERLA,003,001,12,36,5,alto
070104003000240,070104,LA PERLA,003,024,25,96,5,alto
070104003000160,070104,LA PERLA,003,016,34,124,5,alto
070104003000250,070104,LA PERLA,003,025,27,85,5,alto
070104003000330,070104,LA PERLA,003,033,33,110,4,medio alto
070104003000120,070104,LA PERLA,003,012,25,80,5,alto
070104003000410,070104,LA PERLA,003,041,78,253,4,medio alto
070104003000270,070104,LA PERLA,003,027,45,200,4,medio alto
070104003000080,070104,LA PERLA,003,008,64,207,5,alto
070104003000090,070104,LA PERLA,003,009,51,174,5,alto
070104003000180,070104,LA PERLA,003,018,12,40,5,alto
070104003000060,070104,LA PERLA,003,006,32,97,5,alto
070104003000210,070104,LA PERLA,003,021,60,193,5,alto
070104003000170,070104,LA PERLA,003,017,51,156,5,alto
070104003000050,070104,LA PERLA,003,005,33,88,5,alto
070104003000510,070104,LA PERLA,003,051,9,31,5,alto
070104003000020,070104,LA PERLA,003,002,14,44,5,alto
070104003000040,070104,LA PERLA,003,004,49,178,5,alto
070104003000530,070104,LA PERLA,003,053,90,317,5,alto
070104003000200,070104,LA PERLA,003,020,49,151,5,alto
070104003000540,070104,LA PERLA,003,054,11,44,5,alto
070104003000570,070104,LA PERLA,003,057,32,129,5,alto
070104003000560,070104,LA PERLA,003,056,93,363,5,alto
070104003000400,070104,LA PERLA,003,040,1,3,5,alto
07010400300044B,070104,LA PERLA,003,044,5,19,5,alto
070104003000190,070104,LA PERLA,003,019,59,213,5,alto
070104003000430,070104,LA PERLA,003,043,14,50,5,alto
070104007000580,070104,LA PERLA,007,058,107,352,5,alto
07010400700030A,070104,LA PERLA,007,030,18,51,5,alto
070104003000390,070104,LA PERLA,003,039,15,67,5,alto
070104007000540,070104,LA PERLA,007,054,52,210,5,alto
070104007000590,070104,LA PERLA,007,059,37,112,5,alto
07010400300044A,070104,LA PERLA,003,044,11,38,5,alto
070104007000570,070104,LA PERLA,007,057,12,35,5,alto
070104003000420,070104,LA PERLA,003,042,13,41,5,alto
070104007000550,070104,LA PERLA,007,055,29,100,5,alto
070104007000430,070104,LA PERLA,007,043,27,79,4,medio alto
070104007000400,070104,LA PERLA,007,040,30,159,4,medio alto
070104007000450,070104,LA PERLA,007,045,84,295,4,medio alto
070104003000150,070104,LA PERLA,003,015,48,157,5,alto
070104003000340,070104,LA PERLA,003,034,63,218,4,medio alto
070104007000380,070104,LA PERLA,007,038,47,166,5,alto
070104007000370,070104,LA PERLA,007,037,94,305,5,alto
070104003000110,070104,LA PERLA,003,011,42,131,5,alto
070104007000350,070104,LA PERLA,007,035,81,281,5,alto
070104007000130,070104,LA PERLA,007,013,97,325,5,alto
070104007000500,070104,LA PERLA,007,050,33,91,5,alto
070104007000510,070104,LA PERLA,007,051,31,97,5,alto
070104007000390,070104,LA PERLA,007,039,66,252,4,medio alto
070104007000360,070104,LA PERLA,007,036,57,189,5,alto
070104007000140,070104,LA PERLA,007,014,45,165,5,alto
070104007000480,070104,LA PERLA,007,048,20,59,5,alto
070104007000530,070104,LA PERLA,007,053,35,116,5,alto
070104007000340,070104,LA PERLA,007,034,46,171,5,alto
070104007000150,070104,LA PERLA,007,015,52,159,5,alto
070104007000280,070104,LA PERLA,007,028,63,185,5,alto
070104007000520,070104,LA PERLA,007,052,67,211,5,alto
070104007000320,070104,LA PERLA,007,032,56,199,5,alto
070104007000240,070104,LA PERLA,007,024,70,232,5,alto
070104007000330,070104,LA PERLA,007,033,16,58,5,alto
070104007000290,070104,LA PERLA,007,029,8,32,5,alto
070104007000110,070104,LA PERLA,007,011,15,41,5,alto
070104007000490,070104,LA PERLA,007,049,3,9,5,alto
070104007000250,070104,LA PERLA,007,025,16,53,5,alto
070104007000160,070104,LA PERLA,007,016,56,168,5,alto
070104007000230,070104,LA PERLA,007,023,49,177,5,alto
070104007000200,070104,LA PERLA,007,020,5,22,5,alto
070104007000270,070104,LA PERLA,007,027,40,114,5,alto
070104007000220,070104,LA PERLA,007,022,6,23,5,alto
070104007000460,070104,LA PERLA,007,046,19,57,5,alto
070104007000100,070104,LA PERLA,007,010,80,250,5,alto
070104007000050,070104,LA PERLA,007,005,44,183,5,alto
070104007000170,070104,LA PERLA,007,017,60,192,5,alto
070104007000030,070104,LA PERLA,007,003,37,129,5,alto
070104007000040,070104,LA PERLA,007,004,33,117,5,alto
070104007000060,070104,LA PERLA,007,006,46,149,5,alto
070104007000420,070104,LA PERLA,007,042,53,210,4,medio alto
070104007000070,070104,LA PERLA,007,007,40,134,5,alto
070104007000010,070104,LA PERLA,007,001,12,47,5,alto
070104007000180,070104,LA PERLA,007,018,1,2,5,alto
070104005000060,070104,LA PERLA,005,006,17,54,5,alto
070104005000050,070104,LA PERLA,005,005,26,103,5,alto
070104005000030,070104,LA PERLA,005,003,18,62,5,alto
070104005000040,070104,LA PERLA,005,004,25,83,5,alto
070104005000170,070104,LA PERLA,005,017,63,204,5,alto
070104005000160,070104,LA PERLA,005,016,32,111,5,alto
070104005000150,070104,LA PERLA,005,015,35,128,5,alto
070104005000100,070104,LA PERLA,005,010,63,215,5,alto
070104005000110,070104,LA PERLA,005,011,59,203,5,alto
070104005000180,070104,LA PERLA,005,018,47,167,5,alto
070104005000140,070104,LA PERLA,005,014,59,213,5,alto
070104005000120,070104,LA PERLA,005,012,22,68,5,alto
070104005000130,070104,LA PERLA,005,013,55,210,5,alto
070104007000190,070104,LA PERLA,007,019,28,112,5,alto
070104005000610,070104,LA PERLA,005,061,74,251,5,alto
070104005000550,070104,LA PERLA,005,055,34,120,5,alto
070104005000570,070104,LA PERLA,005,057,50,181,5,alto
070104005000600,070104,LA PERLA,005,060,34,116,5,alto
070104005000500,070104,LA PERLA,005,050,53,179,5,alto
070104005000580,070104,LA PERLA,005,058,63,206,5,alto
070104005000510,070104,LA PERLA,005,051,58,189,5,alto
070104005000520,070104,LA PERLA,005,052,33,119,5,alto
070104005000470,070104,LA PERLA,005,047,26,97,5,alto
070104005000230,070104,LA PERLA,005,023,33,99,5,alto
070104005000480,070104,LA PERLA,005,048,7,26,5,alto
070104005000200,070104,LA PERLA,005,020,42,123,5,alto
070104005000190,070104,LA PERLA,005,019,30,110,5,alto
070104005000250,070104,LA PERLA,005,025,23,87,5,alto
070104005000240,070104,LA PERLA,005,024,30,95,5,alto
070104005000090,070104,LA PERLA,005,009,37,147,5,alto
070104005000380,070104,LA PERLA,005,038,42,148,5,alto
070104005000410,070104,LA PERLA,005,041,38,107,5,alto
070104005000450,070104,LA PERLA,005,045,33,119,5,alto
070104005000310,070104,LA PERLA,005,031,26,74,5,alto
070104005000530,070104,LA PERLA,005,053,51,170,5,alto
070104005000420,070104,LA PERLA,005,042,26,106,5,alto
070104005000270,070104,LA PERLA,005,027,33,143,5,alto
070104005000340,070104,LA PERLA,005,034,45,157,5,alto
070104005000440,070104,LA PERLA,005,044,21,70,5,alto
070104005000280,070104,LA PERLA,005,028,39,123,5,alto
070104005000430,070104,LA PERLA,005,043,6,17,5,alto
070104005000290,070104,LA PERLA,005,029,29,98,5,alto
070104005000370,070104,LA PERLA,005,037,42,131,5,alto
070104005000010,070104,LA PERLA,005,001,2,2,5,alto
07010400500028A,070104,LA PERLA,005,028,21,74,5,alto
070104005000320,070104,LA PERLA,005,032,56,186,5,alto
070104005000300,070104,LA PERLA,005,030,29,110,5,alto
070104005000400,070104,LA PERLA,005,040,12,40,5,alto
070104005000070,070104,LA PERLA,005,007,22,71,5,alto
070104005000560,070104,LA PERLA,005,056,61,205,5,alto
070104005000220,070104,LA PERLA,005,022,27,105,5,alto
07010400500054A,070104,LA PERLA,005,054,3,7,5,alto
070104008000440,070104,LA PERLA,008,044,28,125,5,alto
070104008000400,070104,LA PERLA,008,040,23,90,5,alto
070104008000450,070104,LA PERLA,008,045,24,81,5,alto
070104008000430,070104,LA PERLA,008,043,28,85,5,alto
070104008000390,070104,LA PERLA,008,039,29,98,5,alto
070104008000410,070104,LA PERLA,008,041,45,163,5,alto
070104008000380,070104,LA PERLA,008,038,54,180,5,alto
070104008000370,070104,LA PERLA,008,037,25,90,5,alto
070104008000520,070104,LA PERLA,008,052,60,186,5,alto
070104008000540,070104,LA PERLA,008,054,59,192,5,alto
070104008000460,070104,LA PERLA,008,046,1,1,5,alto
070104008000340,070104,LA PERLA,008,034,59,183,5,alto
070104008000550,070104,LA PERLA,008,055,74,295,5,alto
070104008000310,070104,LA PERLA,008,031,25,89,5,alto
070104008000160,070104,LA PERLA,008,016,3,10,5,alto
070104008000170,070104,LA PERLA,008,017,34,112,5,alto
070104008000140,070104,LA PERLA,008,014,64,211,5,alto
070104008000200,070104,LA PERLA,008,020,67,202,5,alto
070104008000190,070104,LA PERLA,008,019,50,184,5,alto
070104008000350,070104,LA PERLA,008,035,43,142,5,alto
070104008000150,070104,LA PERLA,008,015,40,140,5,alto
070104008000100,070104,LA PERLA,008,010,76,249,5,alto
070104008000070,070104,LA PERLA,008,007,49,168,5,alto
070104008000130,070104,LA PERLA,008,013,95,284,5,alto
070104008000120,070104,LA PERLA,008,012,35,139,5,alto
070104008000330,070104,LA PERLA,008,033,10,50,5,alto
070104008000300,070104,LA PERLA,008,030,34,115,5,alto
070104008000050,070104,LA PERLA,008,005,22,90,5,alto
070104008000080,070104,LA PERLA,008,008,23,81,5,alto
070104008000260,070104,LA PERLA,008,026,29,117,5,alto
070104008000240,070104,LA PERLA,008,024,31,109,5,alto
070104008000030,070104,LA PERLA,008,003,74,262,5,alto
070104008000040,070104,LA PERLA,008,004,43,129,5,alto
070104008000290,070104,LA PERLA,008,029,68,238,5,alto
070104008000470,070104,LA PERLA,008,047,56,191,5,alto
070104008000560,070104,LA PERLA,008,056,49,196,5,alto
070104008000500,070104,LA PERLA,008,050,43,150,5,alto
070104008000280,070104,LA PERLA,008,028,32,116,5,alto
070104008000230,070104,LA PERLA,008,023,50,189,5,alto
070104008000510,070104,LA PERLA,008,051,50,176,5,alto
070104008000250,070104,LA PERLA,008,025,66,193,5,alto
070104008000220,070104,LA PERLA,008,022,64,226,5,alto
070104008000570,070104,LA PERLA,008,057,31,129,5,alto
070104008000480,070104,LA PERLA,008,048,23,75,5,alto
070104008000210,070104,LA PERLA,008,021,44,131,5,alto
070104008000580,070104,LA PERLA,008,058,50,141,5,alto
070104008000180,070104,LA PERLA,008,018,56,173,5,alto
070104008000590,070104,LA PERLA,008,059,118,382,5,alto
070104006000030,070104,LA PERLA,006,003,21,76,5,alto
070104008000110,070104,LA PERLA,008,011,57,193,5,alto
070104006000060,070104,LA PERLA,006,006,31,129,5,alto
070104006000010,070104,LA PERLA,006,001,28,103,5,alto
070104006000020,070104,LA PERLA,006,002,31,110,5,alto
070104006000050,070104,LA PERLA,006,005,36,126,5,alto
070104006000040,070104,LA PERLA,006,004,23,83,5,alto
070104008000020,070104,LA PERLA,008,002,36,136,5,alto
070104008000060,070104,LA PERLA,008,006,16,54,5,alto
070104006000070,070104,LA PERLA,006,007,18,69,5,alto
070104006000090,070104,LA PERLA,006,009,93,336,5,alto
070104006000150,070104,LA PERLA,006,015,55,182,5,alto
070104006000160,070104,LA PERLA,006,016,41,147,5,alto
070104006000110,070104,LA PERLA,006,011,62,204,5,alto
070104006000120,070104,LA PERLA,006,012,47,163,5,alto
070104006000100,070104,LA PERLA,006,010,68,246,5,alto
070104006000140,070104,LA PERLA,006,014,18,49,5,alto
070104008000600,070104,LA PERLA,008,060,162,618,5,alto
070104006000190,070104,LA PERLA,006,019,67,229,5,alto
070104006000270,070104,LA PERLA,006,027,55,188,5,alto
070104006000080,070104,LA PERLA,006,008,56,173,5,alto
070104006000170,070104,LA PERLA,006,017,76,252,5,alto
070104006000200,070104,LA PERLA,006,020,47,159,5,alto
070104006000540,070104,LA PERLA,006,054,75,277,5,alto
070104006000490,070104,LA PERLA,006,049,30,123,5,alto
070104006000560,070104,LA PERLA,006,056,46,161,5,alto
070104006000590,070104,LA PERLA,006,059,54,181,5,alto
070104006000480,070104,LA PERLA,006,048,34,130,5,alto
070104006000530,070104,LA PERLA,006,053,1,2,5,alto
070104006000570,070104,LA PERLA,006,057,47,168,5,alto
070104006000400,070104,LA PERLA,006,040,25,78,5,alto
070104006000600,070104,LA PERLA,006,060,25,98,5,alto
070104006000440,070104,LA PERLA,006,044,45,159,5,alto
070104006000230,070104,LA PERLA,006,023,61,191,5,alto
070104006000550,070104,LA PERLA,006,055,38,136,5,alto
070104006000460,070104,LA PERLA,006,046,56,218,5,alto
070104006000370,070104,LA PERLA,006,037,33,114,5,alto
070104006000380,070104,LA PERLA,006,038,32,102,5,alto
070104006000330,070104,LA PERLA,006,033,29,101,5,alto
070104006000290,070104,LA PERLA,006,029,32,110,5,alto
070104006000410,070104,LA PERLA,006,041,34,142,5,alto
07010400600028A,070104,LA PERLA,006,028,10,31,5,alto
070104006000310,070104,LA PERLA,006,031,38,115,5,alto
070104001000450,070104,LA PERLA,001,045,39,156,4,medio alto
070104001000520,070104,LA PERLA,001,052,14,49,4,medio alto
070104006000260,070104,LA PERLA,006,026,64,221,5,alto
070104006000340,070104,LA PERLA,006,034,21,68,5,alto
070104006000350,070104,LA PERLA,006,035,28,93,5,alto
070104006000250,070104,LA PERLA,006,025,34,106,5,alto
070104006000210,070104,LA PERLA,006,021,111,430,5,alto
070104001000440,070104,LA PERLA,001,044,169,625,4,medio alto
070104006000580,070104,LA PERLA,006,058,1,2,5,alto
070104006000610,070104,LA PERLA,006,061,46,155,5,alto
070104001000040,070104,LA PERLA,001,004,59,203,4,medio alto
070104001000590,070104,LA PERLA,001,059,35,133,4,medio alto
070104001000430,070104,LA PERLA,001,043,37,120,4,medio alto
070104001000600,070104,LA PERLA,001,060,55,168,4,medio alto
070104001000030,070104,LA PERLA,001,003,3,10,4,medio alto
070104006000360,070104,LA PERLA,006,036,26,105,5,alto
070104006000520,070104,LA PERLA,006,052,38,130,5,alto
070104006000510,070104,LA PERLA,006,051,29,101,5,alto
070104001000480,070104,LA PERLA,001,048,83,270,4,medio alto
070104001000050,070104,LA PERLA,001,005,91,301,4,medio alto
070104001000570,070104,LA PERLA,001,057,52,205,4,medio alto
070104001000490,070104,LA PERLA,001,049,110,378,4,medio alto
070104001000510,070104,LA PERLA,001,051,42,156,4,medio alto
07010400100055A,070104,LA PERLA,001,055,61,215,4,medio alto
070104001000460,070104,LA PERLA,001,046,112,381,4,medio alto
070104001000410,070104,LA PERLA,001,041,88,311,4,medio alto
070104001000470,070104,LA PERLA,001,047,99,367,4,medio alto
070104006000420,070104,LA PERLA,006,042,30,98,5,alto
070104006000300,070104,LA PERLA,006,030,56,197,5,alto
070104001000100,070104,LA PERLA,001,010,55,201,4,medio alto
070104001000130,070104,LA PERLA,001,013,59,227,4,medio alto
070104001000400,070104,LA PERLA,001,040,97,314,4,medio alto
070104001000190,070104,LA PERLA,001,019,69,245,4,medio alto
070104001000200,070104,LA PERLA,001,020,55,210,4,medio alto
070104001000120,070104,LA PERLA,001,012,19,56,4,medio alto
070104001000110,070104,LA PERLA,001,011,42,145,4,medio alto
070104001000170,070104,LA PERLA,001,017,34,117,4,medio alto
070104001000160,070104,LA PERLA,001,016,14,49,4,medio alto
070104001000180,070104,LA PERLA,001,018,63,257,4,medio alto
070104001000150,070104,LA PERLA,001,015,50,162,4,medio alto
070104001000140,070104,LA PERLA,001,014,39,136,4,medio alto
070104006000390,070104,LA PERLA,006,039,47,159,5,alto
070104001000240,070104,LA PERLA,001,024,21,71,4,medio alto
070104001000220,070104,LA PERLA,001,022,37,104,4,medio alto
070104001000010,070104,LA PERLA,001,001,26,64,4,medio alto
070104001000230,070104,LA PERLA,001,023,27,104,4,medio alto
070104001000270,070104,LA PERLA,001,027,19,57,4,medio alto
070104001000300,070104,LA PERLA,001,030,23,84,4,medio alto
070104001000290,070104,LA PERLA,001,029,17,57,4,medio alto
070104001000280,070104,LA PERLA,001,028,15,54,4,medio alto
070104001000310,070104,LA PERLA,001,031,38,121,4,medio alto
070104001000500,070104,LA PERLA,001,050,30,94,4,medio alto
070104001000090,070104,LA PERLA,001,009,74,237,4,medio alto
070104001000330,070104,LA PERLA,001,033,32,101,4,medio alto
070104001000360,070104,LA PERLA,001,036,40,140,4,medio alto
070104001000370,070104,LA PERLA,001,037,27,93,4,medio alto
070104001000210,070104,LA PERLA,001,021,52,224,4,medio alto
070104001000250,070104,LA PERLA,001,025,19,61,4,medio alto
070104001000320,070104,LA PERLA,001,032,30,121,4,medio alto
070104001000020,070104,LA PERLA,001,002,59,206,4,medio alto
070104002000090,070104,LA PERLA,002,009,3,23,4,medio alto
070104001000390,070104,LA PERLA,001,039,42,148,4,medio alto
070104001000420,070104,LA PERLA,001,042,84,321,4,medio alto
070104002000060,070104,LA PERLA,002,006,91,339,4,medio alto
070104002000380,070104,LA PERLA,002,038,69,232,4,medio alto
070104001000080,070104,LA PERLA,001,008,6,24,4,medio alto
070104002000350,070104,LA PERLA,002,035,68,232,4,medio alto
070104002000050,070104,LA PERLA,002,005,53,172,4,medio alto
070104002000110,070104,LA PERLA,002,011,118,412,4,medio alto
070104002000100,070104,LA PERLA,002,010,75,230,4,medio alto
070104002000340,070104,LA PERLA,002,034,45,172,4,medio alto
070104002000390,070104,LA PERLA,002,039,46,150,4,medio alto
070104002000130,070104,LA PERLA,002,013,94,344,4,medio alto
070104002000080,070104,LA PERLA,002,008,43,156,4,medio alto
070104002000070,070104,LA PERLA,002,007,67,262,4,medio alto
070104002000470,070104,LA PERLA,002,047,26,90,4,medio alto
070104002000040,070104,LA PERLA,002,004,76,270,4,medio alto
070104002000140,070104,LA PERLA,002,014,110,361,4,medio alto
070104002000030,070104,LA PERLA,002,003,110,365,4,medio alto
070104001000350,070104,LA PERLA,001,035,33,122,4,medio alto
070104002000020,070104,LA PERLA,002,002,51,172,4,medio alto
070104002000170,070104,LA PERLA,002,017,70,215,4,medio alto
070104002000150,070104,LA PERLA,002,015,63,218,4,medio alto
070104002000270,070104,LA PERLA,002,027,13,45,4,medio alto
070104002000160,070104,LA PERLA,002,016,80,270,4,medio alto
070104002000510,070104,LA PERLA,002,051,24,101,4,medio alto
070104002000500,070104,LA PERLA,002,050,50,191,4,medio alto
070104002000290,070104,LA PERLA,002,029,74,253,4,medio alto
070104002000450,070104,LA PERLA,002,045,9,42,4,medio alto
070104001000380,070104,LA PERLA,001,038,53,194,4,medio alto
070104001000580,070104,LA PERLA,001,058,4,15,4,medio alto
070104002000420,070104,LA PERLA,002,042,46,163,4,medio alto
070104002000430,070104,LA PERLA,002,043,40,114,4,medio alto
070104002000520,070104,LA PERLA,002,052,77,281,4,medio alto
070104002000120,070104,LA PERLA,002,012,73,252,4,medio alto
070104002000330,070104,LA PERLA,002,033,1,6,4,medio alto
070104002000460,070104,LA PERLA,002,046,18,55,4,medio alto
070104002000250,070104,LA PERLA,002,025,31,109,4,medio alto
070104002000200,070104,LA PERLA,002,020,48,147,4,medio alto
070104002000210,070104,LA PERLA,002,021,12,35,4,medio alto
070104002000400,070104,LA PERLA,002,040,35,132,4,medio alto
070104002000370,070104,LA PERLA,002,037,45,152,4,medio alto
070104004000170,070104,LA PERLA,004,017,28,89,5,alto
070104002000260,070104,LA PERLA,002,026,21,77,4,medio alto
070104002000320,070104,LA PERLA,002,032,55,173,4,medio alto
070104002000480,070104,LA PERLA,002,048,1,1,4,medio alto
070104002000310,070104,LA PERLA,002,031,75,238,4,medio alto
070104002000490,070104,LA PERLA,002,049,157,413,4,medio alto
070104002000240,070104,LA PERLA,002,024,49,158,4,medio alto
070104002000360,070104,LA PERLA,002,036,78,261,4,medio alto
070104002000300,070104,LA PERLA,002,030,23,83,4,medio alto
070104004000160,070104,LA PERLA,004,016,32,90,5,alto
070104004000110,070104,LA PERLA,004,011,24,81,5,alto
070104004000080,070104,LA PERLA,004,008,55,157,5,alto
070104004000120,070104,LA PERLA,004,012,23,87,5,alto
07010400400040A,070104,LA PERLA,004,040,12,45,5,alto
070104004000130,070104,LA PERLA,004,013,31,95,5,alto
070104004000100,070104,LA PERLA,004,010,7,27,5,alto
070104004000060,070104,LA PERLA,004,006,2,7,5,alto
070104004000330,070104,LA PERLA,004,033,54,193,5,alto
070104004000040,070104,LA PERLA,004,004,34,130,5,alto
070104004000050,070104,LA PERLA,004,005,35,110,5,alto
070104004000190,070104,LA PERLA,004,019,9,29,5,alto
070104004000540,070104,LA PERLA,004,054,28,97,5,alto
070104004000310,070104,LA PERLA,004,031,31,127,5,alto
070104004000510,070104,LA PERLA,004,051,31,114,5,alto
070104004000020,070104,LA PERLA,004,002,39,150,5,alto
070104004000290,070104,LA PERLA,004,029,26,83,5,alto
070104004000010,070104,LA PERLA,004,001,13,53,5,alto
070104004000070,070104,LA PERLA,004,007,50,185,5,alto
070104004000250,070104,LA PERLA,004,025,64,217,5,alto
070104004000270,070104,LA PERLA,004,027,12,43,5,alto
070104004000090,070104,LA PERLA,004,009,58,187,5,alto
07010400400040B,070104,LA PERLA,004,040,1,4,5,alto
070104004000230,070104,LA PERLA,004,023,20,54,5,alto
070104004000210,070104,LA PERLA,004,021,33,121,5,alto
070104004000200,070104,LA PERLA,004,020,1,3,5,alto
070104004000520,070104,LA PERLA,004,052,71,266,5,alto
070104004000240,070104,LA PERLA,004,024,34,127,5,alto
070104004000280,070104,LA PERLA,004,028,41,136,5,alto
070104004000530,070104,LA PERLA,004,053,50,219,5,alto
070104004000560,070104,LA PERLA,004,056,18,58,5,alto
070104004000420,070104,LA PERLA,004,042,64,192,5,alto
070104004000180,070104,LA PERLA,004,018,10,32,5,alto
070104004000430,070104,LA PERLA,004,043,15,47,5,alto
070104004000500,070104,LA PERLA,004,050,36,151,5,alto
070104002000010,070104,LA PERLA,002,001,69,240,4,medio alto
070104004000490,070104,LA PERLA,004,049,71,239,5,alto
070104002000280,070104,LA PERLA,002,028,44,139,4,medio alto
070104004000380,070104,LA PERLA,004,038,40,112,5,alto
070104004000370,070104,LA PERLA,004,037,87,320,5,alto
070104004000340,070104,LA PERLA,004,034,57,191,5,alto
070104004000480,070104,LA PERLA,004,048,85,299,5,alto
070104004000460,070104,LA PERLA,004,046,79,282,5,alto
070104004000390,070104,LA PERLA,004,039,63,207,5,alto
070104004000410,070104,LA PERLA,004,041,36,126,5,alto
070104004000350,070104,LA PERLA,004,035,58,217,5,alto
070104002000190,070104,LA PERLA,002,019,184,600,4,medio alto
070104004000320,070104,LA PERLA,004,032,55,202,5,alto
070104002000410,070104,LA PERLA,002,041,16,48,4,medio alto
070104002000440,070104,LA PERLA,002,044,8,37,4,medio alto
070104002000230,070104,LA PERLA,002,023,49,148,4,medio alto
070104004000140,070104,LA PERLA,004,014,27,85,5,alto
070104004000450,070104,LA PERLA,004,045,52,184,5,alto
070104004000360,070104,LA PERLA,004,036,50,156,5,alto
07010500100001B,070105,LA PUNTA,001,001,16,40,5,alto
07010500100001A,070105,LA PUNTA,001,001,3,11,5,alto
070105001000190,070105,LA PUNTA,001,019,4,17,5,alto
070105001000230,070105,LA PUNTA,001,023,35,111,5,alto
070105001000560,070105,LA PUNTA,001,056,5,17,5,alto
070105001000220,070105,LA PUNTA,001,022,41,125,5,alto
070105001000180,070105,LA PUNTA,001,018,11,28,5,alto
070105001000240,070105,LA PUNTA,001,024,46,115,5,alto
070105001000150,070105,LA PUNTA,001,015,26,68,5,alto
070105001000550,070105,LA PUNTA,001,055,19,55,5,alto
070105001000130,070105,LA PUNTA,001,013,6,16,5,alto
070105001000160,070105,LA PUNTA,001,016,31,108,5,alto
070105001000140,070105,LA PUNTA,001,014,47,144,5,alto
070105001000120,070105,LA PUNTA,001,012,14,49,5,alto
070105001000520,070105,LA PUNTA,001,052,33,103,5,alto
070105001000260,070105,LA PUNTA,001,026,58,154,5,alto
070105001000090,070105,LA PUNTA,001,009,35,112,5,alto
070105001000420,070105,LA PUNTA,001,042,17,52,5,alto
070105001000030,070105,LA PUNTA,001,003,14,45,5,alto
070105001000300,070105,LA PUNTA,001,030,89,309,5,alto
070105001000270,070105,LA PUNTA,001,027,67,209,5,alto
070105001000450,070105,LA PUNTA,001,045,26,90,5,alto
070105001000280,070105,LA PUNTA,001,028,35,102,5,alto
070105001000080,070105,LA PUNTA,001,008,23,71,5,alto
070105001000400,070105,LA PUNTA,001,040,40,134,5,alto
070105001000050,070105,LA PUNTA,001,005,49,112,5,alto
070105001000070,070105,LA PUNTA,001,007,27,99,5,alto
070105001000110,070105,LA PUNTA,001,011,28,84,5,alto
070105001000470,070105,LA PUNTA,001,047,24,72,5,alto
070105001000480,070105,LA PUNTA,001,048,55,162,5,alto
070105001000320,070105,LA PUNTA,001,032,12,43,5,alto
070105001000390,070105,LA PUNTA,001,039,34,111,5,alto
070105001000360,070105,LA PUNTA,001,036,7,19,5,alto
070105001000490,070105,LA PUNTA,001,049,31,77,5,alto
070105001000290,070105,LA PUNTA,001,029,45,116,5,alto
070105001000410,070105,LA PUNTA,001,041,34,104,5,alto
070105001000310,070105,LA PUNTA,001,031,30,100,5,alto
070105001000330,070105,LA PUNTA,001,033,13,35,5,alto
070105001000250,070105,LA PUNTA,001,025,54,150,5,alto
070105001000510,070105,LA PUNTA,001,051,40,134,5,alto
070105001000460,070105,LA PUNTA,001,046,1,4,5,alto
070105001000060,070105,LA PUNTA,001,006,2,5,5,alto
070105001000100,070105,LA PUNTA,001,010,1,4,5,alto
070106001000020,070106,VENTANILLA,001,002,19,75,2,medio bajo
070106001000470,070106,VENTANILLA,001,047,10,28,2,medio bajo
070106017000370,070106,VENTANILLA,017,037,21,80,2,medio bajo
070106001000590,070106,VENTANILLA,001,059,18,71,2,medio bajo
070106001000450,070106,VENTANILLA,001,045,30,106,2,medio bajo
070106001000460,070106,VENTANILLA,001,046,24,88,2,medio bajo
07010601700015A,070106,VENTANILLA,017,015,18,76,2,medio bajo
070106017000510,070106,VENTANILLA,017,051,15,68,2,medio bajo
070106017000340,070106,VENTANILLA,017,034,24,107,2,medio bajo
070106001000260,070106,VENTANILLA,001,026,19,78,2,medio bajo
070106001000040,070106,VENTANILLA,001,004,13,46,2,medio bajo
070106001000580,070106,VENTANILLA,001,058,21,88,2,medio bajo
070106001000030,070106,VENTANILLA,001,003,27,98,2,medio bajo
070106017000520,070106,VENTANILLA,017,052,17,73,2,medio bajo
07010601700014B,070106,VENTANILLA,017,014,3,11,2,medio bajo
070106017000400,070106,VENTANILLA,017,040,14,53,2,medio bajo
070106017000070,070106,VENTANILLA,017,007,12,58,3,medio
070106017000120,070106,VENTANILLA,017,012,14,57,2,medio bajo
070106017000500,070106,VENTANILLA,017,050,15,67,2,medio bajo
070106017000050,070106,VENTANILLA,017,005,22,108,3,medio
070106017000460,070106,VENTANILLA,017,046,16,73,2,medio bajo
070106017000020,070106,VENTANILLA,017,002,29,136,3,medio
070106017000480,070106,VENTANILLA,017,048,17,75,2,medio bajo
07010601700014C,070106,VENTANILLA,017,014,6,23,2,medio bajo
070106017000010,070106,VENTANILLA,017,001,1,5,3,medio
070106017000390,070106,VENTANILLA,017,039,14,59,2,medio bajo
070106017000350,070106,VENTANILLA,017,035,22,89,2,medio bajo
070106017000330,070106,VENTANILLA,017,033,20,82,2,medio bajo
070106017000470,070106,VENTANILLA,017,047,18,77,2,medio bajo
07010601700012A,070106,VENTANILLA,017,012,5,22,2,medio bajo
070106017000360,070106,VENTANILLA,017,036,28,96,2,medio bajo
07010601700014A,070106,VENTANILLA,017,014,13,74,2,medio bajo
070106001000200,070106,VENTANILLA,001,020,13,62,2,medio bajo
07010601700049A,070106,VENTANILLA,017,049,8,34,2,medio bajo
070106017000190,070106,VENTANILLA,017,019,13,48,2,medio bajo
07010601700023A,070106,VENTANILLA,017,023,27,104,2,medio bajo
070106017000530,070106,VENTANILLA,017,053,9,36,2,medio bajo
07010601700038A,070106,VENTANILLA,017,038,20,69,2,medio bajo
07010601700011A,070106,VENTANILLA,017,011,9,37,2,medio bajo
070106001000210,070106,VENTANILLA,001,021,11,38,2,medio bajo
07010601700049C,070106,VENTANILLA,017,049,13,58,2,medio bajo
070106001000180,070106,VENTANILLA,001,018,6,24,2,medio bajo
07010601700041B,070106,VENTANILLA,017,041,31,135,2,medio bajo
07010601600003A,070106,VENTANILLA,016,003,1,5,3,medio
07010601600031E,070106,VENTANILLA,016,031,10,44,3,medio
07010601600031D,070106,VENTANILLA,016,031,3,12,2,medio bajo
070106017000420,070106,VENTANILLA,017,042,10,54,2,medio bajo
070106017000320,070106,VENTANILLA,017,032,26,102,2,medio bajo
07010601600008B,070106,VENTANILLA,016,008,39,167,2,medio bajo
07010601600031G,070106,VENTANILLA,016,031,10,35,3,medio
070106016000030,070106,VENTANILLA,016,003,23,87,3,medio
07010605400015B,070106,VENTANILLA,054,015,2,12,2,medio bajo
070106054000130,070106,VENTANILLA,054,013,2,3,2,medio bajo
07010601600019A,070106,VENTANILLA,016,019,5,17,3,medio
070106016000050,070106,VENTANILLA,016,005,28,106,3,medio
070106017000430,070106,VENTANILLA,017,043,12,47,2,medio bajo
070106016000060,070106,VENTANILLA,016,006,33,147,3,medio
07010605500033A,070106,VENTANILLA,055,033,15,49,2,medio bajo
070106016000380,070106,VENTANILLA,016,038,24,102,3,medio
07010603500011A,070106,VENTANILLA,035,011,2,7,3,medio
070106035000380,070106,VENTANILLA,035,038,10,40,3,medio
070106017000040,070106,VENTANILLA,017,004,26,105,3,medio
070106016000390,070106,VENTANILLA,016,039,20,108,3,medio
07010603500017B,070106,VENTANILLA,035,017,6,28,3,medio
070106016000180,070106,VENTANILLA,016,018,8,26,3,medio
07010603500018A,070106,VENTANILLA,035,018,26,87,3,medio
070106035000230,070106,VENTANILLA,035,023,13,69,3,medio
070106016000150,070106,VENTANILLA,016,015,14,46,3,medio
070106035000250,070106,VENTANILLA,035,025,7,27,3,medio
07010603500018E,070106,VENTANILLA,035,018,6,23,3,medio
070106035000320,070106,VENTANILLA,035,032,14,47,2,medio bajo
07010603500018F,070106,VENTANILLA,035,018,1,4,2,medio bajo
070106035000130,070106,VENTANILLA,035,013,24,101,3,medio
07010601700010A,070106,VENTANILLA,017,010,16,66,2,medio bajo
070106035000050,070106,VENTANILLA,035,005,66,256,3,medio
070106001000390,070106,VENTANILLA,001,039,11,44,2,medio bajo
070106001000050,070106,VENTANILLA,001,005,12,55,2,medio bajo
070106035000260,070106,VENTANILLA,035,026,22,104,3,medio
07010603500018G,070106,VENTANILLA,035,018,6,20,2,medio bajo
070106001000400,070106,VENTANILLA,001,040,10,46,2,medio bajo
07010603500018D,070106,VENTANILLA,035,018,11,44,2,medio bajo
070106001000100,070106,VENTANILLA,001,010,14,50,2,medio bajo
070106001000190,070106,VENTANILLA,001,019,20,87,2,medio bajo
070106001000060,070106,VENTANILLA,001,006,11,48,2,medio bajo
070106001000480,070106,VENTANILLA,001,048,45,151,2,medio bajo
07010601600031F,070106,VENTANILLA,016,031,12,42,2,medio bajo
070106054000010,070106,VENTANILLA,054,001,3,5,2,medio bajo
070106054000060,070106,VENTANILLA,054,006,6,11,2,medio bajo
070106054000070,070106,VENTANILLA,054,007,3,10,2,medio bajo
070106059000600,070106,VENTANILLA,059,060,10,27,2,medio bajo
070106059000150,070106,VENTANILLA,059,015,14,43,1,bajo
070106059000270,070106,VENTANILLA,059,027,12,47,1,bajo
070106054000160,070106,VENTANILLA,054,016,2,2,2,medio bajo
070106016000020,070106,VENTANILLA,016,002,26,141,3,medio
070106059000410,070106,VENTANILLA,059,041,1,1,2,medio bajo
070106001000380,070106,VENTANILLA,001,038,17,63,2,medio bajo
070106059000420,070106,VENTANILLA,059,042,10,35,2,medio bajo
070106001000270,070106,VENTANILLA,001,027,22,69,2,medio bajo
070106059000280,070106,VENTANILLA,059,028,16,48,1,bajo
070106001000230,070106,VENTANILLA,001,023,9,36,2,medio bajo
070106001000010,070106,VENTANILLA,001,001,69,118,2,medio bajo
070106016000460,070106,VENTANILLA,016,046,26,113,3,medio
07010603500011C,070106,VENTANILLA,035,011,2,7,3,medio
07010603500011B,070106,VENTANILLA,035,011,7,19,3,medio
070106016000370,070106,VENTANILLA,016,037,15,71,3,medio
070106035000310,070106,VENTANILLA,035,031,50,221,3,medio
070106035000280,070106,VENTANILLA,035,028,56,222,3,medio
07010603500034A,070106,VENTANILLA,035,034,5,18,2,medio bajo
070106035000040,070106,VENTANILLA,035,004,13,76,3,medio
070106001000220,070106,VENTANILLA,001,022,11,39,2,medio bajo
070106035000500,070106,VENTANILLA,035,050,16,66,3,medio
07010603500036A,070106,VENTANILLA,035,036,5,16,2,medio bajo
070106016000360,070106,VENTANILLA,016,036,21,90,3,medio
07010603500043D,070106,VENTANILLA,035,043,15,55,3,medio
070106035000340,070106,VENTANILLA,035,034,10,37,2,medio bajo
07010603500003A,070106,VENTANILLA,035,003,14,52,3,medio
070106035000060,070106,VENTANILLA,035,006,17,69,3,medio
070106035000290,070106,VENTANILLA,035,029,34,147,3,medio
07010603500031A,070106,VENTANILLA,035,031,11,52,2,medio bajo
070106035000150,070106,VENTANILLA,035,015,24,78,3,medio
070106035000490,070106,VENTANILLA,035,049,30,143,3,medio
07010603500035B,070106,VENTANILLA,035,035,2,6,2,medio bajo
07010603500050A,070106,VENTANILLA,035,050,1,5,3,medio
07010603500001C,070106,VENTANILLA,035,001,26,98,3,medio
070106035000480,070106,VENTANILLA,035,048,30,116,3,medio
070106035000020,070106,VENTANILLA,035,002,26,108,3,medio
070106001000110,070106,VENTANILLA,001,011,9,26,2,medio bajo
070106016000160,070106,VENTANILLA,016,016,11,56,3,medio
070106016000200,070106,VENTANILLA,016,020,28,128,3,medio
070106016000040,070106,VENTANILLA,016,004,1,6,3,medio
070106016000220,070106,VENTANILLA,016,022,37,148,3,medio
070106016000170,070106,VENTANILLA,016,017,13,57,3,medio
070106016000130,070106,VENTANILLA,016,013,25,118,3,medio
070106016000540,070106,VENTANILLA,016,054,34,148,3,medio
070106016000070,070106,VENTANILLA,016,007,24,96,3,medio
070106016000140,070106,VENTANILLA,016,014,16,94,3,medio
070106016000520,070106,VENTANILLA,016,052,34,151,3,medio
070106016000120,070106,VENTANILLA,016,012,23,121,3,medio
070106016000400,070106,VENTANILLA,016,040,8,38,3,medio
070106016000240,070106,VENTANILLA,016,024,26,137,3,medio
070106016000270,070106,VENTANILLA,016,027,21,112,3,medio
070106016000250,070106,VENTANILLA,016,025,27,127,3,medio
070106016000470,070106,VENTANILLA,016,047,21,81,3,medio
07010605400015A,070106,VENTANILLA,054,015,2,3,2,medio bajo
070106001000370,070106,VENTANILLA,001,037,24,102,2,medio bajo
07010605400029A,070106,VENTANILLA,054,029,5,12,2,medio bajo
070106035000270,070106,VENTANILLA,035,027,29,125,3,medio
070106054000220,070106,VENTANILLA,054,022,3,19,2,medio bajo
07010605400030B,070106,VENTANILLA,054,030,4,8,2,medio bajo
070106054000250,070106,VENTANILLA,054,025,6,7,2,medio bajo
07010600100048A,070106,VENTANILLA,001,048,1,1,2,medio bajo
070106054000240,070106,VENTANILLA,054,024,1,1,2,medio bajo
070106054000320,070106,VENTANILLA,054,032,11,19,2,medio bajo
070106054000210,070106,VENTANILLA,054,021,2,6,2,medio bajo
07010600100011A,070106,VENTANILLA,001,011,9,34,2,medio bajo
070106016000350,070106,VENTANILLA,016,035,22,108,3,medio
070106016000510,070106,VENTANILLA,016,051,29,138,3,medio
07010603500035A,070106,VENTANILLA,035,035,2,4,2,medio bajo
070106016000530,070106,VENTANILLA,016,053,12,42,3,medio
070106016000440,070106,VENTANILLA,016,044,27,115,3,medio
07010603500015A,070106,VENTANILLA,035,015,21,83,3,medio
070106016000410,070106,VENTANILLA,016,041,16,54,3,medio
070106003000050,070106,VENTANILLA,003,005,9,16,2,medio bajo
070106016000010,070106,VENTANILLA,016,001,23,94,3,medio
070106016000340,070106,VENTANILLA,016,034,24,81,3,medio
070106016000260,070106,VENTANILLA,016,026,27,113,3,medio
070106016000450,070106,VENTANILLA,016,045,28,154,3,medio
070106016000430,070106,VENTANILLA,016,043,26,124,3,medio
07010600300016A,070106,VENTANILLA,003,016,15,48,2,medio bajo
070106003000060,070106,VENTANILLA,003,006,14,56,2,medio bajo
070106003000170,070106,VENTANILLA,003,017,16,48,2,medio bajo
070106003000420,070106,VENTANILLA,003,042,27,106,2,medio bajo
070106003000090,070106,VENTANILLA,003,009,16,51,2,medio bajo
070106003000080,070106,VENTANILLA,003,008,20,73,2,medio bajo
070106003000430,070106,VENTANILLA,003,043,31,113,2,medio bajo
070106016000080,070106,VENTANILLA,016,008,11,41,3,medio
070106054000400,070106,VENTANILLA,054,040,5,22,2,medio bajo
070106054000490,070106,VENTANILLA,054,049,3,8,2,medio bajo
070106054000410,070106,VENTANILLA,054,041,3,10,2,medio bajo
070106054000600,070106,VENTANILLA,054,060,5,21,2,medio bajo
070106054000480,070106,VENTANILLA,054,048,6,11,2,medio bajo
070106054000090,070106,VENTANILLA,054,009,4,5,2,medio bajo
070106054000390,070106,VENTANILLA,054,039,9,21,2,medio bajo
070106054000450,070106,VENTANILLA,054,045,6,23,2,medio bajo
07010605400019A,070106,VENTANILLA,054,019,7,17,2,medio bajo
070106054000440,070106,VENTANILLA,054,044,2,8,2,medio bajo
07010605400050A,070106,VENTANILLA,054,050,8,37,2,medio bajo
07010605400046C,070106,VENTANILLA,054,046,2,6,2,medio bajo
070106054000590,070106,VENTANILLA,054,059,3,6,2,medio bajo
070106054000150,070106,VENTANILLA,054,015,6,16,2,medio bajo
070106054000580,070106,VENTANILLA,054,058,3,3,2,medio bajo
07010605400032A,070106,VENTANILLA,054,032,11,21,2,medio bajo
070106003000100,070106,VENTANILLA,003,010,20,74,2,medio bajo
070106003000470,070106,VENTANILLA,003,047,42,155,2,medio bajo
070106003000270,070106,VENTANILLA,003,027,1,3,2,medio bajo
070106003000070,070106,VENTANILLA,003,007,15,57,2,medio bajo
07010600300048B,070106,VENTANILLA,003,048,28,90,2,medio bajo
070106016000230,070106,VENTANILLA,016,023,22,95,3,medio
070106054000200,070106,VENTANILLA,054,020,1,2,2,medio bajo
070106016000300,070106,VENTANILLA,016,030,23,152,3,medio
070106016000280,070106,VENTANILLA,016,028,28,119,3,medio
070106016000290,070106,VENTANILLA,016,029,22,131,3,medio
07010601600019B,070106,VENTANILLA,016,019,5,23,3,medio
070106043000530,070106,VENTANILLA,043,053,27,100,3,medio
070106043000480,070106,VENTANILLA,043,048,31,121,4,medio alto
070106043000520,070106,VENTANILLA,043,052,42,159,3,medio
070106043000510,070106,VENTANILLA,043,051,33,125,3,medio
07010604300047A,070106,VENTANILLA,043,047,12,38,4,medio alto
070106043000540,070106,VENTANILLA,043,054,42,144,3,medio
07010603500037D,070106,VENTANILLA,035,037,1,6,3,medio
07010603500036F,070106,VENTANILLA,035,036,14,50,2,medio bajo
070106035000470,070106,VENTANILLA,035,047,32,135,3,medio
070106043000450,070106,VENTANILLA,043,045,20,92,3,medio
070106043000490,070106,VENTANILLA,043,049,14,56,3,medio
070106043000430,070106,VENTANILLA,043,043,15,67,3,medio
070106043000460,070106,VENTANILLA,043,046,16,62,4,medio alto
07010603500037A,070106,VENTANILLA,035,037,2,4,2,medio bajo
070106043000470,070106,VENTANILLA,043,047,27,111,4,medio alto
070106043000440,070106,VENTANILLA,043,044,8,33,3,medio
070106035000390,070106,VENTANILLA,035,039,3,11,2,medio bajo
070106035000460,070106,VENTANILLA,035,046,8,34,3,medio
070106043000390,070106,VENTANILLA,043,039,24,89,3,medio
070106043000410,070106,VENTANILLA,043,041,17,61,3,medio
07010603500037C,070106,VENTANILLA,035,037,1,4,2,medio bajo
070106043000420,070106,VENTANILLA,043,042,45,184,3,medio
07010603500042A,070106,VENTANILLA,035,042,3,11,2,medio bajo
07010603500041D,070106,VENTANILLA,035,041,10,54,3,medio
070106016000480,070106,VENTANILLA,016,048,27,118,3,medio
07010603500046C,070106,VENTANILLA,035,046,4,17,3,medio
070106059000530,070106,VENTANILLA,059,053,20,67,2,medio bajo
07010603500036G,070106,VENTANILLA,035,036,13,49,2,medio bajo
07010603500040A,070106,VENTANILLA,035,040,8,23,2,medio bajo
070106059000500,070106,VENTANILLA,059,050,10,53,2,medio bajo
070106059000370,070106,VENTANILLA,059,037,5,23,2,medio bajo
07010603500001H,070106,VENTANILLA,035,001,55,215,3,medio
070106059000380,070106,VENTANILLA,059,038,10,37,2,medio bajo
070106059000540,070106,VENTANILLA,059,054,7,29,2,medio bajo
070106016000490,070106,VENTANILLA,016,049,24,117,3,medio
07010605400032D,070106,VENTANILLA,054,032,2,3,2,medio bajo
07010605400008B,070106,VENTANILLA,054,008,3,6,2,medio bajo
070106059000090,070106,VENTANILLA,059,009,6,18,1,bajo
07010605400036B,070106,VENTANILLA,054,036,1,1,2,medio bajo
07010605900013A,070106,VENTANILLA,059,013,9,31,1,bajo
07010605400026D,070106,VENTANILLA,054,026,2,5,2,medio bajo
070106059000120,070106,VENTANILLA,059,012,17,78,1,bajo
070106059000130,070106,VENTANILLA,059,013,15,49,1,bajo
07010605400018B,070106,VENTANILLA,054,018,1,4,2,medio bajo
070106059000320,070106,VENTANILLA,059,032,8,33,2,medio bajo
070106059000330,070106,VENTANILLA,059,033,6,24,2,medio bajo
07010605900012A,070106,VENTANILLA,059,012,10,45,1,bajo
07010605400021B,070106,VENTANILLA,054,021,10,24,2,medio bajo
070106059000040,070106,VENTANILLA,059,004,9,34,1,bajo
070106059000190,070106,VENTANILLA,059,019,11,44,1,bajo
070106059000180,070106,VENTANILLA,059,018,15,68,1,bajo
070106059000030,070106,VENTANILLA,059,003,8,21,1,bajo
070106059000490,070106,VENTANILLA,059,049,13,61,2,medio bajo
070106059000110,070106,VENTANILLA,059,011,17,69,1,bajo
070106059000290,070106,VENTANILLA,059,029,12,54,1,bajo
070106059000200,070106,VENTANILLA,059,020,13,63,1,bajo
07010603500017A,070106,VENTANILLA,035,017,4,16,3,medio
07010603500014A,070106,VENTANILLA,035,014,20,76,3,medio
070106056000220,070106,VENTANILLA,056,022,26,123,3,medio
07010603500037E,070106,VENTANILLA,035,037,1,6,3,medio
07010603500045B,070106,VENTANILLA,035,045,13,52,3,medio
070106056000170,070106,VENTANILLA,056,017,33,129,3,medio
070106056000180,070106,VENTANILLA,056,018,21,103,3,medio
070106056000120,070106,VENTANILLA,056,012,25,141,3,medio
070106056000140,070106,VENTANILLA,056,014,24,79,3,medio
070106043000280,070106,VENTANILLA,043,028,23,102,3,medio
07010604300035Q,070106,VENTANILLA,043,035,7,27,3,medio
07010605600012A,070106,VENTANILLA,056,012,24,103,3,medio
070106056000260,070106,VENTANILLA,056,026,20,77,3,medio
070106043000270,070106,VENTANILLA,043,027,19,83,3,medio
070106043000290,070106,VENTANILLA,043,029,9,34,3,medio
070106043000330,070106,VENTANILLA,043,033,10,43,3,medio
070106043000320,070106,VENTANILLA,043,032,11,45,3,medio
070106043000180,070106,VENTANILLA,043,018,26,105,3,medio
07010604300025B,070106,VENTANILLA,043,025,17,81,3,medio
070106043000310,070106,VENTANILLA,043,031,32,134,3,medio
070106043000220,070106,VENTANILLA,043,022,22,99,3,medio
070106043000300,070106,VENTANILLA,043,030,27,127,3,medio
070106043000190,070106,VENTANILLA,043,019,21,97,3,medio
07010604300035I,070106,VENTANILLA,043,035,10,35,3,medio
07010604300035P,070106,VENTANILLA,043,035,9,25,3,medio
07010604300035M,070106,VENTANILLA,043,035,8,23,3,medio
07010604300035K,070106,VENTANILLA,043,035,9,34,3,medio
070106056000070,070106,VENTANILLA,056,007,36,144,3,medio
070106016000320,070106,VENTANILLA,016,032,27,140,3,medio
070106059000480,070106,VENTANILLA,059,048,13,54,2,medio bajo
070106059000400,070106,VENTANILLA,059,040,13,42,1,bajo
07010603500036E,070106,VENTANILLA,035,036,6,18,2,medio bajo
070106059000570,070106,VENTANILLA,059,057,16,59,2,medio bajo
070106059000010,070106,VENTANILLA,059,001,8,26,1,bajo
070106059000210,070106,VENTANILLA,059,021,17,58,1,bajo
070106039010010,070106,VENTANILLA,039,001,6,9,1,bajo
07010605400038C,070106,VENTANILLA,054,038,4,10,2,medio bajo
070106059000560,070106,VENTANILLA,059,056,16,63,2,medio bajo
070106059000360,070106,VENTANILLA,059,036,13,41,2,medio bajo
070106059000580,070106,VENTANILLA,059,058,18,46,2,medio bajo
070106059000060,070106,VENTANILLA,059,006,10,43,1,bajo
070106059000070,070106,VENTANILLA,059,007,15,49,1,bajo
070106059010070,070106,VENTANILLA,059,007,10,31,1,bajo
070106059000460,070106,VENTANILLA,059,046,20,74,2,medio bajo
070106059000590,070106,VENTANILLA,059,059,11,42,2,medio bajo
070106059000020,070106,VENTANILLA,059,002,16,53,1,bajo
070106059010200,070106,VENTANILLA,059,020,24,73,1,bajo
070106059010110,070106,VENTANILLA,059,011,13,57,1,bajo
070106059000550,070106,VENTANILLA,059,055,15,62,2,medio bajo
070106059010090,070106,VENTANILLA,059,009,3,7,1,bajo
070106059000340,070106,VENTANILLA,059,034,2,5,2,medio bajo
070106059000080,070106,VENTANILLA,059,008,15,51,1,bajo
070106059010120,070106,VENTANILLA,059,012,9,32,1,bajo
070106059000260,070106,VENTANILLA,059,026,14,42,1,bajo
07010603500046A,070106,VENTANILLA,035,046,12,42,2,medio bajo
07010603500045A,070106,VENTANILLA,035,045,6,24,3,medio
070106059000250,070106,VENTANILLA,059,025,14,50,1,bajo
07010605400042B,070106,VENTANILLA,054,042,2,6,2,medio bajo
070106059000350,070106,VENTANILLA,059,035,9,37,2,medio bajo
07010604300008D,070106,VENTANILLA,043,008,10,33,2,medio bajo
070106043000020,070106,VENTANILLA,043,002,7,29,2,medio bajo
07010604300008A,070106,VENTANILLA,043,008,10,28,2,medio bajo
070106003000290,070106,VENTANILLA,003,029,22,81,2,medio bajo
07010604300005C,070106,VENTANILLA,043,005,13,52,2,medio bajo
070106043000060,070106,VENTANILLA,043,006,12,47,2,medio bajo
070106043000070,070106,VENTANILLA,043,007,11,40,2,medio bajo
07010604300005A,070106,VENTANILLA,043,005,15,41,2,medio bajo
070106003000380,070106,VENTANILLA,003,038,24,89,2,medio bajo
070106039010530,070106,VENTANILLA,039,053,46,186,3,medio
070106039010270,070106,VENTANILLA,039,027,1,4,1,bajo
070106003000260,070106,VENTANILLA,003,026,13,66,2,medio bajo
070106003000280,070106,VENTANILLA,003,028,22,89,2,medio bajo
070106043000030,070106,VENTANILLA,043,003,10,41,2,medio bajo
07010604300008C,070106,VENTANILLA,043,008,7,31,2,medio bajo
070106043000170,070106,VENTANILLA,043,017,12,54,2,medio bajo
07010604300005B,070106,VENTANILLA,043,005,26,91,2,medio bajo
070106039010490,070106,VENTANILLA,039,049,42,178,3,medio
070106039010470,070106,VENTANILLA,039,047,43,140,3,medio
07010603500011F,070106,VENTANILLA,035,011,18,66,3,medio
07010604300037C,070106,VENTANILLA,043,037,13,45,3,medio
070106056000210,070106,VENTANILLA,056,021,25,91,3,medio
070106056000080,070106,VENTANILLA,056,008,25,117,3,medio
070106003000120,070106,VENTANILLA,003,012,11,22,2,medio bajo
07010604300035J,070106,VENTANILLA,043,035,5,20,3,medio
070106059000390,070106,VENTANILLA,059,039,15,60,1,bajo
07010604300012D,070106,VENTANILLA,043,012,11,50,2,medio bajo
070106003000110,070106,VENTANILLA,003,011,11,28,2,medio bajo
070106003000240,070106,VENTANILLA,003,024,18,75,2,medio bajo
070106043000140,070106,VENTANILLA,043,014,11,49,2,medio bajo
07010604300015D,070106,VENTANILLA,043,015,20,68,2,medio bajo
07010604300015C,070106,VENTANILLA,043,015,12,53,2,medio bajo
070106039010500,070106,VENTANILLA,039,050,29,112,3,medio
070106039010570,070106,VENTANILLA,039,057,40,136,3,medio
07010604300010E,070106,VENTANILLA,043,010,20,64,2,medio bajo
070106003000570,070106,VENTANILLA,003,057,12,48,2,medio bajo
070106003000460,070106,VENTANILLA,003,046,23,88,2,medio bajo
070106003000330,070106,VENTANILLA,003,033,23,76,2,medio bajo
070106043000090,070106,VENTANILLA,043,009,11,49,2,medio bajo
070106039010560,070106,VENTANILLA,039,056,35,151,3,medio
070106039010430,070106,VENTANILLA,039,043,23,83,3,medio
07010604300010B,070106,VENTANILLA,043,010,11,30,2,medio bajo
07010604300010D,070106,VENTANILLA,043,010,19,53,2,medio bajo
07010603901037A,070106,VENTANILLA,039,037,2,3,1,bajo
070106039010400,070106,VENTANILLA,039,040,1,4,1,bajo
07010604300010A,070106,VENTANILLA,043,010,11,46,2,medio bajo
070106039010510,070106,VENTANILLA,039,051,16,65,3,medio
070106039010550,070106,VENTANILLA,039,055,27,126,3,medio
070106039010540,070106,VENTANILLA,039,054,40,135,3,medio
070106039010460,070106,VENTANILLA,039,046,24,79,3,medio
070106056000030,070106,VENTANILLA,056,003,23,98,3,medio
070106059000470,070106,VENTANILLA,059,047,13,44,2,medio bajo
070106003000370,070106,VENTANILLA,003,037,23,96,2,medio bajo
070106043000160,070106,VENTANILLA,043,016,18,69,3,medio
07010605600001A,070106,VENTANILLA,056,001,25,97,3,medio
070106056000060,070106,VENTANILLA,056,006,15,62,3,medio
07010605600004A,070106,VENTANILLA,056,004,4,14,3,medio
070106059010130,070106,VENTANILLA,059,013,16,58,1,bajo
070106056000200,070106,VENTANILLA,056,020,17,90,3,medio
070106056000160,070106,VENTANILLA,056,016,20,89,3,medio
070106056000040,070106,VENTANILLA,056,004,10,41,3,medio
070106056000150,070106,VENTANILLA,056,015,18,72,3,medio
070106056000230,070106,VENTANILLA,056,023,25,119,3,medio
070106056000250,070106,VENTANILLA,056,025,24,111,3,medio
070106056000300,070106,VENTANILLA,056,030,26,103,3,medio
070106056000100,070106,VENTANILLA,056,010,17,79,3,medio
070106056000110,070106,VENTANILLA,056,011,32,106,3,medio
07010605600027A,070106,VENTANILLA,056,027,23,93,3,medio
07010605600027B,070106,VENTANILLA,056,027,6,35,3,medio
070106003000250,070106,VENTANILLA,003,025,10,26,2,medio bajo
07010604300001A,070106,VENTANILLA,043,001,44,174,2,medio bajo
070106039010480,070106,VENTANILLA,039,048,37,150,3,medio
070106039010410,070106,VENTANILLA,039,041,9,35,3,medio
07010604300012C,070106,VENTANILLA,043,012,4,12,2,medio bajo
070106059010170,070106,VENTANILLA,059,017,10,35,1,bajo
070106059010140,070106,VENTANILLA,059,014,13,35,1,bajo
070106059010190,070106,VENTANILLA,059,019,21,75,1,bajo
070106003000580,070106,VENTANILLA,003,058,14,59,2,medio bajo
070106003000550,070106,VENTANILLA,003,055,15,59,2,medio bajo
07010605901016C,070106,VENTANILLA,059,016,12,31,1,bajo
070106003000200,070106,VENTANILLA,003,020,17,65,2,medio bajo
070106068000050,070106,VENTANILLA,068,005,6,22,1,bajo
070106068000350,070106,VENTANILLA,068,035,17,62,1,bajo
07010606800005C,070106,VENTANILLA,068,005,16,47,1,bajo
070106003000450,070106,VENTANILLA,003,045,25,93,2,medio bajo
070106003000560,070106,VENTANILLA,003,056,13,48,2,medio bajo
070106068000340,070106,VENTANILLA,068,034,17,70,1,bajo
07010606800005A,070106,VENTANILLA,068,005,18,59,1,bajo
07010605900012B,070106,VENTANILLA,059,012,4,9,1,bajo
07010606800005D,070106,VENTANILLA,068,005,12,33,1,bajo
070106068000410,070106,VENTANILLA,068,041,14,57,1,bajo
070106068000040,070106,VENTANILLA,068,004,17,60,1,bajo
070106059010180,070106,VENTANILLA,059,018,29,71,1,bajo
070106068000390,070106,VENTANILLA,068,039,17,78,1,bajo
070106003000590,070106,VENTANILLA,003,059,15,41,2,medio bajo
07010606800052B,070106,VENTANILLA,068,052,15,51,1,bajo
070106003000510,070106,VENTANILLA,003,051,10,38,2,medio bajo
070106051000480,070106,VENTANILLA,051,048,20,72,5,alto
07010605100019D,070106,VENTANILLA,051,019,14,39,5,alto
07010605901016A,070106,VENTANILLA,059,016,16,56,1,bajo
070106051000240,070106,VENTANILLA,051,024,16,48,5,alto
070106051000330,070106,VENTANILLA,051,033,21,77,5,alto
070106051000260,070106,VENTANILLA,051,026,7,28,5,alto
07010606800005B,070106,VENTANILLA,068,005,19,65,1,bajo
070106051000490,070106,VENTANILLA,051,049,15,53,5,alto
070106051000450,070106,VENTANILLA,051,045,24,77,5,alto
070106051000460,070106,VENTANILLA,051,046,14,52,5,alto
070106051000120,070106,VENTANILLA,051,012,11,38,5,alto
070106039010450,070106,VENTANILLA,039,045,21,85,3,medio
07010606800005E,070106,VENTANILLA,068,005,7,24,1,bajo
070106051000290,070106,VENTANILLA,051,029,27,108,5,alto
070106051000410,070106,VENTANILLA,051,041,14,39,5,alto
07010605100017C,070106,VENTANILLA,051,017,50,197,4,medio alto
07010605100027B,070106,VENTANILLA,051,027,7,16,5,alto
070106051000010,070106,VENTANILLA,051,001,9,34,5,alto
070106051000510,070106,VENTANILLA,051,051,23,100,5,alto
070106051000310,070106,VENTANILLA,051,031,8,23,5,alto
070106068000030,070106,VENTANILLA,068,003,13,48,1,bajo
070106051000020,070106,VENTANILLA,051,002,49,176,5,alto
070106068000380,070106,VENTANILLA,068,038,9,29,1,bajo
070106051000040,070106,VENTANILLA,051,004,15,56,5,alto
070106051000300,070106,VENTANILLA,051,030,20,60,5,alto
070106051000220,070106,VENTANILLA,051,022,11,44,5,alto
070106051000320,070106,VENTANILLA,051,032,15,53,5,alto
070106051000070,070106,VENTANILLA,051,007,7,18,5,alto
070106051000350,070106,VENTANILLA,051,035,19,75,5,alto
07010605100019F,070106,VENTANILLA,051,019,13,45,5,alto
07010605100027A,070106,VENTANILLA,051,027,8,30,5,alto
070106051000100,070106,VENTANILLA,051,010,9,31,5,alto
07010604800059A,070106,VENTANILLA,048,059,10,37,2,medio bajo
070106051000360,070106,VENTANILLA,051,036,23,101,5,alto
070106051000080,070106,VENTANILLA,051,008,7,21,5,alto
070106048000490,070106,VENTANILLA,048,049,9,43,2,medio bajo
07010605100020A,070106,VENTANILLA,051,020,42,167,5,alto
070106051000380,070106,VENTANILLA,051,038,15,54,5,alto
070106051000030,070106,VENTANILLA,051,003,17,56,5,alto
070106051000390,070106,VENTANILLA,051,039,19,86,5,alto
070106051000250,070106,VENTANILLA,051,025,21,60,5,alto
07010605100019E,070106,VENTANILLA,051,019,13,40,5,alto
07010605100013A,070106,VENTANILLA,051,013,1,1,5,alto
070106051000060,070106,VENTANILLA,051,006,17,60,5,alto
070106048000590,070106,VENTANILLA,048,059,5,15,2,medio bajo
070106051000340,070106,VENTANILLA,051,034,10,32,5,alto
07010605100002B,070106,VENTANILLA,051,002,1,5,5,alto
070106051000520,070106,VENTANILLA,051,052,28,95,5,alto
070106051000090,070106,VENTANILLA,051,009,11,37,5,alto
07010604800059B,070106,VENTANILLA,048,059,13,46,2,medio bajo
070106048000550,070106,VENTANILLA,048,055,10,36,3,medio
07010604800058C,070106,VENTANILLA,048,058,16,61,2,medio bajo
07010600300012A,070106,VENTANILLA,003,012,21,82,2,medio bajo
070106056000020,070106,VENTANILLA,056,002,16,68,3,medio
070106003000410,070106,VENTANILLA,003,041,18,68,2,medio bajo
070106056000190,070106,VENTANILLA,056,019,23,83,3,medio
070106056000530,070106,VENTANILLA,056,053,3,12,1,bajo
070106056000540,070106,VENTANILLA,056,054,27,118,1,bajo
070106056000390,070106,VENTANILLA,056,039,20,80,2,medio bajo
070106056000380,070106,VENTANILLA,056,038,21,90,2,medio bajo
070106056000560,070106,VENTANILLA,056,056,15,69,1,bajo
070106056000320,070106,VENTANILLA,056,032,23,86,3,medio
070106056000550,070106,VENTANILLA,056,055,28,110,1,bajo
070106056000310,070106,VENTANILLA,056,031,24,108,3,medio
070106059010150,070106,VENTANILLA,059,015,12,36,1,bajo
070106048000540,070106,VENTANILLA,048,054,22,76,3,medio
070106048000570,070106,VENTANILLA,048,057,6,23,3,medio
070106048000560,070106,VENTANILLA,048,056,8,29,3,medio
070106048000520,070106,VENTANILLA,048,052,12,37,3,medio
070106059010160,070106,VENTANILLA,059,016,16,40,1,bajo
070106003000530,070106,VENTANILLA,003,053,24,101,2,medio bajo
070106048000460,070106,VENTANILLA,048,046,14,57,2,medio bajo
070106048000440,070106,VENTANILLA,048,044,18,77,2,medio bajo
07010603901039A,070106,VENTANILLA,039,039,19,51,1,bajo
070106048000480,070106,VENTANILLA,048,048,6,43,2,medio bajo
07010604300035S,070106,VENTANILLA,043,035,11,48,3,medio
07010604300036B,070106,VENTANILLA,043,036,90,364,3,medio
07010604300015E,070106,VENTANILLA,043,015,5,18,2,medio bajo
070106057000230,070106,VENTANILLA,057,023,33,139,1,bajo
070106057000090,070106,VENTANILLA,057,009,11,46,2,medio bajo
07010605700004B,070106,VENTANILLA,057,004,17,64,2,medio bajo
07010604800047A,070106,VENTANILLA,048,047,24,133,2,medio bajo
070106057000240,070106,VENTANILLA,057,024,20,67,1,bajo
07010605700019D,070106,VENTANILLA,057,019,8,28,2,medio bajo
07010605700010A,070106,VENTANILLA,057,010,16,56,2,medio bajo
07010604300036C,070106,VENTANILLA,043,036,85,338,3,medio
070106057000310,070106,VENTANILLA,057,031,4,11,1,bajo
07010605700014A,070106,VENTANILLA,057,014,16,40,3,medio
070106057000080,070106,VENTANILLA,057,008,12,43,2,medio bajo
070106057000270,070106,VENTANILLA,057,027,37,140,3,medio
07010605700040C,070106,VENTANILLA,057,040,30,94,1,bajo
07010605700022C,070106,VENTANILLA,057,022,33,134,1,bajo
07010605700047A,070106,VENTANILLA,057,047,4,18,2,medio bajo
070106057000180,070106,VENTANILLA,057,018,2,6,2,medio bajo
07010605700047B,070106,VENTANILLA,057,047,4,13,2,medio bajo
070106057000060,070106,VENTANILLA,057,006,8,23,2,medio bajo
070106057000260,070106,VENTANILLA,057,026,1,1,3,medio
07010605700013A,070106,VENTANILLA,057,013,4,13,1,bajo
07010603901040B,070106,VENTANILLA,039,040,1,3,3,medio
070106003000150,070106,VENTANILLA,003,015,12,49,2,medio bajo
07010605700035C,070106,VENTANILLA,057,035,16,49,2,medio bajo
070106003000360,070106,VENTANILLA,003,036,18,56,2,medio bajo
070106003000350,070106,VENTANILLA,003,035,14,52,2,medio bajo
070106003000140,070106,VENTANILLA,003,014,13,33,2,medio bajo
070106003000320,070106,VENTANILLA,003,032,20,94,2,medio bajo
070106003000340,070106,VENTANILLA,003,034,18,67,2,medio bajo
070106003000540,070106,VENTANILLA,003,054,14,67,2,medio bajo
070106003000210,070106,VENTANILLA,003,021,18,59,2,medio bajo
070106003000400,070106,VENTANILLA,003,040,25,74,2,medio bajo
070106051000550,070106,VENTANILLA,051,055,14,41,5,alto
07010606800032C,070106,VENTANILLA,068,032,5,17,1,bajo
070106068000070,070106,VENTANILLA,068,007,11,37,1,bajo
070106068000120,070106,VENTANILLA,068,012,18,68,1,bajo
070106068000060,070106,VENTANILLA,068,006,14,57,1,bajo
070106068000210,070106,VENTANILLA,068,021,26,98,1,bajo
070106068000250,070106,VENTANILLA,068,025,17,53,1,bajo
070106068000260,070106,VENTANILLA,068,026,17,59,1,bajo
070106068000550,070106,VENTANILLA,068,055,9,27,1,bajo
070106068000220,070106,VENTANILLA,068,022,22,85,1,bajo
070106068000110,070106,VENTANILLA,068,011,21,56,1,bajo
070106068000080,070106,VENTANILLA,068,008,21,77,1,bajo
070106051000110,070106,VENTANILLA,051,011,8,34,5,alto
070106048000370,070106,VENTANILLA,048,037,12,54,2,medio bajo
07010604800033E,070106,VENTANILLA,048,033,9,26,2,medio bajo
070106048000360,070106,VENTANILLA,048,036,24,83,2,medio bajo
07010604800034A,070106,VENTANILLA,048,034,6,24,2,medio bajo
070106003000190,070106,VENTANILLA,003,019,16,33,2,medio bajo
07010600300009A,070106,VENTANILLA,003,009,6,17,2,medio bajo
07010605700011D,070106,VENTANILLA,057,011,28,81,2,medio bajo
07010605600036O,070106,VENTANILLA,056,036,7,19,3,medio
07010605700003A,070106,VENTANILLA,057,003,1,6,2,medio bajo
07010604800042B,070106,VENTANILLA,048,042,6,17,2,medio bajo
070106056000350,070106,VENTANILLA,056,035,4,16,3,medio
07010605600036E,070106,VENTANILLA,056,036,1,1,3,medio
07010603903001F,070106,VENTANILLA,039,001,26,82,4,medio alto
07010603903001E,070106,VENTANILLA,039,001,32,93,4,medio alto
07010605600036B,070106,VENTANILLA,056,036,10,43,1,bajo
070106048000430,070106,VENTANILLA,048,043,47,203,2,medio bajo
07010605600037B,070106,VENTANILLA,056,037,10,40,3,medio
07010605600036L,070106,VENTANILLA,056,036,14,53,3,medio
07010605600037A,070106,VENTANILLA,056,037,3,8,3,medio
07010605600036F,070106,VENTANILLA,056,036,12,40,3,medio
07010605600036H,070106,VENTANILLA,056,036,13,59,3,medio
07010605600036C,070106,VENTANILLA,056,036,9,42,1,bajo
07010605600036G,070106,VENTANILLA,056,036,4,24,3,medio
07010604800041A,070106,VENTANILLA,048,041,8,28,2,medio bajo
070106056000340,070106,VENTANILLA,056,034,17,67,3,medio
070106003000230,070106,VENTANILLA,003,023,14,45,2,medio bajo
07010605600037H,070106,VENTANILLA,056,037,11,42,1,bajo
07010604800058A,070106,VENTANILLA,048,058,9,38,3,medio
07010603903001C,070106,VENTANILLA,039,001,33,105,4,medio alto
07010603903001B,070106,VENTANILLA,039,001,8,29,4,medio alto
07010604800051A,070106,VENTANILLA,048,051,8,35,3,medio
07010604400007A,070106,VENTANILLA,044,007,57,199,2,medio bajo
07010604400007E,070106,VENTANILLA,044,007,9,35,2,medio bajo
07010604300035T,070106,VENTANILLA,043,035,12,53,3,medio
07010604400007B,070106,VENTANILLA,044,007,4,12,2,medio bajo
070106004000240,070106,VENTANILLA,004,024,15,63,2,medio bajo
07010600400032B,070106,VENTANILLA,004,032,11,30,2,medio bajo
070106004000460,070106,VENTANILLA,004,046,9,41,2,medio bajo
07010600400019C,070106,VENTANILLA,004,019,13,49,2,medio bajo
070106004000230,070106,VENTANILLA,004,023,8,35,2,medio bajo
07010603903001D,070106,VENTANILLA,039,001,32,105,4,medio alto
070106068000240,070106,VENTANILLA,068,024,21,78,1,bajo
07010600400024A,070106,VENTANILLA,004,024,14,35,2,medio bajo
070106068000010,070106,VENTANILLA,068,001,11,50,1,bajo
07010600300050A,070106,VENTANILLA,003,050,4,26,2,medio bajo
07010606800043A,070106,VENTANILLA,068,043,1,1,1,bajo
07010600400046B,070106,VENTANILLA,004,046,25,92,2,medio bajo
070106004000490,070106,VENTANILLA,004,049,15,50,2,medio bajo
070106004000330,070106,VENTANILLA,004,033,9,35,2,medio bajo
070106004000120,070106,VENTANILLA,004,012,7,29,2,medio bajo
070106068000190,070106,VENTANILLA,068,019,8,31,2,medio bajo
070106068000270,070106,VENTANILLA,068,027,23,71,1,bajo
070106004000480,070106,VENTANILLA,004,048,8,34,2,medio bajo
070106068000140,070106,VENTANILLA,068,014,6,17,2,medio bajo
070106004000380,070106,VENTANILLA,004,038,20,79,2,medio bajo
070106004000350,070106,VENTANILLA,004,035,21,95,2,medio bajo
070106004000270,070106,VENTANILLA,004,027,14,46,2,medio bajo
070106068000420,070106,VENTANILLA,068,042,24,86,1,bajo
07010604300035R,070106,VENTANILLA,043,035,9,24,3,medio
070106003000440,070106,VENTANILLA,003,044,16,60,2,medio bajo
070106068000330,070106,VENTANILLA,068,033,14,57,1,bajo
07010604800038C,070106,VENTANILLA,048,038,28,104,2,medio bajo
07010604400007G,070106,VENTANILLA,044,007,10,20,2,medio bajo
07010604400010A,070106,VENTANILLA,044,010,1,1,2,medio bajo
07010604400007I,070106,VENTANILLA,044,007,3,8,2,medio bajo
07010604400007F,070106,VENTANILLA,044,007,8,23,2,medio bajo
070106004000420,070106,VENTANILLA,004,042,17,87,2,medio bajo
070106004000580,070106,VENTANILLA,004,058,26,89,2,medio bajo
070106004000590,070106,VENTANILLA,004,059,27,75,2,medio bajo
070106004000440,070106,VENTANILLA,004,044,32,133,2,medio bajo
070106004000250,070106,VENTANILLA,004,025,19,66,2,medio bajo
070106057000010,070106,VENTANILLA,057,001,8,26,2,medio bajo
070106004000220,070106,VENTANILLA,004,022,24,72,2,medio bajo
070106057000360,070106,VENTANILLA,057,036,9,31,2,medio bajo
070106057000070,070106,VENTANILLA,057,007,14,42,2,medio bajo
07010605700042C,070106,VENTANILLA,057,042,11,33,2,medio bajo
07010605700020W,070106,VENTANILLA,057,020,19,70,2,medio bajo
07010607302011J,070106,VENTANILLA,073,011,1,5,1,bajo
07010605700004A,070106,VENTANILLA,057,004,19,64,2,medio bajo
07010605700005B,070106,VENTANILLA,057,005,33,129,2,medio bajo
07010605700031A,070106,VENTANILLA,057,031,19,71,1,bajo
070106048000390,070106,VENTANILLA,048,039,15,52,2,medio bajo
070106056000330,070106,VENTANILLA,056,033,27,93,3,medio
070106003000220,070106,VENTANILLA,003,022,16,56,2,medio bajo
070106004000360,070106,VENTANILLA,004,036,19,92,2,medio bajo
070106004000530,070106,VENTANILLA,004,053,15,65,2,medio bajo
07010603903001H,070106,VENTANILLA,039,001,34,108,4,medio alto
070106004000150,070106,VENTANILLA,004,015,5,14,2,medio bajo
070106004000260,070106,VENTANILLA,004,026,25,95,2,medio bajo
070106048000290,070106,VENTANILLA,048,029,13,38,5,alto
070106004000200,070106,VENTANILLA,004,020,22,84,2,medio bajo
070106004000550,070106,VENTANILLA,004,055,17,89,2,medio bajo
07010604800026C,070106,VENTANILLA,048,026,11,37,5,alto
070106048000320,070106,VENTANILLA,048,032,12,44,5,alto
07010602901034J,070106,VENTANILLA,029,034,4,9,4,medio alto
070106048000310,070106,VENTANILLA,048,031,13,50,5,alto
070106004000500,070106,VENTANILLA,004,050,29,112,2,medio bajo
07010604800026B,070106,VENTANILLA,048,026,1,2,5,alto
070106004000370,070106,VENTANILLA,004,037,12,62,2,medio bajo
070106004000210,070106,VENTANILLA,004,021,23,91,2,medio bajo
070106048000270,070106,VENTANILLA,048,027,14,45,5,alto
070106048000300,070106,VENTANILLA,048,030,13,33,5,alto
070106003000180,070106,VENTANILLA,003,018,11,27,2,medio bajo
070106004000450,070106,VENTANILLA,004,045,29,140,2,medio bajo
070106004000560,070106,VENTANILLA,004,056,21,92,2,medio bajo
07010604800043A,070106,VENTANILLA,048,043,5,16,2,medio bajo
07010604400007J,070106,VENTANILLA,044,007,8,23,2,medio bajo
070106068000180,070106,VENTANILLA,068,018,6,21,1,bajo
07010605700013C,070106,VENTANILLA,057,013,14,46,1,bajo
070106068000360,070106,VENTANILLA,068,036,24,101,1,bajo
070106068000150,070106,VENTANILLA,068,015,13,48,1,bajo
07010605700042B,070106,VENTANILLA,057,042,10,31,2,medio bajo
070106068000170,070106,VENTANILLA,068,017,14,43,1,bajo
070106068000160,070106,VENTANILLA,068,016,16,61,1,bajo
07010605700044D,070106,VENTANILLA,057,044,7,25,2,medio bajo
07010605700026A,070106,VENTANILLA,057,026,1,3,3,medio
070106048000230,070106,VENTANILLA,048,023,10,29,5,alto
070106068000370,070106,VENTANILLA,068,037,31,120,1,bajo
070106068000200,070106,VENTANILLA,068,020,12,52,2,medio bajo
070106068000090,070106,VENTANILLA,068,009,17,76,1,bajo
070106068000100,070106,VENTANILLA,068,010,22,77,1,bajo
07010605700019B,070106,VENTANILLA,057,019,21,83,1,bajo
07010606800045A,070106,VENTANILLA,068,045,24,80,1,bajo
070106068000020,070106,VENTANILLA,068,002,15,61,1,bajo
07010605700019C,070106,VENTANILLA,057,019,9,33,1,bajo
070106044000430,070106,VENTANILLA,044,043,31,137,3,medio
07010606800028A,070106,VENTANILLA,068,028,2,3,1,bajo
070106044000420,070106,VENTANILLA,044,042,31,103,3,medio
07010605700035D,070106,VENTANILLA,057,035,10,38,2,medio bajo
07010604400007H,070106,VENTANILLA,044,007,2,8,2,medio bajo
070106068000400,070106,VENTANILLA,068,040,19,58,1,bajo
07010605600035A,070106,VENTANILLA,056,035,8,25,3,medio
07010605600035B,070106,VENTANILLA,056,035,7,29,3,medio
07010605600035C,070106,VENTANILLA,056,035,5,19,3,medio
070106056000430,070106,VENTANILLA,056,043,24,105,1,bajo
070106056000500,070106,VENTANILLA,056,050,24,104,1,bajo
070106048000100,070106,VENTANILLA,048,010,14,55,5,alto
070106048000150,070106,VENTANILLA,048,015,25,74,5,alto
070106048000170,070106,VENTANILLA,048,017,27,87,5,alto
070106048000080,070106,VENTANILLA,048,008,25,89,5,alto
070106048000180,070106,VENTANILLA,048,018,20,62,5,alto
07010604800013B,070106,VENTANILLA,048,013,31,100,5,alto
07010604800013A,070106,VENTANILLA,048,013,27,81,5,alto
070106048000190,070106,VENTANILLA,048,019,27,92,5,alto
070106056000130,070106,VENTANILLA,056,013,3,7,3,medio
070106056000440,070106,VENTANILLA,056,044,30,115,1,bajo
070106056000490,070106,VENTANILLA,056,049,26,110,1,bajo
070106048000090,070106,VENTANILLA,048,009,28,97,5,alto
070106048000070,070106,VENTANILLA,048,007,15,68,5,alto
070106048000120,070106,VENTANILLA,048,012,37,106,5,alto
070106004000570,070106,VENTANILLA,004,057,29,108,2,medio bajo
070106057000020,070106,VENTANILLA,057,002,9,30,2,medio bajo
070106004000430,070106,VENTANILLA,004,043,14,60,2,medio bajo
07010604800041B,070106,VENTANILLA,048,041,23,107,2,medio bajo
070106044000320,070106,VENTANILLA,044,032,23,103,3,medio
070106044000310,070106,VENTANILLA,044,031,18,55,3,medio
07010604400026D,070106,VENTANILLA,044,026,7,33,3,medio
07010604400028C,070106,VENTANILLA,044,028,45,169,3,medio
07010604400026E,070106,VENTANILLA,044,026,7,39,3,medio
07010605600035F,070106,VENTANILLA,056,035,7,13,3,medio
07010605600037L,070106,VENTANILLA,056,037,11,34,1,bajo
07010604400026B,070106,VENTANILLA,044,026,9,34,3,medio
07010605600037M,070106,VENTANILLA,056,037,5,24,1,bajo
07010604400026A,070106,VENTANILLA,044,026,23,116,3,medio
07010604400026C,070106,VENTANILLA,044,026,7,33,3,medio
070106044000340,070106,VENTANILLA,044,034,9,36,3,medio
07010605600035E,070106,VENTANILLA,056,035,2,7,1,bajo
070106044000060,070106,VENTANILLA,044,006,20,54,2,medio bajo
070106044000300,070106,VENTANILLA,044,030,34,154,3,medio
07010605600001B,070106,VENTANILLA,056,001,12,46,3,medio
070106044000210,070106,VENTANILLA,044,021,23,77,2,medio bajo
070106044000230,070106,VENTANILLA,044,023,11,43,2,medio bajo
070106068000500,070106,VENTANILLA,068,050,23,89,1,bajo
070106044000240,070106,VENTANILLA,044,024,11,44,2,medio bajo
070106044000220,070106,VENTANILLA,044,022,23,79,2,medio bajo
070106004000510,070106,VENTANILLA,004,051,11,41,2,medio bajo
07010604400018D,070106,VENTANILLA,044,018,33,125,2,medio bajo
070106068000440,070106,VENTANILLA,068,044,27,121,1,bajo
070106044000050,070106,VENTANILLA,044,005,17,55,2,medio bajo
070106004000520,070106,VENTANILLA,004,052,14,58,2,medio bajo
07010604400002A,070106,VENTANILLA,044,002,9,26,2,medio bajo
07010604400003A,070106,VENTANILLA,044,003,8,26,2,medio bajo
07010607302011E,070106,VENTANILLA,073,011,7,16,1,bajo
070106068000540,070106,VENTANILLA,068,054,20,76,1,bajo
07010605700024A,070106,VENTANILLA,057,024,4,12,1,bajo
070106048000200,070106,VENTANILLA,048,020,22,79,5,alto
07010604800033D,070106,VENTANILLA,048,033,3,8,2,medio bajo
07010606800052C,070106,VENTANILLA,068,052,23,82,1,bajo
070106068000430,070106,VENTANILLA,068,043,17,69,1,bajo
07010604800033C,070106,VENTANILLA,048,033,8,38,2,medio bajo
070106068000570,070106,VENTANILLA,068,057,8,25,1,bajo
070106068000530,070106,VENTANILLA,068,053,11,30,1,bajo
07010604800034B,070106,VENTANILLA,048,034,7,24,2,medio bajo
07010606800032A,070106,VENTANILLA,068,032,7,27,1,bajo
07010606800052D,070106,VENTANILLA,068,052,17,58,1,bajo
070106044000370,070106,VENTANILLA,044,037,44,184,3,medio
070106068000230,070106,VENTANILLA,068,023,18,57,1,bajo
07010605600036I,070106,VENTANILLA,056,036,14,64,3,medio
07010604100008B,070106,VENTANILLA,041,008,51,192,4,medio alto
070106044000360,070106,VENTANILLA,044,036,37,137,3,medio
070106056000480,070106,VENTANILLA,056,048,26,130,1,bajo
070106041000040,070106,VENTANILLA,041,004,46,165,3,medio
07010604100021C,070106,VENTANILLA,041,021,7,26,4,medio alto
070106041000010,070106,VENTANILLA,041,001,38,140,3,medio
07010606800040A,070106,VENTANILLA,068,040,7,24,1,bajo
07010604100026W,070106,VENTANILLA,041,026,34,99,5,alto
070106041000020,070106,VENTANILLA,041,002,33,140,3,medio
070106041000230,070106,VENTANILLA,041,023,12,43,5,alto
070106041000160,070106,VENTANILLA,041,016,19,68,4,medio alto
07010604100009A,070106,VENTANILLA,041,009,26,95,4,medio alto
070106041000070,070106,VENTANILLA,041,007,38,136,3,medio
070106041000030,070106,VENTANILLA,041,003,16,65,3,medio
070106041000110,070106,VENTANILLA,041,011,65,227,3,medio
07010604100013A,070106,VENTANILLA,041,013,13,41,4,medio alto
070106041000120,070106,VENTANILLA,041,012,54,215,4,medio alto
070106041000200,070106,VENTANILLA,041,020,55,190,4,medio alto
07010604100021A,070106,VENTANILLA,041,021,26,99,4,medio alto
070106041000150,070106,VENTANILLA,041,015,28,107,4,medio alto
070106041000330,070106,VENTANILLA,041,033,17,55,5,alto
07010600400024B,070106,VENTANILLA,004,024,4,18,2,medio bajo
070106041000250,070106,VENTANILLA,041,025,35,140,5,alto
070106041000280,070106,VENTANILLA,041,028,48,176,5,alto
070106041000140,070106,VENTANILLA,041,014,30,114,4,medio alto
07010604100026R,070106,VENTANILLA,041,026,25,90,5,alto
070106041000220,070106,VENTANILLA,041,022,48,195,5,alto
07010604100021B,070106,VENTANILLA,041,021,11,60,4,medio alto
070106041000260,070106,VENTANILLA,041,026,36,124,5,alto
070106004000540,070106,VENTANILLA,004,054,15,47,2,medio bajo
070106041000320,070106,VENTANILLA,041,032,29,111,5,alto
070106001010290,070106,VENTANILLA,001,029,11,41,1,bajo
070106001010300,070106,VENTANILLA,001,030,19,49,1,bajo
070106041000380,070106,VENTANILLA,041,038,37,170,5,alto
07010600101019A,070106,VENTANILLA,001,019,10,36,1,bajo
070106001010250,070106,VENTANILLA,001,025,26,74,1,bajo
070106001010160,070106,VENTANILLA,001,016,18,47,1,bajo
070106041000370,070106,VENTANILLA,041,037,19,77,5,alto
070106001010170,070106,VENTANILLA,001,017,9,29,1,bajo
070106001010240,070106,VENTANILLA,001,024,7,27,1,bajo
070106041000350,070106,VENTANILLA,041,035,17,57,5,alto
07010600101021B,070106,VENTANILLA,001,021,8,25,1,bajo
070106001010220,070106,VENTANILLA,001,022,11,33,1,bajo
070106001010270,070106,VENTANILLA,001,027,15,45,1,bajo
070106001010260,070106,VENTANILLA,001,026,20,50,1,bajo
070106001010200,070106,VENTANILLA,001,020,6,17,1,bajo
070106001010180,070106,VENTANILLA,001,018,7,24,1,bajo
070106044000040,070106,VENTANILLA,044,004,26,87,2,medio bajo
070106048000030,070106,VENTANILLA,048,003,15,47,5,alto
070106041000410,070106,VENTANILLA,041,041,16,67,5,alto
070106041000400,070106,VENTANILLA,041,040,18,73,5,alto
070106068000510,070106,VENTANILLA,068,051,27,100,1,bajo
070106066000280,070106,VENTANILLA,066,028,27,102,1,bajo
07010605600045A,070106,VENTANILLA,056,045,12,42,1,bajo
070106056000460,070106,VENTANILLA,056,046,28,110,1,bajo
070106056000470,070106,VENTANILLA,056,047,18,69,1,bajo
070106066000010,070106,VENTANILLA,066,001,25,99,1,bajo
070106066000120,070106,VENTANILLA,066,012,28,90,1,bajo
070106066000530,070106,VENTANILLA,066,053,23,73,1,bajo
070106066000230,070106,VENTANILLA,066,023,5,20,1,bajo
070106066000260,070106,VENTANILLA,066,026,25,85,1,bajo
070106066000020,070106,VENTANILLA,066,002,13,46,1,bajo
070106066000030,070106,VENTANILLA,066,003,25,101,1,bajo
070106041000630,070106,VENTANILLA,041,063,50,138,5,alto
070106066000210,070106,VENTANILLA,066,021,16,58,1,bajo
070106066000190,070106,VENTANILLA,066,019,36,144,1,bajo
070106066000460,070106,VENTANILLA,066,046,8,27,1,bajo
07010606600020A,070106,VENTANILLA,066,020,18,75,1,bajo
070106066000360,070106,VENTANILLA,066,036,10,29,1,bajo
070106066000160,070106,VENTANILLA,066,016,21,80,1,bajo
07010606600015B,070106,VENTANILLA,066,015,25,90,1,bajo
070106066000170,070106,VENTANILLA,066,017,10,30,1,bajo
070106066000470,070106,VENTANILLA,066,047,9,25,1,bajo
070106066000490,070106,VENTANILLA,066,049,8,34,1,bajo
07010606800052E,070106,VENTANILLA,068,052,8,27,1,bajo
07010604100026Q,070106,VENTANILLA,041,026,18,67,5,alto
070106044000180,070106,VENTANILLA,044,018,16,68,2,medio bajo
070106044000190,070106,VENTANILLA,044,019,5,18,2,medio bajo
070106044000200,070106,VENTANILLA,044,020,15,60,2,medio bajo
070106044000090,070106,VENTANILLA,044,009,36,114,2,medio bajo
070106044000010,070106,VENTANILLA,044,001,79,247,2,medio bajo
070106041000170,070106,VENTANILLA,041,017,22,97,4,medio alto
070106066000060,070106,VENTANILLA,066,006,11,30,1,bajo
07010604100016A,070106,VENTANILLA,041,016,30,113,5,alto
07010600400032A,070106,VENTANILLA,004,032,13,51,2,medio bajo
070106066000070,070106,VENTANILLA,066,007,9,46,1,bajo
070106066000310,070106,VENTANILLA,066,031,17,57,1,bajo
070106066000380,070106,VENTANILLA,066,038,20,95,1,bajo
070106066000320,070106,VENTANILLA,066,032,10,45,1,bajo
070106066000330,070106,VENTANILLA,066,033,24,100,1,bajo
070106066000430,070106,VENTANILLA,066,043,24,85,1,bajo
070106066000300,070106,VENTANILLA,066,030,7,16,1,bajo
070106066000540,070106,VENTANILLA,066,054,25,96,1,bajo
07010604400002D,070106,VENTANILLA,044,002,6,14,2,medio bajo
070106066000420,070106,VENTANILLA,066,042,25,84,1,bajo
070106066000270,070106,VENTANILLA,066,027,14,54,1,bajo
070106044000150,070106,VENTANILLA,044,015,13,38,2,medio bajo
070106044000100,070106,VENTANILLA,044,010,12,43,2,medio bajo
070106066000350,070106,VENTANILLA,066,035,23,87,1,bajo
070106066000340,070106,VENTANILLA,066,034,24,88,1,bajo
070106066000410,070106,VENTANILLA,066,041,14,54,1,bajo
070106066000370,070106,VENTANILLA,066,037,18,75,1,bajo
070106044000020,070106,VENTANILLA,044,002,36,108,2,medio bajo
070106044000130,070106,VENTANILLA,044,013,24,85,2,medio bajo
070106041000340,070106,VENTANILLA,041,034,15,48,5,alto
070106044000110,070106,VENTANILLA,044,011,12,44,2,medio bajo
070106001010280,070106,VENTANILLA,001,028,18,38,1,bajo
070106041000390,070106,VENTANILLA,041,039,15,55,5,alto
07010604400015C,070106,VENTANILLA,044,015,21,74,2,medio bajo
070106044000160,070106,VENTANILLA,044,016,17,64,2,medio bajo
07010604400015B,070106,VENTANILLA,044,015,11,39,2,medio bajo
07010604400014I,070106,VENTANILLA,044,014,2,8,2,medio bajo
07010604400014L,070106,VENTANILLA,044,014,9,29,2,medio bajo
070106044000170,070106,VENTANILLA,044,017,9,39,2,medio bajo
07010604400015E,070106,VENTANILLA,044,015,14,44,2,medio bajo
07010604400014B,070106,VENTANILLA,044,014,12,33,2,medio bajo
07010604400014J,070106,VENTANILLA,044,014,8,26,2,medio bajo
07010604400014K,070106,VENTANILLA,044,014,17,63,2,medio bajo
070106044000080,070106,VENTANILLA,044,008,18,64,2,medio bajo
07010604400014G,070106,VENTANILLA,044,014,17,54,2,medio bajo
07010604400002C,070106,VENTANILLA,044,002,4,17,2,medio bajo
07010604400014M,070106,VENTANILLA,044,014,22,69,2,medio bajo
07010604400017A,070106,VENTANILLA,044,017,35,117,2,medio bajo
070106001010150,070106,VENTANILLA,001,015,19,62,1,bajo
07010606600011B,070106,VENTANILLA,066,011,7,18,1,bajo
070106066000240,070106,VENTANILLA,066,024,17,63,1,bajo
070106066000130,070106,VENTANILLA,066,013,15,57,1,bajo
070106066000040,070106,VENTANILLA,066,004,12,59,1,bajo
070106066000500,070106,VENTANILLA,066,050,25,107,1,bajo
070106066000080,070106,VENTANILLA,066,008,22,80,1,bajo
070106066000090,070106,VENTANILLA,066,009,31,124,1,bajo
070106066000140,070106,VENTANILLA,066,014,8,38,1,bajo
070106066000290,070106,VENTANILLA,066,029,21,69,1,bajo
07010605600040A,070106,VENTANILLA,056,040,15,53,2,medio bajo
070106066000400,070106,VENTANILLA,066,040,12,50,1,bajo
07010606600011A,070106,VENTANILLA,066,011,8,33,1,bajo
07010604400026F,070106,VENTANILLA,044,026,8,23,3,medio
070106039020370,070106,VENTANILLA,039,037,26,99,3,medio
070106039020090,070106,VENTANILLA,039,009,27,83,3,medio
070106039020060,070106,VENTANILLA,039,006,36,115,3,medio
070106039020170,070106,VENTANILLA,039,017,38,165,3,medio
070106039020110,070106,VENTANILLA,039,011,56,207,3,medio
070106039020070,070106,VENTANILLA,039,007,44,152,3,medio
070106039020020,070106,VENTANILLA,039,002,30,108,3,medio
070106039020080,070106,VENTANILLA,039,008,51,177,3,medio
070106039020120,070106,VENTANILLA,039,012,40,158,3,medio
070106039020190,070106,VENTANILLA,039,019,55,202,3,medio
070106039020210,070106,VENTANILLA,039,021,23,104,3,medio
070106039020160,070106,VENTANILLA,039,016,38,132,3,medio
070106039020200,070106,VENTANILLA,039,020,35,137,3,medio
070106039020140,070106,VENTANILLA,039,014,5,15,3,medio
070106039020150,070106,VENTANILLA,039,015,38,120,3,medio
070106039020220,070106,VENTANILLA,039,022,52,169,3,medio
070106044000030,070106,VENTANILLA,044,003,21,70,2,medio bajo
070106066000440,070106,VENTANILLA,066,044,7,21,1,bajo
070106041000610,070106,VENTANILLA,041,061,22,103,5,alto
070106041000570,070106,VENTANILLA,041,057,11,52,5,alto
070106060010010,070106,VENTANILLA,060,001,7,12,2,medio bajo
070106041000580,070106,VENTANILLA,041,058,29,105,5,alto
070106066000100,070106,VENTANILLA,066,010,27,108,1,bajo
070106039020240,070106,VENTANILLA,039,024,35,140,3,medio
070106060010020,070106,VENTANILLA,060,002,10,13,2,medio bajo
070106060010030,070106,VENTANILLA,060,003,4,8,2,medio bajo
070106041000480,070106,VENTANILLA,041,048,31,115,5,alto
070106039020290,070106,VENTANILLA,039,029,14,53,3,medio
070106039020280,070106,VENTANILLA,039,028,36,153,3,medio
070106041000600,070106,VENTANILLA,041,060,26,105,5,alto
070106060010070,070106,VENTANILLA,060,007,11,42,2,medio bajo
070106060010080,070106,VENTANILLA,060,008,8,18,2,medio bajo
070106060010130,070106,VENTANILLA,060,013,3,9,2,medio bajo
070106060010090,070106,VENTANILLA,060,009,5,13,2,medio bajo
070106039020270,070106,VENTANILLA,039,027,22,79,3,medio
070106060010110,070106,VENTANILLA,060,011,1,2,2,medio bajo
070106060010100,070106,VENTANILLA,060,010,11,23,2,medio bajo
070106060010140,070106,VENTANILLA,060,014,4,7,2,medio bajo
070106060010060,070106,VENTANILLA,060,006,6,12,2,medio bajo
070106060010040,070106,VENTANILLA,060,004,9,21,2,medio bajo
070106041000560,070106,VENTANILLA,041,056,10,39,5,alto
070106041000510,070106,VENTANILLA,041,051,14,54,5,alto
070106039020250,070106,VENTANILLA,039,025,37,152,3,medio
070106039020260,070106,VENTANILLA,039,026,59,241,3,medio
07010604400014N,070106,VENTANILLA,044,014,6,19,2,medio bajo
070106039020310,070106,VENTANILLA,039,031,36,117,3,medio
07010604400015A,070106,VENTANILLA,044,015,19,68,2,medio bajo
07010604400002B,070106,VENTANILLA,044,002,6,23,2,medio bajo
070106066000510,070106,VENTANILLA,066,051,28,108,1,bajo
07010605600052B,070106,VENTANILLA,056,052,26,115,1,bajo
07010605600052A,070106,VENTANILLA,056,052,8,36,1,bajo
07010605600037U,070106,VENTANILLA,056,037,7,23,1,bajo
070106056000450,070106,VENTANILLA,056,045,23,85,1,bajo
070106053000180,070106,VENTANILLA,053,018,6,9,2,medio bajo
07010605600037T,070106,VENTANILLA,056,037,9,37,1,bajo
07010605600036M,070106,VENTANILLA,056,036,1,4,3,medio
070106041000300,070106,VENTANILLA,041,030,22,90,5,alto
07010605300016A,070106,VENTANILLA,053,016,8,20,2,medio bajo
070106041000460,070106,VENTANILLA,041,046,20,79,5,alto
07010605600037R,070106,VENTANILLA,056,037,18,84,1,bajo
07010605600052C,070106,VENTANILLA,056,052,12,50,1,bajo
07010605600036K,070106,VENTANILLA,056,036,16,79,3,medio
07010605600037C,070106,VENTANILLA,056,037,19,74,3,medio
07010605600037G,070106,VENTANILLA,056,037,6,27,1,bajo
070106041000590,070106,VENTANILLA,041,059,29,98,5,alto
070106041000430,070106,VENTANILLA,041,043,51,212,5,alto
07010604100026S,070106,VENTANILLA,041,026,23,89,5,alto
070106041000310,070106,VENTANILLA,041,031,13,50,5,alto
07010604100005C,070106,VENTANILLA,041,005,6,29,3,medio
070106041000440,070106,VENTANILLA,041,044,2,3,5,alto
070106001010120,070106,VENTANILLA,001,012,5,11,1,bajo
070106001010130,070106,VENTANILLA,001,013,6,15,1,bajo
070106039020100,070106,VENTANILLA,039,010,40,168,3,medio
07010603902013A,070106,VENTANILLA,039,013,26,94,3,medio
070106066000250,070106,VENTANILLA,066,025,18,86,1,bajo
070106060010170,070106,VENTANILLA,060,017,10,22,2,medio bajo
070106041000620,070106,VENTANILLA,041,062,21,65,5,alto
070106060010160,070106,VENTANILLA,060,016,12,20,2,medio bajo
070106060010210,070106,VENTANILLA,060,021,6,13,2,medio bajo
070106039020340,070106,VENTANILLA,039,034,42,160,3,medio
070106060010270,070106,VENTANILLA,060,027,5,8,2,medio bajo
070106060010240,070106,VENTANILLA,060,024,4,15,2,medio bajo
070106060010190,070106,VENTANILLA,060,019,9,13,2,medio bajo
070106060010220,070106,VENTANILLA,060,022,6,16,2,medio bajo
070106060010340,070106,VENTANILLA,060,034,3,11,2,medio bajo
070106060010180,070106,VENTANILLA,060,018,11,37,2,medio bajo
070106060010360,070106,VENTANILLA,060,036,8,21,2,medio bajo
070106039020360,070106,VENTANILLA,039,036,30,136,3,medio
070106060010200,070106,VENTANILLA,060,020,8,20,2,medio bajo
070106039020330,070106,VENTANILLA,039,033,19,77,3,medio
070106039020350,070106,VENTANILLA,039,035,49,183,3,medio
070106060010330,070106,VENTANILLA,060,033,10,14,2,medio bajo
070106039020470,070106,VENTANILLA,039,047,26,106,1,bajo
070106039020490,070106,VENTANILLA,039,049,26,88,1,bajo
070106045000190,070106,VENTANILLA,045,019,25,110,2,medio bajo
070106060010370,070106,VENTANILLA,060,037,8,14,2,medio bajo
07010604500009A,070106,VENTANILLA,045,009,35,120,2,medio bajo
070106060010290,070106,VENTANILLA,060,029,6,10,2,medio bajo
070106045000150,070106,VENTANILLA,045,015,27,107,2,medio bajo
07010606001035A,070106,VENTANILLA,060,035,3,12,2,medio bajo
070106060010250,070106,VENTANILLA,060,025,8,22,2,medio bajo
07010606001030A,070106,VENTANILLA,060,030,6,14,2,medio bajo
07010604500011A,070106,VENTANILLA,045,011,3,11,2,medio bajo
07010606001037D,070106,VENTANILLA,060,037,4,14,2,medio bajo
07010604500010A,070106,VENTANILLA,045,010,42,166,2,medio bajo
070106039020410,070106,VENTANILLA,039,041,21,69,1,bajo
070106045000080,070106,VENTANILLA,045,008,23,73,2,medio bajo
070106045000040,070106,VENTANILLA,045,004,23,87,2,medio bajo
070106039020380,070106,VENTANILLA,039,038,20,83,1,bajo
07010606001037B,070106,VENTANILLA,060,037,4,6,2,medio bajo
07010606001037C,070106,VENTANILLA,060,037,4,12,2,medio bajo
07010604500008A,070106,VENTANILLA,045,008,10,36,2,medio bajo
070106045000020,070106,VENTANILLA,045,002,24,125,2,medio bajo
070106060010280,070106,VENTANILLA,060,028,8,15,2,medio bajo
070106045000030,070106,VENTANILLA,045,003,32,147,2,medio bajo
070106045000090,070106,VENTANILLA,045,009,33,126,2,medio bajo
070106039020460,070106,VENTANILLA,039,046,29,114,1,bajo
070106045000170,070106,VENTANILLA,045,017,22,88,2,medio bajo
070106060010320,070106,VENTANILLA,060,032,10,23,2,medio bajo
070106060010350,070106,VENTANILLA,060,035,1,5,2,medio bajo
070106039020010,070106,VENTANILLA,039,001,45,162,3,medio
070106045000050,070106,VENTANILLA,045,005,10,34,2,medio bajo
07010606001026A,070106,VENTANILLA,060,026,10,17,2,medio bajo
07010604500010F,070106,VENTANILLA,045,010,32,109,2,medio bajo
070106045000160,070106,VENTANILLA,045,016,16,62,2,medio bajo
070106060010260,070106,VENTANILLA,060,026,6,8,2,medio bajo
070106045000140,070106,VENTANILLA,045,014,14,59,2,medio bajo
07010603902042C,070106,VENTANILLA,039,042,47,169,1,bajo
070106041000520,070106,VENTANILLA,041,052,20,78,5,alto
07010606001037A,070106,VENTANILLA,060,037,8,18,2,medio bajo
070106039020480,070106,VENTANILLA,039,048,25,80,1,bajo
07010606001023B,070106,VENTANILLA,060,023,6,12,2,medio bajo
070106039020230,070106,VENTANILLA,039,023,57,190,3,medio
070106039020570,070106,VENTANILLA,039,057,30,132,1,bajo
070106039020040,070106,VENTANILLA,039,004,41,169,3,medio
070106001010060,070106,VENTANILLA,001,006,11,38,1,bajo
070106001010020,070106,VENTANILLA,001,002,14,21,2,medio bajo
07010600101019B,070106,VENTANILLA,001,019,2,4,1,bajo
070106001010070,070106,VENTANILLA,001,007,2,11,1,bajo
070106001010030,070106,VENTANILLA,001,003,5,21,2,medio bajo
070106001010230,070106,VENTANILLA,001,023,7,22,1,bajo
07010603902013B,070106,VENTANILLA,039,013,1,4,3,medio
07010600101004B,070106,VENTANILLA,001,004,4,19,1,bajo
07010600101021C,070106,VENTANILLA,001,021,8,19,1,bajo
070106001010090,070106,VENTANILLA,001,009,10,23,1,bajo
07010600101010A,070106,VENTANILLA,001,010,20,71,1,bajo
070106001010080,070106,VENTANILLA,001,008,7,23,1,bajo
07010600101010C,070106,VENTANILLA,001,010,2,10,1,bajo
070106001010050,070106,VENTANILLA,001,005,15,50,1,bajo
07010600101011A,070106,VENTANILLA,001,011,13,43,1,bajo
07010600101021A,070106,VENTANILLA,001,021,9,15,1,bajo
07010600101010D,070106,VENTANILLA,001,010,11,31,1,bajo
07010600101011B,070106,VENTANILLA,001,011,8,29,1,bajo
070106060010050,070106,VENTANILLA,060,005,7,13,2,medio bajo
07010605300009A,070106,VENTANILLA,053,009,1,1,2,medio bajo
07010605300009E,070106,VENTANILLA,053,009,5,13,2,medio bajo
07010605300002D,070106,VENTANILLA,053,002,8,25,2,medio bajo
07010605300013D,070106,VENTANILLA,053,013,2,8,2,medio bajo
07010605300010C,070106,VENTANILLA,053,010,5,10,2,medio bajo
07010605300003A,070106,VENTANILLA,053,003,3,8,2,medio bajo
070106053000060,070106,VENTANILLA,053,006,3,3,2,medio bajo
07010605300005B,070106,VENTANILLA,053,005,3,10,2,medio bajo
07010605300002E,070106,VENTANILLA,053,002,7,13,2,medio bajo
07010605300013C,070106,VENTANILLA,053,013,6,9,2,medio bajo
07010605300006B,070106,VENTANILLA,053,006,3,5,2,medio bajo
070106053000170,070106,VENTANILLA,053,017,8,18,2,medio bajo
070106053000010,070106,VENTANILLA,053,001,4,7,2,medio bajo
07010605300013F,070106,VENTANILLA,053,013,5,6,2,medio bajo
070106039020300,070106,VENTANILLA,039,030,13,60,3,medio
070106056000420,070106,VENTANILLA,056,042,29,100,2,medio bajo
070106045000330,070106,VENTANILLA,045,033,33,110,2,medio bajo
07010605600036J,070106,VENTANILLA,056,036,7,26,3,medio
070106045000320,070106,VENTANILLA,045,032,30,115,2,medio bajo
070106045000300,070106,VENTANILLA,045,030,16,71,2,medio bajo
070106045000180,070106,VENTANILLA,045,018,11,39,2,medio bajo
07010606001012A,070106,VENTANILLA,060,012,2,4,2,medio bajo
07010601500011A,070106,VENTANILLA,015,011,10,41,2,medio bajo
070106015000550,070106,VENTANILLA,015,055,23,93,2,medio bajo
070106045000310,070106,VENTANILLA,045,031,26,68,2,medio bajo
070106045000350,070106,VENTANILLA,045,035,33,120,2,medio bajo
070106065000410,070106,VENTANILLA,065,041,17,63,1,bajo
07010604500029B,070106,VENTANILLA,045,029,22,83,2,medio bajo
070106065000130,070106,VENTANILLA,065,013,3,19,2,medio bajo
070106060010230,070106,VENTANILLA,060,023,5,14,2,medio bajo
070106015000400,070106,VENTANILLA,015,040,19,100,2,medio bajo
070106015000080,070106,VENTANILLA,015,008,29,94,2,medio bajo
07010601500015A,070106,VENTANILLA,015,015,18,64,2,medio bajo
07010606001012B,070106,VENTANILLA,060,012,3,9,2,medio bajo
070106015000140,070106,VENTANILLA,015,014,20,72,2,medio bajo
070106045000360,070106,VENTANILLA,045,036,37,169,2,medio bajo
070106015000060,070106,VENTANILLA,015,006,7,21,2,medio bajo
070106015000370,070106,VENTANILLA,015,037,19,62,2,medio bajo
070106015000020,070106,VENTANILLA,015,002,14,48,2,medio bajo
070106045000260,070106,VENTANILLA,045,026,7,23,2,medio bajo
07010604500027A,070106,VENTANILLA,045,027,19,70,2,medio bajo
070106015000350,070106,VENTANILLA,015,035,12,49,2,medio bajo
070106015000120,070106,VENTANILLA,015,012,1,4,2,medio bajo
07010604500020A,070106,VENTANILLA,045,020,27,107,2,medio bajo
070106045000210,070106,VENTANILLA,045,021,3,14,2,medio bajo
070106015000290,070106,VENTANILLA,015,029,3,12,2,medio bajo
070106015000250,070106,VENTANILLA,015,025,28,112,2,medio bajo
07010604500021A,070106,VENTANILLA,045,021,8,31,2,medio bajo
070106015000030,070106,VENTANILLA,015,003,22,96,2,medio bajo
070106015000300,070106,VENTANILLA,015,030,23,92,2,medio bajo
070106015000360,070106,VENTANILLA,015,036,19,63,2,medio bajo
070106015000280,070106,VENTANILLA,015,028,37,148,2,medio bajo
070106041000540,070106,VENTANILLA,041,054,34,121,5,alto
07010604500056H,070106,VENTANILLA,045,056,21,71,2,medio bajo
070106045000410,070106,VENTANILLA,045,041,30,113,3,medio
070106045000460,070106,VENTANILLA,045,046,29,106,3,medio
07010604500048E,070106,VENTANILLA,045,048,37,150,2,medio bajo
070106045000470,070106,VENTANILLA,045,047,22,87,3,medio
070106045000390,070106,VENTANILLA,045,039,19,65,3,medio
070106045000400,070106,VENTANILLA,045,040,27,127,3,medio
070106045000380,070106,VENTANILLA,045,038,34,118,2,medio bajo
07010604500042A,070106,VENTANILLA,045,042,100,338,2,medio bajo
070106001010140,070106,VENTANILLA,001,014,11,46,1,bajo
070106060010150,070106,VENTANILLA,060,015,7,16,2,medio bajo
070106039020320,070106,VENTANILLA,039,032,46,185,3,medio
07010604500001G,070106,VENTANILLA,045,001,17,59,2,medio bajo
07010601500013A,070106,VENTANILLA,015,013,7,33,2,medio bajo
070106053000230,070106,VENTANILLA,053,023,7,8,2,medio bajo
070106015000380,070106,VENTANILLA,015,038,18,64,2,medio bajo
070106015000390,070106,VENTANILLA,015,039,23,61,2,medio bajo
070106015000330,070106,VENTANILLA,015,033,27,108,2,medio bajo
070106015000410,070106,VENTANILLA,015,041,19,72,2,medio bajo
070106015000050,070106,VENTANILLA,015,005,6,22,2,medio bajo
070106015000100,070106,VENTANILLA,015,010,26,92,2,medio bajo
070106053000340,070106,VENTANILLA,053,034,10,15,2,medio bajo
07010601500027B,070106,VENTANILLA,015,027,10,46,2,medio bajo
070106015000180,070106,VENTANILLA,015,018,20,77,2,medio bajo
07010601500019E,070106,VENTANILLA,015,019,17,64,2,medio bajo
070106053000210,070106,VENTANILLA,053,021,8,10,2,medio bajo
070106015000170,070106,VENTANILLA,015,017,28,89,2,medio bajo
07010605300024C,070106,VENTANILLA,053,024,9,15,2,medio bajo
070106053000260,070106,VENTANILLA,053,026,10,29,2,medio bajo
07010605300025B,070106,VENTANILLA,053,025,10,16,2,medio bajo
07010601500020C,070106,VENTANILLA,015,020,21,99,2,medio bajo
070106015000420,070106,VENTANILLA,015,042,18,80,2,medio bajo
070106053000280,070106,VENTANILLA,053,028,2,2,2,medio bajo
07010604500010E,070106,VENTANILLA,045,010,14,46,2,medio bajo
070106039020030,070106,VENTANILLA,039,003,14,41,3,medio
07010600101011C,070106,VENTANILLA,001,011,9,18,1,bajo
070106015000320,070106,VENTANILLA,015,032,29,139,2,medio bajo
070106015000430,070106,VENTANILLA,015,043,30,132,2,medio bajo
070106053000150,070106,VENTANILLA,053,015,5,8,2,medio bajo
070106015000450,070106,VENTANILLA,015,045,22,81,2,medio bajo
07010601500016A,070106,VENTANILLA,015,016,26,122,2,medio bajo
070106065000370,070106,VENTANILLA,065,037,7,36,1,bajo
070106065000160,070106,VENTANILLA,065,016,8,24,1,bajo
070106065000510,070106,VENTANILLA,065,051,5,10,2,medio bajo
070106015000040,070106,VENTANILLA,015,004,17,54,2,medio bajo
070106015000010,070106,VENTANILLA,015,001,20,76,2,medio bajo
070106015000310,070106,VENTANILLA,015,031,35,134,2,medio bajo
07010604500056G,070106,VENTANILLA,045,056,19,66,2,medio bajo
070106065000520,070106,VENTANILLA,065,052,20,70,2,medio bajo
070106065000490,070106,VENTANILLA,065,049,20,84,2,medio bajo
070106065000480,070106,VENTANILLA,065,048,17,69,2,medio bajo
070106065000450,070106,VENTANILLA,065,045,17,55,2,medio bajo
070106015000230,070106,VENTANILLA,015,023,25,97,2,medio bajo
070106065000470,070106,VENTANILLA,065,047,13,51,2,medio bajo
07010604500057F,070106,VENTANILLA,045,057,22,82,3,medio
07010601500016B,070106,VENTANILLA,015,016,18,60,2,medio bajo
07010604500057H,070106,VENTANILLA,045,057,9,37,2,medio bajo
070106015000470,070106,VENTANILLA,015,047,21,81,2,medio bajo
070106065000500,070106,VENTANILLA,065,050,8,24,2,medio bajo
070106065000460,070106,VENTANILLA,065,046,22,68,2,medio bajo
07010604500054D,070106,VENTANILLA,045,054,28,116,2,medio bajo
070106065000530,070106,VENTANILLA,065,053,16,47,2,medio bajo
070106039020580,070106,VENTANILLA,039,058,30,108,1,bajo
070106039020560,070106,VENTANILLA,039,056,23,88,1,bajo
07010603902042B,070106,VENTANILLA,039,042,46,190,1,bajo
070106039020400,070106,VENTANILLA,039,040,26,129,1,bajo
070106045000340,070106,VENTANILLA,045,034,18,60,2,medio bajo
07010605300035A,070106,VENTANILLA,053,035,13,36,2,medio bajo
07010605300039A,070106,VENTANILLA,053,039,9,18,2,medio bajo
070106053000580,070106,VENTANILLA,053,058,5,15,2,medio bajo
070106039020390,070106,VENTANILLA,039,039,19,56,1,bajo
070106053000550,070106,VENTANILLA,053,055,3,7,2,medio bajo
070106053000540,070106,VENTANILLA,053,054,3,11,2,medio bajo
07010606001023A,070106,VENTANILLA,060,023,5,15,2,medio bajo
070106015000560,070106,VENTANILLA,015,056,43,193,2,medio bajo
07010604500057G,070106,VENTANILLA,045,057,18,68,3,medio
07010604500064C,070106,VENTANILLA,045,064,7,18,3,medio
07010604500064B,070106,VENTANILLA,045,064,2,4,3,medio
07010604500056I,070106,VENTANILLA,045,056,10,34,2,medio bajo
07010605300036C,070106,VENTANILLA,053,036,4,10,2,medio bajo
07010605300036D,070106,VENTANILLA,053,036,2,2,2,medio bajo
07010604500056C,070106,VENTANILLA,045,056,23,78,2,medio bajo
070106045000520,070106,VENTANILLA,045,052,12,45,2,medio bajo
07010605300040D,070106,VENTANILLA,053,040,15,34,2,medio bajo
07010604500056J,070106,VENTANILLA,045,056,27,96,2,medio bajo
07010604500049F,070106,VENTANILLA,045,049,38,135,2,medio bajo
07010604500020B,070106,VENTANILLA,045,020,8,38,2,medio bajo
07010604500001H,070106,VENTANILLA,045,001,14,43,2,medio bajo
07010604500021C,070106,VENTANILLA,045,021,26,84,2,medio bajo
07010604500049G,070106,VENTANILLA,045,049,2,11,2,medio bajo
07010604500001F,070106,VENTANILLA,045,001,6,24,2,medio bajo
07010604500021B,070106,VENTANILLA,045,021,7,15,2,medio bajo
07010604500052F,070106,VENTANILLA,045,052,26,82,2,medio bajo
070106030010240,070106,VENTANILLA,030,024,8,20,1,bajo
070106030010230,070106,VENTANILLA,030,023,55,169,1,bajo
07010603001026A,070106,VENTANILLA,030,026,5,22,1,bajo
07010604500010G,070106,VENTANILLA,045,010,1,1,2,medio bajo
07010604500045H,070106,VENTANILLA,045,045,61,225,2,medio bajo
07010604500001E,070106,VENTANILLA,045,001,5,22,2,medio bajo
07010604500045F,070106,VENTANILLA,045,045,11,39,2,medio bajo
07010604500045G,070106,VENTANILLA,045,045,19,57,2,medio bajo
07010604500021D,070106,VENTANILLA,045,021,13,37,2,medio bajo
070106030010200,070106,VENTANILLA,030,020,20,57,1,bajo
070106030010150,070106,VENTANILLA,030,015,7,19,1,bajo
070106030010060,070106,VENTANILLA,030,006,9,26,2,medio bajo
070106030010210,070106,VENTANILLA,030,021,20,61,1,bajo
070106030010280,070106,VENTANILLA,030,028,29,100,1,bajo
070106030010170,070106,VENTANILLA,030,017,59,203,1,bajo
07010603001031A,070106,VENTANILLA,030,031,25,75,1,bajo
070106030010130,070106,VENTANILLA,030,013,16,48,1,bajo
070106030010190,070106,VENTANILLA,030,019,26,91,1,bajo
070106030010050,070106,VENTANILLA,030,005,24,79,2,medio bajo
070106030010070,070106,VENTANILLA,030,007,5,17,2,medio bajo
07010604500049D,070106,VENTANILLA,045,049,16,62,2,medio bajo
07010604500064D,070106,VENTANILLA,045,064,28,112,3,medio
070106030010120,070106,VENTANILLA,030,012,5,14,2,medio bajo
07010604500050D,070106,VENTANILLA,045,050,25,100,3,medio
07010604500052A,070106,VENTANILLA,045,052,7,23,2,medio bajo
070106030010080,070106,VENTANILLA,030,008,12,39,2,medio bajo
07010603001022B,070106,VENTANILLA,030,022,8,20,1,bajo
070106030010180,070106,VENTANILLA,030,018,24,78,1,bajo
070106030010020,070106,VENTANILLA,030,002,17,71,2,medio bajo
070106053000430,070106,VENTANILLA,053,043,5,10,2,medio bajo
07010603001003A,070106,VENTANILLA,030,003,16,57,1,bajo
070106030010160,070106,VENTANILLA,030,016,4,10,1,bajo
07010604500029A,070106,VENTANILLA,045,029,13,44,2,medio bajo
070106030010250,070106,VENTANILLA,030,025,8,26,1,bajo
070106065000430,070106,VENTANILLA,065,043,11,49,1,bajo
070106065000270,070106,VENTANILLA,065,027,16,55,2,medio bajo
070106065000240,070106,VENTANILLA,065,024,5,26,1,bajo
070106030010270,070106,VENTANILLA,030,027,16,48,1,bajo
070106065000260,070106,VENTANILLA,065,026,19,78,2,medio bajo
070106065000420,070106,VENTANILLA,065,042,10,29,1,bajo
070106030010090,070106,VENTANILLA,030,009,4,10,2,medio bajo
070106065000250,070106,VENTANILLA,065,025,16,55,1,bajo
07010603001003C,070106,VENTANILLA,030,003,21,62,2,medio bajo
070106065000320,070106,VENTANILLA,065,032,15,45,1,bajo
07010603001003E,070106,VENTANILLA,030,003,8,20,1,bajo
070106065000280,070106,VENTANILLA,065,028,10,38,1,bajo
070106065000220,070106,VENTANILLA,065,022,6,26,1,bajo
070106065000290,070106,VENTANILLA,065,029,16,51,1,bajo
070106045000370,070106,VENTANILLA,045,037,38,140,3,medio
070106053000200,070106,VENTANILLA,053,020,12,22,2,medio bajo
070106015000090,070106,VENTANILLA,015,009,21,80,2,medio bajo
070106039020550,070106,VENTANILLA,039,055,16,52,1,bajo
070106031000210,070106,VENTANILLA,031,021,50,182,4,medio alto
070106031000570,070106,VENTANILLA,031,057,9,36,4,medio alto
070106031000540,070106,VENTANILLA,031,054,51,181,4,medio alto
070106031000370,070106,VENTANILLA,031,037,30,113,4,medio alto
070106015000260,070106,VENTANILLA,015,026,26,115,2,medio bajo
070106015000240,070106,VENTANILLA,015,024,17,73,2,medio bajo
070106031000450,070106,VENTANILLA,031,045,30,112,4,medio alto
070106031000440,070106,VENTANILLA,031,044,37,151,4,medio alto
070106053000270,070106,VENTANILLA,053,027,9,17,2,medio bajo
07010603001003G,070106,VENTANILLA,030,003,5,16,1,bajo
07010603001022A,070106,VENTANILLA,030,022,6,22,1,bajo
07010603001010A,070106,VENTANILLA,030,010,2,2,2,medio bajo
07010603001026B,070106,VENTANILLA,030,026,8,26,1,bajo
07010601500011B,070106,VENTANILLA,015,011,16,59,2,medio bajo
07010604500053A,070106,VENTANILLA,045,053,22,82,3,medio
070106031000490,070106,VENTANILLA,031,049,37,129,4,medio alto
07010603100043B,070106,VENTANILLA,031,043,14,44,2,medio bajo
07010603100043A,070106,VENTANILLA,031,043,14,54,2,medio bajo
070106031000430,070106,VENTANILLA,031,043,46,178,4,medio alto
07010605300049A,070106,VENTANILLA,053,049,15,31,2,medio bajo
070106065000050,070106,VENTANILLA,065,005,17,66,2,medio bajo
070106039020590,070106,VENTANILLA,039,059,34,135,1,bajo
070106053000480,070106,VENTANILLA,053,048,4,10,2,medio bajo
07010605300044A,070106,VENTANILLA,053,044,17,47,2,medio bajo
070106049000160,070106,VENTANILLA,049,016,38,138,5,alto
070106049000150,070106,VENTANILLA,049,015,32,112,5,alto
070106049000040,070106,VENTANILLA,049,004,44,137,5,alto
070106049000130,070106,VENTANILLA,049,013,1,2,5,alto
070106053000300,070106,VENTANILLA,053,030,20,39,2,medio bajo
07010604500057I,070106,VENTANILLA,045,057,4,14,2,medio bajo
070106031000530,070106,VENTANILLA,031,053,52,180,4,medio alto
070106031000240,070106,VENTANILLA,031,024,34,108,4,medio alto
070106031000320,070106,VENTANILLA,031,032,68,248,4,medio alto
070106031000510,070106,VENTANILLA,031,051,41,145,4,medio alto
070106031000620,070106,VENTANILLA,031,062,34,125,4,medio alto
070106031000310,070106,VENTANILLA,031,031,52,193,4,medio alto
070106031000230,070106,VENTANILLA,031,023,28,97,4,medio alto
070106031000500,070106,VENTANILLA,031,050,22,70,4,medio alto
070106031000590,070106,VENTANILLA,031,059,25,65,4,medio alto
070106031000640,070106,VENTANILLA,031,064,23,82,4,medio alto
07010603100001B,070106,VENTANILLA,031,001,1,6,4,medio alto
070106031000630,070106,VENTANILLA,031,063,26,128,4,medio alto
07010603100027A,070106,VENTANILLA,031,027,1,2,4,medio alto
070106031000250,070106,VENTANILLA,031,025,32,103,4,medio alto
070106031000600,070106,VENTANILLA,031,060,22,89,4,medio alto
07010603100002A,070106,VENTANILLA,031,002,1,1,4,medio alto
07010605300040I,070106,VENTANILLA,053,040,10,25,2,medio bajo
070106031000200,070106,VENTANILLA,031,020,18,58,4,medio alto
070106031000060,070106,VENTANILLA,031,006,43,159,4,medio alto
07010605300036I,070106,VENTANILLA,053,036,7,13,2,medio bajo
070106031000380,070106,VENTANILLA,031,038,47,204,4,medio alto
070106031000400,070106,VENTANILLA,031,040,38,143,4,medio alto
070106065000440,070106,VENTANILLA,065,044,18,75,2,medio bajo
070106031000410,070106,VENTANILLA,031,041,35,135,4,medio alto
070106065000100,070106,VENTANILLA,065,010,16,54,2,medio bajo
070106065000060,070106,VENTANILLA,065,006,17,59,2,medio bajo
070106065000330,070106,VENTANILLA,065,033,32,125,1,bajo
070106065000120,070106,VENTANILLA,065,012,8,27,2,medio bajo
070106065000310,070106,VENTANILLA,065,031,9,21,1,bajo
07010603001003D,070106,VENTANILLA,030,003,17,58,1,bajo
070106053000460,070106,VENTANILLA,053,046,14,42,2,medio bajo
070106031000420,070106,VENTANILLA,031,042,42,137,4,medio alto
070106065000030,070106,VENTANILLA,065,003,15,53,2,medio bajo
070106053000570,070106,VENTANILLA,053,057,1,2,2,medio bajo
070106065000140,070106,VENTANILLA,065,014,4,19,1,bajo
07010605300013E,070106,VENTANILLA,053,013,3,5,2,medio bajo
070106065000150,070106,VENTANILLA,065,015,16,63,1,bajo
070106031000080,070106,VENTANILLA,031,008,4,12,4,medio alto
070106053000560,070106,VENTANILLA,053,056,1,2,2,medio bajo
070106065000170,070106,VENTANILLA,065,017,12,45,1,bajo
07010605300009D,070106,VENTANILLA,053,009,2,5,2,medio bajo
07010605300009C,070106,VENTANILLA,053,009,5,20,2,medio bajo
07010605300019A,070106,VENTANILLA,053,019,1,1,2,medio bajo
07010605300029A,070106,VENTANILLA,053,029,9,17,2,medio bajo
07010605300001A,070106,VENTANILLA,053,001,2,4,2,medio bajo
070106031000610,070106,VENTANILLA,031,061,34,118,4,medio alto
070106091000100,070106,VENTANILLA,091,010,3,4,2,medio bajo
07010605300033C,070106,VENTANILLA,053,033,2,4,2,medio bajo
07010605300015A,070106,VENTANILLA,053,015,4,9,2,medio bajo
07010605300051B,070106,VENTANILLA,053,051,10,13,2,medio bajo
07010605300040J,070106,VENTANILLA,053,040,3,7,2,medio bajo
070106031000120,070106,VENTANILLA,031,012,43,171,4,medio alto
07010605300036J,070106,VENTANILLA,053,036,7,7,2,medio bajo
070106031000100,070106,VENTANILLA,031,010,46,182,4,medio alto
07010601600031C,070106,VENTANILLA,016,031,8,40,2,medio bajo
070106091000130,070106,VENTANILLA,091,013,6,27,2,medio bajo
070106091000080,070106,VENTANILLA,091,008,2,4,2,medio bajo
070106091000410,070106,VENTANILLA,091,041,9,19,2,medio bajo
07010609100009A,070106,VENTANILLA,091,009,6,16,2,medio bajo
07010605300040A,070106,VENTANILLA,053,040,21,42,2,medio bajo
07010605300036H,070106,VENTANILLA,053,036,11,25,2,medio bajo
070106091000380,070106,VENTANILLA,091,038,6,16,2,medio bajo
070106091000070,070106,VENTANILLA,091,007,4,13,2,medio bajo
07010609100011A,070106,VENTANILLA,091,011,3,13,2,medio bajo
07010609100042A,070106,VENTANILLA,091,042,5,9,2,medio bajo
070106091000400,070106,VENTANILLA,091,040,5,10,2,medio bajo
070106053000590,070106,VENTANILLA,053,059,3,10,2,medio bajo
07010603001003F,070106,VENTANILLA,030,003,1,1,1,bajo
070106031000480,070106,VENTANILLA,031,048,52,207,4,medio alto
070106031000330,070106,VENTANILLA,031,033,38,151,4,medio alto
070106031000160,070106,VENTANILLA,031,016,23,89,4,medio alto
070106065000180,070106,VENTANILLA,065,018,22,80,1,bajo
070106065000380,070106,VENTANILLA,065,038,16,66,1,bajo
070106031000260,070106,VENTANILLA,031,026,74,262,4,medio alto
070106015000460,070106,VENTANILLA,015,046,14,49,2,medio bajo
070106091000350,070106,VENTANILLA,091,035,4,10,2,medio bajo
070106031000580,070106,VENTANILLA,031,058,17,72,4,medio alto
070106091000320,070106,VENTANILLA,091,032,1,1,2,medio bajo
070106091000370,070106,VENTANILLA,091,037,1,5,2,medio bajo
070106091000340,070106,VENTANILLA,091,034,1,4,2,medio bajo
070106091000360,070106,VENTANILLA,091,036,6,14,2,medio bajo
070106049000310,070106,VENTANILLA,049,031,15,69,5,alto
070106091000330,070106,VENTANILLA,091,033,6,24,2,medio bajo
070106091000140,070106,VENTANILLA,091,014,5,11,2,medio bajo
070106091000250,070106,VENTANILLA,091,025,3,6,2,medio bajo
070106091000310,070106,VENTANILLA,091,031,3,8,2,medio bajo
070106049000340,070106,VENTANILLA,049,034,27,89,5,alto
070106049000360,070106,VENTANILLA,049,036,25,88,5,alto
07010609100027A,070106,VENTANILLA,091,027,5,19,2,medio bajo
070106049000320,070106,VENTANILLA,049,032,17,76,5,alto
070106091000230,070106,VENTANILLA,091,023,1,1,2,medio bajo
070106015000440,070106,VENTANILLA,015,044,37,155,2,medio bajo
070106091000300,070106,VENTANILLA,091,030,3,13,2,medio bajo
070106091000260,070106,VENTANILLA,091,026,4,21,2,medio bajo
070106091000150,070106,VENTANILLA,091,015,6,15,2,medio bajo
070106015000480,070106,VENTANILLA,015,048,26,117,2,medio bajo
07010609100016C,070106,VENTANILLA,091,016,3,6,2,medio bajo
070106015000510,070106,VENTANILLA,015,051,16,61,2,medio bajo
070106091000060,070106,VENTANILLA,091,006,11,34,2,medio bajo
070106091000280,070106,VENTANILLA,091,028,4,5,2,medio bajo
070106091000240,070106,VENTANILLA,091,024,1,1,2,medio bajo
070106091010040,070106,VENTANILLA,091,004,2,3,2,medio bajo
070106049000290,070106,VENTANILLA,049,029,8,28,5,alto
070106015000530,070106,VENTANILLA,015,053,14,46,2,medio bajo
07010601500019A,070106,VENTANILLA,015,019,25,100,2,medio bajo
07010609100039A,070106,VENTANILLA,091,039,1,1,2,medio bajo
07010609100017B,070106,VENTANILLA,091,017,3,6,2,medio bajo
07010609100020A,070106,VENTANILLA,091,020,4,10,2,medio bajo
070106091000040,070106,VENTANILLA,091,004,1,1,2,medio bajo
070106091010020,070106,VENTANILLA,091,002,1,3,2,medio bajo
070106065000230,070106,VENTANILLA,065,023,7,24,1,bajo
07010605300041C,070106,VENTANILLA,053,041,1,2,2,medio bajo
070106065000070,070106,VENTANILLA,065,007,6,30,2,medio bajo
070106065000200,070106,VENTANILLA,065,020,23,71,1,bajo
070106065000010,070106,VENTANILLA,065,001,1,4,2,medio bajo
070106065000020,070106,VENTANILLA,065,002,3,13,2,medio bajo
070106082000700,070106,VENTANILLA,082,070,11,36,3,medio
070106082000510,070106,VENTANILLA,082,051,11,39,3,medio
070106082000440,070106,VENTANILLA,082,044,11,26,3,medio
07010609101015A,070106,VENTANILLA,091,015,1,3,2,medio bajo
070106065000080,070106,VENTANILLA,065,008,15,45,2,medio bajo
070106065000090,070106,VENTANILLA,065,009,13,51,2,medio bajo
070106065000210,070106,VENTANILLA,065,021,16,69,1,bajo
070106065000190,070106,VENTANILLA,065,019,18,48,1,bajo
070106082000690,070106,VENTANILLA,082,069,11,38,3,medio
070106031000070,070106,VENTANILLA,031,007,37,132,4,medio alto
07010605300001B,070106,VENTANILLA,053,001,1,3,2,medio bajo
070106031000130,070106,VENTANILLA,031,013,50,195,4,medio alto
070106049000010,070106,VENTANILLA,049,001,16,64,5,alto
070106082000660,070106,VENTANILLA,082,066,9,28,3,medio
070106082000020,070106,VENTANILLA,082,002,10,30,3,medio
070106082000280,070106,VENTANILLA,082,028,10,26,3,medio
070106082000520,070106,VENTANILLA,082,052,11,35,3,medio
07010608200025A,070106,VENTANILLA,082,025,10,39,3,medio
07010608200001A,070106,VENTANILLA,082,001,11,37,3,medio
07010608200025B,070106,VENTANILLA,082,025,12,37,3,medio
07010608200025C,070106,VENTANILLA,082,025,13,33,3,medio
07010608200026A,070106,VENTANILLA,082,026,11,37,3,medio
070106082000680,070106,VENTANILLA,082,068,11,36,3,medio
07010608200026B,070106,VENTANILLA,082,026,10,19,3,medio
070106082000560,070106,VENTANILLA,082,056,13,42,3,medio
070106082000250,070106,VENTANILLA,082,025,12,44,3,medio
070106082000030,070106,VENTANILLA,082,003,14,51,3,medio
070106082000540,070106,VENTANILLA,082,054,15,50,3,medio
070106091010080,070106,VENTANILLA,091,008,1,1,2,medio bajo
070106082000260,070106,VENTANILLA,082,026,6,13,3,medio
070106015000500,070106,VENTANILLA,015,050,15,59,2,medio bajo
070106082000670,070106,VENTANILLA,082,067,15,46,3,medio
07010608200001C,070106,VENTANILLA,082,001,9,24,3,medio
070106082000100,070106,VENTANILLA,082,010,5,19,3,medio
07010608200001B,070106,VENTANILLA,082,001,11,33,3,medio
070106082000570,070106,VENTANILLA,082,057,12,55,3,medio
070106082000580,070106,VENTANILLA,082,058,9,25,3,medio
07010608200026E,070106,VENTANILLA,082,026,15,42,3,medio
070106082000010,070106,VENTANILLA,082,001,12,45,3,medio
070106082000610,070106,VENTANILLA,082,061,14,57,3,medio
070106082000550,070106,VENTANILLA,082,055,11,28,3,medio
07010608200026C,070106,VENTANILLA,082,026,11,47,3,medio
070106091010100,070106,VENTANILLA,091,010,1,4,2,medio bajo
070106031000140,070106,VENTANILLA,031,014,53,232,4,medio alto
070106065000300,070106,VENTANILLA,065,030,31,109,1,bajo
070106091000390,070106,VENTANILLA,091,039,4,10,2,medio bajo
070106031000220,070106,VENTANILLA,031,022,54,207,4,medio alto
070106049000350,070106,VENTANILLA,049,035,19,72,5,alto
07010601500015B,070106,VENTANILLA,015,015,18,76,2,medio bajo
07010608200046C,070106,VENTANILLA,082,046,9,17,3,medio
07010608200046B,070106,VENTANILLA,082,046,9,27,3,medio
07010609101005B,070106,VENTANILLA,091,005,2,2,2,medio bajo
070106082000420,070106,VENTANILLA,082,042,10,28,3,medio
070106082000120,070106,VENTANILLA,082,012,14,41,3,medio
070106082000110,070106,VENTANILLA,082,011,17,55,3,medio
070106082000070,070106,VENTANILLA,082,007,13,48,3,medio
070106049000510,070106,VENTANILLA,049,051,37,115,5,alto
070106082000040,070106,VENTANILLA,082,004,13,42,3,medio
070106049000020,070106,VENTANILLA,049,002,26,108,5,alto
07010604900043A,070106,VENTANILLA,049,043,28,80,5,alto
070106049000410,070106,VENTANILLA,049,041,8,32,5,alto
070106049000200,070106,VENTANILLA,049,020,22,74,5,alto
07010608200046A,070106,VENTANILLA,082,046,13,37,3,medio
070106082000050,070106,VENTANILLA,082,005,11,45,3,medio
07010604900021A,070106,VENTANILLA,049,021,13,62,5,alto
070106049000500,070106,VENTANILLA,049,050,14,50,5,alto
070106082000430,070106,VENTANILLA,082,043,14,43,3,medio
070106082000060,070106,VENTANILLA,082,006,12,29,3,medio
070106082000080,070106,VENTANILLA,082,008,9,35,3,medio
070106049000080,070106,VENTANILLA,049,008,5,17,5,alto
070106049000050,070106,VENTANILLA,049,005,21,74,5,alto
070106082000090,070106,VENTANILLA,082,009,2,3,3,medio
070106049000380,070106,VENTANILLA,049,038,18,75,5,alto
070106049000240,070106,VENTANILLA,049,024,28,95,5,alto
070106049000030,070106,VENTANILLA,049,003,45,172,5,alto
070106049000190,070106,VENTANILLA,049,019,23,89,5,alto
070106049000400,070106,VENTANILLA,049,040,21,78,5,alto
070106049000480,070106,VENTANILLA,049,048,14,44,5,alto
070106049000180,070106,VENTANILLA,049,018,19,75,5,alto
070106049000100,070106,VENTANILLA,049,010,18,70,5,alto
070106049000110,070106,VENTANILLA,049,011,28,106,5,alto
070106065000040,070106,VENTANILLA,065,004,10,42,2,medio bajo
070106015000540,070106,VENTANILLA,015,054,13,64,2,medio bajo
070106082000130,070106,VENTANILLA,082,013,10,33,3,medio
070106049000520,070106,VENTANILLA,049,052,45,165,5,alto
070106049000460,070106,VENTANILLA,049,046,14,44,5,alto
070106049000390,070106,VENTANILLA,049,039,23,81,5,alto
070106049000430,070106,VENTANILLA,049,043,31,91,5,alto
070106049000370,070106,VENTANILLA,049,037,15,46,5,alto
070106049000440,070106,VENTANILLA,049,044,9,28,5,alto
070106049000450,070106,VENTANILLA,049,045,6,19,5,alto
070106015000520,070106,VENTANILLA,015,052,13,63,2,medio bajo
07010609101006E,070106,VENTANILLA,091,006,2,9,2,medio bajo
07010603100002B,070106,VENTANILLA,031,002,2,10,4,medio alto
070106046000520,070106,VENTANILLA,046,052,32,118,3,medio
070106046000510,070106,VENTANILLA,046,051,58,214,3,medio
070106046000380,070106,VENTANILLA,046,038,22,99,3,medio
070106046000490,070106,VENTANILLA,046,049,13,58,3,medio
070106046000420,070106,VENTANILLA,046,042,26,84,3,medio
070106046000480,070106,VENTANILLA,046,048,26,99,3,medio
070106046000470,070106,VENTANILLA,046,047,31,113,3,medio
07010609101015B,070106,VENTANILLA,091,015,2,8,2,medio bajo
070106046000440,070106,VENTANILLA,046,044,38,151,3,medio
070106091010160,070106,VENTANILLA,091,016,1,1,2,medio bajo
070106046000430,070106,VENTANILLA,046,043,24,86,3,medio
070106046000390,070106,VENTANILLA,046,039,13,55,3,medio
070106046000370,070106,VENTANILLA,046,037,28,118,3,medio
070106046000360,070106,VENTANILLA,046,036,12,43,3,medio
07010609101006A,070106,VENTANILLA,091,006,1,4,2,medio bajo
07010609101006C,070106,VENTANILLA,091,006,1,5,2,medio bajo
070106046000460,070106,VENTANILLA,046,046,14,70,3,medio
07010609101006B,070106,VENTANILLA,091,006,1,1,2,medio bajo
070106046000400,070106,VENTANILLA,046,040,46,204,3,medio
07010609100016A,070106,VENTANILLA,091,016,1,3,2,medio bajo
07010609100009B,070106,VENTANILLA,091,009,4,14,2,medio bajo
070106082000270,070106,VENTANILLA,082,027,12,46,3,medio
070106015000200,070106,VENTANILLA,015,020,24,96,2,medio bajo
070106082000320,070106,VENTANILLA,082,032,10,38,3,medio
07010609101011A,070106,VENTANILLA,091,011,10,39,2,medio bajo
070106040000410,070106,VENTANILLA,040,041,36,141,3,medio
07010604000045B,070106,VENTANILLA,040,045,21,90,3,medio
070106040000550,070106,VENTANILLA,040,055,22,88,3,medio
07010604000045A,070106,VENTANILLA,040,045,11,50,3,medio
070106040000400,070106,VENTANILLA,040,040,40,172,3,medio
070106040000380,070106,VENTANILLA,040,038,81,354,3,medio
070106046000300,070106,VENTANILLA,046,030,12,61,3,medio
070106046000290,070106,VENTANILLA,046,029,32,127,3,medio
070106046000110,070106,VENTANILLA,046,011,24,82,3,medio
070106046000160,070106,VENTANILLA,046,016,11,40,3,medio
070106046000100,070106,VENTANILLA,046,010,25,97,3,medio
070106046000240,070106,VENTANILLA,046,024,30,123,3,medio
070106040000470,070106,VENTANILLA,040,047,35,115,3,medio
07010604000045C,070106,VENTANILLA,040,045,8,43,3,medio
070106046000190,070106,VENTANILLA,046,019,5,14,3,medio
070106046000340,070106,VENTANILLA,046,034,26,106,3,medio
07010604600029A,070106,VENTANILLA,046,029,6,19,3,medio
070106046000180,070106,VENTANILLA,046,018,24,93,3,medio
070106046000140,070106,VENTANILLA,046,014,41,138,3,medio
070106040000460,070106,VENTANILLA,040,046,24,96,3,medio
070106046000270,070106,VENTANILLA,046,027,13,39,3,medio
070106040000390,070106,VENTANILLA,040,039,34,128,3,medio
070106046000280,070106,VENTANILLA,046,028,42,190,3,medio
070106046000330,070106,VENTANILLA,046,033,33,142,3,medio
070106040000430,070106,VENTANILLA,040,043,9,36,3,medio
070106040000530,070106,VENTANILLA,040,053,37,153,3,medio
070106040000520,070106,VENTANILLA,040,052,12,65,3,medio
070106040000540,070106,VENTANILLA,040,054,42,144,3,medio
070106046000310,070106,VENTANILLA,046,031,10,51,3,medio
070106040000590,070106,VENTANILLA,040,059,17,57,3,medio
07010604000057B,070106,VENTANILLA,040,057,12,49,3,medio
070106046000130,070106,VENTANILLA,046,013,15,72,3,medio
070106046000150,070106,VENTANILLA,046,015,58,206,3,medio
070106015000490,070106,VENTANILLA,015,049,13,54,2,medio bajo
07010609100027B,070106,VENTANILLA,091,027,6,19,2,medio bajo
07010609100017A,070106,VENTANILLA,091,017,6,10,2,medio bajo
07010608200026D,070106,VENTANILLA,082,026,11,31,3,medio
07010604600020B,070106,VENTANILLA,046,020,46,175,3,medio
07010609100042B,070106,VENTANILLA,091,042,1,1,2,medio bajo
070106040000340,070106,VENTANILLA,040,034,33,127,3,medio
070106040000350,070106,VENTANILLA,040,035,85,350,3,medio
070106058000390,070106,VENTANILLA,058,039,16,62,1,bajo
070106040000370,070106,VENTANILLA,040,037,48,207,3,medio
070106040000360,070106,VENTANILLA,040,036,46,180,3,medio
070106046000200,070106,VENTANILLA,046,020,26,107,3,medio
070106058000080,070106,VENTANILLA,058,008,8,23,1,bajo
070106040000500,070106,VENTANILLA,040,050,68,307,3,medio
070106058000360,070106,VENTANILLA,058,036,15,61,1,bajo
07010604000032A,070106,VENTANILLA,040,032,13,70,3,medio
07010604000008E,070106,VENTANILLA,040,008,23,95,3,medio
07010604000033A,070106,VENTANILLA,040,033,26,103,3,medio
070106058000310,070106,VENTANILLA,058,031,15,57,2,medio bajo
07010604600021C,070106,VENTANILLA,046,021,38,145,3,medio
07010604600025A,070106,VENTANILLA,046,025,9,32,3,medio
07010604600009B,070106,VENTANILLA,046,009,6,24,3,medio
070106040000300,070106,VENTANILLA,040,030,15,68,3,medio
07010604000030A,070106,VENTANILLA,040,030,28,116,3,medio
07010604000031A,070106,VENTANILLA,040,031,46,181,3,medio
07010604600003A,070106,VENTANILLA,046,003,12,46,3,medio
07010604600007B,070106,VENTANILLA,046,007,3,5,3,medio
070106058000300,070106,VENTANILLA,058,030,16,59,2,medio bajo
07010604000008D,070106,VENTANILLA,040,008,32,128,3,medio
07010604000009C,070106,VENTANILLA,040,009,6,28,3,medio
07010604600007A,070106,VENTANILLA,046,007,4,12,3,medio
07010604600001D,070106,VENTANILLA,046,001,13,48,3,medio
07010604600009C,070106,VENTANILLA,046,009,32,111,3,medio
07010604600005A,070106,VENTANILLA,046,005,5,14,3,medio
07010604000008F,070106,VENTANILLA,040,008,35,106,3,medio
07010604600009D,070106,VENTANILLA,046,009,11,41,3,medio
07010604600008A,070106,VENTANILLA,046,008,5,21,3,medio
07010604600009F,070106,VENTANILLA,046,009,15,59,3,medio
07010604600008B,070106,VENTANILLA,046,008,4,14,3,medio
07010604600001E,070106,VENTANILLA,046,001,8,40,3,medio
07010604600020D,070106,VENTANILLA,046,020,10,30,3,medio
07010604000032B,070106,VENTANILLA,040,032,1,8,3,medio
07010604000008G,070106,VENTANILLA,040,008,30,104,3,medio
07010604000009E,070106,VENTANILLA,040,009,49,200,3,medio
07010604600020C,070106,VENTANILLA,046,020,12,40,3,medio
07010604600009E,070106,VENTANILLA,046,009,3,11,3,medio
070106049000300,070106,VENTANILLA,049,030,11,40,5,alto
070106049000070,070106,VENTANILLA,049,007,6,16,5,alto
070106049000120,070106,VENTANILLA,049,012,36,137,5,alto
07010600500059C,070106,VENTANILLA,005,059,2,5,3,medio
070106049000140,070106,VENTANILLA,049,014,10,41,5,alto
070106040000150,070106,VENTANILLA,040,015,8,28,3,medio
070106005000380,070106,VENTANILLA,005,038,18,60,3,medio
070106040000140,070106,VENTANILLA,040,014,24,118,3,medio
070106005000410,070106,VENTANILLA,005,041,13,72,2,medio bajo
070106005000450,070106,VENTANILLA,005,045,36,148,3,medio
070106002000210,070106,VENTANILLA,002,021,5,28,1,bajo
07010604600001J,070106,VENTANILLA,046,001,4,13,3,medio
070106005000390,070106,VENTANILLA,005,039,16,64,3,medio
070106005000400,070106,VENTANILLA,005,040,18,69,2,medio bajo
07010600200004A,070106,VENTANILLA,002,004,8,44,2,medio bajo
070106005000260,070106,VENTANILLA,005,026,38,140,2,medio bajo
07010604600001I,070106,VENTANILLA,046,001,6,26,3,medio
070106005000370,070106,VENTANILLA,005,037,9,31,3,medio
070106002000290,070106,VENTANILLA,002,029,12,50,2,medio bajo
07010604600021F,070106,VENTANILLA,046,021,34,113,3,medio
07010604600021G,070106,VENTANILLA,046,021,39,148,3,medio
07010600200008B,070106,VENTANILLA,002,008,10,29,2,medio bajo
07010600200021C,070106,VENTANILLA,002,021,7,23,1,bajo
070106040000230,070106,VENTANILLA,040,023,12,43,3,medio
07010604600001G,070106,VENTANILLA,046,001,6,16,3,medio
07010604600001K,070106,VENTANILLA,046,001,5,17,3,medio
07010600200004B,070106,VENTANILLA,002,004,8,29,2,medio bajo
07010604600001H,070106,VENTANILLA,046,001,9,36,3,medio
07010600200053C,070106,VENTANILLA,002,053,26,98,2,medio bajo
07010600200008D,070106,VENTANILLA,002,008,10,30,2,medio bajo
070106049000220,070106,VENTANILLA,049,022,20,76,5,alto
070106082000340,070106,VENTANILLA,082,034,15,42,3,medio
07010603100034A,070106,VENTANILLA,031,034,18,73,4,medio alto
070106005000270,070106,VENTANILLA,005,027,13,55,2,medio bajo
070106005000560,070106,VENTANILLA,005,056,15,58,3,medio
070106005000570,070106,VENTANILLA,005,057,28,118,3,medio
070106091010130,070106,VENTANILLA,091,013,3,8,2,medio bajo
070106082000310,070106,VENTANILLA,082,031,16,60,3,medio
070106005000290,070106,VENTANILLA,005,029,38,144,3,medio
070106005000280,070106,VENTANILLA,005,028,11,52,3,medio
070106005000300,070106,VENTANILLA,005,030,41,169,3,medio
070106082000370,070106,VENTANILLA,082,037,12,46,3,medio
070106082000380,070106,VENTANILLA,082,038,10,28,3,medio
070106082000400,070106,VENTANILLA,082,040,8,15,3,medio
070106082000640,070106,VENTANILLA,082,064,10,32,3,medio
070106082000360,070106,VENTANILLA,082,036,12,47,3,medio
070106082000720,070106,VENTANILLA,082,072,9,33,3,medio
070106082000390,070106,VENTANILLA,082,039,8,21,3,medio
070106082000300,070106,VENTANILLA,082,030,12,39,3,medio
070106082000630,070106,VENTANILLA,082,063,14,41,3,medio
070106082000530,070106,VENTANILLA,082,053,11,40,3,medio
070106082000290,070106,VENTANILLA,082,029,13,34,3,medio
070106082000620,070106,VENTANILLA,082,062,7,24,3,medio
070106082000410,070106,VENTANILLA,082,041,11,34,3,medio
070106082000600,070106,VENTANILLA,082,060,9,33,3,medio
070106082000590,070106,VENTANILLA,082,059,9,28,3,medio
070106082000710,070106,VENTANILLA,082,071,11,30,3,medio
070106082000140,070106,VENTANILLA,082,014,11,44,3,medio
070106040000420,070106,VENTANILLA,040,042,50,156,3,medio
070106046000320,070106,VENTANILLA,046,032,37,146,3,medio
070106040000240,070106,VENTANILLA,040,024,10,40,3,medio
07010604000029B,070106,VENTANILLA,040,029,30,120,3,medio
070106040000560,070106,VENTANILLA,040,056,18,70,3,medio
070106040000050,070106,VENTANILLA,040,005,37,130,3,medio
07010604000028C,070106,VENTANILLA,040,028,27,117,3,medio
07010609100016B,070106,VENTANILLA,091,016,1,7,2,medio bajo
070106040000250,070106,VENTANILLA,040,025,4,17,3,medio
070106040000510,070106,VENTANILLA,040,051,74,277,3,medio
07010604000007W,070106,VENTANILLA,040,007,53,172,3,medio
070106040000180,070106,VENTANILLA,040,018,6,24,3,medio
070106040000060,070106,VENTANILLA,040,006,85,316,3,medio
07010604000006T,070106,VENTANILLA,040,006,15,53,1,bajo
07010604000028A,070106,VENTANILLA,040,028,16,64,2,medio bajo
070106005000480,070106,VENTANILLA,005,048,25,97,3,medio
07010604000028E,070106,VENTANILLA,040,028,15,63,2,medio bajo
07010604000006Q,070106,VENTANILLA,040,006,4,18,2,medio bajo
070106040000220,070106,VENTANILLA,040,022,4,16,3,medio
070106040000040,070106,VENTANILLA,040,004,22,85,3,medio
07010604000006J,070106,VENTANILLA,040,006,5,20,1,bajo
070106005000320,070106,VENTANILLA,005,032,37,141,3,medio
07010604000007H,070106,VENTANILLA,040,007,6,30,2,medio bajo
070106040000270,070106,VENTANILLA,040,027,13,45,3,medio
07010604000006O,070106,VENTANILLA,040,006,18,67,1,bajo
07010604000006L,070106,VENTANILLA,040,006,5,21,1,bajo
07010604000007F,070106,VENTANILLA,040,007,12,54,2,medio bajo
07010604000006U,070106,VENTANILLA,040,006,4,11,1,bajo
07010604000006S,070106,VENTANILLA,040,006,4,17,1,bajo
07010604000007I,070106,VENTANILLA,040,007,6,25,2,medio bajo
07010604000006F,070106,VENTANILLA,040,006,26,87,1,bajo
070106040000200,070106,VENTANILLA,040,020,10,49,3,medio
07010604000006G,070106,VENTANILLA,040,006,14,59,1,bajo
070106046000250,070106,VENTANILLA,046,025,34,123,3,medio
070106040000130,070106,VENTANILLA,040,013,10,56,3,medio
07010604000006D,070106,VENTANILLA,040,006,12,50,1,bajo
070106082000160,070106,VENTANILLA,082,016,12,38,3,medio
070106082000180,070106,VENTANILLA,082,018,14,34,3,medio
070106082000170,070106,VENTANILLA,082,017,13,41,3,medio
07010604000006B,070106,VENTANILLA,040,006,22,92,2,medio bajo
070106040000010,070106,VENTANILLA,040,001,6,15,3,medio
070106082000190,070106,VENTANILLA,082,019,10,25,3,medio
070106040000600,070106,VENTANILLA,040,060,33,114,2,medio bajo
07010604600021E,070106,VENTANILLA,046,021,11,30,3,medio
07010604600001F,070106,VENTANILLA,046,001,15,36,3,medio
070106082000330,070106,VENTANILLA,082,033,13,38,3,medio
070106005000580,070106,VENTANILLA,005,058,22,79,3,medio
070106005000130,070106,VENTANILLA,005,013,12,38,3,medio
07010605800054C,070106,VENTANILLA,058,054,10,35,1,bajo
070106058000550,070106,VENTANILLA,058,055,20,85,1,bajo
070106058000510,070106,VENTANILLA,058,051,8,30,1,bajo
070106058000520,070106,VENTANILLA,058,052,5,10,1,bajo
070106058000500,070106,VENTANILLA,058,050,11,41,1,bajo
07010605800054B,070106,VENTANILLA,058,054,29,91,1,bajo
07010605800054A,070106,VENTANILLA,058,054,24,85,1,bajo
07010605800054D,070106,VENTANILLA,058,054,14,44,1,bajo
070106058000540,070106,VENTANILLA,058,054,13,60,1,bajo
07010605800055C,070106,VENTANILLA,058,055,5,15,1,bajo
07010605800035E,070106,VENTANILLA,058,035,17,79,1,bajo
07010605800035D,070106,VENTANILLA,058,035,20,68,1,bajo
07010605800035B,070106,VENTANILLA,058,035,11,42,1,bajo
070106005000550,070106,VENTANILLA,005,055,21,92,3,medio
070106082000350,070106,VENTANILLA,082,035,12,39,3,medio
070106082000220,070106,VENTANILLA,082,022,12,50,3,medio
070106082000450,070106,VENTANILLA,082,045,15,50,3,medio
070106082000240,070106,VENTANILLA,082,024,12,43,3,medio
07010604000009A,070106,VENTANILLA,040,009,4,11,3,medio
070106082000230,070106,VENTANILLA,082,023,14,46,3,medio
070106082000480,070106,VENTANILLA,082,048,9,36,3,medio
070106082000460,070106,VENTANILLA,082,046,12,32,3,medio
070106082000500,070106,VENTANILLA,082,050,11,24,3,medio
07010600200012B,070106,VENTANILLA,002,012,10,42,1,bajo
070106082000470,070106,VENTANILLA,082,047,14,50,3,medio
07010600200015A,070106,VENTANILLA,002,015,10,41,1,bajo
07010600200010A,070106,VENTANILLA,002,010,9,33,2,medio bajo
070106082000490,070106,VENTANILLA,082,049,12,27,3,medio
07010600200010B,070106,VENTANILLA,002,010,10,38,2,medio bajo
070106005000310,070106,VENTANILLA,005,031,34,88,3,medio
070106058000210,070106,VENTANILLA,058,021,9,19,2,medio bajo
07010604000006K,070106,VENTANILLA,040,006,3,13,1,bajo
070106005000180,070106,VENTANILLA,005,018,23,108,2,medio bajo
070106058000110,070106,VENTANILLA,058,011,12,57,2,medio bajo
070106005000140,070106,VENTANILLA,005,014,20,87,3,medio
07010605800055A,070106,VENTANILLA,058,055,9,29,1,bajo
07010605800037C,070106,VENTANILLA,058,037,22,72,1,bajo
070106005000190,070106,VENTANILLA,005,019,31,125,2,medio bajo
070106058000130,070106,VENTANILLA,058,013,8,29,2,medio bajo
07010605800036A,070106,VENTANILLA,058,036,16,58,1,bajo
070106058000120,070106,VENTANILLA,058,012,24,103,2,medio bajo
07010605800035A,070106,VENTANILLA,058,035,22,83,1,bajo
07010605800037A,070106,VENTANILLA,058,037,12,45,1,bajo
070106005000080,070106,VENTANILLA,005,008,16,70,2,medio bajo
070106058000340,070106,VENTANILLA,058,034,7,20,1,bajo
07010600500007A,070106,VENTANILLA,005,007,4,14,2,medio bajo
07010605800037B,070106,VENTANILLA,058,037,26,80,1,bajo
07010607600001F,070106,VENTANILLA,076,001,11,32,1,bajo
070106059010080,070106,VENTANILLA,059,008,7,33,1,bajo
070106059010100,070106,VENTANILLA,059,010,5,19,1,bajo
07010607600001B,070106,VENTANILLA,076,001,15,42,1,bajo
070106082000150,070106,VENTANILLA,082,015,15,46,3,medio
07010604000006C,070106,VENTANILLA,040,006,14,67,1,bajo
07010600200008E,070106,VENTANILLA,002,008,9,33,2,medio bajo
070106002000590,070106,VENTANILLA,002,059,10,33,1,bajo
070106082000200,070106,VENTANILLA,082,020,10,45,3,medio
070106058000160,070106,VENTANILLA,058,016,9,30,2,medio bajo
07010600200015B,070106,VENTANILLA,002,015,13,47,1,bajo
070106058000480,070106,VENTANILLA,058,048,19,62,1,bajo
070106058000320,070106,VENTANILLA,058,032,6,25,2,medio bajo
070106005000520,070106,VENTANILLA,005,052,29,107,3,medio
07010600200012D,070106,VENTANILLA,002,012,15,55,1,bajo
070106058000460,070106,VENTANILLA,058,046,6,17,1,bajo
07010604000018A,070106,VENTANILLA,040,018,4,18,3,medio
07010604000007P,070106,VENTANILLA,040,007,9,39,2,medio bajo
07010600200017Q,070106,VENTANILLA,002,017,22,72,1,bajo
07010604000007U,070106,VENTANILLA,040,007,6,29,1,bajo
07010605800055B,070106,VENTANILLA,058,055,13,41,1,bajo
07010604000007V,070106,VENTANILLA,040,007,7,27,1,bajo
07010604000007Y,070106,VENTANILLA,040,007,4,17,3,medio
07010604000028D,070106,VENTANILLA,040,028,1,2,2,medio bajo
07010604000007J,070106,VENTANILLA,040,007,3,7,3,medio
07010604000007X,070106,VENTANILLA,040,007,17,62,3,medio
07010604000057A,070106,VENTANILLA,040,057,21,79,3,medio
07010604000006X,070106,VENTANILLA,040,006,21,77,1,bajo
07010604000009F,070106,VENTANILLA,040,009,20,81,3,medio
070106058000230,070106,VENTANILLA,058,023,15,56,2,medio bajo
070106082000210,070106,VENTANILLA,082,021,4,14,3,medio
07010600200015G,070106,VENTANILLA,002,015,12,42,1,bajo
07010600200008C,070106,VENTANILLA,002,008,6,23,2,medio bajo
07010600200015E,070106,VENTANILLA,002,015,17,51,1,bajo
07010600200017B,070106,VENTANILLA,002,017,7,21,1,bajo
07010603300001C,070106,VENTANILLA,033,001,14,56,3,medio
070106033000030,070106,VENTANILLA,033,003,10,27,3,medio
070106033000060,070106,VENTANILLA,033,006,34,129,3,medio
07010603300003E,070106,VENTANILLA,033,003,10,33,3,medio
07010603300001B,070106,VENTANILLA,033,001,7,16,2,medio bajo
070106058000370,070106,VENTANILLA,058,037,18,71,1,bajo
07010603300008B,070106,VENTANILLA,033,008,5,12,2,medio bajo
07010603300008D,070106,VENTANILLA,033,008,8,27,2,medio bajo
070106058000250,070106,VENTANILLA,058,025,13,47,2,medio bajo
07010603300001D,070106,VENTANILLA,033,001,39,143,3,medio
070106076000050,070106,VENTANILLA,076,005,19,75,1,bajo
070106033000580,070106,VENTANILLA,033,058,15,51,2,medio bajo
07010603300003G,070106,VENTANILLA,033,003,42,170,3,medio
070106076000150,070106,VENTANILLA,076,015,11,37,1,bajo
07010603300008A,070106,VENTANILLA,033,008,22,96,2,medio bajo
070106058000030,070106,VENTANILLA,058,003,15,43,1,bajo
07010603300008C,070106,VENTANILLA,033,008,10,25,2,medio bajo
070106033000020,070106,VENTANILLA,033,002,52,201,3,medio
07010603300008E,070106,VENTANILLA,033,008,5,23,2,medio bajo
07010607600013A,070106,VENTANILLA,076,013,17,59,1,bajo
07010607600006B,070106,VENTANILLA,076,006,30,111,1,bajo
070106076000090,070106,VENTANILLA,076,009,16,44,1,bajo
070106076000100,070106,VENTANILLA,076,010,34,111,1,bajo
070106076000110,070106,VENTANILLA,076,011,28,108,1,bajo
070106005000120,070106,VENTANILLA,005,012,26,104,3,medio
07010605800035C,070106,VENTANILLA,058,035,1,5,1,bajo
07010600200017I,070106,VENTANILLA,002,017,14,48,1,bajo
07010603300009G,070106,VENTANILLA,033,009,5,15,2,medio bajo
07010600500023B,070106,VENTANILLA,005,023,13,46,2,medio bajo
070106005000240,070106,VENTANILLA,005,024,27,95,2,medio bajo
07010603300009F,070106,VENTANILLA,033,009,7,27,2,medio bajo
070106005000470,070106,VENTANILLA,005,047,25,94,3,medio
070106005000220,070106,VENTANILLA,005,022,28,113,2,medio bajo
07010603300009C,070106,VENTANILLA,033,009,8,34,2,medio bajo
070106082000650,070106,VENTANILLA,082,065,12,45,3,medio
07010600200012C,070106,VENTANILLA,002,012,14,44,1,bajo
070106058000330,070106,VENTANILLA,058,033,20,73,2,medio bajo
070106058000470,070106,VENTANILLA,058,047,5,17,1,bajo
070106033000420,070106,VENTANILLA,033,042,22,83,2,medio bajo
07010604000008C,070106,VENTANILLA,040,008,8,37,3,medio
070106033000480,070106,VENTANILLA,033,048,17,61,2,medio bajo
070106005000460,070106,VENTANILLA,005,046,42,170,3,medio
070106005000440,070106,VENTANILLA,005,044,29,134,3,medio
070106005000060,070106,VENTANILLA,005,006,11,32,2,medio bajo
070106005000200,070106,VENTANILLA,005,020,30,107,2,medio bajo
070106005000350,070106,VENTANILLA,005,035,26,98,3,medio
070106005000490,070106,VENTANILLA,005,049,21,89,3,medio
070106005000250,070106,VENTANILLA,005,025,25,97,2,medio bajo
070106005000150,070106,VENTANILLA,005,015,12,45,3,medio
07010600200017M,070106,VENTANILLA,002,017,20,77,1,bajo
07010600200015F,070106,VENTANILLA,002,015,15,52,1,bajo
070106076000170,070106,VENTANILLA,076,017,17,58,1,bajo
070106076000180,070106,VENTANILLA,076,018,23,86,1,bajo
070106076000190,070106,VENTANILLA,076,019,21,63,1,bajo
070106005000340,070106,VENTANILLA,005,034,42,148,3,medio
07010600900046D,070106,VENTANILLA,009,046,4,13,2,medio bajo
070106005000100,070106,VENTANILLA,005,010,14,68,2,medio bajo
070106005000540,070106,VENTANILLA,005,054,17,84,3,medio
070106009000450,070106,VENTANILLA,009,045,7,26,2,medio bajo
070106009000490,070106,VENTANILLA,009,049,23,86,2,medio bajo
070106005000090,070106,VENTANILLA,005,009,15,57,2,medio bajo
07010600500007B,070106,VENTANILLA,005,007,4,23,2,medio bajo
070106009000520,070106,VENTANILLA,009,052,20,79,2,medio bajo
070106033000140,070106,VENTANILLA,033,014,10,32,2,medio bajo
070106009000440,070106,VENTANILLA,009,044,8,26,2,medio bajo
070106058000040,070106,VENTANILLA,058,004,12,58,1,bajo
070106058000240,070106,VENTANILLA,058,024,16,46,2,medio bajo
070106058000090,070106,VENTANILLA,058,009,9,34,1,bajo
070106009000530,070106,VENTANILLA,009,053,19,87,2,medio bajo
070106058000290,070106,VENTANILLA,058,029,15,62,2,medio bajo
070106009000550,070106,VENTANILLA,009,055,25,97,1,bajo
070106058000140,070106,VENTANILLA,058,014,17,57,2,medio bajo
070106058000070,070106,VENTANILLA,058,007,6,24,1,bajo
070106058000150,070106,VENTANILLA,058,015,15,64,2,medio bajo
070106058000220,070106,VENTANILLA,058,022,9,31,2,medio bajo
070106058000260,070106,VENTANILLA,058,026,16,57,2,medio bajo
070106058000490,070106,VENTANILLA,058,049,17,51,1,bajo
07010607600001E,070106,VENTANILLA,076,001,1,3,1,bajo
07010600200015D,070106,VENTANILLA,002,015,17,47,1,bajo
070106033000430,070106,VENTANILLA,033,043,33,105,2,medio bajo
070106033000400,070106,VENTANILLA,033,040,18,63,2,medio bajo
070106033000090,070106,VENTANILLA,033,009,39,147,2,medio bajo
070106033000130,070106,VENTANILLA,033,013,33,134,3,medio
07010603300009A,070106,VENTANILLA,033,009,8,22,2,medio bajo
070106033000110,070106,VENTANILLA,033,011,12,42,2,medio bajo
070106033000120,070106,VENTANILLA,033,012,17,66,3,medio
07010603300009H,070106,VENTANILLA,033,009,13,40,2,medio bajo
070106005000530,070106,VENTANILLA,005,053,21,74,3,medio
07010600200017J,070106,VENTANILLA,002,017,8,34,1,bajo
07010603300009B,070106,VENTANILLA,033,009,13,58,2,medio bajo
07010600200017Y,070106,VENTANILLA,002,017,18,81,1,bajo
07010600200038C,070106,VENTANILLA,002,038,9,33,2,medio bajo
07010603300014A,070106,VENTANILLA,033,014,5,16,2,medio bajo
07010600200038B,070106,VENTANILLA,002,038,17,74,2,medio bajo
07010603300016A,070106,VENTANILLA,033,016,1,5,3,medio
070106009000190,070106,VENTANILLA,009,019,14,47,2,medio bajo
070106009000210,070106,VENTANILLA,009,021,31,121,2,medio bajo
070106009000320,070106,VENTANILLA,009,032,22,80,2,medio bajo
070106009000390,070106,VENTANILLA,009,039,22,57,2,medio bajo
070106009000220,070106,VENTANILLA,009,022,23,91,2,medio bajo
070106009000020,070106,VENTANILLA,009,002,10,33,2,medio bajo
070106009000110,070106,VENTANILLA,009,011,26,107,2,medio bajo
070106009000560,070106,VENTANILLA,009,056,20,78,1,bajo
070106009000120,070106,VENTANILLA,009,012,19,63,2,medio bajo
070106005000210,070106,VENTANILLA,005,021,22,85,2,medio bajo
070106076000160,070106,VENTANILLA,076,016,20,67,1,bajo
070106076000210,070106,VENTANILLA,076,021,27,96,1,bajo
070106076000220,070106,VENTANILLA,076,022,19,81,1,bajo
070106076000290,070106,VENTANILLA,076,029,35,113,1,bajo
070106033000150,070106,VENTANILLA,033,015,22,89,2,medio bajo
070106076000240,070106,VENTANILLA,076,024,20,68,2,medio bajo
070106058000400,070106,VENTANILLA,058,040,9,36,1,bajo
070106076000270,070106,VENTANILLA,076,027,34,110,2,medio bajo
070106058000410,070106,VENTANILLA,058,041,25,99,1,bajo
070106076000330,070106,VENTANILLA,076,033,41,132,2,medio bajo
070106076000380,070106,VENTANILLA,076,038,22,74,2,medio bajo
070106076000260,070106,VENTANILLA,076,026,20,68,1,bajo
070106076000370,070106,VENTANILLA,076,037,7,23,2,medio bajo
070106076000250,070106,VENTANILLA,076,025,20,62,1,bajo
070106076000350,070106,VENTANILLA,076,035,25,86,2,medio bajo
070106058000350,070106,VENTANILLA,058,035,15,69,1,bajo
070106033000410,070106,VENTANILLA,033,041,12,39,2,medio bajo
070106009000130,070106,VENTANILLA,009,013,25,78,2,medio bajo
070106076000300,070106,VENTANILLA,076,030,8,28,2,medio bajo
07010600200017T,070106,VENTANILLA,002,017,6,20,1,bajo
070106076000310,070106,VENTANILLA,076,031,7,20,2,medio bajo
070106076000540,070106,VENTANILLA,076,054,8,29,2,medio bajo
07010603300014H,070106,VENTANILLA,033,014,12,46,2,medio bajo
070106076000400,070106,VENTANILLA,076,040,20,59,2,medio bajo
070106076000450,070106,VENTANILLA,076,045,12,60,2,medio bajo
070106076000510,070106,VENTANILLA,076,051,12,37,2,medio bajo
07010603300014C,070106,VENTANILLA,033,014,11,40,2,medio bajo
070106076000410,070106,VENTANILLA,076,041,13,44,2,medio bajo
070106076000460,070106,VENTANILLA,076,046,13,43,2,medio bajo
070106076000530,070106,VENTANILLA,076,053,12,38,2,medio bajo
070106076000520,070106,VENTANILLA,076,052,8,17,2,medio bajo
07010603300015F,070106,VENTANILLA,033,015,10,42,1,bajo
070106076000470,070106,VENTANILLA,076,047,7,20,2,medio bajo
07010603300015A,070106,VENTANILLA,033,015,4,13,1,bajo
07010600900057B,070106,VENTANILLA,009,057,12,40,1,bajo
07010603300015G,070106,VENTANILLA,033,015,9,24,1,bajo
070106033000560,070106,VENTANILLA,033,056,2,8,2,medio bajo
07010603300015H,070106,VENTANILLA,033,015,12,37,1,bajo
070106076000500,070106,VENTANILLA,076,050,8,17,2,medio bajo
070106076000550,070106,VENTANILLA,076,055,10,38,2,medio bajo
07010603300014G,070106,VENTANILLA,033,014,24,97,2,medio bajo
07010603300015E,070106,VENTANILLA,033,015,6,20,1,bajo
070106009000230,070106,VENTANILLA,009,023,15,52,2,medio bajo
07010603300015I,070106,VENTANILLA,033,015,10,36,1,bajo
07010603300015B,070106,VENTANILLA,033,015,11,54,1,bajo
070106033000160,070106,VENTANILLA,033,016,17,61,2,medio bajo
070106009000430,070106,VENTANILLA,009,043,20,78,2,medio bajo
07010600900057A,070106,VENTANILLA,009,057,17,51,1,bajo
070106058000190,070106,VENTANILLA,058,019,8,27,2,medio bajo
070106058000270,070106,VENTANILLA,058,027,13,43,2,medio bajo
070106076000230,070106,VENTANILLA,076,023,11,39,1,bajo
070106058000440,070106,VENTANILLA,058,044,4,14,1,bajo
070106058000050,070106,VENTANILLA,058,005,6,20,1,bajo
070106058000200,070106,VENTANILLA,058,020,19,69,2,medio bajo
070106058000450,070106,VENTANILLA,058,045,8,30,1,bajo
070106058000170,070106,VENTANILLA,058,017,2,8,2,medio bajo
070106058000380,070106,VENTANILLA,058,038,13,50,1,bajo
070106076000430,070106,VENTANILLA,076,043,15,43,2,medio bajo
070106076000420,070106,VENTANILLA,076,042,21,75,2,medio bajo
070106076000440,070106,VENTANILLA,076,044,14,36,2,medio bajo
070106076000390,070106,VENTANILLA,076,039,16,57,2,medio bajo
07010600200043A,070106,VENTANILLA,002,043,9,27,2,medio bajo
07010600200041F,070106,VENTANILLA,002,041,9,34,2,medio bajo
070106002000430,070106,VENTANILLA,002,043,9,33,2,medio bajo
070106009000420,070106,VENTANILLA,009,042,16,62,2,medio bajo
070106009000140,070106,VENTANILLA,009,014,27,107,2,medio bajo
070106009000240,070106,VENTANILLA,009,024,15,62,2,medio bajo
07010600200044B,070106,VENTANILLA,002,044,10,43,2,medio bajo
070106009000360,070106,VENTANILLA,009,036,23,95,2,medio bajo
07010600200036E,070106,VENTANILLA,002,036,20,82,2,medio bajo
070106009000080,070106,VENTANILLA,009,008,16,54,2,medio bajo
070106009000090,070106,VENTANILLA,009,009,13,42,2,medio bajo
070106002000350,070106,VENTANILLA,002,035,4,19,2,medio bajo
070106009000200,070106,VENTANILLA,009,020,30,113,2,medio bajo
070106009000160,070106,VENTANILLA,009,016,19,64,2,medio bajo
070106009000350,070106,VENTANILLA,009,035,26,106,2,medio bajo
070106009000510,070106,VENTANILLA,009,051,17,52,2,medio bajo
070106009000410,070106,VENTANILLA,009,041,26,85,2,medio bajo
070106009000150,070106,VENTANILLA,009,015,9,33,2,medio bajo
070106009000050,070106,VENTANILLA,009,005,8,33,2,medio bajo
070106009000180,070106,VENTANILLA,009,018,11,42,2,medio bajo
070106009000250,070106,VENTANILLA,009,025,26,79,2,medio bajo
070106009000010,070106,VENTANILLA,009,001,11,40,2,medio bajo
070106009000280,070106,VENTANILLA,009,028,30,133,2,medio bajo
070106009000070,070106,VENTANILLA,009,007,14,46,2,medio bajo
070106009000400,070106,VENTANILLA,009,040,13,41,2,medio bajo
070106009000310,070106,VENTANILLA,009,031,26,95,2,medio bajo
070106009000330,070106,VENTANILLA,009,033,31,102,2,medio bajo
070106009000300,070106,VENTANILLA,009,030,24,92,2,medio bajo
070106009000340,070106,VENTANILLA,009,034,19,81,2,medio bajo
070106009000030,070106,VENTANILLA,009,003,16,77,2,medio bajo
070106009000260,070106,VENTANILLA,009,026,11,53,2,medio bajo
070106009000380,070106,VENTANILLA,009,038,25,75,2,medio bajo
070106009000060,070106,VENTANILLA,009,006,13,53,2,medio bajo
070106009000290,070106,VENTANILLA,009,029,27,107,2,medio bajo
070106009000500,070106,VENTANILLA,009,050,17,61,2,medio bajo
070106008000320,070106,VENTANILLA,008,032,10,30,2,medio bajo
070106009000040,070106,VENTANILLA,009,004,13,41,2,medio bajo
070106008000370,070106,VENTANILLA,008,037,11,38,2,medio bajo
070106008000360,070106,VENTANILLA,008,036,5,17,2,medio bajo
070106009000170,070106,VENTANILLA,009,017,21,81,2,medio bajo
07010600900046E,070106,VENTANILLA,009,046,12,56,2,medio bajo
070106009000370,070106,VENTANILLA,009,037,18,72,2,medio bajo
070106058000420,070106,VENTANILLA,058,042,14,45,1,bajo
070106033000530,070106,VENTANILLA,033,053,4,23,2,medio bajo
070106033000600,070106,VENTANILLA,033,060,18,56,2,medio bajo
07010603300060A,070106,VENTANILLA,033,060,9,30,2,medio bajo
070106033000570,070106,VENTANILLA,033,057,8,28,2,medio bajo
070106033000590,070106,VENTANILLA,033,059,19,60,2,medio bajo
07010603300044A,070106,VENTANILLA,033,044,4,9,2,medio bajo
070106033000550,070106,VENTANILLA,033,055,15,70,2,medio bajo
07010603300034A,070106,VENTANILLA,033,034,4,13,2,medio bajo
070106033000540,070106,VENTANILLA,033,054,8,37,2,medio bajo
070106033000510,070106,VENTANILLA,033,051,15,59,2,medio bajo
070106033000300,070106,VENTANILLA,033,030,14,37,2,medio bajo
070106033000450,070106,VENTANILLA,033,045,13,53,2,medio bajo
07010603300031A,070106,VENTANILLA,033,031,21,84,2,medio bajo
070106033000340,070106,VENTANILLA,033,034,13,59,3,medio
070106033000380,070106,VENTANILLA,033,038,12,41,2,medio bajo
070106033000330,070106,VENTANILLA,033,033,6,18,3,medio
07010603300022A,070106,VENTANILLA,033,022,45,164,3,medio
07010603300059A,070106,VENTANILLA,033,059,10,38,2,medio bajo
07010603300029A,070106,VENTANILLA,033,029,11,51,2,medio bajo
07010603300018A,070106,VENTANILLA,033,018,31,112,2,medio bajo
070106033000490,070106,VENTANILLA,033,049,4,20,2,medio bajo
070106033000370,070106,VENTANILLA,033,037,4,22,2,medio bajo
070106033000360,070106,VENTANILLA,033,036,20,78,2,medio bajo
070106033000470,070106,VENTANILLA,033,047,13,61,2,medio bajo
07010603300049A,070106,VENTANILLA,033,049,2,10,2,medio bajo
070106033000440,070106,VENTANILLA,033,044,28,105,2,medio bajo
070106033000460,070106,VENTANILLA,033,046,13,53,2,medio bajo
070106033000240,070106,VENTANILLA,033,024,15,53,3,medio
070106033000250,070106,VENTANILLA,033,025,4,14,3,medio
070106033000260,070106,VENTANILLA,033,026,21,85,3,medio
07010603300020A,070106,VENTANILLA,033,020,4,22,2,medio bajo
070106076000360,070106,VENTANILLA,076,036,14,43,2,medio bajo
07010600200044D,070106,VENTANILLA,002,044,11,32,2,medio bajo
070106076000320,070106,VENTANILLA,076,032,12,33,2,medio bajo
07010603300014D,070106,VENTANILLA,033,014,32,108,2,medio bajo
070106076000490,070106,VENTANILLA,076,049,22,84,2,medio bajo
070106002000220,070106,VENTANILLA,002,022,12,52,2,medio bajo
070106009000540,070106,VENTANILLA,009,054,25,91,1,bajo
070106002000250,070106,VENTANILLA,002,025,3,12,2,medio bajo
070106058000100,070106,VENTANILLA,058,010,17,56,1,bajo
070106002000010,070106,VENTANILLA,002,001,42,151,2,medio bajo
070106058000280,070106,VENTANILLA,058,028,18,78,2,medio bajo
070106002000090,070106,VENTANILLA,002,009,8,30,2,medio bajo
070106058000020,070106,VENTANILLA,058,002,10,34,1,bajo
070106002000310,070106,VENTANILLA,002,031,9,32,2,medio bajo
070106002000110,070106,VENTANILLA,002,011,13,49,2,medio bajo
07010607600001O,070106,VENTANILLA,076,001,14,36,2,medio bajo
07010607600001I,070106,VENTANILLA,076,001,17,75,2,medio bajo
070106002000020,070106,VENTANILLA,002,002,6,17,2,medio bajo
07010607600001K,070106,VENTANILLA,076,001,18,46,2,medio bajo
070106008000440,070106,VENTANILLA,008,044,13,53,2,medio bajo
070106008000350,070106,VENTANILLA,008,035,10,32,2,medio bajo
070106008000600,070106,VENTANILLA,008,060,9,34,2,medio bajo
070106008000580,070106,VENTANILLA,008,058,12,49,2,medio bajo
07010600800034A,070106,VENTANILLA,008,034,8,40,2,medio bajo
070106076000480,070106,VENTANILLA,076,048,12,35,2,medio bajo
070106002000200,070106,VENTANILLA,002,020,12,50,1,bajo
07010600200029B,070106,VENTANILLA,002,029,13,43,2,medio bajo
07010607600026A,070106,VENTANILLA,076,026,11,34,2,medio bajo
07010607600034B,070106,VENTANILLA,076,034,10,34,2,medio bajo
07010607600035A,070106,VENTANILLA,076,035,22,85,2,medio bajo
07010607600026B,070106,VENTANILLA,076,026,15,66,2,medio bajo
070106008000450,070106,VENTANILLA,008,045,19,56,2,medio bajo
07010607600038B,070106,VENTANILLA,076,038,12,46,2,medio bajo
07010607600001L,070106,VENTANILLA,076,001,18,52,2,medio bajo
07010607600001M,070106,VENTANILLA,076,001,15,52,2,medio bajo
07010607600001J,070106,VENTANILLA,076,001,17,53,2,medio bajo
07010607600034A,070106,VENTANILLA,076,034,11,37,2,medio bajo
07010600200036C,070106,VENTANILLA,002,036,26,104,2,medio bajo
070106008000590,070106,VENTANILLA,008,059,6,28,2,medio bajo
070106008000610,070106,VENTANILLA,008,061,18,66,2,medio bajo
07010607600001Q,070106,VENTANILLA,076,001,12,40,2,medio bajo
070106076000140,070106,VENTANILLA,076,014,28,109,1,bajo
07010603300018J,070106,VENTANILLA,033,018,15,66,3,medio
070106076000200,070106,VENTANILLA,076,020,8,40,1,bajo
070106076000340,070106,VENTANILLA,076,034,22,76,2,medio bajo
070106009000100,070106,VENTANILLA,009,010,21,84,2,medio bajo
070106002000500,070106,VENTANILLA,002,050,19,80,2,medio bajo
07010603300055A,070106,VENTANILLA,033,055,6,21,2,medio bajo
07010600200044C,070106,VENTANILLA,002,044,9,34,2,medio bajo
07010600200044E,070106,VENTANILLA,002,044,3,11,2,medio bajo
07010603300018F,070106,VENTANILLA,033,018,10,37,1,bajo
07010600200029A,070106,VENTANILLA,002,029,7,23,2,medio bajo
070106002000560,070106,VENTANILLA,002,056,13,45,2,medio bajo
07010607600001P,070106,VENTANILLA,076,001,13,46,2,medio bajo
070106002000320,070106,VENTANILLA,002,032,10,40,2,medio bajo
070106008000400,070106,VENTANILLA,008,040,6,18,2,medio bajo
070106008000510,070106,VENTANILLA,008,051,15,54,2,medio bajo
07010600200004E,070106,VENTANILLA,002,004,13,43,2,medio bajo
070106008000480,070106,VENTANILLA,008,048,16,59,2,medio bajo
070106002000070,070106,VENTANILLA,002,007,9,31,2,medio bajo
070106008000550,070106,VENTANILLA,008,055,15,47,2,medio bajo
070106002000240,070106,VENTANILLA,002,024,7,29,2,medio bajo
070106002000130,070106,VENTANILLA,002,013,8,26,1,bajo
070106008000540,070106,VENTANILLA,008,054,15,57,2,medio bajo
070106002000080,070106,VENTANILLA,002,008,8,30,2,medio bajo
070106002000510,070106,VENTANILLA,002,051,22,59,2,medio bajo
07010600200017N,070106,VENTANILLA,002,017,9,32,1,bajo
070106002000190,070106,VENTANILLA,002,019,16,47,1,bajo
070106008000490,070106,VENTANILLA,008,049,13,46,2,medio bajo
07010600200017S,070106,VENTANILLA,002,017,8,32,1,bajo
070106008000500,070106,VENTANILLA,008,050,15,66,2,medio bajo
07010600200004K,070106,VENTANILLA,002,004,3,8,2,medio bajo
070106002000570,070106,VENTANILLA,002,057,16,74,2,medio bajo
070106002000040,070106,VENTANILLA,002,004,8,27,2,medio bajo
07010600200004D,070106,VENTANILLA,002,004,19,57,2,medio bajo
070106002000480,070106,VENTANILLA,002,048,29,128,2,medio bajo
070106008000560,070106,VENTANILLA,008,056,18,75,2,medio bajo
070106002000030,070106,VENTANILLA,002,003,5,18,2,medio bajo
07010600200004C,070106,VENTANILLA,002,004,20,80,2,medio bajo
07010607600001N,070106,VENTANILLA,076,001,16,65,2,medio bajo
070106008000410,070106,VENTANILLA,008,041,11,56,2,medio bajo
070106008000300,070106,VENTANILLA,008,030,8,29,2,medio bajo
070106008000430,070106,VENTANILLA,008,043,17,50,2,medio bajo
07010607600001H,070106,VENTANILLA,076,001,14,57,2,medio bajo
070106033000180,070106,VENTANILLA,033,018,30,121,3,medio
070106067000270,070106,VENTANILLA,067,027,17,63,1,bajo
070106008000420,070106,VENTANILLA,008,042,10,38,2,medio bajo
07010601900033B,070106,VENTANILLA,019,033,27,118,2,medio bajo
07010605800006A,070106,VENTANILLA,058,006,6,17,1,bajo
070106019000260,070106,VENTANILLA,019,026,14,50,1,bajo
07010601900021C,070106,VENTANILLA,019,021,12,59,1,bajo
070106019000160,070106,VENTANILLA,019,016,12,48,1,bajo
070106019000090,070106,VENTANILLA,019,009,12,43,1,bajo
070106019000380,070106,VENTANILLA,019,038,6,46,2,medio bajo
07010601900037K,070106,VENTANILLA,019,037,10,44,1,bajo
07010601900033F,070106,VENTANILLA,019,033,33,152,2,medio bajo
070106019000040,070106,VENTANILLA,019,004,10,39,1,bajo
07010601900004J,070106,VENTANILLA,019,004,8,31,1,bajo
070106019000360,070106,VENTANILLA,019,036,13,58,2,medio bajo
07010601900037N,070106,VENTANILLA,019,037,16,64,1,bajo
070106019000060,070106,VENTANILLA,019,006,9,41,1,bajo
07010601900004F,070106,VENTANILLA,019,004,10,37,1,bajo
07010601900004I,070106,VENTANILLA,019,004,4,20,1,bajo
07010601900033G,070106,VENTANILLA,019,033,11,38,2,medio bajo
07010607600001D,070106,VENTANILLA,076,001,35,94,1,bajo
070106019000180,070106,VENTANILLA,019,018,4,14,1,bajo
070106019000130,070106,VENTANILLA,019,013,15,54,1,bajo
07010601900004G,070106,VENTANILLA,019,004,15,74,1,bajo
070106002000060,070106,VENTANILLA,002,006,7,23,2,medio bajo
07010603300019A,070106,VENTANILLA,033,019,6,21,1,bajo
07010603300018H,070106,VENTANILLA,033,018,6,21,1,bajo
07010603300020B,070106,VENTANILLA,033,020,3,12,2,medio bajo
07010603300019F,070106,VENTANILLA,033,019,10,33,1,bajo
07010603300018G,070106,VENTANILLA,033,018,10,32,1,bajo
07010601900004E,070106,VENTANILLA,019,004,14,42,1,bajo
07010601900004K,070106,VENTANILLA,019,004,12,47,1,bajo
07010603300020E,070106,VENTANILLA,033,020,30,116,2,medio bajo
07010603300020C,070106,VENTANILLA,033,020,5,21,2,medio bajo
070106002000520,070106,VENTANILLA,002,052,14,72,2,medio bajo
07010603300020D,070106,VENTANILLA,033,020,11,45,2,medio bajo
07010607600035B,070106,VENTANILLA,076,035,23,79,2,medio bajo
07010600200010D,070106,VENTANILLA,002,010,2,8,2,medio bajo
07010600200027C,070106,VENTANILLA,002,027,21,62,2,medio bajo
070106002000230,070106,VENTANILLA,002,023,8,29,2,medio bajo
070106019000240,070106,VENTANILLA,019,024,22,79,1,bajo
07010603300019C,070106,VENTANILLA,033,019,13,50,2,medio bajo
070106019000230,070106,VENTANILLA,019,023,23,62,1,bajo
070106002000550,070106,VENTANILLA,002,055,23,101,2,medio bajo
070106019000150,070106,VENTANILLA,019,015,8,28,1,bajo
070106002000330,070106,VENTANILLA,002,033,10,34,2,medio bajo
070106002000540,070106,VENTANILLA,002,054,13,40,2,medio bajo
070106002000340,070106,VENTANILLA,002,034,9,32,2,medio bajo
070106002000490,070106,VENTANILLA,002,049,14,48,2,medio bajo
07010607600001C,070106,VENTANILLA,076,001,31,113,1,bajo
070106002000140,070106,VENTANILLA,002,014,6,18,1,bajo
07010601900020A,070106,VENTANILLA,019,020,9,28,1,bajo
070106002000050,070106,VENTANILLA,002,005,8,41,2,medio bajo
07010600800034B,070106,VENTANILLA,008,034,13,62,2,medio bajo
070106008000530,070106,VENTANILLA,008,053,8,25,2,medio bajo
07010600200001A,070106,VENTANILLA,002,001,24,80,2,medio bajo
07010605800043B,070106,VENTANILLA,058,043,4,18,1,bajo
07010600200029C,070106,VENTANILLA,002,029,9,20,2,medio bajo
070106058000060,070106,VENTANILLA,058,006,13,51,1,bajo
070106042000220,070106,VENTANILLA,042,022,43,146,3,medio
07010600200017Z,070106,VENTANILLA,002,017,21,76,1,bajo
070106042000140,070106,VENTANILLA,042,014,11,49,3,medio
07010600200043C,070106,VENTANILLA,002,043,5,16,2,medio bajo
070106042000110,070106,VENTANILLA,042,011,18,84,2,medio bajo
07010600200010C,070106,VENTANILLA,002,010,1,1,2,medio bajo
07010600200015I,070106,VENTANILLA,002,015,10,33,1,bajo
070106042000200,070106,VENTANILLA,042,020,13,71,3,medio
07010600200004J,070106,VENTANILLA,002,004,2,9,2,medio bajo
07010600200004F,070106,VENTANILLA,002,004,4,16,2,medio bajo
070106042000160,070106,VENTANILLA,042,016,30,123,3,medio
070106002000600,070106,VENTANILLA,002,060,3,7,1,bajo
070106042000100,070106,VENTANILLA,042,010,7,39,2,medio bajo
070106042000190,070106,VENTANILLA,042,019,40,167,3,medio
070106072000320,070106,VENTANILLA,072,032,6,17,2,medio bajo
07010607200057A,070106,VENTANILLA,072,057,16,57,2,medio bajo
070106042000180,070106,VENTANILLA,042,018,28,102,3,medio
070106042000230,070106,VENTANILLA,042,023,4,10,4,medio alto
070106042000170,070106,VENTANILLA,042,017,26,92,3,medio
070106042000130,070106,VENTANILLA,042,013,34,133,3,medio
070106042000370,070106,VENTANILLA,042,037,49,197,3,medio
070106042000250,070106,VENTANILLA,042,025,30,107,4,medio alto
070106042000120,070106,VENTANILLA,042,012,46,187,3,medio
070106042000580,070106,VENTANILLA,042,058,57,209,4,medio alto
070106042000310,070106,VENTANILLA,042,031,26,109,3,medio
070106042000320,070106,VENTANILLA,042,032,32,126,3,medio
07010607200018D,070106,VENTANILLA,072,018,10,39,2,medio bajo
07010606700002O,070106,VENTANILLA,067,002,9,36,1,bajo
07010606700035C,070106,VENTANILLA,067,035,23,68,1,bajo
070106042000260,070106,VENTANILLA,042,026,32,119,4,medio alto
07010606700002N,070106,VENTANILLA,067,002,19,88,1,bajo
070106072000240,070106,VENTANILLA,072,024,18,57,1,bajo
070106033000080,070106,VENTANILLA,033,008,44,157,2,medio bajo
070106042000360,070106,VENTANILLA,042,036,41,152,3,medio
070106033000100,070106,VENTANILLA,033,010,35,99,2,medio bajo
070106067000360,070106,VENTANILLA,067,036,23,72,1,bajo
070106042000240,070106,VENTANILLA,042,024,48,177,4,medio alto
070106042000560,070106,VENTANILLA,042,056,13,47,3,medio
070106042000340,070106,VENTANILLA,042,034,26,120,3,medio
070106042000300,070106,VENTANILLA,042,030,29,129,3,medio
070106042000570,070106,VENTANILLA,042,057,26,106,4,medio alto
070106042000550,070106,VENTANILLA,042,055,13,45,4,medio alto
070106072000210,070106,VENTANILLA,072,021,30,111,1,bajo
07010606700003B,070106,VENTANILLA,067,003,23,83,1,bajo
070106042000590,070106,VENTANILLA,042,059,15,60,4,medio alto
070106042000530,070106,VENTANILLA,042,053,30,105,3,medio
070106042000280,070106,VENTANILLA,042,028,11,51,3,medio
070106042000510,070106,VENTANILLA,042,051,7,22,3,medio
070106072000370,070106,VENTANILLA,072,037,6,26,2,medio bajo
070106072000140,070106,VENTANILLA,072,014,21,66,2,medio bajo
070106042000540,070106,VENTANILLA,042,054,37,140,4,medio alto
070106042000520,070106,VENTANILLA,042,052,25,92,3,medio
070106067000330,070106,VENTANILLA,067,033,23,84,1,bajo
070106033000190,070106,VENTANILLA,033,019,1,5,1,bajo
07010603300028B,070106,VENTANILLA,033,028,10,23,2,medio bajo
07010603300038B,070106,VENTANILLA,033,038,33,117,2,medio bajo
07010603300010L,070106,VENTANILLA,033,010,6,12,2,medio bajo
07010603300010M,070106,VENTANILLA,033,010,3,14,2,medio bajo
07010601900004L,070106,VENTANILLA,019,004,4,20,1,bajo
07010603300017D,070106,VENTANILLA,033,017,15,55,1,bajo
07010603300010R,070106,VENTANILLA,033,010,8,15,2,medio bajo
07010600200015H,070106,VENTANILLA,002,015,16,55,1,bajo
07010603300010O,070106,VENTANILLA,033,010,8,19,2,medio bajo
07010603300010Q,070106,VENTANILLA,033,010,11,29,2,medio bajo
07010603300010D,070106,VENTANILLA,033,010,8,20,2,medio bajo
07010603300010K,070106,VENTANILLA,033,010,14,38,2,medio bajo
070106067000320,070106,VENTANILLA,067,032,26,92,1,bajo
07010603300010N,070106,VENTANILLA,033,010,11,30,2,medio bajo
07010606700002F,070106,VENTANILLA,067,002,27,99,1,bajo
07010603300010J,070106,VENTANILLA,033,010,12,34,2,medio bajo
07010606700002K,070106,VENTANILLA,067,002,8,29,1,bajo
07010603300010C,070106,VENTANILLA,033,010,1,3,2,medio bajo
07010606700002H,070106,VENTANILLA,067,002,18,52,1,bajo
07010606700002G,070106,VENTANILLA,067,002,12,35,1,bajo
070106042000480,070106,VENTANILLA,042,048,34,141,3,medio
070106067000300,070106,VENTANILLA,067,030,9,30,1,bajo
07010606700012C,070106,VENTANILLA,067,012,6,23,1,bajo
070106067000190,070106,VENTANILLA,067,019,10,31,1,bajo
070106042000490,070106,VENTANILLA,042,049,23,79,3,medio
070106067000200,070106,VENTANILLA,067,020,27,95,2,medio bajo
070106042000460,070106,VENTANILLA,042,046,9,42,3,medio
07010601900033A,070106,VENTANILLA,019,033,25,104,2,medio bajo
070106019000390,070106,VENTANILLA,019,039,18,73,2,medio bajo
07010601900037B,070106,VENTANILLA,019,037,18,77,2,medio bajo
070106019000250,070106,VENTANILLA,019,025,12,39,1,bajo
070106019000340,070106,VENTANILLA,019,034,2,12,2,medio bajo
070106019000420,070106,VENTANILLA,019,042,20,93,2,medio bajo
070106002000120,070106,VENTANILLA,002,012,15,51,1,bajo
07010601900040B,070106,VENTANILLA,019,040,17,66,2,medio bajo
070106019000320,070106,VENTANILLA,019,032,17,63,3,medio
070106019000300,070106,VENTANILLA,019,030,23,104,3,medio
07010600200043B,070106,VENTANILLA,002,043,3,14,2,medio bajo
070106072000580,070106,VENTANILLA,072,058,15,49,2,medio bajo
070106072000090,070106,VENTANILLA,072,009,19,67,1,bajo
07010606700003C,070106,VENTANILLA,067,003,24,95,1,bajo
07010603300019D,070106,VENTANILLA,033,019,11,39,2,medio bajo
070106019000220,070106,VENTANILLA,019,022,10,37,1,bajo
070106019000350,070106,VENTANILLA,019,035,10,41,2,medio bajo
070106019000310,070106,VENTANILLA,019,031,12,51,3,medio
07010603300010P,070106,VENTANILLA,033,010,12,32,2,medio bajo
07010603300010E,070106,VENTANILLA,033,010,14,36,2,medio bajo
070106072000290,070106,VENTANILLA,072,029,17,55,2,medio bajo
070106042000500,070106,VENTANILLA,042,050,11,46,3,medio
07010603300010F,070106,VENTANILLA,033,010,6,17,2,medio bajo
07010603300010S,070106,VENTANILLA,033,010,5,23,2,medio bajo
070106067000310,070106,VENTANILLA,067,031,16,68,1,bajo
07010603300018K,070106,VENTANILLA,033,018,4,18,3,medio
07010603300010G,070106,VENTANILLA,033,010,13,40,2,medio bajo
07010603300019E,070106,VENTANILLA,033,019,6,25,1,bajo
07010601900017C,070106,VENTANILLA,019,017,5,10,1,bajo
07010601900037A,070106,VENTANILLA,019,037,11,39,1,bajo
070106042000450,070106,VENTANILLA,042,045,7,29,3,medio
07010601900033D,070106,VENTANILLA,019,033,23,89,2,medio bajo
07010603300031B,070106,VENTANILLA,033,031,1,3,3,medio
07010603300017C,070106,VENTANILLA,033,017,12,36,1,bajo
07010603300028C,070106,VENTANILLA,033,028,4,11,2,medio bajo
07010603300028E,070106,VENTANILLA,033,028,7,21,2,medio bajo
07010603300028D,070106,VENTANILLA,033,028,10,30,2,medio bajo
070106032000170,070106,VENTANILLA,032,017,26,99,3,medio
070106032000110,070106,VENTANILLA,032,011,13,57,3,medio
07010604200008C,070106,VENTANILLA,042,008,8,30,2,medio bajo
070106042000030,070106,VENTANILLA,042,003,22,91,2,medio bajo
070106032000090,070106,VENTANILLA,032,009,14,41,3,medio
070106032000160,070106,VENTANILLA,032,016,75,340,3,medio
070106042000270,070106,VENTANILLA,042,027,41,173,3,medio
070106032000100,070106,VENTANILLA,032,010,22,74,3,medio
070106042000350,070106,VENTANILLA,042,035,14,53,3,medio
07010604200007C,070106,VENTANILLA,042,007,37,135,2,medio bajo
07010604200003E,070106,VENTANILLA,042,003,18,66,2,medio bajo
070106042000330,070106,VENTANILLA,042,033,2,13,3,medio
07010604200004D,070106,VENTANILLA,042,004,5,19,2,medio bajo
07010601900021B,070106,VENTANILLA,019,021,3,12,1,bajo
070106014000130,070106,VENTANILLA,014,013,27,114,2,medio bajo
070106014000520,070106,VENTANILLA,014,052,17,60,2,medio bajo
07010601900041B,070106,VENTANILLA,019,041,3,11,2,medio bajo
07010601400004A,070106,VENTANILLA,014,004,9,36,2,medio bajo
070106014000500,070106,VENTANILLA,014,050,12,31,2,medio bajo
070106014000150,070106,VENTANILLA,014,015,10,34,2,medio bajo
070106014000330,070106,VENTANILLA,014,033,13,49,2,medio bajo
070106014000160,070106,VENTANILLA,014,016,20,69,2,medio bajo
07010601400023B,070106,VENTANILLA,014,023,7,26,2,medio bajo
070106014000350,070106,VENTANILLA,014,035,14,68,2,medio bajo
070106014000290,070106,VENTANILLA,014,029,21,94,2,medio bajo
070106014000190,070106,VENTANILLA,014,019,12,46,2,medio bajo
07010601400011A,070106,VENTANILLA,014,011,16,56,2,medio bajo
070106014000300,070106,VENTANILLA,014,030,14,63,2,medio bajo
07010601400023A,070106,VENTANILLA,014,023,10,34,2,medio bajo
070106014000340,070106,VENTANILLA,014,034,13,66,2,medio bajo
070106014000260,070106,VENTANILLA,014,026,22,91,2,medio bajo
070106014000410,070106,VENTANILLA,014,041,16,58,2,medio bajo
070106014000420,070106,VENTANILLA,014,042,15,58,2,medio bajo
070106014000220,070106,VENTANILLA,014,022,10,30,2,medio bajo
070106014000370,070106,VENTANILLA,014,037,10,49,2,medio bajo
070106014000250,070106,VENTANILLA,014,025,22,90,2,medio bajo
070106014000180,070106,VENTANILLA,014,018,15,60,2,medio bajo
070106014000310,070106,VENTANILLA,014,031,15,63,2,medio bajo
070106019000010,070106,VENTANILLA,019,001,10,42,2,medio bajo
070106014000440,070106,VENTANILLA,014,044,12,46,2,medio bajo
070106019000020,070106,VENTANILLA,019,002,17,68,2,medio bajo
070106072000220,070106,VENTANILLA,072,022,22,60,1,bajo
070106072000280,070106,VENTANILLA,072,028,12,39,2,medio bajo
070106072000010,070106,VENTANILLA,072,001,14,47,2,medio bajo
070106014000200,070106,VENTANILLA,014,020,20,84,2,medio bajo
070106072000270,070106,VENTANILLA,072,027,6,26,2,medio bajo
07010603300010I,070106,VENTANILLA,033,010,3,6,2,medio bajo
070106072000060,070106,VENTANILLA,072,006,17,67,2,medio bajo
070106014000070,070106,VENTANILLA,014,007,11,43,2,medio bajo
070106072000150,070106,VENTANILLA,072,015,19,60,2,medio bajo
070106014000210,070106,VENTANILLA,014,021,20,102,2,medio bajo
070106072000230,070106,VENTANILLA,072,023,7,24,1,bajo
070106072000360,070106,VENTANILLA,072,036,14,50,2,medio bajo
07010607200030A,070106,VENTANILLA,072,030,7,27,2,medio bajo
07010601400046A,070106,VENTANILLA,014,046,9,34,2,medio bajo
070106014000080,070106,VENTANILLA,014,008,19,79,2,medio bajo
07010607200002B,070106,VENTANILLA,072,002,7,34,2,medio bajo
070106014000400,070106,VENTANILLA,014,040,9,38,2,medio bajo
070106014000020,070106,VENTANILLA,014,002,18,85,2,medio bajo
07010607200002A,070106,VENTANILLA,072,002,19,61,2,medio bajo
070106042000380,070106,VENTANILLA,042,038,24,98,2,medio bajo
070106072000110,070106,VENTANILLA,072,011,4,19,2,medio bajo
070106014000030,070106,VENTANILLA,014,003,14,57,2,medio bajo
070106014000040,070106,VENTANILLA,014,004,34,148,2,medio bajo
07010604200042B,070106,VENTANILLA,042,042,33,137,2,medio bajo
070106042000050,070106,VENTANILLA,042,005,18,66,2,medio bajo
070106072000080,070106,VENTANILLA,072,008,20,58,1,bajo
070106042000020,070106,VENTANILLA,042,002,14,50,2,medio bajo
07010604200002B,070106,VENTANILLA,042,002,2,7,2,medio bajo
070106014000460,070106,VENTANILLA,014,046,13,38,2,medio bajo
070106072000340,070106,VENTANILLA,072,034,5,19,2,medio bajo
070106014000240,070106,VENTANILLA,014,024,18,74,2,medio bajo
07010607200016C,070106,VENTANILLA,072,016,6,28,2,medio bajo
07010607200012A,070106,VENTANILLA,072,012,11,40,2,medio bajo
07010606700002J,070106,VENTANILLA,067,002,13,49,1,bajo
070106014000380,070106,VENTANILLA,014,038,18,78,2,medio bajo
070106072000390,070106,VENTANILLA,072,039,18,55,2,medio bajo
070106072000170,070106,VENTANILLA,072,017,9,26,2,medio bajo
07010607200016B,070106,VENTANILLA,072,016,24,76,2,medio bajo
070106014000390,070106,VENTANILLA,014,039,22,91,2,medio bajo
07010604200002A,070106,VENTANILLA,042,002,1,4,2,medio bajo
070106042000440,070106,VENTANILLA,042,044,21,82,2,medio bajo
070106019000030,070106,VENTANILLA,019,003,8,27,2,medio bajo
07010601900037M,070106,VENTANILLA,019,037,5,25,1,bajo
07010603300017E,070106,VENTANILLA,033,017,47,181,3,medio
070106042000470,070106,VENTANILLA,042,047,9,45,3,medio
07010604200001A,070106,VENTANILLA,042,001,5,18,2,medio bajo
07010604200039A,070106,VENTANILLA,042,039,33,104,2,medio bajo
07010604200001C,070106,VENTANILLA,042,001,3,15,2,medio bajo
070106014000230,070106,VENTANILLA,014,023,6,23,2,medio bajo
07010601400023G,070106,VENTANILLA,014,023,27,86,1,bajo
07010601400023F,070106,VENTANILLA,014,023,22,84,1,bajo
070106014000270,070106,VENTANILLA,014,027,27,91,2,medio bajo
07010601400023E,070106,VENTANILLA,014,023,28,95,1,bajo
07010604200006C,070106,VENTANILLA,042,006,10,26,2,medio bajo
07010601400023D,070106,VENTANILLA,014,023,30,87,1,bajo
070106014000170,070106,VENTANILLA,014,017,42,193,2,medio bajo
07010601400027B,070106,VENTANILLA,014,027,15,47,1,bajo
07010604200004C,070106,VENTANILLA,042,004,28,100,2,medio bajo
07010604200039B,070106,VENTANILLA,042,039,6,29,2,medio bajo
07010604200001D,070106,VENTANILLA,042,001,5,20,2,medio bajo
07010604200039D,070106,VENTANILLA,042,039,2,6,2,medio bajo
070106014000280,070106,VENTANILLA,014,028,24,58,2,medio bajo
07010601400024B,070106,VENTANILLA,014,024,15,51,1,bajo
07010604200006D,070106,VENTANILLA,042,006,22,90,2,medio bajo
07010604200039C,070106,VENTANILLA,042,039,5,20,2,medio bajo
07010604200042A,070106,VENTANILLA,042,042,12,43,2,medio bajo
07010604200043A,070106,VENTANILLA,042,043,22,94,2,medio bajo
070106072000510,070106,VENTANILLA,072,051,7,19,2,medio bajo
07010607200004B,070106,VENTANILLA,072,004,15,64,2,medio bajo
07010607200004A,070106,VENTANILLA,072,004,32,108,2,medio bajo
07010601900037L,070106,VENTANILLA,019,037,4,14,1,bajo
07010604200008E,070106,VENTANILLA,042,008,7,23,2,medio bajo
07010604200003F,070106,VENTANILLA,042,003,7,29,2,medio bajo
070106032000430,070106,VENTANILLA,032,043,13,50,3,medio
07010603200019B,070106,VENTANILLA,032,019,36,139,3,medio
070106032000410,070106,VENTANILLA,032,041,26,135,3,medio
070106032000440,070106,VENTANILLA,032,044,45,203,3,medio
070106032000390,070106,VENTANILLA,032,039,29,110,3,medio
070106032000270,070106,VENTANILLA,032,027,7,32,3,medio
070106032000420,070106,VENTANILLA,032,042,15,58,3,medio
070106032000050,070106,VENTANILLA,032,005,2,5,3,medio
070106032000380,070106,VENTANILLA,032,038,16,92,3,medio
070106032000400,070106,VENTANILLA,032,040,57,234,3,medio
07010603200024A,070106,VENTANILLA,032,024,22,98,3,medio
070106032000470,070106,VENTANILLA,032,047,21,89,3,medio
070106032000010,070106,VENTANILLA,032,001,2,8,3,medio
070106032000370,070106,VENTANILLA,032,037,13,40,3,medio
070106014000320,070106,VENTANILLA,014,032,19,60,2,medio bajo
070106032000460,070106,VENTANILLA,032,046,39,165,3,medio
070106014000450,070106,VENTANILLA,014,045,14,57,2,medio bajo
070106072000130,070106,VENTANILLA,072,013,21,65,2,medio bajo
070106067000390,070106,VENTANILLA,067,039,9,36,2,medio bajo
07010601400009A,070106,VENTANILLA,014,009,18,72,2,medio bajo
07010606700002I,070106,VENTANILLA,067,002,18,69,1,bajo
07010601400023C,070106,VENTANILLA,014,023,8,21,1,bajo
07010601400024A,070106,VENTANILLA,014,024,6,22,1,bajo
07010607200001A,070106,VENTANILLA,072,001,14,53,2,medio bajo
07010604200003A,070106,VENTANILLA,042,003,9,26,2,medio bajo
070106032000030,070106,VENTANILLA,032,003,1,4,3,medio
070106032000060,070106,VENTANILLA,032,006,2,5,3,medio
070106032000120,070106,VENTANILLA,032,012,1,2,3,medio
070106032000150,070106,VENTANILLA,032,015,1,5,3,medio
070106032000350,070106,VENTANILLA,032,035,31,129,3,medio
070106032000130,070106,VENTANILLA,032,013,2,6,3,medio
070106032000330,070106,VENTANILLA,032,033,13,59,1,bajo
070106032000450,070106,VENTANILLA,032,045,43,169,3,medio
07010603200030A,070106,VENTANILLA,032,030,23,93,3,medio
070106010000240,070106,VENTANILLA,010,024,12,50,2,medio bajo
070106032000280,070106,VENTANILLA,032,028,11,49,3,medio
07010601400028A,070106,VENTANILLA,014,028,16,69,1,bajo
070106032000070,070106,VENTANILLA,032,007,2,5,3,medio
070106032000040,070106,VENTANILLA,032,004,2,9,3,medio
07010601400038A,070106,VENTANILLA,014,038,18,69,1,bajo
070106032000260,070106,VENTANILLA,032,026,29,106,3,medio
070106032000140,070106,VENTANILLA,032,014,2,6,3,medio
070106010000360,070106,VENTANILLA,010,036,29,92,2,medio bajo
070106032000480,070106,VENTANILLA,032,048,15,68,3,medio
07010601000023B,070106,VENTANILLA,010,023,5,21,2,medio bajo
07010603200034I,070106,VENTANILLA,032,034,4,13,1,bajo
070106032000310,070106,VENTANILLA,032,031,6,19,3,medio
070106010000350,070106,VENTANILLA,010,035,30,123,2,medio bajo
07010603200010B,070106,VENTANILLA,032,010,10,48,1,bajo
070106010000130,070106,VENTANILLA,010,013,9,33,2,medio bajo
070106010000080,070106,VENTANILLA,010,008,20,86,2,medio bajo
070106032000360,070106,VENTANILLA,032,036,13,54,3,medio
07010603200010A,070106,VENTANILLA,032,010,6,18,1,bajo
070106032000340,070106,VENTANILLA,032,034,13,46,3,medio
07010601400039A,070106,VENTANILLA,014,039,6,24,1,bajo
07010603200026A,070106,VENTANILLA,032,026,2,4,3,medio
070106032000290,070106,VENTANILLA,032,029,7,42,3,medio
070106032000500,070106,VENTANILLA,032,050,33,101,2,medio bajo
070106032000550,070106,VENTANILLA,032,055,30,113,2,medio bajo
07010603200056D,070106,VENTANILLA,032,056,31,101,2,medio bajo
070106010000300,070106,VENTANILLA,010,030,16,56,2,medio bajo
070106032000490,070106,VENTANILLA,032,049,2,4,3,medio
07010603200050E,070106,VENTANILLA,032,050,7,26,1,bajo
070106032000510,070106,VENTANILLA,032,051,28,138,2,medio bajo
070106014000430,070106,VENTANILLA,014,043,37,149,2,medio bajo
070106042000010,070106,VENTANILLA,042,001,9,27,2,medio bajo
07010603200056E,070106,VENTANILLA,032,056,38,144,2,medio bajo
070106032000200,070106,VENTANILLA,032,020,34,140,3,medio
07010603200034C,070106,VENTANILLA,032,034,1,4,1,bajo
070106032000220,070106,VENTANILLA,032,022,21,59,3,medio
070106032000180,070106,VENTANILLA,032,018,48,202,3,medio
07010603200054H,070106,VENTANILLA,032,054,6,25,1,bajo
07010603200054F,070106,VENTANILLA,032,054,14,43,1,bajo
07010603200017A,070106,VENTANILLA,032,017,13,40,3,medio
070106072000100,070106,VENTANILLA,072,010,28,93,1,bajo
07010603200021A,070106,VENTANILLA,032,021,9,49,3,medio
07010604200008F,070106,VENTANILLA,042,008,10,49,2,medio bajo
07010604200001G,070106,VENTANILLA,042,001,6,21,2,medio bajo
07010604200001J,070106,VENTANILLA,042,001,28,107,2,medio bajo
07010604200043E,070106,VENTANILLA,042,043,18,66,2,medio bajo
07010604200001H,070106,VENTANILLA,042,001,8,34,2,medio bajo
07010607200040A,070106,VENTANILLA,072,040,9,24,2,medio bajo
070106072000410,070106,VENTANILLA,072,041,14,35,2,medio bajo
07010603200010D,070106,VENTANILLA,032,010,5,14,1,bajo
070106072000380,070106,VENTANILLA,072,038,1,1,2,medio bajo
07010603200054E,070106,VENTANILLA,032,054,5,19,1,bajo
070106010000440,070106,VENTANILLA,010,044,13,39,2,medio bajo
07010603200048H,070106,VENTANILLA,032,048,7,20,1,bajo
070106010000060,070106,VENTANILLA,010,006,14,50,2,medio bajo
07010603200048E,070106,VENTANILLA,032,048,23,82,1,bajo
070106010000170,070106,VENTANILLA,010,017,31,114,2,medio bajo
07010603200057L,070106,VENTANILLA,032,057,9,36,2,medio bajo
07010603200052A,070106,VENTANILLA,032,052,36,142,2,medio bajo
07010603200057H,070106,VENTANILLA,032,057,4,9,1,bajo
07010603200048G,070106,VENTANILLA,032,048,14,64,1,bajo
07010603200057F,070106,VENTANILLA,032,057,25,79,1,bajo
07010606700002L,070106,VENTANILLA,067,002,19,61,1,bajo
070106010000310,070106,VENTANILLA,010,031,14,51,2,medio bajo
07010603200048K,070106,VENTANILLA,032,048,6,25,1,bajo
070106067000180,070106,VENTANILLA,067,018,12,41,1,bajo
07010603200052F,070106,VENTANILLA,032,052,13,45,2,medio bajo
070106067000070,070106,VENTANILLA,067,007,12,46,1,bajo
070106067000370,070106,VENTANILLA,067,037,20,58,1,bajo
070106067000150,070106,VENTANILLA,067,015,22,85,1,bajo
070106067000060,070106,VENTANILLA,067,006,8,37,1,bajo
070106067000080,070106,VENTANILLA,067,008,14,63,1,bajo
070106067000620,070106,VENTANILLA,067,062,17,53,1,bajo
07010601400028B,070106,VENTANILLA,014,028,6,29,1,bajo
070106032000020,070106,VENTANILLA,032,002,2,12,3,medio
070106067000160,070106,VENTANILLA,067,016,12,52,1,bajo
070106067000170,070106,VENTANILLA,067,017,16,67,1,bajo
070106067000140,070106,VENTANILLA,067,014,13,31,1,bajo
07010601400027A,070106,VENTANILLA,014,027,10,32,1,bajo
070106072000260,070106,VENTANILLA,072,026,17,59,2,medio bajo
070106047000310,070106,VENTANILLA,047,031,2,5,3,medio
070106047000360,070106,VENTANILLA,047,036,12,52,3,medio
07010603200010C,070106,VENTANILLA,032,010,10,29,1,bajo
070106047000520,070106,VENTANILLA,047,052,18,68,3,medio
070106047000500,070106,VENTANILLA,047,050,15,58,3,medio
070106047000340,070106,VENTANILLA,047,034,34,106,3,medio
070106047000330,070106,VENTANILLA,047,033,28,118,3,medio
070106047000510,070106,VENTANILLA,047,051,34,129,3,medio
070106047000320,070106,VENTANILLA,047,032,33,119,3,medio
07010601000007A,070106,VENTANILLA,010,007,17,72,2,medio bajo
070106010000550,070106,VENTANILLA,010,055,15,53,2,medio bajo
070106010000540,070106,VENTANILLA,010,054,23,76,2,medio bajo
070106047000530,070106,VENTANILLA,047,053,23,82,3,medio
07010601000009A,070106,VENTANILLA,010,009,13,45,2,medio bajo
070106010000020,070106,VENTANILLA,010,002,12,44,2,medio bajo
07010601000008A,070106,VENTANILLA,010,008,17,59,2,medio bajo
070106047000540,070106,VENTANILLA,047,054,35,116,3,medio
07010604200001I,070106,VENTANILLA,042,001,4,13,2,medio bajo
070106067000510,070106,VENTANILLA,067,051,28,107,2,medio bajo
070106067000520,070106,VENTANILLA,067,052,18,49,2,medio bajo
070106072000250,070106,VENTANILLA,072,025,23,77,2,medio bajo
07010603200010E,070106,VENTANILLA,032,010,5,25,1,bajo
070106010000460,070106,VENTANILLA,010,046,13,40,2,medio bajo
070106010000140,070106,VENTANILLA,010,014,17,75,2,medio bajo
07010603200034J,070106,VENTANILLA,032,034,9,27,1,bajo
07010603200034K,070106,VENTANILLA,032,034,8,32,1,bajo
07010603200034G,070106,VENTANILLA,032,034,12,44,1,bajo
070106067000100,070106,VENTANILLA,067,010,13,43,1,bajo
070106047000380,070106,VENTANILLA,047,038,10,46,3,medio
070106067000280,070106,VENTANILLA,067,028,16,71,1,bajo
070106047000450,070106,VENTANILLA,047,045,36,133,3,medio
070106047000400,070106,VENTANILLA,047,040,13,50,3,medio
070106067000090,070106,VENTANILLA,067,009,18,54,1,bajo
070106067000220,070106,VENTANILLA,067,022,12,61,2,medio bajo
070106067000230,070106,VENTANILLA,067,023,25,87,2,medio bajo
070106047000370,070106,VENTANILLA,047,037,30,125,3,medio
070106067000580,070106,VENTANILLA,067,058,17,70,2,medio bajo
070106072000560,070106,VENTANILLA,072,056,9,35,2,medio bajo
070106072000550,070106,VENTANILLA,072,055,16,57,2,medio bajo
070106072000490,070106,VENTANILLA,072,049,18,72,2,medio bajo
070106072000440,070106,VENTANILLA,072,044,27,80,2,medio bajo
070106072000420,070106,VENTANILLA,072,042,2,9,2,medio bajo
070106072000540,070106,VENTANILLA,072,054,18,62,2,medio bajo
070106047000550,070106,VENTANILLA,047,055,26,114,3,medio
070106047000420,070106,VENTANILLA,047,042,29,94,3,medio
070106067000110,070106,VENTANILLA,067,011,17,52,1,bajo
070106067000470,070106,VENTANILLA,067,047,15,53,2,medio bajo
07010606700004D,070106,VENTANILLA,067,004,3,6,1,bajo
07010606700004F,070106,VENTANILLA,067,004,10,45,1,bajo
070106067000420,070106,VENTANILLA,067,042,6,27,2,medio bajo
07010606700004E,070106,VENTANILLA,067,004,16,58,1,bajo
07010606700005C,070106,VENTANILLA,067,005,15,32,1,bajo
07010606700002E,070106,VENTANILLA,067,002,11,41,1,bajo
070106067000430,070106,VENTANILLA,067,043,14,57,2,medio bajo
07010606700004A,070106,VENTANILLA,067,004,27,103,1,bajo
070106067000500,070106,VENTANILLA,067,050,22,83,2,medio bajo
07010606700004C,070106,VENTANILLA,067,004,21,86,1,bajo
070106067000450,070106,VENTANILLA,067,045,13,64,2,medio bajo
07010606700004B,070106,VENTANILLA,067,004,23,76,1,bajo
070106067000440,070106,VENTANILLA,067,044,12,41,2,medio bajo
07010606700040A,070106,VENTANILLA,067,040,8,24,2,medio bajo
07010601000014A,070106,VENTANILLA,010,014,24,88,2,medio bajo
07010601000019A,070106,VENTANILLA,010,019,25,92,2,medio bajo
07010601000011A,070106,VENTANILLA,010,011,15,38,2,medio bajo
07010604200043D,070106,VENTANILLA,042,043,2,10,2,medio bajo
07010601000016A,070106,VENTANILLA,010,016,21,81,2,medio bajo
07010607200043B,070106,VENTANILLA,072,043,25,82,2,medio bajo
070106072000470,070106,VENTANILLA,072,047,24,92,2,medio bajo
070106072000460,070106,VENTANILLA,072,046,30,104,2,medio bajo
07010607200001B,070106,VENTANILLA,072,001,10,45,2,medio bajo
070106072000070,070106,VENTANILLA,072,007,14,44,2,medio bajo
070106047000250,070106,VENTANILLA,047,025,11,44,3,medio
070106047000270,070106,VENTANILLA,047,027,44,167,3,medio
070106047000230,070106,VENTANILLA,047,023,30,116,3,medio
07010601000015A,070106,VENTANILLA,010,015,26,105,2,medio bajo
07010601000020A,070106,VENTANILLA,010,020,21,93,2,medio bajo
070106047000210,070106,VENTANILLA,047,021,14,62,3,medio
07010607200018B,070106,VENTANILLA,072,018,11,36,2,medio bajo
070106047000240,070106,VENTANILLA,047,024,26,122,3,medio
070106072000530,070106,VENTANILLA,072,053,17,51,2,medio bajo
070106047000100,070106,VENTANILLA,047,010,9,35,3,medio
070106047000140,070106,VENTANILLA,047,014,14,49,3,medio
070106047000170,070106,VENTANILLA,047,017,28,115,3,medio
070106047000090,070106,VENTANILLA,047,009,57,200,3,medio
070106072000030,070106,VENTANILLA,072,003,31,87,2,medio bajo
070106047000120,070106,VENTANILLA,047,012,26,100,3,medio
070106073000570,070106,VENTANILLA,073,057,28,99,2,medio bajo
07010607200001C,070106,VENTANILLA,072,001,18,58,2,medio bajo
070106047000150,070106,VENTANILLA,047,015,29,114,3,medio
070106047000190,070106,VENTANILLA,047,019,19,83,3,medio
070106073000550,070106,VENTANILLA,073,055,12,39,2,medio bajo
070106047000110,070106,VENTANILLA,047,011,24,98,3,medio
070106047000180,070106,VENTANILLA,047,018,11,32,3,medio
070106047000020,070106,VENTANILLA,047,002,8,26,1,bajo
070106047000220,070106,VENTANILLA,047,022,29,114,3,medio
07010604700008D,070106,VENTANILLA,047,008,83,331,3,medio
07010604700017A,070106,VENTANILLA,047,017,19,61,3,medio
07010604700002A,070106,VENTANILLA,047,002,24,86,1,bajo
070106030000430,070106,VENTANILLA,030,043,17,62,3,medio
070106047000040,070106,VENTANILLA,047,004,59,218,3,medio
070106072000590,070106,VENTANILLA,072,059,16,53,2,medio bajo
07010604700002C,070106,VENTANILLA,047,002,7,30,1,bajo
070106067000560,070106,VENTANILLA,067,056,21,70,2,medio bajo
070106067000530,070106,VENTANILLA,067,053,14,46,2,medio bajo
07010603200057G,070106,VENTANILLA,032,057,5,18,1,bajo
07010607200060A,070106,VENTANILLA,072,060,15,47,2,medio bajo
070106047000460,070106,VENTANILLA,047,046,10,47,3,medio
070106067000540,070106,VENTANILLA,067,054,16,49,2,medio bajo
070106067000210,070106,VENTANILLA,067,021,22,75,2,medio bajo
070106067000260,070106,VENTANILLA,067,026,13,40,3,medio
07010606700003D,070106,VENTANILLA,067,003,30,91,1,bajo
070106067000240,070106,VENTANILLA,067,024,17,51,2,medio bajo
070106067000250,070106,VENTANILLA,067,025,21,75,3,medio
07010601000010C,070106,VENTANILLA,010,010,8,37,2,medio bajo
070106010000160,070106,VENTANILLA,010,016,5,13,2,medio bajo
07010606700029B,070106,VENTANILLA,067,029,13,43,1,bajo
07010601000052A,070106,VENTANILLA,010,052,3,8,2,medio bajo
070106010000220,070106,VENTANILLA,010,022,22,71,2,medio bajo
07010601000048A,070106,VENTANILLA,010,048,6,19,2,medio bajo
07010601000048C,070106,VENTANILLA,010,048,5,17,2,medio bajo
07010601000052C,070106,VENTANILLA,010,052,2,4,2,medio bajo
070106010000210,070106,VENTANILLA,010,021,15,58,2,medio bajo
070106010000490,070106,VENTANILLA,010,049,25,84,2,medio bajo
070106010000500,070106,VENTANILLA,010,050,27,108,2,medio bajo
070106067000490,070106,VENTANILLA,067,049,23,73,2,medio bajo
070106010000150,070106,VENTANILLA,010,015,11,26,2,medio bajo
070106067000570,070106,VENTANILLA,067,057,28,112,2,medio bajo
070106067000480,070106,VENTANILLA,067,048,26,99,2,medio bajo
07010603200034E,070106,VENTANILLA,032,034,3,12,1,bajo
07010603200034F,070106,VENTANILLA,032,034,8,30,1,bajo
070106010000200,070106,VENTANILLA,010,020,17,64,2,medio bajo
07010603200034H,070106,VENTANILLA,032,034,3,13,1,bajo
070106047000440,070106,VENTANILLA,047,044,14,50,3,medio
070106010000510,070106,VENTANILLA,010,051,22,83,2,medio bajo
070106010000180,070106,VENTANILLA,010,018,7,22,2,medio bajo
070106010000530,070106,VENTANILLA,010,053,26,91,2,medio bajo
07010601000011B,070106,VENTANILLA,010,011,16,53,2,medio bajo
070106072000480,070106,VENTANILLA,072,048,18,55,2,medio bajo
070106010000280,070106,VENTANILLA,010,028,17,67,2,medio bajo
070106010000380,070106,VENTANILLA,010,038,25,78,2,medio bajo
070106010000410,070106,VENTANILLA,010,041,26,97,2,medio bajo
070106010000270,070106,VENTANILLA,010,027,15,41,2,medio bajo
07010601000009C,070106,VENTANILLA,010,009,9,28,2,medio bajo
070106010000040,070106,VENTANILLA,010,004,8,27,2,medio bajo
070106010000330,070106,VENTANILLA,010,033,12,50,2,medio bajo
070106010000050,070106,VENTANILLA,010,005,7,37,2,medio bajo
070106047000410,070106,VENTANILLA,047,041,33,136,3,medio
070106010000010,070106,VENTANILLA,010,001,6,24,2,medio bajo
07010601000037A,070106,VENTANILLA,010,037,12,43,2,medio bajo
07010603200052C,070106,VENTANILLA,032,052,10,32,2,medio bajo
070106010000340,070106,VENTANILLA,010,034,25,99,2,medio bajo
070106010000430,070106,VENTANILLA,010,043,15,48,2,medio bajo
070106010000120,070106,VENTANILLA,010,012,17,54,2,medio bajo
070106010000250,070106,VENTANILLA,010,025,11,37,2,medio bajo
07010603200057J,070106,VENTANILLA,032,057,34,97,2,medio bajo
070106010000450,070106,VENTANILLA,010,045,25,77,2,medio bajo
07010603200057M,070106,VENTANILLA,032,057,4,12,2,medio bajo
070106010000110,070106,VENTANILLA,010,011,16,59,2,medio bajo
07010601000037B,070106,VENTANILLA,010,037,7,24,2,medio bajo
070106029020440,070106,VENTANILLA,029,044,19,66,3,medio
070106010000420,070106,VENTANILLA,010,042,26,92,2,medio bajo
07010601000007B,070106,VENTANILLA,010,007,3,9,2,medio bajo
07010602902025A,070106,VENTANILLA,029,025,24,85,1,bajo
07010603200052E,070106,VENTANILLA,032,052,4,12,2,medio bajo
07010603200054G,070106,VENTANILLA,032,054,3,13,1,bajo
07010601000007C,070106,VENTANILLA,010,007,8,36,2,medio bajo
07010603200052D,070106,VENTANILLA,032,052,7,18,2,medio bajo
07010602902031B,070106,VENTANILLA,029,031,12,40,1,bajo
070106010000320,070106,VENTANILLA,010,032,10,29,2,medio bajo
07010602902032B,070106,VENTANILLA,029,032,8,30,1,bajo
07010603200052H,070106,VENTANILLA,032,052,16,61,2,medio bajo
07010603200050F,070106,VENTANILLA,032,050,6,28,1,bajo
07010603200048J,070106,VENTANILLA,032,048,14,39,1,bajo
07010603200052G,070106,VENTANILLA,032,052,11,40,2,medio bajo
070106029020330,070106,VENTANILLA,029,033,12,41,1,bajo
07010602902032C,070106,VENTANILLA,029,032,15,53,1,bajo
070106029020030,070106,VENTANILLA,029,003,9,24,3,medio
07010603200057I,070106,VENTANILLA,032,057,56,226,2,medio bajo
07010603200057N,070106,VENTANILLA,032,057,4,10,2,medio bajo
07010603200052I,070106,VENTANILLA,032,052,12,45,2,medio bajo
07010603200057O,070106,VENTANILLA,032,057,3,9,2,medio bajo
070106073000560,070106,VENTANILLA,073,056,43,145,2,medio bajo
070106030000120,070106,VENTANILLA,030,012,31,101,3,medio
070106073000330,070106,VENTANILLA,073,033,30,99,2,medio bajo
07010603000003C,070106,VENTANILLA,030,003,8,30,3,medio
070106029020540,070106,VENTANILLA,029,054,14,56,4,medio alto
070106073000390,070106,VENTANILLA,073,039,14,45,2,medio bajo
070106090000360,070106,VENTANILLA,090,036,12,39,2,medio bajo
070106073000340,070106,VENTANILLA,073,034,30,102,2,medio bajo
070106067000680,070106,VENTANILLA,067,068,4,15,1,bajo
070106030000020,070106,VENTANILLA,030,002,23,60,3,medio
070106067000650,070106,VENTANILLA,067,065,4,7,1,bajo
070106073000400,070106,VENTANILLA,073,040,16,54,2,medio bajo
070106029020550,070106,VENTANILLA,029,055,33,96,4,medio alto
070106067000660,070106,VENTANILLA,067,066,1,2,1,bajo
070106029020490,070106,VENTANILLA,029,049,26,93,4,medio alto
07010606700005D,070106,VENTANILLA,067,005,13,56,1,bajo
070106029020520,070106,VENTANILLA,029,052,17,50,4,medio alto
070106029020510,070106,VENTANILLA,029,051,15,61,4,medio alto
070106029020560,070106,VENTANILLA,029,056,22,109,4,medio alto
070106029020500,070106,VENTANILLA,029,050,20,89,4,medio alto
070106067000670,070106,VENTANILLA,067,067,4,13,1,bajo
07010609000032A,070106,VENTANILLA,090,032,3,6,2,medio bajo
07010609000027B,070106,VENTANILLA,090,027,12,38,2,medio bajo
07010606700065A,070106,VENTANILLA,067,065,17,46,1,bajo
070106090000220,070106,VENTANILLA,090,022,5,5,2,medio bajo
070106090000230,070106,VENTANILLA,090,023,14,40,2,medio bajo
070106090000240,070106,VENTANILLA,090,024,15,45,2,medio bajo
070106090000280,070106,VENTANILLA,090,028,13,38,2,medio bajo
070106090000340,070106,VENTANILLA,090,034,10,35,2,medio bajo
070106090000370,070106,VENTANILLA,090,037,6,20,2,medio bajo
070106090000290,070106,VENTANILLA,090,029,7,16,2,medio bajo
070106090000350,070106,VENTANILLA,090,035,22,60,2,medio bajo
07010606700003E,070106,VENTANILLA,067,003,22,100,1,bajo
070106010000470,070106,VENTANILLA,010,047,13,46,2,medio bajo
070106030000160,070106,VENTANILLA,030,016,23,94,3,medio
070106073000540,070106,VENTANILLA,073,054,17,61,2,medio bajo
07010603000007C,070106,VENTANILLA,030,007,10,30,3,medio
070106030000170,070106,VENTANILLA,030,017,24,96,3,medio
070106030000130,070106,VENTANILLA,030,013,16,74,3,medio
07010603000007B,070106,VENTANILLA,030,007,6,26,3,medio
070106073000440,070106,VENTANILLA,073,044,15,49,2,medio bajo
07010603000008A,070106,VENTANILLA,030,008,44,174,3,medio
070106073000530,070106,VENTANILLA,073,053,28,81,2,medio bajo
070106073000350,070106,VENTANILLA,073,035,15,60,2,medio bajo
070106030000190,070106,VENTANILLA,030,019,32,115,3,medio
070106073000360,070106,VENTANILLA,073,036,23,70,2,medio bajo
070106073000450,070106,VENTANILLA,073,045,22,80,2,medio bajo
070106073000370,070106,VENTANILLA,073,037,23,93,2,medio bajo
070106067000380,070106,VENTANILLA,067,038,10,27,1,bajo
07010603200034D,070106,VENTANILLA,032,034,8,31,1,bajo
070106073000190,070106,VENTANILLA,073,019,33,132,2,medio bajo
070106073000230,070106,VENTANILLA,073,023,12,36,2,medio bajo
07010601000009B,070106,VENTANILLA,010,009,8,31,2,medio bajo
070106073000310,070106,VENTANILLA,073,031,12,29,2,medio bajo
070106073000200,070106,VENTANILLA,073,020,15,50,2,medio bajo
070106073000290,070106,VENTANILLA,073,029,25,78,2,medio bajo
070106073000170,070106,VENTANILLA,073,017,27,101,2,medio bajo
070106073000410,070106,VENTANILLA,073,041,19,52,2,medio bajo
070106073000160,070106,VENTANILLA,073,016,8,39,2,medio bajo
07010601000011C,070106,VENTANILLA,010,011,2,7,2,medio bajo
07010602902033A,070106,VENTANILLA,029,033,7,30,1,bajo
070106073000010,070106,VENTANILLA,073,001,1,2,1,bajo
070106073000150,070106,VENTANILLA,073,015,10,42,2,medio bajo
070106073000270,070106,VENTANILLA,073,027,31,105,2,medio bajo
070106073000280,070106,VENTANILLA,073,028,38,144,1,bajo
070106073000220,070106,VENTANILLA,073,022,23,67,2,medio bajo
070106073000300,070106,VENTANILLA,073,030,7,23,2,medio bajo
07010607300006A,070106,VENTANILLA,073,006,21,69,1,bajo
07010607300007A,070106,VENTANILLA,073,007,8,29,1,bajo
070106073000580,070106,VENTANILLA,073,058,32,101,2,medio bajo
070106010000190,070106,VENTANILLA,010,019,12,45,2,medio bajo
07010601200049B,070106,VENTANILLA,012,049,14,67,1,bajo
07010601200033A,070106,VENTANILLA,012,033,15,70,1,bajo
070106012000150,070106,VENTANILLA,012,015,21,81,2,medio bajo
070106012000090,070106,VENTANILLA,012,009,17,77,2,medio bajo
070106012000370,070106,VENTANILLA,012,037,2,7,2,medio bajo
070106012000270,070106,VENTANILLA,012,027,16,66,2,medio bajo
070106010000290,070106,VENTANILLA,010,029,16,52,2,medio bajo
07010601200046A,070106,VENTANILLA,012,046,18,66,1,bajo
070106010000260,070106,VENTANILLA,010,026,15,63,2,medio bajo
07010603200048I,070106,VENTANILLA,032,048,19,54,1,bajo
070106073000430,070106,VENTANILLA,073,043,5,8,2,medio bajo
070106012000490,070106,VENTANILLA,012,049,18,53,2,medio bajo
070106029020460,070106,VENTANILLA,029,046,10,10,3,medio
07010601200054B,070106,VENTANILLA,012,054,1,3,1,bajo
070106090000400,070106,VENTANILLA,090,040,12,27,2,medio bajo
07010601200054A,070106,VENTANILLA,012,054,21,63,1,bajo
07010601200047A,070106,VENTANILLA,012,047,20,96,1,bajo
07010601200049A,070106,VENTANILLA,012,049,17,61,1,bajo
07010607300003A,070106,VENTANILLA,073,003,14,37,1,bajo
070106030000070,070106,VENTANILLA,030,007,4,15,3,medio
07010601000010A,070106,VENTANILLA,010,010,7,27,2,medio bajo
070106073000380,070106,VENTANILLA,073,038,27,87,2,medio bajo
070106073000140,070106,VENTANILLA,073,014,37,140,1,bajo
07010607300021C,070106,VENTANILLA,073,021,11,33,2,medio bajo
070106073020010,070106,VENTANILLA,073,001,11,30,2,medio bajo
070106073000590,070106,VENTANILLA,073,059,22,55,2,medio bajo
070106073020020,070106,VENTANILLA,073,002,11,29,2,medio bajo
070106073020040,070106,VENTANILLA,073,004,10,22,2,medio bajo
070106073000100,070106,VENTANILLA,073,010,40,142,1,bajo
070106073000110,070106,VENTANILLA,073,011,28,100,1,bajo
070106073000120,070106,VENTANILLA,073,012,39,171,1,bajo
070106073000130,070106,VENTANILLA,073,013,35,106,1,bajo
070106073000260,070106,VENTANILLA,073,026,42,153,1,bajo
070106073020230,070106,VENTANILLA,073,023,20,63,2,medio bajo
07010607300032A,070106,VENTANILLA,073,032,19,56,1,bajo
07010607300025A,070106,VENTANILLA,073,025,9,30,1,bajo
070106073000320,070106,VENTANILLA,073,032,13,54,2,medio bajo
070106073020030,070106,VENTANILLA,073,003,11,37,2,medio bajo
07010607300021D,070106,VENTANILLA,073,021,6,18,2,medio bajo
070106073000240,070106,VENTANILLA,073,024,22,68,2,medio bajo
070106029020580,070106,VENTANILLA,029,058,27,82,4,medio alto
070106029020320,070106,VENTANILLA,029,032,16,60,1,bajo
070106029020070,070106,VENTANILLA,029,007,22,70,3,medio
070106029020630,070106,VENTANILLA,029,063,9,33,4,medio alto
07010602902033B,070106,VENTANILLA,029,033,13,48,1,bajo
07010602902033N,070106,VENTANILLA,029,033,9,32,1,bajo
07010602902019K,070106,VENTANILLA,029,019,8,27,2,medio bajo
070106029020640,070106,VENTANILLA,029,064,10,39,4,medio alto
07010602902030B,070106,VENTANILLA,029,030,7,23,1,bajo
07010602902033M,070106,VENTANILLA,029,033,3,12,1,bajo
070106029020610,070106,VENTANILLA,029,061,5,20,4,medio alto
070106073020080,070106,VENTANILLA,073,008,16,42,2,medio bajo
070106029020590,070106,VENTANILLA,029,059,14,44,4,medio alto
070106029020600,070106,VENTANILLA,029,060,26,111,4,medio alto
070106029020530,070106,VENTANILLA,029,053,8,27,4,medio alto
07010602902033L,070106,VENTANILLA,029,033,2,3,1,bajo
070106073020060,070106,VENTANILLA,073,006,7,20,2,medio bajo
07010602902033E,070106,VENTANILLA,029,033,9,28,1,bajo
070106029020370,070106,VENTANILLA,029,037,6,11,2,medio bajo
07010602902033D,070106,VENTANILLA,029,033,4,16,1,bajo
070106029020340,070106,VENTANILLA,029,034,8,27,1,bajo
07010602902033K,070106,VENTANILLA,029,033,11,31,1,bajo
070106029020110,070106,VENTANILLA,029,011,13,46,2,medio bajo
070106029020450,070106,VENTANILLA,029,045,10,35,3,medio
07010602902030A,070106,VENTANILLA,029,030,3,11,1,bajo
07010602902033J,070106,VENTANILLA,029,033,11,39,1,bajo
07010602902033F,070106,VENTANILLA,029,033,13,50,1,bajo
07010602902033G,070106,VENTANILLA,029,033,11,48,1,bajo
070106029020040,070106,VENTANILLA,029,004,10,33,3,medio
07010602902005A,070106,VENTANILLA,029,005,20,79,3,medio
07010602902033S,070106,VENTANILLA,029,033,2,7,1,bajo
07010602902033H,070106,VENTANILLA,029,033,12,55,1,bajo
07010602902019J,070106,VENTANILLA,029,019,14,55,2,medio bajo
07010602902033R,070106,VENTANILLA,029,033,9,38,1,bajo
070106090000330,070106,VENTANILLA,090,033,4,14,2,medio bajo
070106030000200,070106,VENTANILLA,030,020,29,94,3,medio
07010601200048A,070106,VENTANILLA,012,048,15,85,1,bajo
070106073020200,070106,VENTANILLA,073,020,15,50,2,medio bajo
070106090000390,070106,VENTANILLA,090,039,3,9,2,medio bajo
07010607302021B,070106,VENTANILLA,073,021,7,20,2,medio bajo
07010607302021A,070106,VENTANILLA,073,021,3,12,2,medio bajo
070106090000160,070106,VENTANILLA,090,016,16,42,2,medio bajo
070106073020170,070106,VENTANILLA,073,017,29,104,1,bajo
070106090000180,070106,VENTANILLA,090,018,7,21,2,medio bajo
070106073020190,070106,VENTANILLA,073,019,30,84,2,medio bajo
070106090000040,070106,VENTANILLA,090,004,16,42,2,medio bajo
070106090000420,070106,VENTANILLA,090,042,10,27,2,medio bajo
070106090000310,070106,VENTANILLA,090,031,13,26,2,medio bajo
070106090000030,070106,VENTANILLA,090,003,13,32,2,medio bajo
070106090000140,070106,VENTANILLA,090,014,9,27,2,medio bajo
070106090000150,070106,VENTANILLA,090,015,14,35,2,medio bajo
070106090000250,070106,VENTANILLA,090,025,10,38,2,medio bajo
070106030000270,070106,VENTANILLA,030,027,16,52,3,medio
070106090000170,070106,VENTANILLA,090,017,9,18,2,medio bajo
070106030000550,070106,VENTANILLA,030,055,39,144,4,medio alto
07010609000013B,070106,VENTANILLA,090,013,8,21,2,medio bajo
070106090000120,070106,VENTANILLA,090,012,11,34,2,medio bajo
070106090000110,070106,VENTANILLA,090,011,11,30,2,medio bajo
070106090000430,070106,VENTANILLA,090,043,5,12,2,medio bajo
070106012000630,070106,VENTANILLA,012,063,20,94,2,medio bajo
070106030000440,070106,VENTANILLA,030,044,25,101,3,medio
07010607300002A,070106,VENTANILLA,073,002,19,65,1,bajo
07010601200047B,070106,VENTANILLA,012,047,17,74,1,bajo
070106073000080,070106,VENTANILLA,073,008,19,60,1,bajo
070106012000390,070106,VENTANILLA,012,039,22,62,2,medio bajo
070106012000600,070106,VENTANILLA,012,060,23,93,2,medio bajo
070106012000340,070106,VENTANILLA,012,034,16,50,2,medio bajo
07010609000001A,070106,VENTANILLA,090,001,7,19,2,medio bajo
07010601200050A,070106,VENTANILLA,012,050,22,91,2,medio bajo
070106012000610,070106,VENTANILLA,012,061,16,53,2,medio bajo
070106012000310,070106,VENTANILLA,012,031,8,29,2,medio bajo
070106090000070,070106,VENTANILLA,090,007,7,21,2,medio bajo
070106012000350,070106,VENTANILLA,012,035,3,13,2,medio bajo
070106090000060,070106,VENTANILLA,090,006,8,21,2,medio bajo
070106012000210,070106,VENTANILLA,012,021,2,7,2,medio bajo
070106012000400,070106,VENTANILLA,012,040,22,100,2,medio bajo
070106090000190,070106,VENTANILLA,090,019,4,6,2,medio bajo
070106012000060,070106,VENTANILLA,012,006,14,55,2,medio bajo
070106012000590,070106,VENTANILLA,012,059,23,85,2,medio bajo
07010609000001B,070106,VENTANILLA,090,001,6,17,2,medio bajo
070106090000210,070106,VENTANILLA,090,021,2,6,2,medio bajo
070106090000200,070106,VENTANILLA,090,020,5,11,2,medio bajo
070106012000230,070106,VENTANILLA,012,023,23,90,2,medio bajo
070106012000460,070106,VENTANILLA,012,046,15,55,2,medio bajo
070106012000160,070106,VENTANILLA,012,016,14,59,2,medio bajo
070106012000580,070106,VENTANILLA,012,058,25,96,2,medio bajo
070106012000080,070106,VENTANILLA,012,008,7,36,2,medio bajo
070106012000510,070106,VENTANILLA,012,051,25,92,2,medio bajo
070106012000280,070106,VENTANILLA,012,028,15,46,2,medio bajo
070106012000110,070106,VENTANILLA,012,011,24,99,2,medio bajo
07010601200018H,070106,VENTANILLA,012,018,23,95,1,bajo
070106090000080,070106,VENTANILLA,090,008,16,47,2,medio bajo
070106012000640,070106,VENTANILLA,012,064,26,104,2,medio bajo
070106012000450,070106,VENTANILLA,012,045,4,15,2,medio bajo
070106012000380,070106,VENTANILLA,012,038,15,53,2,medio bajo
070106012000070,070106,VENTANILLA,012,007,11,41,2,medio bajo
07010609000001C,070106,VENTANILLA,090,001,11,33,2,medio bajo
070106012000050,070106,VENTANILLA,012,005,12,53,2,medio bajo
070106012000330,070106,VENTANILLA,012,033,22,72,2,medio bajo
070106012000300,070106,VENTANILLA,012,030,16,57,2,medio bajo
070106012000440,070106,VENTANILLA,012,044,20,80,2,medio bajo
070106012000420,070106,VENTANILLA,012,042,10,41,2,medio bajo
07010601200036A,070106,VENTANILLA,012,036,3,10,2,medio bajo
070106012000030,070106,VENTANILLA,012,003,22,94,2,medio bajo
070106012000550,070106,VENTANILLA,012,055,24,102,2,medio bajo
070106012000430,070106,VENTANILLA,012,043,9,43,2,medio bajo
070106090000050,070106,VENTANILLA,090,005,4,17,2,medio bajo
070106012000130,070106,VENTANILLA,012,013,20,68,2,medio bajo
070106012000470,070106,VENTANILLA,012,047,17,76,2,medio bajo
070106012000240,070106,VENTANILLA,012,024,28,100,2,medio bajo
070106012000320,070106,VENTANILLA,012,032,16,71,2,medio bajo
070106012000100,070106,VENTANILLA,012,010,8,28,2,medio bajo
070106090000090,070106,VENTANILLA,090,009,15,31,2,medio bajo
070106012000290,070106,VENTANILLA,012,029,21,100,2,medio bajo
07010601200049D,070106,VENTANILLA,012,049,12,55,1,bajo
070106012000220,070106,VENTANILLA,012,022,20,89,2,medio bajo
070106012000410,070106,VENTANILLA,012,041,7,31,2,medio bajo
07010601200049C,070106,VENTANILLA,012,049,14,46,1,bajo
07010601200049F,070106,VENTANILLA,012,049,15,57,1,bajo
07010601200048B,070106,VENTANILLA,012,048,17,64,1,bajo
07010601200048C,070106,VENTANILLA,012,048,5,17,1,bajo
07010601200032C,070106,VENTANILLA,012,032,6,20,1,bajo
07010601200018I,070106,VENTANILLA,012,018,14,57,1,bajo
07010601200018J,070106,VENTANILLA,012,018,13,76,1,bajo
07010601200018K,070106,VENTANILLA,012,018,12,53,1,bajo
070106012000250,070106,VENTANILLA,012,025,20,86,2,medio bajo
070106012000170,070106,VENTANILLA,012,017,12,45,2,medio bajo
070106012000560,070106,VENTANILLA,012,056,30,125,2,medio bajo
070106012000530,070106,VENTANILLA,012,053,30,127,2,medio bajo
070106012000120,070106,VENTANILLA,012,012,22,71,2,medio bajo
070106012000200,070106,VENTANILLA,012,020,30,112,2,medio bajo
070106012000140,070106,VENTANILLA,012,014,21,92,2,medio bajo
070106012000180,070106,VENTANILLA,012,018,11,45,1,bajo
07010601200049E,070106,VENTANILLA,012,049,18,71,1,bajo
070106012000500,070106,VENTANILLA,012,050,21,77,2,medio bajo
070106012000480,070106,VENTANILLA,012,048,17,62,2,medio bajo
070106012000040,070106,VENTANILLA,012,004,29,114,2,medio bajo
07010601200036B,070106,VENTANILLA,012,036,8,34,2,medio bajo
070106012000540,070106,VENTANILLA,012,054,23,73,2,medio bajo
070106073000090,070106,VENTANILLA,073,009,42,140,1,bajo
07010601200018C,070106,VENTANILLA,012,018,10,45,1,bajo
07010601200032A,070106,VENTANILLA,012,032,8,38,1,bajo
070106073020160,070106,VENTANILLA,073,016,22,94,1,bajo
070106029020570,070106,VENTANILLA,029,057,18,67,4,medio alto
070106073020220,070106,VENTANILLA,073,022,22,73,2,medio bajo
07010609000001G,070106,VENTANILLA,090,001,16,37,2,medio bajo
07010609000013E,070106,VENTANILLA,090,013,5,9,2,medio bajo
07010609000043C,070106,VENTANILLA,090,043,4,9,2,medio bajo
07010609000001D,070106,VENTANILLA,090,001,7,19,2,medio bajo
07010609000013C,070106,VENTANILLA,090,013,2,5,2,medio bajo
07010609000004A,070106,VENTANILLA,090,004,6,15,2,medio bajo
07010609000042B,070106,VENTANILLA,090,042,1,3,2,medio bajo
07010609000001F,070106,VENTANILLA,090,001,16,33,2,medio bajo
070106090000260,070106,VENTANILLA,090,026,3,8,2,medio bajo
07010609000032B,070106,VENTANILLA,090,032,4,14,2,medio bajo
07010609000043F,070106,VENTANILLA,090,043,5,14,2,medio bajo
070106070000130,070106,VENTANILLA,070,013,17,55,1,bajo
070106070000510,070106,VENTANILLA,070,051,25,103,2,medio bajo
07010607000011C,070106,VENTANILLA,070,011,20,75,1,bajo
07010607000005A,070106,VENTANILLA,070,005,18,61,2,medio bajo
07010609000031C,070106,VENTANILLA,090,031,10,21,2,medio bajo
070106070000420,070106,VENTANILLA,070,042,18,58,2,medio bajo
070106070000190,070106,VENTANILLA,070,019,17,73,1,bajo
07010609000013D,070106,VENTANILLA,090,013,6,11,2,medio bajo
07010607000001B,070106,VENTANILLA,070,001,38,162,2,medio bajo
07010609000013A,070106,VENTANILLA,090,013,1,1,2,medio bajo
07010607000001E,070106,VENTANILLA,070,001,7,17,2,medio bajo
07010609000013F,070106,VENTANILLA,090,013,2,5,2,medio bajo
070106070000120,070106,VENTANILLA,070,012,11,50,1,bajo
07010609000027A,070106,VENTANILLA,090,027,3,11,2,medio bajo
07010609000043E,070106,VENTANILLA,090,043,3,14,2,medio bajo
070106070000180,070106,VENTANILLA,070,018,18,62,1,bajo
07010607000001C,070106,VENTANILLA,070,001,27,94,2,medio bajo
07010607000002D,070106,VENTANILLA,070,002,23,90,2,medio bajo
07010607000001D,070106,VENTANILLA,070,001,18,74,2,medio bajo
07010607000002E,070106,VENTANILLA,070,002,13,51,2,medio bajo
07010607000005B,070106,VENTANILLA,070,005,16,51,2,medio bajo
07010609000031D,070106,VENTANILLA,090,031,2,4,2,medio bajo
070106070000490,070106,VENTANILLA,070,049,21,75,2,medio bajo
07010607000002F,070106,VENTANILLA,070,002,16,66,2,medio bajo
07010602902032A,070106,VENTANILLA,029,032,10,32,1,bajo
070106029020300,070106,VENTANILLA,029,030,22,80,1,bajo
070106029020390,070106,VENTANILLA,029,039,11,39,2,medio bajo
07010602902034B,070106,VENTANILLA,029,034,5,15,1,bajo
07010602902019D,070106,VENTANILLA,029,019,15,54,2,medio bajo
070106029020310,070106,VENTANILLA,029,031,13,47,1,bajo
07010602902037C,070106,VENTANILLA,029,037,12,47,2,medio bajo
070106029020680,070106,VENTANILLA,029,068,7,29,1,bajo
070106029020380,070106,VENTANILLA,029,038,7,18,2,medio bajo
070106029020360,070106,VENTANILLA,029,036,13,48,1,bajo
070106070000030,070106,VENTANILLA,070,003,15,49,2,medio bajo
07010607000011B,070106,VENTANILLA,070,011,17,56,1,bajo
07010602902032D,070106,VENTANILLA,029,032,9,32,1,bajo
070106030000470,070106,VENTANILLA,030,047,17,53,3,medio
070106030000060,070106,VENTANILLA,030,006,27,106,3,medio
070106030000370,070106,VENTANILLA,030,037,11,40,3,medio
070106030000360,070106,VENTANILLA,030,036,9,30,3,medio
07010602902035A,070106,VENTANILLA,029,035,7,31,1,bajo
070106030000500,070106,VENTANILLA,030,050,25,104,3,medio
070106030000090,070106,VENTANILLA,030,009,12,48,3,medio
07010602902019G,070106,VENTANILLA,029,019,12,46,2,medio bajo
070106030000410,070106,VENTANILLA,030,041,11,35,3,medio
07010603000001C,070106,VENTANILLA,030,001,7,26,2,medio bajo
070106030000100,070106,VENTANILLA,030,010,31,115,3,medio
070106030000050,070106,VENTANILLA,030,005,16,57,3,medio
070106073020090,070106,VENTANILLA,073,009,20,65,2,medio bajo
070106090000410,070106,VENTANILLA,090,041,14,21,2,medio bajo
070106029020410,070106,VENTANILLA,029,041,13,42,3,medio
070106029020470,070106,VENTANILLA,029,047,19,71,4,medio alto
07010601200063A,070106,VENTANILLA,012,063,1,5,2,medio bajo
07010601002021B,070106,VENTANILLA,010,021,13,40,1,bajo
070106029020430,070106,VENTANILLA,029,043,10,26,3,medio
070106029020420,070106,VENTANILLA,029,042,10,34,3,medio
070106030000210,070106,VENTANILLA,030,021,23,98,3,medio
07010601002002B,070106,VENTANILLA,010,002,11,43,1,bajo
070106010020150,070106,VENTANILLA,010,015,9,23,1,bajo
070106010020130,070106,VENTANILLA,010,013,16,54,1,bajo
070106010020190,070106,VENTANILLA,010,019,19,65,1,bajo
070106010020200,070106,VENTANILLA,010,020,26,96,1,bajo
07010601002021A,070106,VENTANILLA,010,021,13,38,1,bajo
07010601002003A,070106,VENTANILLA,010,003,11,31,1,bajo
07010601002002A,070106,VENTANILLA,010,002,5,23,1,bajo
070106010020090,070106,VENTANILLA,010,009,5,19,1,bajo
070106010020160,070106,VENTANILLA,010,016,16,72,1,bajo
07010601002004A,070106,VENTANILLA,010,004,12,37,1,bajo
07010601002003B,070106,VENTANILLA,010,003,6,19,1,bajo
070106010020100,070106,VENTANILLA,010,010,3,8,1,bajo
07010601002012B,070106,VENTANILLA,010,012,5,19,1,bajo
070106012000620,070106,VENTANILLA,012,062,18,61,2,medio bajo
07010602902033Y,070106,VENTANILLA,029,033,11,48,1,bajo
070106090000100,070106,VENTANILLA,090,010,6,20,2,medio bajo
07010607000011D,070106,VENTANILLA,070,011,6,25,1,bajo
070106029020150,070106,VENTANILLA,029,015,3,6,3,medio
07010602902008A,070106,VENTANILLA,029,008,10,32,3,medio
07010607000006B,070106,VENTANILLA,070,006,20,55,2,medio bajo
07010607000001F,070106,VENTANILLA,070,001,19,77,2,medio bajo
07010602902012B,070106,VENTANILLA,029,012,18,66,2,medio bajo
07010607000002C,070106,VENTANILLA,070,002,3,13,2,medio bajo
07010607000007C,070106,VENTANILLA,070,007,13,44,2,medio bajo
07010607000006D,070106,VENTANILLA,070,006,11,44,2,medio bajo
07010607000008B,070106,VENTANILLA,070,008,16,48,2,medio bajo
070106030000250,070106,VENTANILLA,030,025,23,99,4,medio alto
07010607000007B,070106,VENTANILLA,070,007,23,80,2,medio bajo
07010607000011A,070106,VENTANILLA,070,011,20,56,2,medio bajo
07010607000006C,070106,VENTANILLA,070,006,10,40,2,medio bajo
070106073020110,070106,VENTANILLA,073,011,17,42,2,medio bajo
070106073020100,070106,VENTANILLA,073,010,19,69,2,medio bajo
07010607000011E,070106,VENTANILLA,070,011,7,25,2,medio bajo
07010603000063A,070106,VENTANILLA,030,063,1,2,3,medio
070106070000090,070106,VENTANILLA,070,009,12,37,2,medio bajo
070106063000070,070106,VENTANILLA,063,007,5,24,2,medio bajo
07010607000001G,070106,VENTANILLA,070,001,19,73,2,medio bajo
070106030000230,070106,VENTANILLA,030,023,23,88,3,medio
070106030000630,070106,VENTANILLA,030,063,3,13,3,medio
070106070000350,070106,VENTANILLA,070,035,15,54,2,medio bajo
070106063000050,070106,VENTANILLA,063,005,5,25,2,medio bajo
070106012000020,070106,VENTANILLA,012,002,16,56,2,medio bajo
07010609000001E,070106,VENTANILLA,090,001,6,23,2,medio bajo
070106070000400,070106,VENTANILLA,070,040,16,61,2,medio bajo
070106070000310,070106,VENTANILLA,070,031,5,22,2,medio bajo
070106070000440,070106,VENTANILLA,070,044,14,57,2,medio bajo
070106070000530,070106,VENTANILLA,070,053,27,95,3,medio
070106070000320,070106,VENTANILLA,070,032,23,75,2,medio bajo
070106070000480,070106,VENTANILLA,070,048,21,85,2,medio bajo
070106070000380,070106,VENTANILLA,070,038,13,42,2,medio bajo
070106070000450,070106,VENTANILLA,070,045,10,27,2,medio bajo
070106070000170,070106,VENTANILLA,070,017,14,44,1,bajo
07010609000031B,070106,VENTANILLA,090,031,11,41,2,medio bajo
07010602902025B,070106,VENTANILLA,029,025,4,12,1,bajo
07010607302012A,070106,VENTANILLA,073,012,15,45,2,medio bajo
070106030000450,070106,VENTANILLA,030,045,26,103,3,medio
07010607302013F,070106,VENTANILLA,073,013,5,17,1,bajo
07010607302013I,070106,VENTANILLA,073,013,9,18,1,bajo
07010607302013K,070106,VENTANILLA,073,013,9,31,1,bajo
070106010020180,070106,VENTANILLA,010,018,13,29,1,bajo
07010607302012D,070106,VENTANILLA,073,012,8,25,1,bajo
07010607302013E,070106,VENTANILLA,073,013,11,30,1,bajo
07010607302014E,070106,VENTANILLA,073,014,3,6,1,bajo
07010607302014C,070106,VENTANILLA,073,014,10,39,1,bajo
070106029020350,070106,VENTANILLA,029,035,15,61,1,bajo
07010602902033Z,070106,VENTANILLA,029,033,15,67,1,bajo
07010607302013L,070106,VENTANILLA,073,013,9,31,1,bajo
07010607302013G,070106,VENTANILLA,073,013,6,19,1,bajo
07010602902032E,070106,VENTANILLA,029,032,26,81,4,medio alto
07010607302014A,070106,VENTANILLA,073,014,13,40,1,bajo
07010601002012D,070106,VENTANILLA,010,012,5,16,1,bajo
07010602902019C,070106,VENTANILLA,029,019,17,65,1,bajo
07010601200032D,070106,VENTANILLA,012,032,1,6,1,bajo
07010607302013J,070106,VENTANILLA,073,013,9,32,1,bajo
07010607302013M,070106,VENTANILLA,073,013,8,26,1,bajo
07010607302014D,070106,VENTANILLA,073,014,11,25,1,bajo
07010601002005A,070106,VENTANILLA,010,005,10,27,1,bajo
070106010020140,070106,VENTANILLA,010,014,17,56,1,bajo
07010608100001C,070106,VENTANILLA,081,001,23,65,1,bajo
07010601002012H,070106,VENTANILLA,010,012,11,46,1,bajo
070106081000020,070106,VENTANILLA,081,002,14,44,1,bajo
07010607302014F,070106,VENTANILLA,073,014,1,3,1,bajo
070106010010140,070106,VENTANILLA,010,014,11,33,1,bajo
070106010010090,070106,VENTANILLA,010,009,19,77,1,bajo
07010601002012E,070106,VENTANILLA,010,012,9,24,1,bajo
07010601002012L,070106,VENTANILLA,010,012,19,78,1,bajo
070106081000040,070106,VENTANILLA,081,004,29,93,1,bajo
07010601002011A,070106,VENTANILLA,010,011,9,20,1,bajo
07010601002012G,070106,VENTANILLA,010,012,4,16,1,bajo
07010608100057A,070106,VENTANILLA,081,057,19,33,1,bajo
070106010010080,070106,VENTANILLA,010,008,14,52,1,bajo
070106081000180,070106,VENTANILLA,081,018,13,39,1,bajo
07010601002001B,070106,VENTANILLA,010,001,1,6,1,bajo
070106081000240,070106,VENTANILLA,081,024,14,54,1,bajo
07010601002012F,070106,VENTANILLA,010,012,4,20,1,bajo
070106081000270,070106,VENTANILLA,081,027,15,42,1,bajo
070106010010190,070106,VENTANILLA,010,019,19,58,1,bajo
070106010010300,070106,VENTANILLA,010,030,15,59,1,bajo
070106010010390,070106,VENTANILLA,010,039,16,59,1,bajo
07010608100009E,070106,VENTANILLA,081,009,31,93,1,bajo
070106010010280,070106,VENTANILLA,010,028,15,59,1,bajo
07010608100001B,070106,VENTANILLA,081,001,8,29,1,bajo
07010608100001E,070106,VENTANILLA,081,001,30,108,1,bajo
070106010010400,070106,VENTANILLA,010,040,19,64,1,bajo
07010608100001D,070106,VENTANILLA,081,001,29,84,1,bajo
070106010010110,070106,VENTANILLA,010,011,17,54,1,bajo
070106081000060,070106,VENTANILLA,081,006,26,102,1,bajo
07010601002012I,070106,VENTANILLA,010,012,9,26,1,bajo
07010608100007A,070106,VENTANILLA,081,007,18,67,1,bajo
07010608100001A,070106,VENTANILLA,081,001,16,48,1,bajo
070106081000030,070106,VENTANILLA,081,003,14,56,1,bajo
070106081000160,070106,VENTANILLA,081,016,14,34,1,bajo
070106010010370,070106,VENTANILLA,010,037,3,10,1,bajo
070106010010130,070106,VENTANILLA,010,013,20,39,1,bajo
070106010010330,070106,VENTANILLA,010,033,11,30,1,bajo
070106010010070,070106,VENTANILLA,010,007,21,74,1,bajo
07010608100007B,070106,VENTANILLA,081,007,19,71,1,bajo
070106010010240,070106,VENTANILLA,010,024,19,62,1,bajo
070106081000570,070106,VENTANILLA,081,057,24,77,1,bajo
070106010010060,070106,VENTANILLA,010,006,16,62,1,bajo
070106081000130,070106,VENTANILLA,081,013,16,48,1,bajo
070106010010230,070106,VENTANILLA,010,023,16,58,1,bajo
070106010010100,070106,VENTANILLA,010,010,17,42,1,bajo
070106081000150,070106,VENTANILLA,081,015,8,22,1,bajo
070106081000210,070106,VENTANILLA,081,021,12,40,1,bajo
070106081000510,070106,VENTANILLA,081,051,3,4,2,medio bajo
070106010010410,070106,VENTANILLA,010,041,14,43,1,bajo
07010608100010A,070106,VENTANILLA,081,010,25,93,1,bajo
070106081000170,070106,VENTANILLA,081,017,19,52,1,bajo
07010608100049B,070106,VENTANILLA,081,049,1,4,2,medio bajo
070106081000140,070106,VENTANILLA,081,014,26,67,1,bajo
070106081000230,070106,VENTANILLA,081,023,13,57,1,bajo
07010602902033Q,070106,VENTANILLA,029,033,7,18,1,bajo
07010607000011F,070106,VENTANILLA,070,011,10,31,1,bajo
070106073020150,070106,VENTANILLA,073,015,27,105,1,bajo
070106030000150,070106,VENTANILLA,030,015,26,97,3,medio
070106070000360,070106,VENTANILLA,070,036,21,56,2,medio bajo
07010607000006A,070106,VENTANILLA,070,006,12,33,2,medio bajo
07010607000007A,070106,VENTANILLA,070,007,20,86,2,medio bajo
070106070000460,070106,VENTANILLA,070,046,24,78,2,medio bajo
070106070000280,070106,VENTANILLA,070,028,23,104,2,medio bajo
070106070000470,070106,VENTANILLA,070,047,15,58,2,medio bajo
070106070000160,070106,VENTANILLA,070,016,25,88,1,bajo
070106070000370,070106,VENTANILLA,070,037,11,28,2,medio bajo
07010607000002G,070106,VENTANILLA,070,002,18,77,2,medio bajo
07010607000010A,070106,VENTANILLA,070,010,3,12,1,bajo
070106070000140,070106,VENTANILLA,070,014,19,89,1,bajo
070106070000230,070106,VENTANILLA,070,023,17,70,2,medio bajo
070106070000410,070106,VENTANILLA,070,041,23,83,2,medio bajo
070106070000250,070106,VENTANILLA,070,025,22,86,2,medio bajo
070106063000440,070106,VENTANILLA,063,044,9,31,2,medio bajo
07010607000025C,070106,VENTANILLA,070,025,14,59,2,medio bajo
07010607000025B,070106,VENTANILLA,070,025,16,71,2,medio bajo
070106064000120,070106,VENTANILLA,064,012,18,58,1,bajo
070106064000140,070106,VENTANILLA,064,014,12,45,1,bajo
070106064000130,070106,VENTANILLA,064,013,13,65,1,bajo
070106064000110,070106,VENTANILLA,064,011,14,72,1,bajo
07010607000020A,070106,VENTANILLA,070,020,12,42,2,medio bajo
070106070000220,070106,VENTANILLA,070,022,12,48,2,medio bajo
070106070000260,070106,VENTANILLA,070,026,19,65,2,medio bajo
070106070000240,070106,VENTANILLA,070,024,27,104,2,medio bajo
070106070000200,070106,VENTANILLA,070,020,21,77,1,bajo
070106070000270,070106,VENTANILLA,070,027,27,88,2,medio bajo
070106073020120,070106,VENTANILLA,073,012,18,56,2,medio bajo
070106010020170,070106,VENTANILLA,010,017,12,46,1,bajo
070106029020100,070106,VENTANILLA,029,010,9,37,2,medio bajo
07010608100035A,070106,VENTANILLA,081,035,11,55,1,bajo
070106081000400,070106,VENTANILLA,081,040,15,66,1,bajo
070106081000290,070106,VENTANILLA,081,029,19,70,1,bajo
070106081000280,070106,VENTANILLA,081,028,19,58,1,bajo
07010608100035B,070106,VENTANILLA,081,035,18,54,1,bajo
07010608100019C,070106,VENTANILLA,081,019,21,68,1,bajo
070106081000390,070106,VENTANILLA,081,039,17,49,1,bajo
070106081000310,070106,VENTANILLA,081,031,6,21,1,bajo
07010608100034B,070106,VENTANILLA,081,034,17,53,1,bajo
07010608100041B,070106,VENTANILLA,081,041,20,71,1,bajo
070106030000540,070106,VENTANILLA,030,054,44,154,4,medio alto
070106030000260,070106,VENTANILLA,030,026,19,59,4,medio alto
07010608100036A,070106,VENTANILLA,081,036,15,54,1,bajo
07010607302012E,070106,VENTANILLA,073,012,12,41,1,bajo
070106030000180,070106,VENTANILLA,030,018,21,86,3,medio
070106030000580,070106,VENTANILLA,030,058,3,8,4,medio alto
070106030000530,070106,VENTANILLA,030,053,26,96,3,medio
070106030000490,070106,VENTANILLA,030,049,20,58,3,medio
070106030000480,070106,VENTANILLA,030,048,19,76,3,medio
07010607302013H,070106,VENTANILLA,073,013,5,25,1,bajo
07010601002006B,070106,VENTANILLA,010,006,13,30,1,bajo
07010601002012K,070106,VENTANILLA,010,012,7,29,1,bajo
07010608100057D,070106,VENTANILLA,081,057,16,45,1,bajo
070106010010440,070106,VENTANILLA,010,044,16,56,1,bajo
070106010010310,070106,VENTANILLA,010,031,11,39,1,bajo
070106010010340,070106,VENTANILLA,010,034,16,42,1,bajo
07010608100009D,070106,VENTANILLA,081,009,24,100,1,bajo
070106010010270,070106,VENTANILLA,010,027,13,52,1,bajo
070106010010490,070106,VENTANILLA,010,049,12,39,1,bajo
070106010010430,070106,VENTANILLA,010,043,19,53,1,bajo
07010601001046A,070106,VENTANILLA,010,046,1,1,1,bajo
070106010010450,070106,VENTANILLA,010,045,15,46,1,bajo
070106010010380,070106,VENTANILLA,010,038,8,32,1,bajo
070106010010470,070106,VENTANILLA,010,047,14,34,1,bajo
070106010010480,070106,VENTANILLA,010,048,14,45,1,bajo
070106081000640,070106,VENTANILLA,081,064,23,70,1,bajo
07010608100025A,070106,VENTANILLA,081,025,14,59,1,bajo
070106010010040,070106,VENTANILLA,010,004,16,52,1,bajo
070106081000050,070106,VENTANILLA,081,005,25,100,1,bajo
070106010010350,070106,VENTANILLA,010,035,16,59,1,bajo
070106010010460,070106,VENTANILLA,010,046,15,50,1,bajo
070106010010120,070106,VENTANILLA,010,012,17,63,1,bajo
070106081000300,070106,VENTANILLA,081,030,24,93,1,bajo
070106081000470,070106,VENTANILLA,081,047,1,2,2,medio bajo
070106010010360,070106,VENTANILLA,010,036,23,86,1,bajo
070106010010260,070106,VENTANILLA,010,026,19,59,1,bajo
07010608100041C,070106,VENTANILLA,081,041,13,54,1,bajo
070106010010220,070106,VENTANILLA,010,022,32,53,1,bajo
07010608100034A,070106,VENTANILLA,081,034,16,53,1,bajo
070106010010160,070106,VENTANILLA,010,016,12,26,1,bajo
07010608100048D,070106,VENTANILLA,081,048,1,1,2,medio bajo
070106010010150,070106,VENTANILLA,010,015,19,66,1,bajo
070106010010320,070106,VENTANILLA,010,032,5,15,1,bajo
070106010010050,070106,VENTANILLA,010,005,24,79,1,bajo
070106010010180,070106,VENTANILLA,010,018,17,58,1,bajo
070106010010020,070106,VENTANILLA,010,002,23,92,1,bajo
070106010010010,070106,VENTANILLA,010,001,11,39,1,bajo
07010608100022B,070106,VENTANILLA,081,022,5,9,1,bajo
070106010010250,070106,VENTANILLA,010,025,17,51,1,bajo
07010601001003D,070106,VENTANILLA,010,003,9,29,1,bajo
07010602902032K,070106,VENTANILLA,029,032,17,57,4,medio alto
07010608100011B,070106,VENTANILLA,081,011,34,112,1,bajo
070106010010290,070106,VENTANILLA,010,029,2,6,1,bajo
07010602902032F,070106,VENTANILLA,029,032,24,77,4,medio alto
07010608100050D,070106,VENTANILLA,081,050,10,25,2,medio bajo
070106073010300,070106,VENTANILLA,073,030,32,108,2,medio bajo
07010602902032G,070106,VENTANILLA,029,032,29,99,4,medio alto
07010608100045B,070106,VENTANILLA,081,045,2,7,2,medio bajo
070106073010260,070106,VENTANILLA,073,026,31,76,2,medio bajo
070106010010170,070106,VENTANILLA,010,017,16,57,1,bajo
070106073010270,070106,VENTANILLA,073,027,30,89,2,medio bajo
070106081000330,070106,VENTANILLA,081,033,13,56,1,bajo
07010601001003C,070106,VENTANILLA,010,003,12,41,1,bajo
070106073010290,070106,VENTANILLA,073,029,28,89,2,medio bajo
070106073010310,070106,VENTANILLA,073,031,32,123,1,bajo
07010602902032L,070106,VENTANILLA,029,032,20,70,4,medio alto
070106073010320,070106,VENTANILLA,073,032,33,128,1,bajo
07010608100049D,070106,VENTANILLA,081,049,3,8,1,bajo
07010607301041B,070106,VENTANILLA,073,041,18,65,2,medio bajo
070106073010390,070106,VENTANILLA,073,039,19,52,2,medio bajo
070106073010280,070106,VENTANILLA,073,028,33,111,2,medio bajo
07010608100049C,070106,VENTANILLA,081,049,1,6,2,medio bajo
07010608100048E,070106,VENTANILLA,081,048,19,54,2,medio bajo
070106030000570,070106,VENTANILLA,030,057,29,129,4,medio alto
07010601001003F,070106,VENTANILLA,010,003,18,67,1,bajo
07010607301041A,070106,VENTANILLA,073,041,12,30,2,medio bajo
07010601001003G,070106,VENTANILLA,010,003,15,47,1,bajo
070106073010400,070106,VENTANILLA,073,040,14,46,2,medio bajo
07010601001007A,070106,VENTANILLA,010,007,19,60,1,bajo
070106073010420,070106,VENTANILLA,073,042,10,28,2,medio bajo
070106010010200,070106,VENTANILLA,010,020,20,60,1,bajo
070106081000440,070106,VENTANILLA,081,044,2,9,1,bajo
070106070000330,070106,VENTANILLA,070,033,22,69,2,medio bajo
07010603000039G,070106,VENTANILLA,030,039,3,13,3,medio
07010603000042A,070106,VENTANILLA,030,042,26,105,3,medio
070106030000590,070106,VENTANILLA,030,059,21,77,3,medio
070106030000600,070106,VENTANILLA,030,060,20,78,3,medio
070106030000300,070106,VENTANILLA,030,030,37,161,3,medio
070106070000430,070106,VENTANILLA,070,043,12,44,2,medio bajo
07010603000029A,070106,VENTANILLA,030,029,38,146,3,medio
070106070000110,070106,VENTANILLA,070,011,19,59,1,bajo
070106030000330,070106,VENTANILLA,030,033,26,101,3,medio
070106070000340,070106,VENTANILLA,070,034,21,86,2,medio bajo
070106070000100,070106,VENTANILLA,070,010,8,33,1,bajo
070106070000500,070106,VENTANILLA,070,050,22,91,2,medio bajo
070106063000460,070106,VENTANILLA,063,046,10,30,2,medio bajo
070106070000290,070106,VENTANILLA,070,029,30,112,2,medio bajo
070106070000300,070106,VENTANILLA,070,030,21,96,2,medio bajo
07010607000021B,070106,VENTANILLA,070,021,14,38,1,bajo
070106070000520,070106,VENTANILLA,070,052,24,104,2,medio bajo
070106070000210,070106,VENTANILLA,070,021,16,50,1,bajo
070106063000390,070106,VENTANILLA,063,039,11,42,2,medio bajo
070106070000150,070106,VENTANILLA,070,015,16,66,1,bajo
070106063000160,070106,VENTANILLA,063,016,11,50,2,medio bajo
070106063000120,070106,VENTANILLA,063,012,17,61,2,medio bajo
070106030000350,070106,VENTANILLA,030,035,10,42,3,medio
070106063000400,070106,VENTANILLA,063,040,9,29,2,medio bajo
07010607000008A,070106,VENTANILLA,070,008,11,37,2,medio bajo
07010608100045A,070106,VENTANILLA,081,045,5,14,2,medio bajo
07010601001021B,070106,VENTANILLA,010,021,12,46,1,bajo
07010603000003B,070106,VENTANILLA,030,003,11,36,3,medio
07010603000041A,070106,VENTANILLA,030,041,20,78,3,medio
07010603000036B,070106,VENTANILLA,030,036,14,47,3,medio
07010601001021C,070106,VENTANILLA,010,021,19,56,1,bajo
07010603000042D,070106,VENTANILLA,030,042,9,34,3,medio
07010603000001A,070106,VENTANILLA,030,001,9,31,2,medio bajo
07010603000042E,070106,VENTANILLA,030,042,6,31,3,medio
07010603000004A,070106,VENTANILLA,030,004,14,42,3,medio
070106030000560,070106,VENTANILLA,030,056,38,136,4,medio alto
07010607301037A,070106,VENTANILLA,073,037,1,5,1,bajo
07010607301004A,070106,VENTANILLA,073,004,25,91,1,bajo
07010607301009B,070106,VENTANILLA,073,009,31,86,1,bajo
070106073010030,070106,VENTANILLA,073,003,36,145,2,medio bajo
070106073010020,070106,VENTANILLA,073,002,26,119,2,medio bajo
07010601800034A,070106,VENTANILLA,018,034,8,32,1,bajo
070106073010130,070106,VENTANILLA,073,013,16,54,1,bajo
07010607301011A,070106,VENTANILLA,073,011,2,7,1,bajo
070106073010070,070106,VENTANILLA,073,007,27,105,1,bajo
07010607301033B,070106,VENTANILLA,073,033,9,23,1,bajo
07010607301036A,070106,VENTANILLA,073,036,12,51,1,bajo
07010607301007B,070106,VENTANILLA,073,007,2,6,1,bajo
07010607301035B,070106,VENTANILLA,073,035,17,49,1,bajo
070106073010080,070106,VENTANILLA,073,008,4,8,1,bajo
070106029020660,070106,VENTANILLA,029,066,6,30,1,bajo
07010607301034A,070106,VENTANILLA,073,034,11,38,1,bajo
07010607301035A,070106,VENTANILLA,073,035,11,36,1,bajo
070106073010140,070106,VENTANILLA,073,014,33,117,1,bajo
070106029020670,070106,VENTANILLA,029,067,10,37,1,bajo
07010607301034B,070106,VENTANILLA,073,034,12,32,1,bajo
07010601800037C,070106,VENTANILLA,018,037,10,43,2,medio bajo
07010601800034B,070106,VENTANILLA,018,034,15,65,1,bajo
070106018000400,070106,VENTANILLA,018,040,7,36,2,medio bajo
070106073010010,070106,VENTANILLA,073,001,23,91,2,medio bajo
070106018000570,070106,VENTANILLA,018,057,12,43,3,medio
07010607301036B,070106,VENTANILLA,073,036,16,60,1,bajo
070106073010150,070106,VENTANILLA,073,015,30,78,1,bajo
07010601800079J,070106,VENTANILLA,018,079,9,33,1,bajo
070106018000020,070106,VENTANILLA,018,002,1,1,3,medio
070106018000590,070106,VENTANILLA,018,059,16,50,3,medio
07010601800037D,070106,VENTANILLA,018,037,12,37,1,bajo
07010601800040A,070106,VENTANILLA,018,040,2,11,2,medio bajo
070106018000440,070106,VENTANILLA,018,044,6,23,2,medio bajo
070106018000620,070106,VENTANILLA,018,062,16,91,3,medio
07010601800033E,070106,VENTANILLA,018,033,8,32,1,bajo
070106018000010,070106,VENTANILLA,018,001,17,60,3,medio
07010601800027A,070106,VENTANILLA,018,027,18,65,2,medio bajo
07010601800030D,070106,VENTANILLA,018,030,11,41,1,bajo
07010601800041A,070106,VENTANILLA,018,041,10,41,2,medio bajo
07010601800033F,070106,VENTANILLA,018,033,9,39,1,bajo
07010607301033A,070106,VENTANILLA,073,033,18,70,1,bajo
07010601800001B,070106,VENTANILLA,018,001,17,51,3,medio
070106018000580,070106,VENTANILLA,018,058,1,2,3,medio
070106018000860,070106,VENTANILLA,018,086,34,145,3,medio
070106018000040,070106,VENTANILLA,018,004,13,56,3,medio
070106030000240,070106,VENTANILLA,030,024,26,93,4,medio alto
070106010010420,070106,VENTANILLA,010,042,6,27,1,bajo
07010608100057B,070106,VENTANILLA,081,057,20,93,1,bajo
07010603000008F,070106,VENTANILLA,030,008,4,13,3,medio
07010601001007C,070106,VENTANILLA,010,007,3,7,1,bajo
07010601001016B,070106,VENTANILLA,010,016,16,37,1,bajo
07010601001003I,070106,VENTANILLA,010,003,16,48,1,bajo
07010601001007B,070106,VENTANILLA,010,007,17,44,1,bajo
07010603000008G,070106,VENTANILLA,030,008,10,38,3,medio
07010601300021C,070106,VENTANILLA,013,021,8,34,2,medio bajo
07010603000041C,070106,VENTANILLA,030,041,21,97,3,medio
07010601001021E,070106,VENTANILLA,010,021,7,20,1,bajo
070106013000150,070106,VENTANILLA,013,015,21,83,2,medio bajo
07010601001021H,070106,VENTANILLA,010,021,11,17,1,bajo
07010603000041F,070106,VENTANILLA,030,041,8,27,3,medio
07010601001016C,070106,VENTANILLA,010,016,5,21,1,bajo
07010603000041D,070106,VENTANILLA,030,041,7,29,3,medio
07010601001003H,070106,VENTANILLA,010,003,18,59,1,bajo
07010603000041E,070106,VENTANILLA,030,041,7,29,3,medio
07010601001021F,070106,VENTANILLA,010,021,24,86,1,bajo
07010601001021G,070106,VENTANILLA,010,021,12,38,1,bajo
07010601300014C,070106,VENTANILLA,013,014,2,4,2,medio bajo
070106013000380,070106,VENTANILLA,013,038,8,42,2,medio bajo
070106013000560,070106,VENTANILLA,013,056,21,68,2,medio bajo
070106013000480,070106,VENTANILLA,013,048,22,80,2,medio bajo
07010601001003J,070106,VENTANILLA,010,003,12,35,1,bajo
07010601300020A,070106,VENTANILLA,013,020,18,81,2,medio bajo
070106013000240,070106,VENTANILLA,013,024,15,52,2,medio bajo
070106013000230,070106,VENTANILLA,013,023,18,74,2,medio bajo
070106013000140,070106,VENTANILLA,013,014,33,139,2,medio bajo
070106013000130,070106,VENTANILLA,013,013,19,90,1,bajo
070106081000650,070106,VENTANILLA,081,065,17,55,1,bajo
07010602902032H,070106,VENTANILLA,029,032,27,79,4,medio alto
070106063000320,070106,VENTANILLA,063,032,14,57,2,medio bajo
070106030000280,070106,VENTANILLA,030,028,16,62,3,medio
070106063000380,070106,VENTANILLA,063,038,12,56,2,medio bajo
07010607000021A,070106,VENTANILLA,070,021,9,35,1,bajo
070106063000370,070106,VENTANILLA,063,037,9,33,2,medio bajo
070106030000380,070106,VENTANILLA,030,038,9,31,3,medio
07010607301021A,070106,VENTANILLA,073,021,18,66,1,bajo
070106063000190,070106,VENTANILLA,063,019,12,33,2,medio bajo
07010607301023B,070106,VENTANILLA,073,023,13,49,1,bajo
070106063000270,070106,VENTANILLA,063,027,9,28,2,medio bajo
070106073010170,070106,VENTANILLA,073,017,27,81,1,bajo
070106063000240,070106,VENTANILLA,063,024,9,38,2,medio bajo
070106064000200,070106,VENTANILLA,064,020,17,48,1,bajo
070106073010180,070106,VENTANILLA,073,018,28,96,1,bajo
070106064000500,070106,VENTANILLA,064,050,8,32,2,medio bajo
070106063000260,070106,VENTANILLA,063,026,9,37,2,medio bajo
070106064000230,070106,VENTANILLA,064,023,14,57,1,bajo
070106073010200,070106,VENTANILLA,073,020,22,55,1,bajo
070106063000250,070106,VENTANILLA,063,025,11,32,2,medio bajo
07010607301023M,070106,VENTANILLA,073,023,22,88,1,bajo
070106063000330,070106,VENTANILLA,063,033,12,39,2,medio bajo
07010607301023E,070106,VENTANILLA,073,023,28,91,1,bajo
070106064000520,070106,VENTANILLA,064,052,11,36,2,medio bajo
070106073010220,070106,VENTANILLA,073,022,17,46,1,bajo
070106064000210,070106,VENTANILLA,064,021,16,65,1,bajo
070106064000160,070106,VENTANILLA,064,016,13,60,1,bajo
07010607301023F,070106,VENTANILLA,073,023,22,80,1,bajo
070106064000150,070106,VENTANILLA,064,015,29,90,1,bajo
070106073010190,070106,VENTANILLA,073,019,35,109,1,bajo
070106063000170,070106,VENTANILLA,063,017,9,34,2,medio bajo
07010606400049A,070106,VENTANILLA,064,049,16,44,2,medio bajo
070106064000220,070106,VENTANILLA,064,022,17,71,1,bajo
07010607301023A,070106,VENTANILLA,073,023,20,73,1,bajo
070106064000240,070106,VENTANILLA,064,024,16,60,1,bajo
070106063000180,070106,VENTANILLA,063,018,10,36,2,medio bajo
070106064000170,070106,VENTANILLA,064,017,18,78,1,bajo
070106064000180,070106,VENTANILLA,064,018,12,48,1,bajo
070106064000090,070106,VENTANILLA,064,009,13,42,1,bajo
070106064000050,070106,VENTANILLA,064,005,16,46,1,bajo
070106063000590,070106,VENTANILLA,063,059,13,38,1,bajo
070106064000080,070106,VENTANILLA,064,008,10,56,1,bajo
07010601001016A,070106,VENTANILLA,010,016,7,24,1,bajo
070106064000100,070106,VENTANILLA,064,010,19,65,1,bajo
070106063000560,070106,VENTANILLA,063,056,24,84,2,medio bajo
070106064000040,070106,VENTANILLA,064,004,12,38,1,bajo
07010603000042G,070106,VENTANILLA,030,042,6,28,3,medio
070106063000570,070106,VENTANILLA,063,057,9,32,1,bajo
070106063000580,070106,VENTANILLA,063,058,16,58,1,bajo
070106063000540,070106,VENTANILLA,063,054,14,54,2,medio bajo
07010607301045D,070106,VENTANILLA,073,045,10,27,1,bajo
07010603000036A,070106,VENTANILLA,030,036,8,37,3,medio
07010607301040C,070106,VENTANILLA,073,040,2,5,2,medio bajo
07010602902034C,070106,VENTANILLA,029,034,5,16,1,bajo
07010601001007D,070106,VENTANILLA,010,007,6,16,1,bajo
07010603000001B,070106,VENTANILLA,030,001,5,20,2,medio bajo
070106013000090,070106,VENTANILLA,013,009,18,57,1,bajo
07010607301045B,070106,VENTANILLA,073,045,11,39,1,bajo
07010607301023C,070106,VENTANILLA,073,023,7,18,1,bajo
07010607301045A,070106,VENTANILLA,073,045,2,6,1,bajo
07010607301023I,070106,VENTANILLA,073,023,9,31,1,bajo
070106013000310,070106,VENTANILLA,013,031,31,93,2,medio bajo
070106013000050,070106,VENTANILLA,013,005,16,55,2,medio bajo
070106013000520,070106,VENTANILLA,013,052,8,40,2,medio bajo
07010607301023J,070106,VENTANILLA,073,023,8,36,1,bajo
070106013000570,070106,VENTANILLA,013,057,23,85,2,medio bajo
07010607301023O,070106,VENTANILLA,073,023,7,28,1,bajo
07010607301023R,070106,VENTANILLA,073,023,5,20,1,bajo
070106013000020,070106,VENTANILLA,013,002,36,151,2,medio bajo
07010607301023K,070106,VENTANILLA,073,023,11,29,1,bajo
070106013000070,070106,VENTANILLA,013,007,20,82,2,medio bajo
070106073010450,070106,VENTANILLA,073,045,12,46,1,bajo
070106013000110,070106,VENTANILLA,013,011,21,104,1,bajo
070106013000280,070106,VENTANILLA,013,028,19,70,2,medio bajo
070106063000360,070106,VENTANILLA,063,036,7,21,2,medio bajo
070106013000370,070106,VENTANILLA,013,037,13,57,2,medio bajo
07010601800054A,070106,VENTANILLA,018,054,23,89,3,medio
07010601800054B,070106,VENTANILLA,018,054,6,31,3,medio
070106013000510,070106,VENTANILLA,013,051,8,28,2,medio bajo
070106013000550,070106,VENTANILLA,013,055,23,73,2,medio bajo
070106013000590,070106,VENTANILLA,013,059,14,57,2,medio bajo
070106013000530,070106,VENTANILLA,013,053,10,40,2,medio bajo
070106013000580,070106,VENTANILLA,013,058,13,45,2,medio bajo
070106013000540,070106,VENTANILLA,013,054,18,63,2,medio bajo
070106073010160,070106,VENTANILLA,073,016,27,88,1,bajo
070106013000030,070106,VENTANILLA,013,003,23,92,2,medio bajo
070106073010210,070106,VENTANILLA,073,021,15,63,1,bajo
07010601800079A,070106,VENTANILLA,018,079,6,32,1,bajo
070106063000510,070106,VENTANILLA,063,051,10,26,2,medio bajo
07010606300059A,070106,VENTANILLA,063,059,7,28,1,bajo
070106063000520,070106,VENTANILLA,063,052,9,37,2,medio bajo
070106063000470,070106,VENTANILLA,063,047,20,76,1,bajo
070106018000500,070106,VENTANILLA,018,050,25,100,3,medio
070106064000370,070106,VENTANILLA,064,037,12,36,2,medio bajo
070106064000260,070106,VENTANILLA,064,026,7,22,1,bajo
070106064000320,070106,VENTANILLA,064,032,7,24,2,medio bajo
070106064000330,070106,VENTANILLA,064,033,12,41,2,medio bajo
070106064000420,070106,VENTANILLA,064,042,9,25,1,bajo
070106063000550,070106,VENTANILLA,063,055,13,40,2,medio bajo
070106037000040,070106,VENTANILLA,037,004,47,177,4,medio alto
07010607301023G,070106,VENTANILLA,073,023,25,75,1,bajo
070106037000050,070106,VENTANILLA,037,005,4,19,4,medio alto
070106037000470,070106,VENTANILLA,037,047,59,187,4,medio alto
070106037000390,070106,VENTANILLA,037,039,36,153,4,medio alto
070106037000480,070106,VENTANILLA,037,048,38,132,4,medio alto
070106050000400,070106,VENTANILLA,050,040,16,61,5,alto
070106037000540,070106,VENTANILLA,037,054,135,432,4,medio alto
070106050000090,070106,VENTANILLA,050,009,11,34,5,alto
07010601001021I,070106,VENTANILLA,010,021,3,5,1,bajo
070106073010440,070106,VENTANILLA,073,044,15,45,1,bajo
07010607301042A,070106,VENTANILLA,073,042,18,63,2,medio bajo
070106073010250,070106,VENTANILLA,073,025,4,12,1,bajo
07010607301023H,070106,VENTANILLA,073,023,17,75,1,bajo
070106013000120,070106,VENTANILLA,013,012,5,15,1,bajo
070106018000630,070106,VENTANILLA,018,063,21,77,3,medio
070106018000490,070106,VENTANILLA,018,049,24,108,3,medio
070106018000650,070106,VENTANILLA,018,065,12,56,3,medio
070106018000700,070106,VENTANILLA,018,070,14,57,1,bajo
07010607301045C,070106,VENTANILLA,073,045,11,47,1,bajo
070106018000640,070106,VENTANILLA,018,064,17,75,3,medio
07010601800047A,070106,VENTANILLA,018,047,14,53,1,bajo
070106050000500,070106,VENTANILLA,050,050,27,95,5,alto
07010607301003A,070106,VENTANILLA,073,003,2,6,1,bajo
07010608101005A,070106,VENTANILLA,081,005,50,150,1,bajo
070106081010020,070106,VENTANILLA,081,002,7,22,1,bajo
070106050000170,070106,VENTANILLA,050,017,6,17,5,alto
070106081010010,070106,VENTANILLA,081,001,12,48,1,bajo
070106081010100,070106,VENTANILLA,081,010,6,19,1,bajo
07010608101008B,070106,VENTANILLA,081,008,4,24,1,bajo
070106081010140,070106,VENTANILLA,081,014,4,9,1,bajo
070106050000120,070106,VENTANILLA,050,012,19,61,5,alto
070106081010120,070106,VENTANILLA,081,012,8,22,1,bajo
070106013000100,070106,VENTANILLA,013,010,6,23,1,bajo
070106081010180,070106,VENTANILLA,081,018,27,117,1,bajo
070106018000030,070106,VENTANILLA,018,003,20,72,3,medio
07010601800010B,070106,VENTANILLA,018,010,13,63,3,medio
070106063000530,070106,VENTANILLA,063,053,7,24,2,medio bajo
070106064000360,070106,VENTANILLA,064,036,7,38,2,medio bajo
070106064000380,070106,VENTANILLA,064,038,8,24,2,medio bajo
070106064000310,070106,VENTANILLA,064,031,6,25,2,medio bajo
070106064000300,070106,VENTANILLA,064,030,9,31,2,medio bajo
070106037000100,070106,VENTANILLA,037,010,39,133,4,medio alto
070106064000270,070106,VENTANILLA,064,027,9,36,1,bajo
070106063000450,070106,VENTANILLA,063,045,11,43,2,medio bajo
070106064000290,070106,VENTANILLA,064,029,9,35,1,bajo
070106013000470,070106,VENTANILLA,013,047,17,62,2,medio bajo
070106013000420,070106,VENTANILLA,013,042,15,49,2,medio bajo
070106064000280,070106,VENTANILLA,064,028,9,36,1,bajo
070106064000430,070106,VENTANILLA,064,043,5,15,1,bajo
070106013000040,070106,VENTANILLA,013,004,19,90,2,medio bajo
070106064000020,070106,VENTANILLA,064,002,18,58,1,bajo
070106064000350,070106,VENTANILLA,064,035,6,24,2,medio bajo
070106063000480,070106,VENTANILLA,063,048,15,46,1,bajo
070106064000010,070106,VENTANILLA,064,001,12,50,1,bajo
070106037000290,070106,VENTANILLA,037,029,23,86,4,medio alto
070106037000240,070106,VENTANILLA,037,024,40,115,4,medio alto
070106018000800,070106,VENTANILLA,018,080,9,42,2,medio bajo
07010601800079I,070106,VENTANILLA,018,079,12,53,1,bajo
070106037000270,070106,VENTANILLA,037,027,24,78,4,medio alto
070106018000770,070106,VENTANILLA,018,077,7,26,3,medio
070106018000810,070106,VENTANILLA,018,081,1,3,2,medio bajo
070106018000730,070106,VENTANILLA,018,073,21,83,3,medio
070106018000820,070106,VENTANILLA,018,082,8,39,3,medio
070106018000180,070106,VENTANILLA,018,018,13,54,2,medio bajo
070106018000760,070106,VENTANILLA,018,076,7,28,3,medio
070106018000720,070106,VENTANILLA,018,072,27,97,3,medio
070106018000750,070106,VENTANILLA,018,075,16,67,3,medio
070106037000250,070106,VENTANILLA,037,025,19,57,4,medio alto
070106018000740,070106,VENTANILLA,018,074,26,108,3,medio
070106018000830,070106,VENTANILLA,018,083,19,85,3,medio
07010601800023B,070106,VENTANILLA,018,023,30,112,2,medio bajo
070106018000710,070106,VENTANILLA,018,071,10,48,3,medio
070106018000660,070106,VENTANILLA,018,066,12,63,3,medio
070106018000070,070106,VENTANILLA,018,007,25,106,3,medio
070106018000460,070106,VENTANILLA,018,046,4,29,2,medio bajo
070106018000120,070106,VENTANILLA,018,012,30,134,3,medio
070106018000420,070106,VENTANILLA,018,042,10,39,2,medio bajo
070106018000170,070106,VENTANILLA,018,017,16,80,2,medio bajo
070106018000090,070106,VENTANILLA,018,009,29,135,3,medio
070106018000050,070106,VENTANILLA,018,005,31,120,3,medio
070106018000130,070106,VENTANILLA,018,013,13,40,2,medio bajo
070106018000110,070106,VENTANILLA,018,011,29,121,3,medio
070106018000060,070106,VENTANILLA,018,006,22,78,3,medio
070106073010240,070106,VENTANILLA,073,024,11,28,1,bajo
07010601800079L,070106,VENTANILLA,018,079,11,48,1,bajo
070106018000140,070106,VENTANILLA,018,014,14,61,2,medio bajo
070106050000240,070106,VENTANILLA,050,024,20,74,5,alto
070106073010430,070106,VENTANILLA,073,043,14,32,1,bajo
070106050000020,070106,VENTANILLA,050,002,21,61,5,alto
070106050000360,070106,VENTANILLA,050,036,23,87,5,alto
07010601800079B,070106,VENTANILLA,018,079,12,44,1,bajo
070106013000160,070106,VENTANILLA,013,016,21,83,2,medio bajo
07010607301044A,070106,VENTANILLA,073,044,8,37,1,bajo
070106013000260,070106,VENTANILLA,013,026,21,90,2,medio bajo
070106013000170,070106,VENTANILLA,013,017,24,101,2,medio bajo
07010605000036B,070106,VENTANILLA,050,036,3,10,5,alto
070106013000060,070106,VENTANILLA,013,006,20,86,2,medio bajo
070106013000080,070106,VENTANILLA,013,008,16,69,2,medio bajo
070106013000010,070106,VENTANILLA,013,001,32,122,2,medio bajo
070106013000400,070106,VENTANILLA,013,040,21,73,2,medio bajo
070106013000500,070106,VENTANILLA,013,050,8,23,2,medio bajo
070106081010150,070106,VENTANILLA,081,015,15,36,1,bajo
070106013000360,070106,VENTANILLA,013,036,16,62,2,medio bajo
070106013000190,070106,VENTANILLA,013,019,24,73,2,medio bajo
070106013000270,070106,VENTANILLA,013,027,13,64,2,medio bajo
070106081010110,070106,VENTANILLA,081,011,5,20,1,bajo
070106013000250,070106,VENTANILLA,013,025,16,63,2,medio bajo
070106013000180,070106,VENTANILLA,013,018,18,63,2,medio bajo
070106081010190,070106,VENTANILLA,081,019,24,80,1,bajo
070106063000140,070106,VENTANILLA,063,014,18,60,2,medio bajo
070106064000060,070106,VENTANILLA,064,006,16,58,1,bajo
07010601800043B,070106,VENTANILLA,018,043,5,24,1,bajo
070106064000070,070106,VENTANILLA,064,007,15,66,1,bajo
070106081010130,070106,VENTANILLA,081,013,11,21,1,bajo
07010601800043A,070106,VENTANILLA,018,043,8,33,2,medio bajo
07010601800040D,070106,VENTANILLA,018,040,6,27,1,bajo
070106063000300,070106,VENTANILLA,063,030,9,45,2,medio bajo
07010608101007A,070106,VENTANILLA,081,007,16,60,1,bajo
070106063000130,070106,VENTANILLA,063,013,15,60,2,medio bajo
070106063000310,070106,VENTANILLA,063,031,13,37,2,medio bajo
070106018000080,070106,VENTANILLA,018,008,27,100,3,medio
070106037000110,070106,VENTANILLA,037,011,43,156,4,medio alto
070106063000280,070106,VENTANILLA,063,028,14,51,2,medio bajo
070106064000390,070106,VENTANILLA,064,039,8,32,2,medio bajo
070106037000070,070106,VENTANILLA,037,007,45,169,4,medio alto
070106063000420,070106,VENTANILLA,063,042,9,30,2,medio bajo
070106063000020,070106,VENTANILLA,063,002,13,47,1,bajo
07010601800035C,070106,VENTANILLA,018,035,14,58,1,bajo
070106063000430,070106,VENTANILLA,063,043,15,59,2,medio bajo
070106063000010,070106,VENTANILLA,063,001,21,80,1,bajo
070106063000410,070106,VENTANILLA,063,041,13,48,2,medio bajo
070106063000110,070106,VENTANILLA,063,011,16,42,2,medio bajo
070106018000330,070106,VENTANILLA,018,033,5,19,1,bajo
07010601800037B,070106,VENTANILLA,018,037,8,39,1,bajo
07010601800045C,070106,VENTANILLA,018,045,11,43,2,medio bajo
07010601800067A,070106,VENTANILLA,018,067,17,66,1,bajo
070106018000410,070106,VENTANILLA,018,041,9,26,2,medio bajo
070106063000100,070106,VENTANILLA,063,010,19,75,2,medio bajo
070106018000840,070106,VENTANILLA,018,084,23,102,3,medio
070106018000920,070106,VENTANILLA,018,092,20,87,1,bajo
070106063000030,070106,VENTANILLA,063,003,13,54,2,medio bajo
070106063000040,070106,VENTANILLA,063,004,16,56,2,medio bajo
070106063000080,070106,VENTANILLA,063,008,13,32,2,medio bajo
070106063000340,070106,VENTANILLA,063,034,5,12,2,medio bajo
070106063000200,070106,VENTANILLA,063,020,11,55,2,medio bajo
07010601800047B,070106,VENTANILLA,018,047,12,40,1,bajo
070106018000550,070106,VENTANILLA,018,055,7,35,3,medio
070106064000460,070106,VENTANILLA,064,046,7,31,1,bajo
070106064000470,070106,VENTANILLA,064,047,14,56,1,bajo
070106064000480,070106,VENTANILLA,064,048,11,43,1,bajo
070106063000210,070106,VENTANILLA,063,021,11,38,2,medio bajo
07010601800079E,070106,VENTANILLA,018,079,10,38,1,bajo
070106018000240,070106,VENTANILLA,018,024,17,66,2,medio bajo
070106018000560,070106,VENTANILLA,018,056,4,14,3,medio
070106013000330,070106,VENTANILLA,013,033,4,15,2,medio bajo
070106063000090,070106,VENTANILLA,063,009,21,78,2,medio bajo
070106081010210,070106,VENTANILLA,081,021,20,52,1,bajo
070106081010220,070106,VENTANILLA,081,022,25,76,1,bajo
070106081010250,070106,VENTANILLA,081,025,18,55,1,bajo
070106081010230,070106,VENTANILLA,081,023,12,33,1,bajo
070106018000780,070106,VENTANILLA,018,078,14,62,1,bajo
070106050000200,070106,VENTANILLA,050,020,39,146,5,alto
070106018000250,070106,VENTANILLA,018,025,16,60,2,medio bajo
070106050000300,070106,VENTANILLA,050,030,12,26,5,alto
070106050000460,070106,VENTANILLA,050,046,24,78,5,alto
070106050000260,070106,VENTANILLA,050,026,12,50,5,alto
070106050000140,070106,VENTANILLA,050,014,31,111,5,alto
070106050000060,070106,VENTANILLA,050,006,20,79,5,alto
070106050000130,070106,VENTANILLA,050,013,28,120,5,alto
070106050000070,070106,VENTANILLA,050,007,20,82,5,alto
070106064000450,070106,VENTANILLA,064,045,3,9,1,bajo
070106050000050,070106,VENTANILLA,050,005,25,86,5,alto
070106050000190,070106,VENTANILLA,050,019,20,80,5,alto
070106050000040,070106,VENTANILLA,050,004,10,26,5,alto
070106050000440,070106,VENTANILLA,050,044,20,83,5,alto
070106050000290,070106,VENTANILLA,050,029,14,62,5,alto
070106064000540,070106,VENTANILLA,064,054,14,53,2,medio bajo
070106050000010,070106,VENTANILLA,050,001,19,69,5,alto
070106050000110,070106,VENTANILLA,050,011,26,77,5,alto
07010605000048C,070106,VENTANILLA,050,048,27,75,5,alto
070106050000030,070106,VENTANILLA,050,003,20,78,5,alto
070106050000150,070106,VENTANILLA,050,015,18,53,5,alto
070106050000350,070106,VENTANILLA,050,035,17,61,5,alto
070106050000340,070106,VENTANILLA,050,034,16,56,5,alto
070106063000490,070106,VENTANILLA,063,049,12,47,1,bajo
070106063000500,070106,VENTANILLA,063,050,13,53,1,bajo
070106050000490,070106,VENTANILLA,050,049,24,70,5,alto
070106064000410,070106,VENTANILLA,064,041,12,55,1,bajo
070106050000230,070106,VENTANILLA,050,023,20,92,5,alto
070106050000180,070106,VENTANILLA,050,018,14,50,5,alto
070106064000440,070106,VENTANILLA,064,044,10,29,1,bajo
070106013000290,070106,VENTANILLA,013,029,17,70,2,medio bajo
070106050000330,070106,VENTANILLA,050,033,21,78,5,alto
070106081010290,070106,VENTANILLA,081,029,13,54,1,bajo
070106050000100,070106,VENTANILLA,050,010,12,36,5,alto
070106050000320,070106,VENTANILLA,050,032,24,84,5,alto
07010607800001K,070106,VENTANILLA,078,001,7,23,1,bajo
070106079020510,070106,VENTANILLA,079,051,5,15,1,bajo
070106079020460,070106,VENTANILLA,079,046,5,24,1,bajo
070106081010260,070106,VENTANILLA,081,026,28,100,1,bajo
070106050000160,070106,VENTANILLA,050,016,5,14,5,alto
070106064000400,070106,VENTANILLA,064,040,9,38,2,medio bajo
07010607800001I,070106,VENTANILLA,078,001,6,15,1,bajo
07010607800001L,070106,VENTANILLA,078,001,11,40,1,bajo
070106064000030,070106,VENTANILLA,064,003,11,35,1,bajo
070106081010160,070106,VENTANILLA,081,016,9,28,1,bajo
07010601800041C,070106,VENTANILLA,018,041,9,42,2,medio bajo
070106013000410,070106,VENTANILLA,013,041,12,52,2,medio bajo
070106063000290,070106,VENTANILLA,063,029,11,48,2,medio bajo
070106013000340,070106,VENTANILLA,013,034,8,39,2,medio bajo
070106013000460,070106,VENTANILLA,013,046,16,56,2,medio bajo
07010601800047C,070106,VENTANILLA,018,047,3,13,1,bajo
07010600100044A,070106,VENTANILLA,001,044,1,8,2,medio bajo
070106001000430,070106,VENTANILLA,001,043,24,89,2,medio bajo
070106013000320,070106,VENTANILLA,013,032,11,48,2,medio bajo
070106013000450,070106,VENTANILLA,013,045,15,50,2,medio bajo
070106001000280,070106,VENTANILLA,001,028,23,94,2,medio bajo
070106001000420,070106,VENTANILLA,001,042,27,79,2,medio bajo
070106018000210,070106,VENTANILLA,018,021,6,25,2,medio bajo
070106001000170,070106,VENTANILLA,001,017,15,43,2,medio bajo
070106018000200,070106,VENTANILLA,018,020,14,51,2,medio bajo
070106018000150,070106,VENTANILLA,018,015,4,14,2,medio bajo
07010601800016A,070106,VENTANILLA,018,016,23,96,2,medio bajo
070106018000220,070106,VENTANILLA,018,022,6,31,2,medio bajo
07010601800030A,070106,VENTANILLA,018,030,1,6,1,bajo
07010607800001C,070106,VENTANILLA,078,001,7,12,1,bajo
070106001000070,070106,VENTANILLA,001,007,13,43,2,medio bajo
070106081010200,070106,VENTANILLA,081,020,23,82,1,bajo
070106001000080,070106,VENTANILLA,001,008,12,40,2,medio bajo
070106050000210,070106,VENTANILLA,050,021,20,75,5,alto
070106064000530,070106,VENTANILLA,064,053,16,53,2,medio bajo
070106037000440,070106,VENTANILLA,037,044,2,10,4,medio alto
070106050000430,070106,VENTANILLA,050,043,15,49,5,alto
07010600100060B,070106,VENTANILLA,001,060,21,98,2,medio bajo
070106037000200,070106,VENTANILLA,037,020,19,73,4,medio alto
070106037000340,070106,VENTANILLA,037,034,24,115,4,medio alto
070106037000130,070106,VENTANILLA,037,013,9,20,4,medio alto
07010601800045B,070106,VENTANILLA,018,045,3,13,2,medio bajo
070106037000320,070106,VENTANILLA,037,032,44,164,4,medio alto
07010601800035E,070106,VENTANILLA,018,035,2,8,1,bajo
07010601800040E,070106,VENTANILLA,018,040,5,16,1,bajo
070106037000210,070106,VENTANILLA,037,021,13,49,4,medio alto
070106037000230,070106,VENTANILLA,037,023,12,54,4,medio alto
070106037000150,070106,VENTANILLA,037,015,9,35,4,medio alto
07010600100060A,070106,VENTANILLA,001,060,20,71,2,medio bajo
070106078000120,070106,VENTANILLA,078,012,10,37,2,medio bajo
07010607800002C,070106,VENTANILLA,078,002,8,28,2,medio bajo
07010607800002B,070106,VENTANILLA,078,002,8,31,2,medio bajo
070106050000270,070106,VENTANILLA,050,027,12,44,5,alto
070106078000140,070106,VENTANILLA,078,014,12,28,2,medio bajo
070106078000040,070106,VENTANILLA,078,004,23,64,2,medio bajo
07010606900021A,070106,VENTANILLA,069,021,2,3,1,bajo
070106069000410,070106,VENTANILLA,069,041,27,108,2,medio bajo
070106078000030,070106,VENTANILLA,078,003,16,63,2,medio bajo
070106069000620,070106,VENTANILLA,069,062,19,59,2,medio bajo
070106078000050,070106,VENTANILLA,078,005,16,46,2,medio bajo
070106078000080,070106,VENTANILLA,078,008,12,42,2,medio bajo
070106069000230,070106,VENTANILLA,069,023,6,21,2,medio bajo
070106069000200,070106,VENTANILLA,069,020,8,17,1,bajo
070106069000120,070106,VENTANILLA,069,012,30,87,1,bajo
070106069000550,070106,VENTANILLA,069,055,1,1,2,medio bajo
070106069000210,070106,VENTANILLA,069,021,14,50,1,bajo
070106081010240,070106,VENTANILLA,081,024,11,34,1,bajo
070106069000240,070106,VENTANILLA,069,024,22,69,2,medio bajo
070106063000230,070106,VENTANILLA,063,023,11,35,2,medio bajo
070106013000300,070106,VENTANILLA,013,030,20,72,2,medio bajo
070106081010070,070106,VENTANILLA,081,007,13,46,1,bajo
070106037000180,070106,VENTANILLA,037,018,5,19,4,medio alto
070106055000300,070106,VENTANILLA,055,030,5,30,2,medio bajo
07010607800026J,070106,VENTANILLA,078,026,15,48,1,bajo
070106055000310,070106,VENTANILLA,055,031,1,6,2,medio bajo
070106037000120,070106,VENTANILLA,037,012,35,115,4,medio alto
07010601800079K,070106,VENTANILLA,018,079,10,41,1,bajo
070106078000170,070106,VENTANILLA,078,017,15,54,2,medio bajo
070106037000460,070106,VENTANILLA,037,046,35,139,4,medio alto
070106055000210,070106,VENTANILLA,055,021,10,26,2,medio bajo
070106055000030,070106,VENTANILLA,055,003,8,35,2,medio bajo
070106055000380,070106,VENTANILLA,055,038,7,31,2,medio bajo
070106055000140,070106,VENTANILLA,055,014,12,36,2,medio bajo
070106078000150,070106,VENTANILLA,078,015,15,62,2,medio bajo
07010601800079H,070106,VENTANILLA,018,079,6,22,1,bajo
070106055000040,070106,VENTANILLA,055,004,4,12,2,medio bajo
07010605500013A,070106,VENTANILLA,055,013,18,58,2,medio bajo
07010605500002A,070106,VENTANILLA,055,002,13,56,2,medio bajo
07010605500027D,070106,VENTANILLA,055,027,7,37,2,medio bajo
07010605500005C,070106,VENTANILLA,055,005,1,8,2,medio bajo
07010605500007A,070106,VENTANILLA,055,007,8,26,2,medio bajo
07010605500025A,070106,VENTANILLA,055,025,7,24,2,medio bajo
07010605500016A,070106,VENTANILLA,055,016,10,32,2,medio bajo
070106078000160,070106,VENTANILLA,078,016,18,49,2,medio bajo
070106055000120,070106,VENTANILLA,055,012,1,9,2,medio bajo
070106050000080,070106,VENTANILLA,050,008,30,110,5,alto
07010605500033B,070106,VENTANILLA,055,033,17,53,2,medio bajo
070106055000190,070106,VENTANILLA,055,019,9,29,2,medio bajo
070106055000240,070106,VENTANILLA,055,024,5,18,2,medio bajo
070106078000210,070106,VENTANILLA,078,021,21,72,2,medio bajo
07010605500016B,070106,VENTANILLA,055,016,11,40,2,medio bajo
07010605500002B,070106,VENTANILLA,055,002,4,11,2,medio bajo
07010605500005A,070106,VENTANILLA,055,005,7,10,2,medio bajo
070106018000850,070106,VENTANILLA,018,085,18,79,3,medio
070106055000230,070106,VENTANILLA,055,023,8,28,2,medio bajo
070106001000160,070106,VENTANILLA,001,016,24,95,2,medio bajo
070106078000220,070106,VENTANILLA,078,022,13,54,1,bajo
070106078000240,070106,VENTANILLA,078,024,8,32,2,medio bajo
070106078000280,070106,VENTANILLA,078,028,19,59,1,bajo
07010607800026E,070106,VENTANILLA,078,026,16,45,1,bajo
07010607800026D,070106,VENTANILLA,078,026,6,22,1,bajo
07010607800023B,070106,VENTANILLA,078,023,11,51,1,bajo
07010607800026L,070106,VENTANILLA,078,026,20,61,1,bajo
07010607800026H,070106,VENTANILLA,078,026,19,61,1,bajo
070106078000230,070106,VENTANILLA,078,023,14,55,1,bajo
07010607800026K,070106,VENTANILLA,078,026,20,67,1,bajo
070106078000270,070106,VENTANILLA,078,027,13,47,1,bajo
070106078000300,070106,VENTANILLA,078,030,18,64,1,bajo
07010607800026F,070106,VENTANILLA,078,026,14,52,1,bajo
070106078000340,070106,VENTANILLA,078,034,18,78,1,bajo
070106078000310,070106,VENTANILLA,078,031,21,70,1,bajo
07010605500009B,070106,VENTANILLA,055,009,6,17,2,medio bajo
07010607800026G,070106,VENTANILLA,078,026,11,54,1,bajo
070106078000290,070106,VENTANILLA,078,029,17,64,1,bajo
070106078000330,070106,VENTANILLA,078,033,17,67,1,bajo
070106078000350,070106,VENTANILLA,078,035,11,32,1,bajo
07010607800026A,070106,VENTANILLA,078,026,25,97,1,bajo
070106078000320,070106,VENTANILLA,078,032,14,40,1,bajo
070106078000390,070106,VENTANILLA,078,039,25,93,2,medio bajo
07010607800001R,070106,VENTANILLA,078,001,12,46,1,bajo
070106013000490,070106,VENTANILLA,013,049,23,90,2,medio bajo
070106013000350,070106,VENTANILLA,013,035,7,27,2,medio bajo
07010601300021B,070106,VENTANILLA,013,021,10,41,2,medio bajo
070106052000010,070106,VENTANILLA,052,001,16,69,4,medio alto
070106013000390,070106,VENTANILLA,013,039,21,76,2,medio bajo
070106052000550,070106,VENTANILLA,052,055,36,136,4,medio alto
07010607800002A,070106,VENTANILLA,078,002,9,24,2,medio bajo
07010601800078C,070106,VENTANILLA,018,078,6,26,1,bajo
070106078000130,070106,VENTANILLA,078,013,9,39,2,medio bajo
070106037000010,070106,VENTANILLA,037,001,1,3,4,medio alto
070106037000060,070106,VENTANILLA,037,006,64,217,4,medio alto
070106037000280,070106,VENTANILLA,037,028,22,76,4,medio alto
070106055000320,070106,VENTANILLA,055,032,8,36,2,medio bajo
070106037000140,070106,VENTANILLA,037,014,7,34,4,medio alto
070106055000490,070106,VENTANILLA,055,049,5,20,2,medio bajo
070106037000190,070106,VENTANILLA,037,019,5,23,4,medio alto
070106037000380,070106,VENTANILLA,037,038,57,202,4,medio alto
070106037000080,070106,VENTANILLA,037,008,23,72,4,medio alto
07010605500027A,070106,VENTANILLA,055,027,5,11,2,medio bajo
070106055000340,070106,VENTANILLA,055,034,10,37,2,medio bajo
07010605500036B,070106,VENTANILLA,055,036,6,22,2,medio bajo
070106037000430,070106,VENTANILLA,037,043,60,217,4,medio alto
070106055000500,070106,VENTANILLA,055,050,11,35,2,medio bajo
070106069000010,070106,VENTANILLA,069,001,11,18,2,medio bajo
070106037000170,070106,VENTANILLA,037,017,6,17,4,medio alto
070106052000030,070106,VENTANILLA,052,003,10,42,4,medio alto
07010605200009A,070106,VENTANILLA,052,009,1,3,4,medio alto
070106078000090,070106,VENTANILLA,078,009,18,64,2,medio bajo
07010605500025C,070106,VENTANILLA,055,025,4,20,2,medio bajo
070106078000110,070106,VENTANILLA,078,011,13,57,2,medio bajo
070106078000370,070106,VENTANILLA,078,037,20,80,2,medio bajo
070106052000380,070106,VENTANILLA,052,038,23,85,4,medio alto
070106052000210,070106,VENTANILLA,052,021,13,44,4,medio alto
070106055000350,070106,VENTANILLA,055,035,9,42,2,medio bajo
070106052000340,070106,VENTANILLA,052,034,16,63,4,medio alto
07010605200018B,070106,VENTANILLA,052,018,21,90,4,medio alto
070106078000400,070106,VENTANILLA,078,040,11,34,2,medio bajo
070106078000360,070106,VENTANILLA,078,036,17,64,2,medio bajo
070106052000320,070106,VENTANILLA,052,032,7,25,4,medio alto
070106052000100,070106,VENTANILLA,052,010,21,88,4,medio alto
070106052000310,070106,VENTANILLA,052,031,4,11,4,medio alto
070106078000430,070106,VENTANILLA,078,043,12,42,2,medio bajo
07010605500011B,070106,VENTANILLA,055,011,9,38,2,medio bajo
070106052000140,070106,VENTANILLA,052,014,12,44,4,medio alto
070106078000410,070106,VENTANILLA,078,041,12,38,2,medio bajo
070106078000420,070106,VENTANILLA,078,042,13,55,2,medio bajo
07010607800026I,070106,VENTANILLA,078,026,10,34,1,bajo
07010607800048A,070106,VENTANILLA,078,048,12,33,1,bajo
070106078000500,070106,VENTANILLA,078,050,6,13,2,medio bajo
070106013000430,070106,VENTANILLA,013,043,18,63,2,medio bajo
070106079010070,070106,VENTANILLA,079,007,22,81,2,medio bajo
070106079010050,070106,VENTANILLA,079,005,18,68,2,medio bajo
070106069000070,070106,VENTANILLA,069,007,18,76,1,bajo
070106079010020,070106,VENTANILLA,079,002,17,51,3,medio
070106079010080,070106,VENTANILLA,079,008,27,75,2,medio bajo
070106079010030,070106,VENTANILLA,079,003,8,26,2,medio bajo
070106078000200,070106,VENTANILLA,078,020,16,49,2,medio bajo
070106069000060,070106,VENTANILLA,069,006,12,37,1,bajo
070106055000110,070106,VENTANILLA,055,011,2,4,2,medio bajo
070106037000550,070106,VENTANILLA,037,055,8,27,4,medio alto
070106013000440,070106,VENTANILLA,013,044,16,58,2,medio bajo
070106079010040,070106,VENTANILLA,079,004,14,49,2,medio bajo
070106069000110,070106,VENTANILLA,069,011,30,111,1,bajo
070106079010060,070106,VENTANILLA,079,006,18,64,2,medio bajo
070106079010090,070106,VENTANILLA,079,009,28,92,2,medio bajo
070106069000090,070106,VENTANILLA,069,009,46,163,1,bajo
070106069000250,070106,VENTANILLA,069,025,17,60,2,medio bajo
070106078000470,070106,VENTANILLA,078,047,8,27,2,medio bajo
070106069000080,070106,VENTANILLA,069,008,13,50,1,bajo
070106037000450,070106,VENTANILLA,037,045,20,85,4,medio alto
070106029010350,070106,VENTANILLA,029,035,12,41,2,medio bajo
070106079010110,070106,VENTANILLA,079,011,18,61,2,medio bajo
07010607901015B,070106,VENTANILLA,079,015,15,60,2,medio bajo
070106079010300,070106,VENTANILLA,079,030,3,14,1,bajo
070106079010340,070106,VENTANILLA,079,034,2,8,1,bajo
070106079010350,070106,VENTANILLA,079,035,20,101,1,bajo
070106079010310,070106,VENTANILLA,079,031,9,30,1,bajo
070106079010360,070106,VENTANILLA,079,036,10,35,1,bajo
070106079010140,070106,VENTANILLA,079,014,12,42,2,medio bajo
070106079010160,070106,VENTANILLA,079,016,14,44,1,bajo
070106079010170,070106,VENTANILLA,079,017,8,24,1,bajo
07010605500025B,070106,VENTANILLA,055,025,3,11,2,medio bajo
070106069000030,070106,VENTANILLA,069,003,23,85,2,medio bajo
07010605200004A,070106,VENTANILLA,052,004,40,162,4,medio alto
070106055000480,070106,VENTANILLA,055,048,3,8,2,medio bajo
070106078000380,070106,VENTANILLA,078,038,19,75,2,medio bajo
07010607800044A,070106,VENTANILLA,078,044,35,128,2,medio bajo
070106079010200,070106,VENTANILLA,079,020,18,54,1,bajo
070106069000050,070106,VENTANILLA,069,005,23,96,2,medio bajo
070106079010220,070106,VENTANILLA,079,022,32,113,1,bajo
070106079010260,070106,VENTANILLA,079,026,22,80,1,bajo
070106029010470,070106,VENTANILLA,029,047,26,82,2,medio bajo
070106079010390,070106,VENTANILLA,079,039,32,116,1,bajo
070106079010450,070106,VENTANILLA,079,045,18,58,1,bajo
070106079010330,070106,VENTANILLA,079,033,12,46,1,bajo
070106079010190,070106,VENTANILLA,079,019,5,23,1,bajo
070106079010210,070106,VENTANILLA,079,021,14,43,1,bajo
070106079010420,070106,VENTANILLA,079,042,22,80,1,bajo
070106079010270,070106,VENTANILLA,079,027,15,43,1,bajo
070106079010230,070106,VENTANILLA,079,023,27,96,1,bajo
070106079010280,070106,VENTANILLA,079,028,30,138,1,bajo
070106079010240,070106,VENTANILLA,079,024,14,59,1,bajo
070106079010290,070106,VENTANILLA,079,029,4,18,1,bajo
07010602901032C,070106,VENTANILLA,029,032,11,42,2,medio bajo
070106079010460,070106,VENTANILLA,079,046,42,163,1,bajo
070106079010380,070106,VENTANILLA,079,038,12,40,1,bajo
070106079010370,070106,VENTANILLA,079,037,22,80,1,bajo
07010602901052C,070106,VENTANILLA,029,052,31,121,2,medio bajo
070106029010360,070106,VENTANILLA,029,036,26,102,2,medio bajo
070106079010480,070106,VENTANILLA,079,048,45,153,1,bajo
070106079010550,070106,VENTANILLA,079,055,33,111,1,bajo
070106079020010,070106,VENTANILLA,079,001,9,44,2,medio bajo
070106079020050,070106,VENTANILLA,079,005,20,64,2,medio bajo
070106079020110,070106,VENTANILLA,079,011,9,28,2,medio bajo
070106079010410,070106,VENTANILLA,079,041,17,72,1,bajo
070106079020060,070106,VENTANILLA,079,006,10,40,2,medio bajo
070106079020040,070106,VENTANILLA,079,004,23,89,2,medio bajo
070106079010640,070106,VENTANILLA,079,064,33,134,1,bajo
07010607901052A,070106,VENTANILLA,079,052,21,68,1,bajo
070106052000230,070106,VENTANILLA,052,023,34,139,4,medio alto
07010607901053A,070106,VENTANILLA,079,053,22,74,1,bajo
070106079010440,070106,VENTANILLA,079,044,1,1,1,bajo
070106079020030,070106,VENTANILLA,079,003,17,59,2,medio bajo
070106079010570,070106,VENTANILLA,079,057,6,28,1,bajo
070106079020020,070106,VENTANILLA,079,002,19,71,2,medio bajo
070106037000370,070106,VENTANILLA,037,037,27,97,4,medio alto
070106079020070,070106,VENTANILLA,079,007,11,41,2,medio bajo
070106052000240,070106,VENTANILLA,052,024,40,171,4,medio alto
070106052000150,070106,VENTANILLA,052,015,16,55,4,medio alto
070106052000220,070106,VENTANILLA,052,022,22,72,4,medio alto
070106052000020,070106,VENTANILLA,052,002,31,113,4,medio alto
070106079010100,070106,VENTANILLA,079,010,15,48,2,medio bajo
070106069000280,070106,VENTANILLA,069,028,40,140,2,medio bajo
070106069000100,070106,VENTANILLA,069,010,27,86,1,bajo
070106079010120,070106,VENTANILLA,079,012,9,38,2,medio bajo
070106069000400,070106,VENTANILLA,069,040,22,90,2,medio bajo
070106069000600,070106,VENTANILLA,069,060,10,29,2,medio bajo
070106069000370,070106,VENTANILLA,069,037,22,85,2,medio bajo
070106079010180,070106,VENTANILLA,079,018,6,30,1,bajo
070106079010320,070106,VENTANILLA,079,032,14,68,1,bajo
070106069000130,070106,VENTANILLA,069,013,44,147,1,bajo
07010602901032A,070106,VENTANILLA,029,032,8,25,2,medio bajo
070106069000150,070106,VENTANILLA,069,015,28,96,1,bajo
070106069000570,070106,VENTANILLA,069,057,7,21,2,medio bajo
070106069000630,070106,VENTANILLA,069,063,18,56,2,medio bajo
070106069000590,070106,VENTANILLA,069,059,9,28,2,medio bajo
070106029010450,070106,VENTANILLA,029,045,5,18,2,medio bajo
070106069000450,070106,VENTANILLA,069,045,13,43,2,medio bajo
070106069000390,070106,VENTANILLA,069,039,31,103,2,medio bajo
070106069000420,070106,VENTANILLA,069,042,21,74,2,medio bajo
070106069000470,070106,VENTANILLA,069,047,19,66,2,medio bajo
070106069000430,070106,VENTANILLA,069,043,11,25,2,medio bajo
070106069000190,070106,VENTANILLA,069,019,7,33,1,bajo
070106069000610,070106,VENTANILLA,069,061,28,91,2,medio bajo
07010602901057C,070106,VENTANILLA,029,057,18,63,2,medio bajo
07010602901021D,070106,VENTANILLA,029,021,7,26,2,medio bajo
07010602901057D,070106,VENTANILLA,029,057,6,25,2,medio bajo
07010602901007C,070106,VENTANILLA,029,007,40,166,1,bajo
07010602901057B,070106,VENTANILLA,029,057,12,38,2,medio bajo
07010602901004B,070106,VENTANILLA,029,004,47,178,2,medio bajo
07010602901016A,070106,VENTANILLA,029,016,25,76,2,medio bajo
07010602901024B,070106,VENTANILLA,029,024,9,30,2,medio bajo
07010602901001H,070106,VENTANILLA,029,001,11,42,2,medio bajo
07010602901001C,070106,VENTANILLA,029,001,8,23,2,medio bajo
070106079010250,070106,VENTANILLA,079,025,16,57,1,bajo
070106079020090,070106,VENTANILLA,079,009,20,77,2,medio bajo
070106079020130,070106,VENTANILLA,079,013,19,71,2,medio bajo
070106079020140,070106,VENTANILLA,079,014,20,80,3,medio
070106079020120,070106,VENTANILLA,079,012,16,59,2,medio bajo
070106079020220,070106,VENTANILLA,079,022,9,37,1,bajo
070106079020150,070106,VENTANILLA,079,015,15,56,3,medio
070106029010500,070106,VENTANILLA,029,050,17,74,2,medio bajo
070106079020170,070106,VENTANILLA,079,017,9,35,3,medio
070106079020190,070106,VENTANILLA,079,019,8,30,3,medio
070106079020200,070106,VENTANILLA,079,020,5,23,1,bajo
070106079010400,070106,VENTANILLA,079,040,29,117,1,bajo
070106052000270,070106,VENTANILLA,052,027,6,17,4,medio alto
070106052000510,070106,VENTANILLA,052,051,18,68,4,medio alto
070106052000250,070106,VENTANILLA,052,025,14,75,4,medio alto
070106052000370,070106,VENTANILLA,052,037,31,121,4,medio alto
070106052000410,070106,VENTANILLA,052,041,30,115,4,medio alto
070106052000260,070106,VENTANILLA,052,026,13,52,4,medio alto
070106052000120,070106,VENTANILLA,052,012,16,61,4,medio alto
070106052000440,070106,VENTANILLA,052,044,23,84,4,medio alto
070106052000460,070106,VENTANILLA,052,046,27,105,4,medio alto
070106052000330,070106,VENTANILLA,052,033,13,53,4,medio alto
070106079020230,070106,VENTANILLA,079,023,8,34,1,bajo
070106052000160,070106,VENTANILLA,052,016,18,77,4,medio alto
070106069000260,070106,VENTANILLA,069,026,10,40,2,medio bajo
070106029010170,070106,VENTANILLA,029,017,33,136,2,medio bajo
070106029010110,070106,VENTANILLA,029,011,32,117,2,medio bajo
070106069000350,070106,VENTANILLA,069,035,20,70,2,medio bajo
07010607902011C,070106,VENTANILLA,079,011,19,71,2,medio bajo
070106029010250,070106,VENTANILLA,029,025,19,64,2,medio bajo
07010602901026C,070106,VENTANILLA,029,026,53,204,2,medio bajo
07010602901001F,070106,VENTANILLA,029,001,11,41,2,medio bajo
070106052000430,070106,VENTANILLA,052,043,12,48,4,medio alto
070106052000520,070106,VENTANILLA,052,052,20,69,4,medio alto
070106029010190,070106,VENTANILLA,029,019,3,12,2,medio bajo
070106006000400,070106,VENTANILLA,006,040,19,73,2,medio bajo
070106029010180,070106,VENTANILLA,029,018,5,19,2,medio bajo
070106006000440,070106,VENTANILLA,006,044,18,73,2,medio bajo
070106052000490,070106,VENTANILLA,052,049,12,55,4,medio alto
070106052000390,070106,VENTANILLA,052,039,18,75,4,medio alto
070106052000350,070106,VENTANILLA,052,035,15,51,4,medio alto
070106006000480,070106,VENTANILLA,006,048,19,82,2,medio bajo
070106006000410,070106,VENTANILLA,006,041,21,95,2,medio bajo
070106006000470,070106,VENTANILLA,006,047,27,86,2,medio bajo
070106052000400,070106,VENTANILLA,052,040,20,70,4,medio alto
07010600600006D,070106,VENTANILLA,006,006,5,10,2,medio bajo
070106069000270,070106,VENTANILLA,069,027,13,43,2,medio bajo
070106069000310,070106,VENTANILLA,069,031,5,13,2,medio bajo
070106052000360,070106,VENTANILLA,052,036,23,91,4,medio alto
070106006000210,070106,VENTANILLA,006,021,22,77,2,medio bajo
070106069000160,070106,VENTANILLA,069,016,37,117,1,bajo
07010602901033D,070106,VENTANILLA,029,033,18,48,2,medio bajo
070106006000180,070106,VENTANILLA,006,018,18,79,2,medio bajo
070106069000290,070106,VENTANILLA,069,029,19,74,2,medio bajo
070106006000450,070106,VENTANILLA,006,045,22,95,2,medio bajo
070106006000490,070106,VENTANILLA,006,049,20,65,2,medio bajo
07010600600006C,070106,VENTANILLA,006,006,7,25,2,medio bajo
07010602901034I,070106,VENTANILLA,029,034,17,73,2,medio bajo
070106006000460,070106,VENTANILLA,006,046,21,71,2,medio bajo
070106069000300,070106,VENTANILLA,069,030,20,60,2,medio bajo
07010602901034H,070106,VENTANILLA,029,034,17,73,2,medio bajo
070106006000430,070106,VENTANILLA,006,043,20,88,2,medio bajo
070106069000040,070106,VENTANILLA,069,004,31,126,1,bajo
070106006000390,070106,VENTANILLA,006,039,25,110,2,medio bajo
070106069000020,070106,VENTANILLA,069,002,16,54,2,medio bajo
070106029010510,070106,VENTANILLA,029,051,35,142,2,medio bajo
070106069000460,070106,VENTANILLA,069,046,7,21,2,medio bajo
07010602901032E,070106,VENTANILLA,029,032,40,144,2,medio bajo
07010602901021C,070106,VENTANILLA,029,021,3,14,2,medio bajo
070106079020080,070106,VENTANILLA,079,008,12,47,2,medio bajo
070106079020160,070106,VENTANILLA,079,016,18,70,3,medio
07010602901054A,070106,VENTANILLA,029,054,22,82,2,medio bajo
07010602901009A,070106,VENTANILLA,029,009,36,137,2,medio bajo
07010602901014A,070106,VENTANILLA,029,014,31,137,2,medio bajo
07010602901049A,070106,VENTANILLA,029,049,3,6,2,medio bajo
070106029010120,070106,VENTANILLA,029,012,15,55,2,medio bajo
070106029010560,070106,VENTANILLA,029,056,16,45,2,medio bajo
07010602901003G,070106,VENTANILLA,029,003,33,131,2,medio bajo
070106029010340,070106,VENTANILLA,029,034,13,49,2,medio bajo
070106029010130,070106,VENTANILLA,029,013,14,63,2,medio bajo
070106029010410,070106,VENTANILLA,029,041,23,107,2,medio bajo
070106029010460,070106,VENTANILLA,029,046,33,114,2,medio bajo
070106029010530,070106,VENTANILLA,029,053,24,82,2,medio bajo
070106029010430,070106,VENTANILLA,029,043,6,21,2,medio bajo
070106079020260,070106,VENTANILLA,079,026,6,28,1,bajo
070106079020280,070106,VENTANILLA,079,028,6,33,1,bajo
07010607902035A,070106,VENTANILLA,079,035,14,56,1,bajo
070106079020310,070106,VENTANILLA,079,031,9,31,1,bajo
070106079020300,070106,VENTANILLA,079,030,19,89,1,bajo
070106079020250,070106,VENTANILLA,079,025,12,51,1,bajo
070106079020340,070106,VENTANILLA,079,034,20,95,1,bajo
07010607902038A,070106,VENTANILLA,079,038,16,78,1,bajo
07010602901052A,070106,VENTANILLA,029,052,15,75,2,medio bajo
070106079020290,070106,VENTANILLA,079,029,20,80,1,bajo
070106079020330,070106,VENTANILLA,079,033,19,69,1,bajo
07010602901052B,070106,VENTANILLA,029,052,17,57,2,medio bajo
070106079020370,070106,VENTANILLA,079,037,21,83,1,bajo
070106079020270,070106,VENTANILLA,079,027,4,26,1,bajo
070106079020320,070106,VENTANILLA,079,032,9,50,1,bajo
070106052000200,070106,VENTANILLA,052,020,5,16,4,medio alto
070106079020210,070106,VENTANILLA,079,021,19,61,1,bajo
07010602901001I,070106,VENTANILLA,029,001,10,35,2,medio bajo
070106079020470,070106,VENTANILLA,079,047,20,76,1,bajo
070106079010470,070106,VENTANILLA,079,047,44,169,1,bajo
070106052000480,070106,VENTANILLA,052,048,14,39,4,medio alto
070106029010600,070106,VENTANILLA,029,060,20,65,1,bajo
070106029010630,070106,VENTANILLA,029,063,13,44,1,bajo
070106039030260,070106,VENTANILLA,039,026,1,1,2,medio bajo
07010602901003H,070106,VENTANILLA,029,003,30,118,2,medio bajo
070106039030020,070106,VENTANILLA,039,002,50,184,2,medio bajo
07010602901021B,070106,VENTANILLA,029,021,5,16,2,medio bajo
07010602901037A,070106,VENTANILLA,029,037,10,53,2,medio bajo
07010602901061A,070106,VENTANILLA,029,061,7,22,2,medio bajo
07010602901032D,070106,VENTANILLA,029,032,14,56,2,medio bajo
070106039030240,070106,VENTANILLA,039,024,30,105,2,medio bajo
070106006000500,070106,VENTANILLA,006,050,27,106,2,medio bajo
07010602901001G,070106,VENTANILLA,029,001,12,50,2,medio bajo
070106039030120,070106,VENTANILLA,039,012,49,178,2,medio bajo
070106069000170,070106,VENTANILLA,069,017,29,96,1,bajo
070106006000420,070106,VENTANILLA,006,042,18,71,2,medio bajo
070106029010200,070106,VENTANILLA,029,020,4,6,2,medio bajo
070106039030250,070106,VENTANILLA,039,025,32,111,2,medio bajo
070106079020530,070106,VENTANILLA,079,053,15,63,1,bajo
070106079020570,070106,VENTANILLA,079,057,21,85,1,bajo
070106079020560,070106,VENTANILLA,079,056,22,79,1,bajo
070106079020440,070106,VENTANILLA,079,044,32,112,2,medio bajo
070106039030180,070106,VENTANILLA,039,018,38,146,2,medio bajo
070106079020480,070106,VENTANILLA,079,048,23,93,1,bajo
070106079020390,070106,VENTANILLA,079,039,16,61,2,medio bajo
070106039030230,070106,VENTANILLA,039,023,16,49,2,medio bajo
07010607902041A,070106,VENTANILLA,079,041,19,67,2,medio bajo
070106079020430,070106,VENTANILLA,079,043,15,63,2,medio bajo
070106079020490,070106,VENTANILLA,079,049,20,71,1,bajo
07010607902055A,070106,VENTANILLA,079,055,8,30,1,bajo
070106079020400,070106,VENTANILLA,079,040,20,80,2,medio bajo
070106079020410,070106,VENTANILLA,079,041,19,89,2,medio bajo
070106078000060,070106,VENTANILLA,078,006,17,51,2,medio bajo
07010602901057A,070106,VENTANILLA,029,057,29,115,2,medio bajo
070106029010020,070106,VENTANILLA,029,002,17,51,2,medio bajo
070106079020240,070106,VENTANILLA,079,024,21,94,1,bajo
070106006000080,070106,VENTANILLA,006,008,10,42,2,medio bajo
070106039030070,070106,VENTANILLA,039,007,42,145,1,bajo
070106006000110,070106,VENTANILLA,006,011,10,34,2,medio bajo
070106006000170,070106,VENTANILLA,006,017,19,76,2,medio bajo
070106006000220,070106,VENTANILLA,006,022,18,70,2,medio bajo
070106039030060,070106,VENTANILLA,039,006,46,177,2,medio bajo
070106039030210,070106,VENTANILLA,039,021,32,131,2,medio bajo
070106006000260,070106,VENTANILLA,006,026,26,86,2,medio bajo
070106006000140,070106,VENTANILLA,006,014,25,105,2,medio bajo
070106006000370,070106,VENTANILLA,006,037,8,23,2,medio bajo
07010600600006B,070106,VENTANILLA,006,006,4,15,2,medio bajo
070106039030050,070106,VENTANILLA,039,005,41,152,2,medio bajo
070106006000230,070106,VENTANILLA,006,023,26,105,2,medio bajo
070106006000240,070106,VENTANILLA,006,024,26,94,2,medio bajo
070106006000280,070106,VENTANILLA,006,028,18,77,2,medio bajo
070106006000130,070106,VENTANILLA,006,013,22,84,2,medio bajo
070106006000310,070106,VENTANILLA,006,031,16,73,2,medio bajo
07010603903004B,070106,VENTANILLA,039,004,39,144,2,medio bajo
070106039030090,070106,VENTANILLA,039,009,26,112,2,medio bajo
070106006000160,070106,VENTANILLA,006,016,15,52,2,medio bajo
070106006000120,070106,VENTANILLA,006,012,18,80,2,medio bajo
070106039030220,070106,VENTANILLA,039,022,20,62,2,medio bajo
070106039030150,070106,VENTANILLA,039,015,24,85,2,medio bajo
070106006000300,070106,VENTANILLA,006,030,25,96,2,medio bajo
070106039030160,070106,VENTANILLA,039,016,22,81,2,medio bajo
070106006000270,070106,VENTANILLA,006,027,26,131,2,medio bajo
070106006000360,070106,VENTANILLA,006,036,18,82,2,medio bajo
070106039030030,070106,VENTANILLA,039,003,37,133,2,medio bajo
070106006000320,070106,VENTANILLA,006,032,24,97,2,medio bajo
070106039030100,070106,VENTANILLA,039,010,25,108,2,medio bajo
070106039030080,070106,VENTANILLA,039,008,42,158,2,medio bajo
070106006000350,070106,VENTANILLA,006,035,20,103,2,medio bajo
070106006000330,070106,VENTANILLA,006,033,8,24,2,medio bajo
07010603903001A,070106,VENTANILLA,039,001,21,74,2,medio bajo
070106039030140,070106,VENTANILLA,039,014,36,128,2,medio bajo
07010603903019A,070106,VENTANILLA,039,019,17,60,2,medio bajo
07010602901049B,070106,VENTANILLA,029,049,1,2,2,medio bajo
07010607902045D,070106,VENTANILLA,079,045,19,75,1,bajo
07010602901039A,070106,VENTANILLA,029,039,20,86,2,medio bajo
070106078000180,070106,VENTANILLA,078,018,20,84,2,medio bajo
07010607901049C,070106,VENTANILLA,079,049,13,47,1,bajo
07010607902052B,070106,VENTANILLA,079,052,8,36,1,bajo
07010607902057A,070106,VENTANILLA,079,057,6,23,1,bajo
07010607902052C,070106,VENTANILLA,079,052,8,23,1,bajo
07010607902052E,070106,VENTANILLA,079,052,9,30,1,bajo
070106061000310,070106,VENTANILLA,061,031,19,60,1,bajo
070106061000450,070106,VENTANILLA,061,045,12,41,1,bajo
070106061000160,070106,VENTANILLA,061,016,17,57,1,bajo
07010607902052A,070106,VENTANILLA,079,052,6,20,1,bajo
070106062000130,070106,VENTANILLA,062,013,20,82,1,bajo
07010607902038B,070106,VENTANILLA,079,038,5,16,1,bajo
070106062000120,070106,VENTANILLA,062,012,16,66,1,bajo
070106061000100,070106,VENTANILLA,061,010,10,30,1,bajo
070106061000110,070106,VENTANILLA,061,011,10,29,1,bajo
07010600600006E,070106,VENTANILLA,006,006,7,21,2,medio bajo
070106006000190,070106,VENTANILLA,006,019,7,24,2,medio bajo
07010600600006F,070106,VENTANILLA,006,006,13,44,2,medio bajo
07010600600006H,070106,VENTANILLA,006,006,11,43,2,medio bajo
07010600600006I,070106,VENTANILLA,006,006,11,41,2,medio bajo
070106061000300,070106,VENTANILLA,061,030,13,48,1,bajo
07010600600006G,070106,VENTANILLA,006,006,9,23,2,medio bajo
070106061000090,070106,VENTANILLA,061,009,8,38,1,bajo
07010606200002A,070106,VENTANILLA,062,002,11,31,1,bajo
07010600600006J,070106,VENTANILLA,006,006,18,48,1,bajo
070106039030190,070106,VENTANILLA,039,019,28,102,2,medio bajo
070106034000010,070106,VENTANILLA,034,001,18,70,3,medio
07010603400032B,070106,VENTANILLA,034,032,7,28,3,medio
070106034000250,070106,VENTANILLA,034,025,15,49,3,medio
070106034000030,070106,VENTANILLA,034,003,29,101,3,medio
070106034000270,070106,VENTANILLA,034,027,12,59,3,medio
070106006000150,070106,VENTANILLA,006,015,22,101,2,medio bajo
070106034000050,070106,VENTANILLA,034,005,22,107,3,medio
070106034000370,070106,VENTANILLA,034,037,6,24,3,medio
070106034000280,070106,VENTANILLA,034,028,2,10,3,medio
070106034000060,070106,VENTANILLA,034,006,50,239,3,medio
070106034000340,070106,VENTANILLA,034,034,26,113,3,medio
070106034000040,070106,VENTANILLA,034,004,40,171,3,medio
070106034000070,070106,VENTANILLA,034,007,44,213,3,medio
070106034000240,070106,VENTANILLA,034,024,39,169,3,medio
07010603400035A,070106,VENTANILLA,034,035,10,32,3,medio
070106034000220,070106,VENTANILLA,034,022,55,228,3,medio
070106034000380,070106,VENTANILLA,034,038,6,24,3,medio
070106034000210,070106,VENTANILLA,034,021,29,160,3,medio
070106034000330,070106,VENTANILLA,034,033,24,73,3,medio
070106034000360,070106,VENTANILLA,034,036,14,59,3,medio
070106079020500,070106,VENTANILLA,079,050,20,84,1,bajo
07010601100013A,070106,VENTANILLA,011,013,13,49,1,bajo
07010601100012A,070106,VENTANILLA,011,012,14,63,1,bajo
07010601100012B,070106,VENTANILLA,011,012,7,24,1,bajo
07010601100013B,070106,VENTANILLA,011,013,7,34,1,bajo
070106039030170,070106,VENTANILLA,039,017,36,155,2,medio bajo
070106079020420,070106,VENTANILLA,079,042,16,49,2,medio bajo
070106079020540,070106,VENTANILLA,079,054,20,82,1,bajo
07010606200005B,070106,VENTANILLA,062,005,6,24,1,bajo
070106069000320,070106,VENTANILLA,069,032,13,52,2,medio bajo
070106069000580,070106,VENTANILLA,069,058,2,7,2,medio bajo
070106069000330,070106,VENTANILLA,069,033,23,73,2,medio bajo
070106069000510,070106,VENTANILLA,069,051,6,17,2,medio bajo
07010606200003B,070106,VENTANILLA,062,003,6,21,1,bajo
070106069000180,070106,VENTANILLA,069,018,21,77,1,bajo
070106069000140,070106,VENTANILLA,069,014,28,85,1,bajo
070106069000340,070106,VENTANILLA,069,034,20,77,2,medio bajo
070106069000500,070106,VENTANILLA,069,050,18,76,2,medio bajo
070106069000490,070106,VENTANILLA,069,049,10,26,2,medio bajo
070106069000480,070106,VENTANILLA,069,048,10,29,2,medio bajo
070106079020520,070106,VENTANILLA,079,052,8,41,1,bajo
070106077000310,070106,VENTANILLA,077,031,34,136,1,bajo
070106069000440,070106,VENTANILLA,069,044,15,55,2,medio bajo
070106077000470,070106,VENTANILLA,077,047,25,91,2,medio bajo
07010607700020A,070106,VENTANILLA,077,020,33,141,1,bajo
070106077000510,070106,VENTANILLA,077,051,15,77,2,medio bajo
070106077000480,070106,VENTANILLA,077,048,18,68,2,medio bajo
07010607700030D,070106,VENTANILLA,077,030,56,224,1,bajo
070106077000490,070106,VENTANILLA,077,049,15,55,2,medio bajo
07010600600007A,070106,VENTANILLA,006,007,9,47,2,medio bajo
070106078000070,070106,VENTANILLA,078,007,14,56,2,medio bajo
07010601100011A,070106,VENTANILLA,011,011,16,69,1,bajo
07010601100007A,070106,VENTANILLA,011,007,17,66,1,bajo
070106034000180,070106,VENTANILLA,034,018,27,107,3,medio
070106077000130,070106,VENTANILLA,077,013,11,44,1,bajo
07010607700011A,070106,VENTANILLA,077,011,6,25,1,bajo
07010601100009A,070106,VENTANILLA,011,009,16,64,1,bajo
07010601100010A,070106,VENTANILLA,011,010,15,54,1,bajo
07010601100005A,070106,VENTANILLA,011,005,19,84,1,bajo
07010603400009A,070106,VENTANILLA,034,009,9,32,3,medio
07010601100008A,070106,VENTANILLA,011,008,19,82,1,bajo
070106077000190,070106,VENTANILLA,077,019,12,36,2,medio bajo
070106077000170,070106,VENTANILLA,077,017,17,53,1,bajo
070106077000240,070106,VENTANILLA,077,024,30,130,2,medio bajo
070106077000160,070106,VENTANILLA,077,016,28,113,1,bajo
070106077000230,070106,VENTANILLA,077,023,18,60,2,medio bajo
070106034000100,070106,VENTANILLA,034,010,45,183,3,medio
070106077000420,070106,VENTANILLA,077,042,30,115,2,medio bajo
07010607700014A,070106,VENTANILLA,077,014,19,70,1,bajo
070106077000100,070106,VENTANILLA,077,010,16,68,1,bajo
07010601100006A,070106,VENTANILLA,011,006,14,53,1,bajo
070106034000150,070106,VENTANILLA,034,015,7,28,3,medio
07010607700025B,070106,VENTANILLA,077,025,16,57,2,medio bajo
07010607700025A,070106,VENTANILLA,077,025,21,58,2,medio bajo
070106006000290,070106,VENTANILLA,006,029,21,90,2,medio bajo
07010600600006K,070106,VENTANILLA,006,006,19,70,1,bajo
070106034000120,070106,VENTANILLA,034,012,14,47,3,medio
07010601100002A,070106,VENTANILLA,011,002,11,43,1,bajo
070106034000170,070106,VENTANILLA,034,017,11,41,2,medio bajo
070106034000130,070106,VENTANILLA,034,013,2,10,3,medio
070106077000400,070106,VENTANILLA,077,040,8,23,2,medio bajo
070106034000110,070106,VENTANILLA,034,011,17,68,3,medio
070106077000390,070106,VENTANILLA,077,039,38,147,2,medio bajo
070106034000140,070106,VENTANILLA,034,014,10,53,3,medio
07010601100003A,070106,VENTANILLA,011,003,17,73,1,bajo
07010601100003B,070106,VENTANILLA,011,003,11,38,1,bajo
07010601100004B,070106,VENTANILLA,011,004,10,29,1,bajo
07010603400012A,070106,VENTANILLA,034,012,10,33,3,medio
070106034000450,070106,VENTANILLA,034,045,6,18,2,medio bajo
07010601100006B,070106,VENTANILLA,011,006,8,31,1,bajo
07010601100005B,070106,VENTANILLA,011,005,11,34,1,bajo
07010601100001A,070106,VENTANILLA,011,001,16,60,1,bajo
070106011000350,070106,VENTANILLA,011,035,18,71,2,medio bajo
07010603400012B,070106,VENTANILLA,034,012,12,47,3,medio
070106034000470,070106,VENTANILLA,034,047,3,13,2,medio bajo
070106034000430,070106,VENTANILLA,034,043,13,50,3,medio
07010603400046A,070106,VENTANILLA,034,046,6,15,2,medio bajo
070106061000250,070106,VENTANILLA,061,025,11,37,1,bajo
070106062000660,070106,VENTANILLA,062,066,16,60,1,bajo
070106061000400,070106,VENTANILLA,061,040,12,30,1,bajo
07010606200007D,070106,VENTANILLA,062,007,29,124,1,bajo
070106061000140,070106,VENTANILLA,061,014,7,29,1,bajo
070106077000350,070106,VENTANILLA,077,035,18,70,1,bajo
07010606200007E,070106,VENTANILLA,062,007,7,23,1,bajo
070106061000410,070106,VENTANILLA,061,041,20,71,1,bajo
07010606200003A,070106,VENTANILLA,062,003,18,78,1,bajo
070106061000390,070106,VENTANILLA,061,039,10,40,1,bajo
07010606200005C,070106,VENTANILLA,062,005,14,59,1,bajo
070106069000360,070106,VENTANILLA,069,036,18,66,2,medio bajo
07010606100001H,070106,VENTANILLA,061,001,13,56,1,bajo
070106034000410,070106,VENTANILLA,034,041,17,57,2,medio bajo
070106034000500,070106,VENTANILLA,034,050,3,12,2,medio bajo
070106034000400,070106,VENTANILLA,034,040,8,23,3,medio
07010603400049D,070106,VENTANILLA,034,049,17,59,2,medio bajo
07010603400040B,070106,VENTANILLA,034,040,8,29,2,medio bajo
070106034000390,070106,VENTANILLA,034,039,6,24,2,medio bajo
070106034000510,070106,VENTANILLA,034,051,14,54,2,medio bajo
07010603400030C,070106,VENTANILLA,034,030,18,64,3,medio
07010603400047C,070106,VENTANILLA,034,047,3,15,2,medio bajo
07010603400047A,070106,VENTANILLA,034,047,9,33,2,medio bajo
07010601100011B,070106,VENTANILLA,011,011,14,58,1,bajo
07010601100010B,070106,VENTANILLA,011,010,10,35,1,bajo
07010601100004C,070106,VENTANILLA,011,004,8,22,1,bajo
07010601100006C,070106,VENTANILLA,011,006,8,31,1,bajo
070106034000190,070106,VENTANILLA,034,019,36,135,3,medio
07010601100009B,070106,VENTANILLA,011,009,13,52,1,bajo
07010601100053N,070106,VENTANILLA,011,053,10,35,1,bajo
07010601100005C,070106,VENTANILLA,011,005,11,34,1,bajo
07010603400011A,070106,VENTANILLA,034,011,4,13,3,medio
07010601100054A,070106,VENTANILLA,011,054,20,75,1,bajo
07010601100053O,070106,VENTANILLA,011,053,5,18,1,bajo
07010603400007C,070106,VENTANILLA,034,007,3,11,2,medio bajo
07010601100010C,070106,VENTANILLA,011,010,6,15,1,bajo
07010603400006A,070106,VENTANILLA,034,006,8,28,2,medio bajo
07010603400007D,070106,VENTANILLA,034,007,2,7,2,medio bajo
07010603400006B,070106,VENTANILLA,034,006,2,9,2,medio bajo
07010603400006C,070106,VENTANILLA,034,006,5,17,2,medio bajo
070106034000200,070106,VENTANILLA,034,020,32,130,3,medio
070106034000260,070106,VENTANILLA,034,026,21,86,3,medio
070106034000350,070106,VENTANILLA,034,035,21,82,3,medio
07010603400009B,070106,VENTANILLA,034,009,5,25,3,medio
070106034000160,070106,VENTANILLA,034,016,10,38,3,medio
07010607700032A,070106,VENTANILLA,077,032,27,115,1,bajo
070106077000290,070106,VENTANILLA,077,029,11,15,1,bajo
070106077000270,070106,VENTANILLA,077,027,24,101,1,bajo
070106077000280,070106,VENTANILLA,077,028,8,27,1,bajo
07010607700041A,070106,VENTANILLA,077,041,11,37,2,medio bajo
07010601100004A,070106,VENTANILLA,011,004,15,65,1,bajo
070106077000090,070106,VENTANILLA,077,009,15,49,1,bajo
07010603400012C,070106,VENTANILLA,034,012,4,14,3,medio
070106077000040,070106,VENTANILLA,077,004,13,38,1,bajo
070106077000050,070106,VENTANILLA,077,005,17,63,1,bajo
07010606200058A,070106,VENTANILLA,062,058,19,65,1,bajo
070106034000440,070106,VENTANILLA,034,044,23,101,3,medio
070106077000080,070106,VENTANILLA,077,008,16,67,1,bajo
070106077000030,070106,VENTANILLA,077,003,19,68,1,bajo
07010607700002A,070106,VENTANILLA,077,002,30,101,1,bajo
07010606200060A,070106,VENTANILLA,062,060,15,62,1,bajo
07010606200009A,070106,VENTANILLA,062,009,22,90,1,bajo
070106062000100,070106,VENTANILLA,062,010,11,44,1,bajo
070106061000070,070106,VENTANILLA,061,007,14,48,1,bajo
07010607700001B,070106,VENTANILLA,077,001,11,37,1,bajo
070106062000510,070106,VENTANILLA,062,051,17,69,2,medio bajo
070106062000420,070106,VENTANILLA,062,042,1,1,2,medio bajo
070106062000020,070106,VENTANILLA,062,002,12,33,1,bajo
07010606200008A,070106,VENTANILLA,062,008,12,45,1,bajo
070106061000430,070106,VENTANILLA,061,043,14,57,1,bajo
07010606200011A,070106,VENTANILLA,062,011,18,68,1,bajo
070106062000500,070106,VENTANILLA,062,050,16,65,2,medio bajo
070106062000150,070106,VENTANILLA,062,015,14,55,2,medio bajo
070106062000520,070106,VENTANILLA,062,052,13,58,2,medio bajo
070106062000550,070106,VENTANILLA,062,055,9,26,2,medio bajo
070106062000440,070106,VENTANILLA,062,044,18,78,1,bajo
07010606200048A,070106,VENTANILLA,062,048,14,65,1,bajo
070106062000460,070106,VENTANILLA,062,046,11,45,1,bajo
070106061000460,070106,VENTANILLA,061,046,12,50,1,bajo
070106061000190,070106,VENTANILLA,061,019,13,37,1,bajo
070106062000210,070106,VENTANILLA,062,021,13,39,2,medio bajo
070106061000380,070106,VENTANILLA,061,038,12,40,1,bajo
07010603800001L,070106,VENTANILLA,038,001,28,121,1,bajo
070106062000140,070106,VENTANILLA,062,014,15,49,1,bajo
070106062000350,070106,VENTANILLA,062,035,12,38,2,medio bajo
070106062000360,070106,VENTANILLA,062,036,13,36,2,medio bajo
070106062000080,070106,VENTANILLA,062,008,14,45,1,bajo
070106038000260,070106,VENTANILLA,038,026,33,131,4,medio alto
070106038000250,070106,VENTANILLA,038,025,30,108,4,medio alto
070106038000040,070106,VENTANILLA,038,004,14,57,4,medio alto
07010606200010A,070106,VENTANILLA,062,010,11,28,1,bajo
070106038000540,070106,VENTANILLA,038,054,36,122,5,alto
07010603800001Z,070106,VENTANILLA,038,001,8,28,4,medio alto
070106062000450,070106,VENTANILLA,062,045,17,73,1,bajo
070106038000280,070106,VENTANILLA,038,028,28,97,4,medio alto
070106062000280,070106,VENTANILLA,062,028,8,31,2,medio bajo
07010603400032D,070106,VENTANILLA,034,032,37,135,3,medio
070106061000440,070106,VENTANILLA,061,044,21,87,1,bajo
07010606200001A,070106,VENTANILLA,062,001,16,58,1,bajo
070106062000470,070106,VENTANILLA,062,047,16,70,1,bajo
070106038000010,070106,VENTANILLA,038,001,5,7,4,medio alto
07010603400032E,070106,VENTANILLA,034,032,27,101,3,medio
07010603400047D,070106,VENTANILLA,034,047,28,128,2,medio bajo
07010603800053A,070106,VENTANILLA,038,053,173,567,5,alto
070106062000110,070106,VENTANILLA,062,011,16,71,1,bajo
070106038000270,070106,VENTANILLA,038,027,24,97,4,medio alto
070106062000490,070106,VENTANILLA,062,049,13,62,2,medio bajo
070106061000060,070106,VENTANILLA,061,006,14,48,1,bajo
070106061000200,070106,VENTANILLA,061,020,16,62,1,bajo
07010606200008B,070106,VENTANILLA,062,008,20,65,1,bajo
070106061000330,070106,VENTANILLA,061,033,13,59,1,bajo
07010603800001T,070106,VENTANILLA,038,001,30,110,2,medio bajo
070106062000530,070106,VENTANILLA,062,053,18,63,2,medio bajo
070106077000370,070106,VENTANILLA,077,037,15,54,1,bajo
070106038000020,070106,VENTANILLA,038,002,51,203,4,medio alto
07010606200056B,070106,VENTANILLA,062,056,17,47,2,medio bajo
070106062000250,070106,VENTANILLA,062,025,16,63,2,medio bajo
070106038000030,070106,VENTANILLA,038,003,12,46,4,medio alto
070106062000220,070106,VENTANILLA,062,022,18,51,2,medio bajo
070106034000420,070106,VENTANILLA,034,042,9,32,3,medio
07010603400040A,070106,VENTANILLA,034,040,4,11,2,medio bajo
070106038000080,070106,VENTANILLA,038,008,12,55,4,medio alto
07010603800012B,070106,VENTANILLA,038,012,2,7,4,medio alto
07010603800007B,070106,VENTANILLA,038,007,3,23,4,medio alto
070106038000090,070106,VENTANILLA,038,009,16,58,4,medio alto
07010603800012A,070106,VENTANILLA,038,012,31,103,4,medio alto
070106038000130,070106,VENTANILLA,038,013,17,75,4,medio alto
070106038000100,070106,VENTANILLA,038,010,7,28,4,medio alto
07010601100003C,070106,VENTANILLA,011,003,8,27,1,bajo
07010603400007B,070106,VENTANILLA,034,007,7,31,2,medio bajo
070106011000460,070106,VENTANILLA,011,046,15,53,2,medio bajo
070106011000560,070106,VENTANILLA,011,056,26,128,1,bajo
07010601100008H,070106,VENTANILLA,011,008,6,19,1,bajo
07010601100053H,070106,VENTANILLA,011,053,26,108,1,bajo
070106077000340,070106,VENTANILLA,077,034,23,84,1,bajo
07010601100003E,070106,VENTANILLA,011,003,9,26,1,bajo
070106011000550,070106,VENTANILLA,011,055,33,166,1,bajo
070106011000390,070106,VENTANILLA,011,039,17,88,2,medio bajo
070106077000430,070106,VENTANILLA,077,043,17,66,2,medio bajo
07010607100033D,070106,VENTANILLA,071,033,11,34,2,medio bajo
070106077000440,070106,VENTANILLA,077,044,17,65,2,medio bajo
070106071000500,070106,VENTANILLA,071,050,8,26,2,medio bajo
070106077000380,070106,VENTANILLA,077,038,25,111,1,bajo
070106062000090,070106,VENTANILLA,062,009,17,73,1,bajo
07010606200009B,070106,VENTANILLA,062,009,21,69,1,bajo
070106062000480,070106,VENTANILLA,062,048,4,13,2,medio bajo
070106038000140,070106,VENTANILLA,038,014,6,28,4,medio alto
07010603400006D,070106,VENTANILLA,034,006,4,11,2,medio bajo
070106038000150,070106,VENTANILLA,038,015,16,83,4,medio alto
070106038000190,070106,VENTANILLA,038,019,3,11,4,medio alto
070106038000180,070106,VENTANILLA,038,018,6,31,4,medio alto
07010603800016D,070106,VENTANILLA,038,016,10,48,1,bajo
07010603800016C,070106,VENTANILLA,038,016,12,56,1,bajo
07010603800001O,070106,VENTANILLA,038,001,30,111,2,medio bajo
07010603800001K,070106,VENTANILLA,038,001,23,82,1,bajo
07010603800001Y,070106,VENTANILLA,038,001,26,108,1,bajo
07010603800001P,070106,VENTANILLA,038,001,25,103,2,medio bajo
070106038000160,070106,VENTANILLA,038,016,14,62,4,medio alto
07010607100043C,070106,VENTANILLA,071,043,13,37,2,medio bajo
070106038000570,070106,VENTANILLA,038,057,44,125,5,alto
070106062000300,070106,VENTANILLA,062,030,6,12,2,medio bajo
070106062000310,070106,VENTANILLA,062,031,4,11,2,medio bajo
07010601100053I,070106,VENTANILLA,011,053,15,61,1,bajo
07010606100003A,070106,VENTANILLA,061,003,16,52,1,bajo
070106062020210,070106,VENTANILLA,062,021,16,59,1,bajo
07010606100003B,070106,VENTANILLA,061,003,23,85,1,bajo
070106062000430,070106,VENTANILLA,062,043,16,76,2,medio bajo
07010606200032E,070106,VENTANILLA,062,032,1,8,2,medio bajo
07010601100053M,070106,VENTANILLA,011,053,28,98,1,bajo
070106061000030,070106,VENTANILLA,061,003,19,72,1,bajo
070106061000010,070106,VENTANILLA,061,001,12,38,1,bajo
070106061000020,070106,VENTANILLA,061,002,9,39,1,bajo
070106062000160,070106,VENTANILLA,062,016,16,72,2,medio bajo
070106062000200,070106,VENTANILLA,062,020,19,85,2,medio bajo
070106011000410,070106,VENTANILLA,011,041,14,60,2,medio bajo
070106011000340,070106,VENTANILLA,011,034,12,51,2,medio bajo
07010607700001A,070106,VENTANILLA,077,001,6,37,1,bajo
070106077000180,070106,VENTANILLA,077,018,10,34,2,medio bajo
070106061000340,070106,VENTANILLA,061,034,11,40,1,bajo
070106061000270,070106,VENTANILLA,061,027,12,40,1,bajo
07010607100044A,070106,VENTANILLA,071,044,24,95,1,bajo
070106061000180,070106,VENTANILLA,061,018,14,43,1,bajo
070106071000520,070106,VENTANILLA,071,052,8,30,1,bajo
07010607100033B,070106,VENTANILLA,071,033,21,83,1,bajo
07010607100045A,070106,VENTANILLA,071,045,21,52,1,bajo
070106061000260,070106,VENTANILLA,061,026,17,62,1,bajo
07010607100032A,070106,VENTANILLA,071,032,29,116,1,bajo
07010607100033I,070106,VENTANILLA,071,033,1,5,1,bajo
07010603800011B,070106,VENTANILLA,038,011,20,100,4,medio alto
07010607100043B,070106,VENTANILLA,071,043,12,27,2,medio bajo
07010606100024B,070106,VENTANILLA,061,024,9,22,1,bajo
07010601100053J,070106,VENTANILLA,011,053,26,87,1,bajo
070106061000290,070106,VENTANILLA,061,029,14,47,1,bajo
070106062000180,070106,VENTANILLA,062,018,19,73,2,medio bajo
07010606100002A,070106,VENTANILLA,061,002,5,13,1,bajo
070106061000470,070106,VENTANILLA,061,047,19,75,1,bajo
070106061000280,070106,VENTANILLA,061,028,14,43,1,bajo
070106061000350,070106,VENTANILLA,061,035,11,34,1,bajo
070106061000040,070106,VENTANILLA,061,004,14,53,1,bajo
070106062000170,070106,VENTANILLA,062,017,16,53,2,medio bajo
070106061000150,070106,VENTANILLA,061,015,17,74,1,bajo
070106061000220,070106,VENTANILLA,061,022,9,40,1,bajo
070106062000190,070106,VENTANILLA,062,019,17,72,2,medio bajo
070106061000230,070106,VENTANILLA,061,023,17,51,1,bajo
07010606100013A,070106,VENTANILLA,061,013,21,79,1,bajo
07010606100001C,070106,VENTANILLA,061,001,19,58,1,bajo
07010606100001F,070106,VENTANILLA,061,001,3,16,1,bajo
070106062000260,070106,VENTANILLA,062,026,6,29,2,medio bajo
070106061000360,070106,VENTANILLA,061,036,12,35,1,bajo
070106062000400,070106,VENTANILLA,062,040,10,39,2,medio bajo
070106061000370,070106,VENTANILLA,061,037,12,42,1,bajo
070106062000380,070106,VENTANILLA,062,038,21,59,2,medio bajo
070106062000270,070106,VENTANILLA,062,027,16,47,2,medio bajo
070106062000230,070106,VENTANILLA,062,023,25,104,2,medio bajo
070106062000410,070106,VENTANILLA,062,041,12,50,2,medio bajo
070106061000050,070106,VENTANILLA,061,005,18,43,1,bajo
070106071000250,070106,VENTANILLA,071,025,12,40,1,bajo
070106071000190,070106,VENTANILLA,071,019,3,4,1,bajo
070106061000120,070106,VENTANILLA,061,012,10,35,1,bajo
070106062020300,070106,VENTANILLA,062,030,13,48,1,bajo
070106062020270,070106,VENTANILLA,062,027,17,57,1,bajo
070106062020260,070106,VENTANILLA,062,026,15,38,1,bajo
070106062020240,070106,VENTANILLA,062,024,4,12,1,bajo
070106062020230,070106,VENTANILLA,062,023,17,63,1,bajo
070106062020250,070106,VENTANILLA,062,025,13,57,1,bajo
070106061000080,070106,VENTANILLA,061,008,15,52,1,bajo
07010603800001B,070106,VENTANILLA,038,001,15,69,1,bajo
070106062020220,070106,VENTANILLA,062,022,15,57,1,bajo
070106062020010,070106,VENTANILLA,062,001,14,38,1,bajo
070106062020200,070106,VENTANILLA,062,020,1,2,1,bajo
070106062020280,070106,VENTANILLA,062,028,5,19,1,bajo
07010603800001S,070106,VENTANILLA,038,001,21,71,2,medio bajo
07010606202002C,070106,VENTANILLA,062,002,35,124,1,bajo
070106071000510,070106,VENTANILLA,071,051,21,74,1,bajo
07010601100013H,070106,VENTANILLA,011,013,25,89,1,bajo
070106011000120,070106,VENTANILLA,011,012,14,49,2,medio bajo
070106011000130,070106,VENTANILLA,011,013,17,65,2,medio bajo
07010601100013E,070106,VENTANILLA,011,013,5,20,2,medio bajo
070106071000240,070106,VENTANILLA,071,024,11,48,1,bajo
07010601100013D,070106,VENTANILLA,011,013,11,40,2,medio bajo
070106071000290,070106,VENTANILLA,071,029,11,43,1,bajo
07010603800001W,070106,VENTANILLA,038,001,16,48,2,medio bajo
070106011000140,070106,VENTANILLA,011,014,13,49,2,medio bajo
07010601100015A,070106,VENTANILLA,011,015,1,2,2,medio bajo
070106011000050,070106,VENTANILLA,011,005,13,64,2,medio bajo
07010603800017M,070106,VENTANILLA,038,017,17,59,3,medio
07010607100014B,070106,VENTANILLA,071,014,13,51,1,bajo
07010603800001Q,070106,VENTANILLA,038,001,11,47,2,medio bajo
070106071000130,070106,VENTANILLA,071,013,12,43,1,bajo
070106062020050,070106,VENTANILLA,062,005,9,26,1,bajo
070106071000300,070106,VENTANILLA,071,030,11,29,1,bajo
070106062020340,070106,VENTANILLA,062,034,6,13,1,bajo
070106062020080,070106,VENTANILLA,062,008,19,57,1,bajo
070106071000570,070106,VENTANILLA,071,057,20,64,2,medio bajo
070106071000160,070106,VENTANILLA,071,016,22,86,1,bajo
070106071000560,070106,VENTANILLA,071,056,21,72,1,bajo
070106071000080,070106,VENTANILLA,071,008,27,78,1,bajo
070106071000010,070106,VENTANILLA,071,001,16,52,1,bajo
070106062020370,070106,VENTANILLA,062,037,3,4,1,bajo
07010607100021A,070106,VENTANILLA,071,021,32,122,1,bajo
070106071000070,070106,VENTANILLA,071,007,15,56,1,bajo
07010607100031A,070106,VENTANILLA,071,031,23,79,1,bajo
070106062020190,070106,VENTANILLA,062,019,23,64,1,bajo
070106071000550,070106,VENTANILLA,071,055,10,38,1,bajo
07010606202035A,070106,VENTANILLA,062,035,5,19,1,bajo
070106062020060,070106,VENTANILLA,062,006,8,28,1,bajo
07010607100018F,070106,VENTANILLA,071,018,30,83,1,bajo
070106062020070,070106,VENTANILLA,062,007,14,27,1,bajo
07010607100053B,070106,VENTANILLA,071,053,24,90,1,bajo
070106062020120,070106,VENTANILLA,062,012,4,8,1,bajo
07010607100033C,070106,VENTANILLA,071,033,11,37,2,medio bajo
070106071000020,070106,VENTANILLA,071,002,11,42,1,bajo
070106061000320,070106,VENTANILLA,061,032,12,30,1,bajo
07010607100028A,070106,VENTANILLA,071,028,10,30,1,bajo
07010601100053R,070106,VENTANILLA,011,053,27,102,1,bajo
07010603800016E,070106,VENTANILLA,038,016,3,19,1,bajo
070106062020310,070106,VENTANILLA,062,031,19,62,1,bajo
07010603800016A,070106,VENTANILLA,038,016,16,54,1,bajo
07010603800017J,070106,VENTANILLA,038,017,12,40,3,medio
070106038000650,070106,VENTANILLA,038,065,35,142,3,medio
07010603800016B,070106,VENTANILLA,038,016,30,117,1,bajo
070106038000310,070106,VENTANILLA,038,031,6,21,4,medio alto
070106038000300,070106,VENTANILLA,038,030,6,32,4,medio alto
07010603800001U,070106,VENTANILLA,038,001,4,12,2,medio bajo
070106038000340,070106,VENTANILLA,038,034,1,1,4,medio alto
07010603800017O,070106,VENTANILLA,038,017,9,38,2,medio bajo
07010601100013J,070106,VENTANILLA,011,013,33,156,1,bajo
07010607100028B,070106,VENTANILLA,071,028,9,45,1,bajo
07010603800001R,070106,VENTANILLA,038,001,14,36,2,medio bajo
070106071000040,070106,VENTANILLA,071,004,13,60,1,bajo
070106011000440,070106,VENTANILLA,011,044,16,63,2,medio bajo
070106071000260,070106,VENTANILLA,071,026,26,89,1,bajo
070106011000040,070106,VENTANILLA,011,004,15,55,2,medio bajo
070106011000330,070106,VENTANILLA,011,033,23,92,2,medio bajo
070106071000150,070106,VENTANILLA,071,015,10,33,1,bajo
070106011000240,070106,VENTANILLA,011,024,15,54,2,medio bajo
070106011000430,070106,VENTANILLA,011,043,15,61,2,medio bajo
070106071000120,070106,VENTANILLA,071,012,17,72,1,bajo
070106011000160,070106,VENTANILLA,011,016,9,35,2,medio bajo
070106071000170,070106,VENTANILLA,071,017,16,73,1,bajo
070106011000450,070106,VENTANILLA,011,045,10,43,2,medio bajo
070106071000270,070106,VENTANILLA,071,027,15,57,1,bajo
070106071000060,070106,VENTANILLA,071,006,28,107,1,bajo
070106011000420,070106,VENTANILLA,011,042,17,77,2,medio bajo
070106011000250,070106,VENTANILLA,011,025,12,44,2,medio bajo
07010601100053D,070106,VENTANILLA,011,053,21,96,1,bajo
070106011000230,070106,VENTANILLA,011,023,12,47,2,medio bajo
07010601100053E,070106,VENTANILLA,011,053,15,58,1,bajo
070106011000270,070106,VENTANILLA,011,027,8,25,2,medio bajo
070106011000530,070106,VENTANILLA,011,053,19,59,1,bajo
070106011000010,070106,VENTANILLA,011,001,17,65,2,medio bajo
07010601100053A,070106,VENTANILLA,011,053,21,77,1,bajo
07010601100006E,070106,VENTANILLA,011,006,10,37,1,bajo
070106011000360,070106,VENTANILLA,011,036,12,89,2,medio bajo
070106011000100,070106,VENTANILLA,011,010,10,46,2,medio bajo
070106011000070,070106,VENTANILLA,011,007,8,34,2,medio bajo
070106011000180,070106,VENTANILLA,011,018,13,54,2,medio bajo
070106011000320,070106,VENTANILLA,011,032,10,50,2,medio bajo
07010601100053T,070106,VENTANILLA,011,053,10,39,1,bajo
070106011000090,070106,VENTANILLA,011,009,16,62,2,medio bajo
070106011000200,070106,VENTANILLA,011,020,11,41,2,medio bajo
070106011000210,070106,VENTANILLA,011,021,11,46,2,medio bajo
070106011000500,070106,VENTANILLA,011,050,19,66,1,bajo
070106011000370,070106,VENTANILLA,011,037,18,70,2,medio bajo
070106011000510,070106,VENTANILLA,011,051,21,69,1,bajo
070106011000580,070106,VENTANILLA,011,058,17,72,1,bajo
070106011000290,070106,VENTANILLA,011,029,13,61,2,medio bajo
07010601100005E,070106,VENTANILLA,011,005,11,40,1,bajo
070106011000060,070106,VENTANILLA,011,006,14,39,2,medio bajo
070106011000520,070106,VENTANILLA,011,052,24,96,1,bajo
070106011000030,070106,VENTANILLA,011,003,14,59,2,medio bajo
070106011000170,070106,VENTANILLA,011,017,14,44,2,medio bajo
07010601100013K,070106,VENTANILLA,011,013,36,151,1,bajo
07010601100007C,070106,VENTANILLA,011,007,20,79,1,bajo
07010601100005D,070106,VENTANILLA,011,005,20,78,1,bajo
07010601100003D,070106,VENTANILLA,011,003,5,14,1,bajo
070106011000080,070106,VENTANILLA,011,008,17,71,2,medio bajo
07010601100013L,070106,VENTANILLA,011,013,8,22,1,bajo
070106011000280,070106,VENTANILLA,011,028,9,32,2,medio bajo
070106011000300,070106,VENTANILLA,011,030,15,53,2,medio bajo
070106011000490,070106,VENTANILLA,011,049,7,35,1,bajo
070106011000110,070106,VENTANILLA,011,011,9,34,2,medio bajo
07010601100013C,070106,VENTANILLA,011,013,13,49,2,medio bajo
07010601100006D,070106,VENTANILLA,011,006,16,62,1,bajo
070106011000590,070106,VENTANILLA,011,059,30,118,1,bajo
070106011000310,070106,VENTANILLA,011,031,5,11,2,medio bajo
070106011000400,070106,VENTANILLA,011,040,22,84,2,medio bajo
07010601100053C,070106,VENTANILLA,011,053,15,50,1,bajo
070106011000470,070106,VENTANILLA,011,047,13,43,2,medio bajo
07010601100053P,070106,VENTANILLA,011,053,21,77,1,bajo
07010601100004D,070106,VENTANILLA,011,004,17,59,1,bajo
07010601100007D,070106,VENTANILLA,011,007,10,42,1,bajo
07010601100013M,070106,VENTANILLA,011,013,27,92,1,bajo
070106062020030,070106,VENTANILLA,062,003,16,50,1,bajo
07010601100053Q,070106,VENTANILLA,011,053,9,25,1,bajo
07010601100053S,070106,VENTANILLA,011,053,11,35,1,bajo
070106071000200,070106,VENTANILLA,071,020,15,36,1,bajo
070106062020040,070106,VENTANILLA,062,004,15,45,1,bajo
07010607100033G,070106,VENTANILLA,071,033,2,5,2,medio bajo
07010607100033E,070106,VENTANILLA,071,033,9,26,2,medio bajo
070106062020330,070106,VENTANILLA,062,033,11,24,1,bajo
070106080010030,070106,VENTANILLA,080,003,5,5,2,medio bajo
07010607100033F,070106,VENTANILLA,071,033,5,20,2,medio bajo
07010601100002B,070106,VENTANILLA,011,002,10,40,1,bajo
07010601100048A,070106,VENTANILLA,011,048,2,2,1,bajo
07010601100008C,070106,VENTANILLA,011,008,11,43,1,bajo
070106071000050,070106,VENTANILLA,071,005,23,94,1,bajo
07010607100033H,070106,VENTANILLA,071,033,6,21,1,bajo
07010601100007B,070106,VENTANILLA,011,007,3,8,1,bajo
07010601100019B,070106,VENTANILLA,011,019,1,1,2,medio bajo
07010601100008B,070106,VENTANILLA,011,008,1,2,1,bajo
07010601100008F,070106,VENTANILLA,011,008,5,17,1,bajo
070106062020130,070106,VENTANILLA,062,013,10,32,1,bajo
070106038000170,070106,VENTANILLA,038,017,7,17,3,medio
070106038000450,070106,VENTANILLA,038,045,12,42,5,alto
070106038000440,070106,VENTANILLA,038,044,26,104,5,alto
070106038000400,070106,VENTANILLA,038,040,46,162,5,alto
070106038000050,070106,VENTANILLA,038,005,15,68,4,medio alto
070106080010040,070106,VENTANILLA,080,004,4,9,2,medio bajo
070106038000390,070106,VENTANILLA,038,039,21,61,5,alto
070106038000060,070106,VENTANILLA,038,006,14,47,4,medio alto
07010603800037C,070106,VENTANILLA,038,037,29,93,5,alto
07010608001015A,070106,VENTANILLA,080,015,4,13,2,medio bajo
07010603800001V,070106,VENTANILLA,038,001,23,101,2,medio bajo
070106071000030,070106,VENTANILLA,071,003,26,87,1,bajo
070106038000480,070106,VENTANILLA,038,048,43,159,5,alto
070106011000380,070106,VENTANILLA,011,038,19,85,2,medio bajo
070106074000410,070106,VENTANILLA,074,041,23,87,1,bajo
07010607100011A,070106,VENTANILLA,071,011,35,77,1,bajo
070106074000020,070106,VENTANILLA,074,002,18,70,1,bajo
070106074000010,070106,VENTANILLA,074,001,18,64,1,bajo
07010606202014A,070106,VENTANILLA,062,014,11,35,1,bajo
070106074000420,070106,VENTANILLA,074,042,17,72,1,bajo
070106074000030,070106,VENTANILLA,074,003,23,78,1,bajo
070106074000430,070106,VENTANILLA,074,043,19,64,1,bajo
070106011000220,070106,VENTANILLA,011,022,8,34,2,medio bajo
07010601100013N,070106,VENTANILLA,011,013,3,17,1,bajo
070106038000500,070106,VENTANILLA,038,050,54,163,5,alto
07010601100008G,070106,VENTANILLA,011,008,7,29,1,bajo
07010600700042B,070106,VENTANILLA,007,042,8,31,1,bajo
070106007000080,070106,VENTANILLA,007,008,10,38,1,bajo
070106007000140,070106,VENTANILLA,007,014,9,25,1,bajo
070106007000130,070106,VENTANILLA,007,013,8,34,1,bajo
070106007000040,070106,VENTANILLA,007,004,8,26,1,bajo
070106007000070,070106,VENTANILLA,007,007,13,61,1,bajo
070106038000360,070106,VENTANILLA,038,036,18,60,5,alto
070106062020290,070106,VENTANILLA,062,029,1,2,1,bajo
070106074000220,070106,VENTANILLA,074,022,18,75,1,bajo
070106074000050,070106,VENTANILLA,074,005,24,101,2,medio bajo
070106074000150,070106,VENTANILLA,074,015,21,70,2,medio bajo
07010607400014B,070106,VENTANILLA,074,014,13,57,1,bajo
070106074000090,070106,VENTANILLA,074,009,20,75,1,bajo
07010603800016J,070106,VENTANILLA,038,016,59,227,1,bajo
07010607400004A,070106,VENTANILLA,074,004,25,84,2,medio bajo
07010607400029A,070106,VENTANILLA,074,029,11,38,1,bajo
07010603800016I,070106,VENTANILLA,038,016,21,85,1,bajo
070106038000550,070106,VENTANILLA,038,055,49,165,5,alto
07010607400006B,070106,VENTANILLA,074,006,28,89,1,bajo
070106038000590,070106,VENTANILLA,038,059,57,176,5,alto
070106074000070,070106,VENTANILLA,074,007,21,87,1,bajo
070106074000080,070106,VENTANILLA,074,008,15,54,1,bajo
070106074000250,070106,VENTANILLA,074,025,16,59,1,bajo
070106074000290,070106,VENTANILLA,074,029,16,43,1,bajo
070106038000600,070106,VENTANILLA,038,060,15,57,1,bajo
070106074000300,070106,VENTANILLA,074,030,10,24,1,bajo
070106074000230,070106,VENTANILLA,074,023,16,56,1,bajo
07010607400028A,070106,VENTANILLA,074,028,19,78,1,bajo
070106074000240,070106,VENTANILLA,074,024,13,43,1,bajo
070106074000310,070106,VENTANILLA,074,031,11,42,1,bajo
07010600700029A,070106,VENTANILLA,007,029,2,8,1,bajo
07010600700037A,070106,VENTANILLA,007,037,4,17,1,bajo
070106038000620,070106,VENTANILLA,038,062,7,27,1,bajo
070106038000630,070106,VENTANILLA,038,063,20,77,1,bajo
070106038000640,070106,VENTANILLA,038,064,17,71,1,bajo
07010603800016K,070106,VENTANILLA,038,016,9,34,1,bajo
070106074000540,070106,VENTANILLA,074,054,39,124,1,bajo
07010607400029P,070106,VENTANILLA,074,029,11,32,1,bajo
07010607400030C,070106,VENTANILLA,074,030,13,52,1,bajo
07010607400029G,070106,VENTANILLA,074,029,8,26,1,bajo
07010607400029X,070106,VENTANILLA,074,029,12,31,1,bajo
07010607400031K,070106,VENTANILLA,074,031,13,55,1,bajo
07010600700037B,070106,VENTANILLA,007,037,3,7,1,bajo
07010607400019C,070106,VENTANILLA,074,019,21,82,1,bajo
07010607400019B,070106,VENTANILLA,074,019,5,15,1,bajo
07010607400029U,070106,VENTANILLA,074,029,18,65,1,bajo
07010607400029R,070106,VENTANILLA,074,029,17,56,1,bajo
07010600700042E,070106,VENTANILLA,007,042,16,42,1,bajo
07010603800037D,070106,VENTANILLA,038,037,17,82,5,alto
07010607400029T,070106,VENTANILLA,074,029,19,81,1,bajo
07010605400036C,070106,VENTANILLA,054,036,8,22,2,medio bajo
07010607400031Z,070106,VENTANILLA,074,031,24,95,1,bajo
07010600700037C,070106,VENTANILLA,007,037,12,37,1,bajo
07010603800011A,070106,VENTANILLA,038,011,4,19,4,medio alto
07010607400051B,070106,VENTANILLA,074,051,11,43,1,bajo
07010607400019A,070106,VENTANILLA,074,019,11,41,1,bajo
070106007000280,070106,VENTANILLA,007,028,10,29,1,bajo
07010607400051C,070106,VENTANILLA,074,051,12,37,1,bajo
07010607400029C,070106,VENTANILLA,074,029,21,63,1,bajo
07010600700042D,070106,VENTANILLA,007,042,7,26,1,bajo
07010607400018B,070106,VENTANILLA,074,018,12,39,1,bajo
07010600700040B,070106,VENTANILLA,007,040,10,32,1,bajo
07010607400029D,070106,VENTANILLA,074,029,11,25,1,bajo
07010607400018A,070106,VENTANILLA,074,018,9,30,1,bajo
07010607400029Q,070106,VENTANILLA,074,029,23,71,1,bajo
07010600700040A,070106,VENTANILLA,007,040,8,27,1,bajo
07010600700042C,070106,VENTANILLA,007,042,10,48,1,bajo
07010600700044B,070106,VENTANILLA,007,044,10,39,1,bajo
07010607400016A,070106,VENTANILLA,074,016,14,59,1,bajo
070106074000570,070106,VENTANILLA,074,057,26,86,1,bajo
07010600700044A,070106,VENTANILLA,007,044,11,40,1,bajo
07010607400029K,070106,VENTANILLA,074,029,23,107,1,bajo
07010607400031E,070106,VENTANILLA,074,031,19,54,1,bajo
07010607400029L,070106,VENTANILLA,074,029,8,26,1,bajo
07010607400029M,070106,VENTANILLA,074,029,10,32,1,bajo
070106062020150,070106,VENTANILLA,062,015,9,16,1,bajo
070106038000490,070106,VENTANILLA,038,049,43,141,5,alto
07010606100013B,070106,VENTANILLA,061,013,16,54,1,bajo
07010601100003F,070106,VENTANILLA,011,003,7,21,1,bajo
07010606200009C,070106,VENTANILLA,062,009,10,29,1,bajo
07010605400057C,070106,VENTANILLA,054,057,3,12,2,medio bajo
070106054000180,070106,VENTANILLA,054,018,9,22,2,medio bajo
070106054000100,070106,VENTANILLA,054,010,3,13,2,medio bajo
07010605400027G,070106,VENTANILLA,054,027,3,4,2,medio bajo
07010606202020A,070106,VENTANILLA,062,020,3,10,1,bajo
07010606202019B,070106,VENTANILLA,062,019,8,30,1,bajo
07010606202002B,070106,VENTANILLA,062,002,8,33,1,bajo
07010605400026E,070106,VENTANILLA,054,026,4,4,2,medio bajo
07010605400011A,070106,VENTANILLA,054,011,8,25,2,medio bajo
070106054000020,070106,VENTANILLA,054,002,4,10,2,medio bajo
070106054000170,070106,VENTANILLA,054,017,6,20,2,medio bajo
070106054000030,070106,VENTANILLA,054,003,6,16,2,medio bajo
070106054000050,070106,VENTANILLA,054,005,5,18,2,medio bajo
070106074000040,070106,VENTANILLA,074,004,16,68,2,medio bajo
07010603800046B,070106,VENTANILLA,038,046,82,301,5,alto
070106074000330,070106,VENTANILLA,074,033,19,59,1,bajo
070106074000370,070106,VENTANILLA,074,037,16,48,1,bajo
070106007000240,070106,VENTANILLA,007,024,3,6,1,bajo
070106074000110,070106,VENTANILLA,074,011,20,68,1,bajo
07010607400031F,070106,VENTANILLA,074,031,11,37,1,bajo
070106007000480,070106,VENTANILLA,007,048,9,33,2,medio bajo
070106074000380,070106,VENTANILLA,074,038,16,60,1,bajo
07010600700028A,070106,VENTANILLA,007,028,6,16,1,bajo
070106038000610,070106,VENTANILLA,038,061,15,52,1,bajo
07010607400031A,070106,VENTANILLA,074,031,12,43,1,bajo
070106007000290,070106,VENTANILLA,007,029,16,62,1,bajo
07010607400029B,070106,VENTANILLA,074,029,25,87,1,bajo
070106061010080,070106,VENTANILLA,061,008,11,24,1,bajo
070106061010110,070106,VENTANILLA,061,011,22,62,1,bajo
070106061010170,070106,VENTANILLA,061,017,10,31,1,bajo
070106007000390,070106,VENTANILLA,007,039,15,52,1,bajo
07010606101015A,070106,VENTANILLA,061,015,11,35,1,bajo
070106061010190,070106,VENTANILLA,061,019,7,24,1,bajo
070106061010120,070106,VENTANILLA,061,012,18,56,1,bajo
070106061010090,070106,VENTANILLA,061,009,13,27,1,bajo
07010600700045C,070106,VENTANILLA,007,045,19,76,2,medio bajo
070106074000460,070106,VENTANILLA,074,046,33,108,1,bajo
070106061010180,070106,VENTANILLA,061,018,3,6,1,bajo
070106007000160,070106,VENTANILLA,007,016,6,10,1,bajo
070106007000460,070106,VENTANILLA,007,046,5,20,2,medio bajo
070106007000400,070106,VENTANILLA,007,040,16,59,1,bajo
070106061010140,070106,VENTANILLA,061,014,13,34,1,bajo
07010607400043A,070106,VENTANILLA,074,043,20,58,1,bajo
070106007000010,070106,VENTANILLA,007,001,12,44,1,bajo
070106061010010,070106,VENTANILLA,061,001,19,74,1,bajo
070106007000090,070106,VENTANILLA,007,009,17,38,1,bajo
07010607901001C,070106,VENTANILLA,079,001,1,5,2,medio bajo
070106061010030,070106,VENTANILLA,061,003,3,10,1,bajo
070106007000050,070106,VENTANILLA,007,005,9,34,1,bajo
07010607901056B,070106,VENTANILLA,079,056,36,149,1,bajo
07010607901063B,070106,VENTANILLA,079,063,9,35,1,bajo
070106061010130,070106,VENTANILLA,061,013,11,44,1,bajo
070106007000100,070106,VENTANILLA,007,010,8,26,1,bajo
070106061010100,070106,VENTANILLA,061,010,2,2,1,bajo
07010606202014B,070106,VENTANILLA,062,014,12,31,1,bajo
070106007000430,070106,VENTANILLA,007,043,14,60,1,bajo
070106061010070,070106,VENTANILLA,061,007,9,30,1,bajo
07010606202019C,070106,VENTANILLA,062,019,6,23,1,bajo
070106007000380,070106,VENTANILLA,007,038,5,21,1,bajo
07010606100042A,070106,VENTANILLA,061,042,8,37,1,bajo
070106061010040,070106,VENTANILLA,061,004,7,17,1,bajo
070106007000370,070106,VENTANILLA,007,037,13,37,1,bajo
070106007000120,070106,VENTANILLA,007,012,13,41,1,bajo
070106007000020,070106,VENTANILLA,007,002,12,52,1,bajo
070106007000110,070106,VENTANILLA,007,011,8,36,1,bajo
070106007000360,070106,VENTANILLA,007,036,8,38,1,bajo
07010607901063C,070106,VENTANILLA,079,063,9,30,1,bajo
070106061010060,070106,VENTANILLA,061,006,6,20,1,bajo
07010607901059D,070106,VENTANILLA,079,059,36,134,1,bajo
070106062000390,070106,VENTANILLA,062,039,16,57,2,medio bajo
070106061010050,070106,VENTANILLA,061,005,10,28,1,bajo
07010607901063A,070106,VENTANILLA,079,063,18,61,1,bajo
070106007000440,070106,VENTANILLA,007,044,14,60,1,bajo
07010607901070A,070106,VENTANILLA,079,070,14,64,1,bajo
07010607901043B,070106,VENTANILLA,079,043,13,45,1,bajo
07010607901049B,070106,VENTANILLA,079,049,7,28,1,bajo
07010606100001G,070106,VENTANILLA,061,001,12,42,1,bajo
07010605400028F,070106,VENTANILLA,054,028,3,3,2,medio bajo
07010606202011D,070106,VENTANILLA,062,011,12,24,1,bajo
07010605400028D,070106,VENTANILLA,054,028,3,4,2,medio bajo
07010605400038B,070106,VENTANILLA,054,038,7,25,2,medio bajo
07010607400031W,070106,VENTANILLA,074,031,2,3,1,bajo
070106007000470,070106,VENTANILLA,007,047,28,113,2,medio bajo
070106007000330,070106,VENTANILLA,007,033,10,37,1,bajo
070106007000170,070106,VENTANILLA,007,017,16,53,1,bajo
070106007000150,070106,VENTANILLA,007,015,17,68,1,bajo
070106007000300,070106,VENTANILLA,007,030,7,36,1,bajo
070106007000310,070106,VENTANILLA,007,031,5,12,1,bajo
070106007000320,070106,VENTANILLA,007,032,9,28,1,bajo
07010607400043B,070106,VENTANILLA,074,043,22,75,1,bajo
07010607902011B,070106,VENTANILLA,079,011,9,32,2,medio bajo
07010607902055B,070106,VENTANILLA,079,055,2,7,1,bajo
07010606202021A,070106,VENTANILLA,062,021,18,75,1,bajo
070106007000230,070106,VENTANILLA,007,023,8,28,2,medio bajo
07010607902045E,070106,VENTANILLA,079,045,18,67,1,bajo
070106062010040,070106,VENTANILLA,062,004,7,19,1,bajo
070106062010010,070106,VENTANILLA,062,001,12,37,1,bajo
070106007000500,070106,VENTANILLA,007,050,18,87,2,medio bajo
070106007000250,070106,VENTANILLA,007,025,15,56,1,bajo
070106007000180,070106,VENTANILLA,007,018,10,41,1,bajo
07010600700013A,070106,VENTANILLA,007,013,8,21,1,bajo
070106007000510,070106,VENTANILLA,007,051,13,44,2,medio bajo
07010600700042A,070106,VENTANILLA,007,042,11,35,1,bajo
070106007000270,070106,VENTANILLA,007,027,6,21,1,bajo
070106007000220,070106,VENTANILLA,007,022,10,33,2,medio bajo
07010600700028C,070106,VENTANILLA,007,028,19,56,1,bajo
070106007000260,070106,VENTANILLA,007,026,7,36,1,bajo
070106007000190,070106,VENTANILLA,007,019,9,33,1,bajo
070106054000120,070106,VENTANILLA,054,012,5,6,2,medio bajo
07010605400054A,070106,VENTANILLA,054,054,11,30,2,medio bajo
07010600700028D,070106,VENTANILLA,007,028,12,48,1,bajo
070106062010060,070106,VENTANILLA,062,006,18,51,1,bajo
070106036000160,070106,VENTANILLA,036,016,23,98,3,medio
070106062010070,070106,VENTANILLA,062,007,13,41,1,bajo
07010606201003A,070106,VENTANILLA,062,003,8,24,1,bajo
070106062010080,070106,VENTANILLA,062,008,9,26,1,bajo
070106062010100,070106,VENTANILLA,062,010,15,53,1,bajo
070106062010120,070106,VENTANILLA,062,012,6,27,1,bajo
070106062010130,070106,VENTANILLA,062,013,18,62,1,bajo
070106062010170,070106,VENTANILLA,062,017,5,10,1,bajo
070106062010190,070106,VENTANILLA,062,019,21,79,1,bajo
070106062010150,070106,VENTANILLA,062,015,15,54,1,bajo
07010606201009A,070106,VENTANILLA,062,009,17,64,1,bajo
070106007000340,070106,VENTANILLA,007,034,7,31,1,bajo
070106062010200,070106,VENTANILLA,062,020,16,57,1,bajo
070106062010210,070106,VENTANILLA,062,021,25,69,1,bajo
070106062010020,070106,VENTANILLA,062,002,8,29,1,bajo
070106062010250,070106,VENTANILLA,062,025,10,29,1,bajo
070106062010310,070106,VENTANILLA,062,031,12,34,1,bajo
070106074000350,070106,VENTANILLA,074,035,15,50,1,bajo
070106062010240,070106,VENTANILLA,062,024,11,37,1,bajo
070106074000120,070106,VENTANILLA,074,012,13,58,1,bajo
070106062010220,070106,VENTANILLA,062,022,17,48,1,bajo
070106062010280,070106,VENTANILLA,062,028,16,52,1,bajo
070106062010260,070106,VENTANILLA,062,026,13,38,1,bajo
070106062010290,070106,VENTANILLA,062,029,17,58,1,bajo
070106062010300,070106,VENTANILLA,062,030,16,50,1,bajo
070106074000100,070106,VENTANILLA,074,010,19,61,1,bajo
070106062010270,070106,VENTANILLA,062,027,17,71,1,bajo
070106074000340,070106,VENTANILLA,074,034,24,87,1,bajo
070106074000390,070106,VENTANILLA,074,039,29,90,2,medio bajo
07010607400048A,070106,VENTANILLA,074,048,28,97,1,bajo
07010607400051T,070106,VENTANILLA,074,051,13,44,1,bajo
070106074000130,070106,VENTANILLA,074,013,15,52,1,bajo
070106074000510,070106,VENTANILLA,074,051,8,25,1,bajo
07010607400031I,070106,VENTANILLA,074,031,12,32,1,bajo
070106074000400,070106,VENTANILLA,074,040,46,158,1,bajo
070106074000550,070106,VENTANILLA,074,055,7,35,1,bajo
07010607400046A,070106,VENTANILLA,074,046,8,22,1,bajo
070106074000470,070106,VENTANILLA,074,047,9,30,1,bajo
07010600700020A,070106,VENTANILLA,007,020,15,46,1,bajo
07010607400031D,070106,VENTANILLA,074,031,9,24,1,bajo
07010607400051L,070106,VENTANILLA,074,051,2,2,1,bajo
07010607400051M,070106,VENTANILLA,074,051,18,62,1,bajo
07010607400031X,070106,VENTANILLA,074,031,9,27,1,bajo
07010607400051X,070106,VENTANILLA,074,051,12,34,1,bajo
07010607400051K,070106,VENTANILLA,074,051,2,7,1,bajo
07010607400051N,070106,VENTANILLA,074,051,12,45,1,bajo
07010607400051V,070106,VENTANILLA,074,051,26,101,1,bajo
070106074000530,070106,VENTANILLA,074,053,8,27,1,bajo
07010607400051F,070106,VENTANILLA,074,051,26,80,1,bajo
07010607400029Z,070106,VENTANILLA,074,029,1,5,1,bajo
07010607400031O,070106,VENTANILLA,074,031,36,141,1,bajo
07010607400031P,070106,VENTANILLA,074,031,1,2,1,bajo
070106074000440,070106,VENTANILLA,074,044,19,80,1,bajo
070106062010050,070106,VENTANILLA,062,005,9,24,1,bajo
070106062010110,070106,VENTANILLA,062,011,7,20,1,bajo
070106036000120,070106,VENTANILLA,036,012,17,63,3,medio
07010607400051S,070106,VENTANILLA,074,051,5,16,1,bajo
070106036000260,070106,VENTANILLA,036,026,6,18,3,medio
070106036000250,070106,VENTANILLA,036,025,7,27,3,medio
07010603600024D,070106,VENTANILLA,036,024,3,10,3,medio
07010607400051E,070106,VENTANILLA,074,051,9,40,1,bajo
07010607400051U,070106,VENTANILLA,074,051,7,26,1,bajo
070106036000170,070106,VENTANILLA,036,017,11,43,3,medio
070106036000180,070106,VENTANILLA,036,018,10,43,3,medio
070106036000130,070106,VENTANILLA,036,013,11,43,3,medio
07010607400051W,070106,VENTANILLA,074,051,4,18,1,bajo
070106036000070,070106,VENTANILLA,036,007,47,197,4,medio alto
070106075000020,070106,VENTANILLA,075,002,15,45,1,bajo
070106036000140,070106,VENTANILLA,036,014,8,41,3,medio
07010603600026A,070106,VENTANILLA,036,026,4,19,3,medio
070106074000520,070106,VENTANILLA,074,052,7,39,1,bajo
070106036000240,070106,VENTANILLA,036,024,1,6,3,medio
070106075000030,070106,VENTANILLA,075,003,28,106,1,bajo
070106075000040,070106,VENTANILLA,075,004,23,93,1,bajo
070106062010180,070106,VENTANILLA,062,018,22,64,1,bajo
070106036000420,070106,VENTANILLA,036,042,16,60,2,medio bajo
070106036000460,070106,VENTANILLA,036,046,9,39,2,medio bajo
070106036000450,070106,VENTANILLA,036,045,11,46,2,medio bajo
07010603600012A,070106,VENTANILLA,036,012,16,50,3,medio
07010603600041D,070106,VENTANILLA,036,041,9,37,2,medio bajo
070106036000470,070106,VENTANILLA,036,047,21,94,3,medio
070106074000450,070106,VENTANILLA,074,045,23,88,1,bajo
070106075000090,070106,VENTANILLA,075,009,25,97,1,bajo
07010607400051R,070106,VENTANILLA,074,051,9,42,1,bajo
070106075000210,070106,VENTANILLA,075,021,17,67,1,bajo
070106075000130,070106,VENTANILLA,075,013,13,51,1,bajo
070106075000160,070106,VENTANILLA,075,016,15,63,1,bajo
070106075000080,070106,VENTANILLA,075,008,21,74,1,bajo
070106075000070,070106,VENTANILLA,075,007,16,79,1,bajo
070106075000140,070106,VENTANILLA,075,014,17,59,1,bajo
070106075000120,070106,VENTANILLA,075,012,17,52,1,bajo
070106075000170,070106,VENTANILLA,075,017,16,51,2,medio bajo
070106075000200,070106,VENTANILLA,075,020,13,29,2,medio bajo
070106075000320,070106,VENTANILLA,075,032,9,30,2,medio bajo
070106075000260,070106,VENTANILLA,075,026,16,56,1,bajo
070106075000110,070106,VENTANILLA,075,011,20,73,1,bajo
070106075000310,070106,VENTANILLA,075,031,11,40,2,medio bajo
070106075000180,070106,VENTANILLA,075,018,25,111,2,medio bajo
070106075000250,070106,VENTANILLA,075,025,13,46,1,bajo
070106075000190,070106,VENTANILLA,075,019,18,65,2,medio bajo
070106075000230,070106,VENTANILLA,075,023,21,70,1,bajo
070106075000270,070106,VENTANILLA,075,027,14,50,2,medio bajo
070106075000300,070106,VENTANILLA,075,030,10,29,2,medio bajo
070106075000280,070106,VENTANILLA,075,028,12,49,2,medio bajo
07010607500031F,070106,VENTANILLA,075,031,7,16,2,medio bajo
070106075000330,070106,VENTANILLA,075,033,6,19,2,medio bajo
07010607400029Y,070106,VENTANILLA,074,029,1,1,1,bajo
070106075000350,070106,VENTANILLA,075,035,12,30,2,medio bajo
070106075000340,070106,VENTANILLA,075,034,11,41,2,medio bajo
070106036000290,070106,VENTANILLA,036,029,53,204,4,medio alto
07010607500036A,070106,VENTANILLA,075,036,6,10,1,bajo
070106075000400,070106,VENTANILLA,075,040,19,58,1,bajo
07010607500037C,070106,VENTANILLA,075,037,7,26,1,bajo
070106075000410,070106,VENTANILLA,075,041,20,71,1,bajo
07010607500036B,070106,VENTANILLA,075,036,19,64,1,bajo
07010607500039C,070106,VENTANILLA,075,039,18,62,1,bajo
070106036000520,070106,VENTANILLA,036,052,14,44,3,medio
07010603600059E,070106,VENTANILLA,036,059,20,62,1,bajo
07010603600059A,070106,VENTANILLA,036,059,17,60,2,medio bajo
07010603600059L,070106,VENTANILLA,036,059,20,77,1,bajo
07010603600059I,070106,VENTANILLA,036,059,6,21,1,bajo
070106036000480,070106,VENTANILLA,036,048,5,21,3,medio
07010603600059H,070106,VENTANILLA,036,059,12,30,1,bajo
07010603600059K,070106,VENTANILLA,036,059,12,42,1,bajo
070106036000490,070106,VENTANILLA,036,049,43,178,3,medio
07010603600059J,070106,VENTANILLA,036,059,2,8,1,bajo
07010603600059C,070106,VENTANILLA,036,059,19,70,2,medio bajo
070106036000580,070106,VENTANILLA,036,058,2,11,3,medio
07010603600053C,070106,VENTANILLA,036,053,10,48,3,medio
070106036000500,070106,VENTANILLA,036,050,8,31,3,medio
07010603600059D,070106,VENTANILLA,036,059,12,48,1,bajo
07010603600059M,070106,VENTANILLA,036,059,8,18,1,bajo
070106075000010,070106,VENTANILLA,075,001,18,69,1,bajo
070106075000050,070106,VENTANILLA,075,005,27,89,1,bajo
07010603600012C,070106,VENTANILLA,036,012,19,65,3,medio
070106075000440,070106,VENTANILLA,075,044,8,22,1,bajo
070106036000080,070106,VENTANILLA,036,008,23,87,4,medio alto
070106075000430,070106,VENTANILLA,075,043,12,46,1,bajo
070106075000460,070106,VENTANILLA,075,046,19,61,1,bajo
070106075000060,070106,VENTANILLA,075,006,30,79,1,bajo
070106062010320,070106,VENTANILLA,062,032,13,50,1,bajo
07010606201003B,070106,VENTANILLA,062,003,2,8,1,bajo
070106062010370,070106,VENTANILLA,062,037,13,48,1,bajo
070106062010350,070106,VENTANILLA,062,035,17,49,1,bajo
070106075000220,070106,VENTANILLA,075,022,17,61,1,bajo
070106060000420,070106,VENTANILLA,060,042,12,46,2,medio bajo
07010606201018A,070106,VENTANILLA,062,018,5,10,1,bajo
070106060000050,070106,VENTANILLA,060,005,1,3,1,bajo
070106060000030,070106,VENTANILLA,060,003,14,60,1,bajo
070106060000260,070106,VENTANILLA,060,026,11,37,2,medio bajo
07010603600031A,070106,VENTANILLA,036,031,2,5,4,medio alto
070106036000320,070106,VENTANILLA,036,032,5,23,4,medio alto
070106062010230,070106,VENTANILLA,062,023,11,22,1,bajo
070106062010340,070106,VENTANILLA,062,034,7,20,1,bajo
070106062010360,070106,VENTANILLA,062,036,20,58,1,bajo
070106060000180,070106,VENTANILLA,060,018,17,59,1,bajo
070106060000190,070106,VENTANILLA,060,019,12,50,1,bajo
070106060000270,070106,VENTANILLA,060,027,16,64,2,medio bajo
070106060000020,070106,VENTANILLA,060,002,9,24,1,bajo
070106060000140,070106,VENTANILLA,060,014,11,47,1,bajo
070106060000130,070106,VENTANILLA,060,013,8,31,1,bajo
070106060000610,070106,VENTANILLA,060,061,10,42,1,bajo
070106036000220,070106,VENTANILLA,036,022,16,82,4,medio alto
070106060000430,070106,VENTANILLA,060,043,10,37,2,medio bajo
070106060000230,070106,VENTANILLA,060,023,12,45,2,medio bajo
070106060000440,070106,VENTANILLA,060,044,13,52,2,medio bajo
070106060000240,070106,VENTANILLA,060,024,17,71,2,medio bajo
070106060000450,070106,VENTANILLA,060,045,11,38,2,medio bajo
070106036000200,070106,VENTANILLA,036,020,26,88,4,medio alto
070106060000500,070106,VENTANILLA,060,050,16,70,2,medio bajo
070106060000590,070106,VENTANILLA,060,059,12,37,1,bajo
070106060000250,070106,VENTANILLA,060,025,14,45,2,medio bajo
070106036000110,070106,VENTANILLA,036,011,49,172,4,medio alto
070106060000110,070106,VENTANILLA,060,011,14,45,1,bajo
070106036000190,070106,VENTANILLA,036,019,23,98,4,medio alto
070106060000600,070106,VENTANILLA,060,060,15,56,1,bajo
070106060000100,070106,VENTANILLA,060,010,11,53,1,bajo
070106060000220,070106,VENTANILLA,060,022,18,57,2,medio bajo
07010607500031I,070106,VENTANILLA,075,031,8,34,2,medio bajo
070106075000490,070106,VENTANILLA,075,049,16,50,1,bajo
070106075000500,070106,VENTANILLA,075,050,19,53,1,bajo
070106075000510,070106,VENTANILLA,075,051,17,51,1,bajo
07010607500031J,070106,VENTANILLA,075,031,10,33,2,medio bajo
07010608000046H,070106,VENTANILLA,080,046,8,24,1,bajo
07010608000046I,070106,VENTANILLA,080,046,8,29,1,bajo
07010608000047D,070106,VENTANILLA,080,047,3,12,1,bajo
07010608000008B,070106,VENTANILLA,080,008,14,32,1,bajo
07010608000045A,070106,VENTANILLA,080,045,7,23,1,bajo
070106075000290,070106,VENTANILLA,075,029,18,44,2,medio bajo
07010607500031G,070106,VENTANILLA,075,031,1,1,2,medio bajo
07010608000039A,070106,VENTANILLA,080,039,28,102,2,medio bajo
07010608000038A,070106,VENTANILLA,080,038,11,43,1,bajo
07010608000047G,070106,VENTANILLA,080,047,1,1,1,bajo
07010608000046J,070106,VENTANILLA,080,046,9,19,1,bajo
07010608000015E,070106,VENTANILLA,080,015,1,5,1,bajo
07010608000015H,070106,VENTANILLA,080,015,3,14,1,bajo
07010608000046G,070106,VENTANILLA,080,046,9,35,1,bajo
07010603600034C,070106,VENTANILLA,036,034,9,40,2,medio bajo
07010608000013C,070106,VENTANILLA,080,013,1,3,1,bajo
07010608000001F,070106,VENTANILLA,080,001,25,80,1,bajo
070106036000390,070106,VENTANILLA,036,039,8,26,2,medio bajo
070106036000440,070106,VENTANILLA,036,044,28,109,3,medio
070106036000400,070106,VENTANILLA,036,040,5,38,2,medio bajo
07010603600005A,070106,VENTANILLA,036,005,10,40,2,medio bajo
07010608000047F,070106,VENTANILLA,080,047,6,23,1,bajo
070106036000380,070106,VENTANILLA,036,038,9,32,2,medio bajo
070106036000280,070106,VENTANILLA,036,028,48,205,4,medio alto
070106036000370,070106,VENTANILLA,036,037,10,44,2,medio bajo
070106036000350,070106,VENTANILLA,036,035,10,38,4,medio alto
070106036000300,070106,VENTANILLA,036,030,44,163,4,medio alto
070106036000270,070106,VENTANILLA,036,027,36,126,4,medio alto
070106036000360,070106,VENTANILLA,036,036,25,89,3,medio
070106036000410,070106,VENTANILLA,036,041,19,75,2,medio bajo
070106036000430,070106,VENTANILLA,036,043,20,85,3,medio
070106036000060,070106,VENTANILLA,036,006,51,198,4,medio alto
070106075000420,070106,VENTANILLA,075,042,18,61,1,bajo
07010603600041A,070106,VENTANILLA,036,041,9,22,2,medio bajo
070106075000450,070106,VENTANILLA,075,045,12,44,1,bajo
070106060000530,070106,VENTANILLA,060,053,18,66,2,medio bajo
070106062010330,070106,VENTANILLA,062,033,16,62,1,bajo
070106060000330,070106,VENTANILLA,060,033,12,37,2,medio bajo
070106060000340,070106,VENTANILLA,060,034,17,63,2,medio bajo
070106060000080,070106,VENTANILLA,060,008,15,63,1,bajo
070106060000390,070106,VENTANILLA,060,039,12,35,2,medio bajo
070106060000400,070106,VENTANILLA,060,040,10,42,2,medio bajo
070106060000540,070106,VENTANILLA,060,054,12,61,2,medio bajo
070106060000280,070106,VENTANILLA,060,028,12,43,2,medio bajo
070106060000090,070106,VENTANILLA,060,009,14,37,1,bajo
070106060000490,070106,VENTANILLA,060,049,14,53,2,medio bajo
070106060000360,070106,VENTANILLA,060,036,20,61,2,medio bajo
070106060000580,070106,VENTANILLA,060,058,19,81,1,bajo
070106060000200,070106,VENTANILLA,060,020,18,73,2,medio bajo
070106060000290,070106,VENTANILLA,060,029,20,74,2,medio bajo
070106060000300,070106,VENTANILLA,060,030,17,91,2,medio bajo
070106060000350,070106,VENTANILLA,060,035,15,52,2,medio bajo
070106060000470,070106,VENTANILLA,060,047,10,40,2,medio bajo
070106060000320,070106,VENTANILLA,060,032,20,86,2,medio bajo
070106060000170,070106,VENTANILLA,060,017,6,20,1,bajo
070106060000480,070106,VENTANILLA,060,048,11,39,2,medio bajo
070106060000010,070106,VENTANILLA,060,001,11,34,1,bajo
070106060000160,070106,VENTANILLA,060,016,13,59,1,bajo
070106036000030,070106,VENTANILLA,036,003,45,194,4,medio alto
070106060000370,070106,VENTANILLA,060,037,8,38,2,medio bajo
070106060000150,070106,VENTANILLA,060,015,12,43,1,bajo
07010603600053B,070106,VENTANILLA,036,053,7,33,3,medio
070106036000020,070106,VENTANILLA,036,002,1,6,4,medio alto
070106060000380,070106,VENTANILLA,060,038,13,41,2,medio bajo
070106060000560,070106,VENTANILLA,060,056,18,70,1,bajo
070106036000100,070106,VENTANILLA,036,010,22,90,4,medio alto
07010603600053D,070106,VENTANILLA,036,053,4,18,3,medio
070106060000040,070106,VENTANILLA,060,004,12,39,1,bajo
070106060000550,070106,VENTANILLA,060,055,11,36,2,medio bajo
070106060000570,070106,VENTANILLA,060,057,19,57,1,bajo
070106060000210,070106,VENTANILLA,060,021,15,60,2,medio bajo
070106060000510,070106,VENTANILLA,060,051,16,63,2,medio bajo
07010606000031B,070106,VENTANILLA,060,031,3,15,2,medio bajo
070106036000230,070106,VENTANILLA,036,023,26,96,4,medio alto
070106060000460,070106,VENTANILLA,060,046,11,37,2,medio bajo
07010607500047B,070106,VENTANILLA,075,047,24,100,1,bajo
070106075000100,070106,VENTANILLA,075,010,16,60,1,bajo
07010608000015L,070106,VENTANILLA,080,015,7,22,2,medio bajo
070106058010070,070106,VENTANILLA,058,007,12,39,1,bajo
070106058010080,070106,VENTANILLA,058,008,16,44,1,bajo
070106058010060,070106,VENTANILLA,058,006,12,40,1,bajo
07010608000015M,070106,VENTANILLA,080,015,7,25,1,bajo
070106036000310,070106,VENTANILLA,036,031,16,68,4,medio alto
07010603600012K,070106,VENTANILLA,036,012,2,6,2,medio bajo
07010603600060A,070106,VENTANILLA,036,060,10,45,2,medio bajo
07010603600060G,070106,VENTANILLA,036,060,5,17,1,bajo
07010603600024C,070106,VENTANILLA,036,024,1,4,3,medio
07010603600012H,070106,VENTANILLA,036,012,14,41,2,medio bajo
07010603600012I,070106,VENTANILLA,036,012,9,31,2,medio bajo
07010603600024E,070106,VENTANILLA,036,024,2,11,3,medio
07010603600041E,070106,VENTANILLA,036,041,1,5,2,medio bajo
07010603600005E,070106,VENTANILLA,036,005,19,75,2,medio bajo
07010603600012J,070106,VENTANILLA,036,012,6,30,2,medio bajo
07010603600012G,070106,VENTANILLA,036,012,22,88,2,medio bajo
07010603600041F,070106,VENTANILLA,036,041,3,11,2,medio bajo
070106060000120,070106,VENTANILLA,060,012,9,35,1,bajo
07010603600057H,070106,VENTANILLA,036,057,9,38,1,bajo
07010603600041H,070106,VENTANILLA,036,041,8,24,2,medio bajo
07010603600041I,070106,VENTANILLA,036,041,25,100,2,medio bajo
07010603600057A,070106,VENTANILLA,036,057,1,3,2,medio bajo
07010603600057B,070106,VENTANILLA,036,057,11,32,1,bajo
070106036000040,070106,VENTANILLA,036,004,44,164,4,medio alto
070106058010100,070106,VENTANILLA,058,010,19,71,1,bajo
07010603600012F,070106,VENTANILLA,036,012,5,22,3,medio
07010603600057G,070106,VENTANILLA,036,057,17,77,1,bajo
07010603600057D,070106,VENTANILLA,036,057,6,19,1,bajo
07010603600057E,070106,VENTANILLA,036,057,1,5,1,bajo
07010603600057F,070106,VENTANILLA,036,057,5,22,1,bajo
070106058010120,070106,VENTANILLA,058,012,18,61,1,bajo
070106058010030,070106,VENTANILLA,058,003,13,51,1,bajo
070106058010140,070106,VENTANILLA,058,014,11,35,1,bajo
07010603600060I,070106,VENTANILLA,036,060,4,20,1,bajo
07010603600060L,070106,VENTANILLA,036,060,8,25,1,bajo
07010603600060V,070106,VENTANILLA,036,060,8,40,1,bajo
07010603600060M,070106,VENTANILLA,036,060,6,27,1,bajo
07010603600060H,070106,VENTANILLA,036,060,8,33,1,bajo
07010603600060Y,070106,VENTANILLA,036,060,21,63,1,bajo
07010603600060S,070106,VENTANILLA,036,060,10,44,1,bajo
07010603600060T,070106,VENTANILLA,036,060,14,34,1,bajo
07010603600060O,070106,VENTANILLA,036,060,7,12,1,bajo
070106060000070,070106,VENTANILLA,060,007,13,53,1,bajo
07010603600060Z,070106,VENTANILLA,036,060,27,77,1,bajo
07010603600060R,070106,VENTANILLA,036,060,9,31,1,bajo
07010603600060Q,070106,VENTANILLA,036,060,17,51,1,bajo
07010603600060P,070106,VENTANILLA,036,060,19,57,1,bajo
07010603600060K,070106,VENTANILLA,036,060,9,30,1,bajo
07010603600060U,070106,VENTANILLA,036,060,5,18,1,bajo
07010603600060N,070106,VENTANILLA,036,060,7,20,1,bajo
07010603600059N,070106,VENTANILLA,036,059,13,62,1,bajo
07010603600060X,070106,VENTANILLA,036,060,13,34,1,bajo
07010603600060W,070106,VENTANILLA,036,060,30,85,1,bajo
070106017000250,070106,VENTANILLA,017,025,19,88,2,medio bajo
070106060000520,070106,VENTANILLA,060,052,18,52,2,medio bajo
070106058010010,070106,VENTANILLA,058,001,9,37,1,bajo
070106028000150,070106,VENTANILLA,028,015,5,8,4,medio alto
070106028000080,070106,VENTANILLA,028,008,2,10,4,medio alto
070106058010020,070106,VENTANILLA,058,002,15,33,1,bajo
070106058010160,070106,VENTANILLA,058,016,20,60,1,bajo
070106058010050,070106,VENTANILLA,058,005,7,33,1,bajo
070106058010190,070106,VENTANILLA,058,019,6,19,1,bajo
070106058010180,070106,VENTANILLA,058,018,23,82,1,bajo
070106001020530,070106,VENTANILLA,001,053,7,28,1,bajo
070106058010170,070106,VENTANILLA,058,017,20,50,1,bajo
07010600102051A,070106,VENTANILLA,001,051,1,1,1,bajo
070106001020540,070106,VENTANILLA,001,054,7,26,1,bajo
070106028000160,070106,VENTANILLA,028,016,8,19,4,medio alto
07010600102060A,070106,VENTANILLA,001,060,14,55,1,bajo
070106001020560,070106,VENTANILLA,001,056,29,93,1,bajo
07010600102053A,070106,VENTANILLA,001,053,4,10,1,bajo
070106001020490,070106,VENTANILLA,001,049,12,42,1,bajo
07010600102064A,070106,VENTANILLA,001,064,5,17,1,bajo
07010600102055A,070106,VENTANILLA,001,055,30,96,1,bajo
07010600102057A,070106,VENTANILLA,001,057,55,178,1,bajo
070106001020590,070106,VENTANILLA,001,059,11,27,1,bajo
07010603600041G,070106,VENTANILLA,036,041,9,39,2,medio bajo
070106058010090,070106,VENTANILLA,058,009,16,55,1,bajo
070106017000380,070106,VENTANILLA,017,038,25,95,2,medio bajo
07010603600057C,070106,VENTANILLA,036,057,1,1,1,bajo
070106058010110,070106,VENTANILLA,058,011,17,59,1,bajo
07010601700013A,070106,VENTANILLA,017,013,18,85,2,medio bajo
07010601700010B,070106,VENTANILLA,017,010,13,54,2,medio bajo
070106017000180,070106,VENTANILLA,017,018,15,99,2,medio bajo
070106017000290,070106,VENTANILLA,017,029,19,76,2,medio bajo
070106017000030,070106,VENTANILLA,017,003,25,106,3,medio
070106017000310,070106,VENTANILLA,017,031,13,52,2,medio bajo
07010606000010A,070106,VENTANILLA,060,010,13,36,1,bajo
07010601700020A,070106,VENTANILLA,017,020,14,66,2,medio bajo
07010606000009A,070106,VENTANILLA,060,009,10,30,1,bajo
070106017000300,070106,VENTANILLA,017,030,11,37,2,medio bajo
07010606000012A,070106,VENTANILLA,060,012,19,62,1,bajo
070106017000210,070106,VENTANILLA,017,021,19,87,2,medio bajo
070106017000090,070106,VENTANILLA,017,009,22,99,3,medio
070106059000450,070106,VENTANILLA,059,045,10,28,2,medio bajo
070106017000080,070106,VENTANILLA,017,008,14,71,3,medio
070106017000160,070106,VENTANILLA,017,016,11,55,2,medio bajo
070106017000100,070106,VENTANILLA,017,010,25,139,3,medio
070106017000170,070106,VENTANILLA,017,017,21,77,2,medio bajo
070106059000170,070106,VENTANILLA,059,017,10,45,1,bajo
070106017000060,070106,VENTANILLA,017,006,28,137,3,medio
070106059000310,070106,VENTANILLA,059,031,5,17,2,medio bajo
070106059000160,070106,VENTANILLA,059,016,11,45,1,bajo
070106059000230,070106,VENTANILLA,059,023,7,35,1,bajo
070106059000430,070106,VENTANILLA,059,043,8,23,2,medio bajo
070106058010130,070106,VENTANILLA,058,013,14,44,1,bajo
070106060000060,070106,VENTANILLA,060,006,16,43,1,bajo
07010603600060J,070106,VENTANILLA,036,060,4,19,1,bajo
070106058010040,070106,VENTANILLA,058,004,6,15,1,bajo
070106017000270,070106,VENTANILLA,017,027,23,70,2,medio bajo
07010606000008A,070106,VENTANILLA,060,008,9,37,1,bajo
07010606000011A,070106,VENTANILLA,060,011,19,59,1,bajo
07010606000012B,070106,VENTANILLA,060,012,24,90,1,bajo
070106059000300,070106,VENTANILLA,059,030,17,40,2,medio bajo
070106059000140,070106,VENTANILLA,059,014,12,47,1,bajo
070106059000050,070106,VENTANILLA,059,005,16,71,1,bajo
070106059000240,070106,VENTANILLA,059,024,1,1,1,bajo
070106001020480,070106,VENTANILLA,001,048,3,14,1,bajo
070106001020470,070106,VENTANILLA,001,047,17,57,1,bajo
070106001020390,070106,VENTANILLA,001,039,6,21,1,bajo
070106001020460,070106,VENTANILLA,001,046,14,68,1,bajo
070106001020450,070106,VENTANILLA,001,045,18,79,1,bajo
070106001020520,070106,VENTANILLA,001,052,19,61,1,bajo
070106001020500,070106,VENTANILLA,001,050,10,46,1,bajo
07010600102002A,070106,VENTANILLA,001,002,22,95,2,medio bajo
070106001020030,070106,VENTANILLA,001,003,19,61,2,medio bajo
070106001020060,070106,VENTANILLA,001,006,12,41,2,medio bajo
070106001020070,070106,VENTANILLA,001,007,22,88,2,medio bajo
070106001020260,070106,VENTANILLA,001,026,9,45,2,medio bajo
070106001020210,070106,VENTANILLA,001,021,26,115,2,medio bajo
070106001020040,070106,VENTANILLA,001,004,24,93,2,medio bajo
070106001020080,070106,VENTANILLA,001,008,19,87,2,medio bajo
07010600102062B,070106,VENTANILLA,001,062,10,34,1,bajo
070106001020220,070106,VENTANILLA,001,022,15,73,2,medio bajo
070106001020320,070106,VENTANILLA,001,032,13,31,2,medio bajo
070106001020090,070106,VENTANILLA,001,009,15,66,2,medio bajo
070106001020200,070106,VENTANILLA,001,020,19,62,2,medio bajo
070106001020340,070106,VENTANILLA,001,034,33,126,1,bajo
070106001020630,070106,VENTANILLA,001,063,8,38,1,bajo
070106001020640,070106,VENTANILLA,001,064,9,26,1,bajo
070106001020310,070106,VENTANILLA,001,031,7,24,2,medio bajo
070106001020660,070106,VENTANILLA,001,066,12,39,1,bajo
070106001020680,070106,VENTANILLA,001,068,14,64,1,bajo
070106001020190,070106,VENTANILLA,001,019,22,74,2,medio bajo
070106001020690,070106,VENTANILLA,001,069,15,65,1,bajo
070106001020140,070106,VENTANILLA,001,014,11,26,2,medio bajo
070106001020100,070106,VENTANILLA,001,010,22,94,2,medio bajo
07010600102065C,070106,VENTANILLA,001,065,9,36,1,bajo
07010600102011A,070106,VENTANILLA,001,011,35,115,2,medio bajo
070106001020180,070106,VENTANILLA,001,018,16,65,2,medio bajo
07010600102038B,070106,VENTANILLA,001,038,21,109,1,bajo
070106001020160,070106,VENTANILLA,001,016,21,82,2,medio bajo
070106001020170,070106,VENTANILLA,001,017,6,29,2,medio bajo
070106001020230,070106,VENTANILLA,001,023,9,36,2,medio bajo
070106001020250,070106,VENTANILLA,001,025,17,70,2,medio bajo
070106001020240,070106,VENTANILLA,001,024,12,45,2,medio bajo
070106001020280,070106,VENTANILLA,001,028,6,31,2,medio bajo
070106001020430,070106,VENTANILLA,001,043,15,47,1,bajo
070106001020440,070106,VENTANILLA,001,044,14,54,1,bajo
07010600102002B,070106,VENTANILLA,001,002,7,23,2,medio bajo
07010604200001F,070106,VENTANILLA,042,001,3,15,2,medio bajo
070106001020350,070106,VENTANILLA,001,035,9,38,1,bajo
070106001020360,070106,VENTANILLA,001,036,16,75,1,bajo
07010603903001I,070106,VENTANILLA,039,001,30,89,4,medio alto
07010600102065B,070106,VENTANILLA,001,065,4,13,1,bajo
07010600102033B,070106,VENTANILLA,001,033,7,19,1,bajo
070106001020370,070106,VENTANILLA,001,037,14,40,1,bajo
07010600102033C,070106,VENTANILLA,001,033,11,46,1,bajo
070106001020010,070106,VENTANILLA,001,001,29,121,2,medio bajo
07010603903001G,070106,VENTANILLA,039,001,26,84,4,medio alto
070106001020270,070106,VENTANILLA,001,027,6,26,2,medio bajo
070106001020130,070106,VENTANILLA,001,013,14,50,2,medio bajo
070106001020150,070106,VENTANILLA,001,015,20,82,2,medio bajo
070106001020410,070106,VENTANILLA,001,041,21,78,1,bajo
070106001020420,070106,VENTANILLA,001,042,18,58,1,bajo
07010603903001J,070106,VENTANILLA,039,001,31,108,4,medio alto
