proyecto,codigo_proyecto,promotor,direccion,departamento,provincia,distrito,periodo_publicacion,area_techada_min,area_techada_max,area_lote_min,area_lote_max,precio_min,precio_max,unidades_disponibles,bono_verde,web,telefono,programa
PLAZA 27 RESIDENCIAL,,GRUPO INT S.A.C,Av 17 Noviembre y Jr Octavio Hinostroza,ANCASH,HUARAZ,HUARAZ,1/07/2026,75.0,40.0,0.0,0.0,380000.0,210000.0,33,0,www.grupoint.pe,954904331,nuevo_credito_mivivienda
OASIZ ,,GRUPO INT S.A.C,PROLONGANCIÓN PABLO PATRÓN 550,ANCASH,HUARAZ,INDEPENDENCIA,1/07/2026,114.0,78.35,0.0,0.0,350000.0,270000.0,2,0,https://grupoint.pe/,927171245,nuevo_credito_mivivienda
SOL DE LA CAMPIÑA - CHIMBOTE,,CONSTRUCTORA GALILEA S.A.C.,Prolongación Av. Buenos Aires km 4.2 La Campiña,ANCASH,CHIMBOTE,La Campiña,1/07/2026,83.3,41.7,0.0,0.0,237990.0,173990.0,265,2,https://galilea.com.pe/sol-de-campina/ ,994 698 410,nuevo_credito_mivivienda
RESIDENCIAL GARDENIAS,,GRUPO INMOBILIARIO MOLINA SRL,JR GARDENIAS S/N,APURÍMAC,ABANCAY,ABANCAY,1/07/2026,52.0,50.0,0.0,0.0,175000.0,135000.0,15,1,https://www.facebook.com/constructoramolinasrl,948240147,nuevo_credito_mivivienda
RESIDENCIAL LOS LIRIOS,,Constructora y Consultora Molina SRL,"JR LOS LIRIOS S/N, PATIBAMBA BAJA",APURÍMAC,ABANCAY,ABANCAY,1/07/2026,78.0,35.0,0.0,0.0,243500.0,107500.0,9,0,https://www.facebook.com/constructoramolinasrl,948240147,nuevo_credito_mivivienda
EDIFICIO MULTIFAMILIAR HESTIA,,GIL & RODRIGUEZ INVERSIONES INOBILIARIAS S.A.C,URBANIZACIÓN INDEPENDENCIA AMERICA MZ A LOTE 2,AREQUIPA,AREQUIPA,AREQUIPA,1/07/2026,66.68,43.5,0.0,0.0,219725.0,190312.0,17,0,www.hestia.pe,959332660,nuevo_credito_mivivienda
EDIFICIO MULTIFAMILIAR MIRANDA,,ERIKA MIRANDA DEL CARPIO,URB. AMPLIACION LA NEGRITA MZC LOTE11,AREQUIPA,AREQUIPA,AREQUIPA,1/07/2026,189.3,162.0,0.0,0.0,355000.0,193794.0,5,0,,950327825,nuevo_credito_mivivienda
MAGNA 193,,AML CONSTRUCTORA Y CONSULTORIA S.A.C.,"Urbanizacion La Quinta Umacollo, Calle Garcilazo de la Vega S/N Manzana R, Lote 193",AREQUIPA,AREQUIPA,AREQUIPA,1/07/2026,89.5,72.4,0.0,0.0,395000.0,265000.0,20,0,https://www.instagram.com/amlconstructorayconsultora?igsh=em1vYm1manY4YzB0,915146875,nuevo_credito_mivivienda
VIVE UMACOLLO,,VALTE CORPORACION S.A.C. ,CALLE RENATO MORALES DE RIVERA N° 61-67,AREQUIPA,AREQUIPA,AREQUIPA,1/07/2026,72.81,57.19,0.0,0.0,334197.9,262502.1,26,0,https://www.facebook.com/61590062880789/posts/pfbid0JUhCaDWGna5mhhXvaGFhWbKmZrinip6cbx3R7BuSqmQdoLrSuuo67UW1uBGAZfThl/,969520225,nuevo_credito_mivivienda
ARCADIA ROOSVELT,,ARCADIA INVESTMENTS SAC,"Asentamiento Humano Gráficos - Av, Roosvelt Q-16",AREQUIPA,Arequipa,Alto Selva Alegre,1/07/2026,102.0,54.8,0.0,0.0,339150.0,182210.0,14,0,https://www.facebook.com/share/17ENh3UmYh/,959927034,nuevo_credito_mivivienda
RESIDENCIAL CASTILLA II,,Alferza Desarrolladora Inmobiliaria,Psje. Ronda La Isla 106 Cercado - Arequipa,AREQUIPA,Arequipa,Arequipa,1/07/2026,138.37,32.33,0.0,0.0,545642.0,198000.0,41,2,https://alferza.pe/proyectos/castilla-b/,916877027,nuevo_credito_mivivienda
ARES 902 - BOUTIQUE APARTS,,HESTIA COIMSER,Av. Bolognesi 902,AREQUIPA,AREQUIPA,CAYMA,1/07/2026,80.0,80.0,0.0,0.0,0.0,443200.0,6,0,https://hestiacoimser.com/index.php,912 374 630,nuevo_credito_mivivienda
EDIFICIO MULTIFAMILIAR BELLO HORIZONTE II,,NAYAT INVERSIONES S.A.C.,"URBANIZACIÓN UN RINCÓN EN LA CHACRITA 2DA. ETAPA, MZ. B LOTE 1 CAYMA, AREQUIPA",AREQUIPA,AREQUIPA,CAYMA,1/07/2026,61.5,59.2,0.0,0.0,268000.0,255000.0,5,0,https://web.facebook.com/grupoasasconstructora/?locale=es_LA&_rdc=1&_rdr#,961314020,nuevo_credito_mivivienda
MULTIFAMILIAR VITA,,MURALLA CONSTRUCION Y SERVICIOS INMOBILIARIOS EIRL,"URB. VALLE ESCONDIDO mz. B, Lote 22-23",AREQUIPA,AREQUIPA,CAYMA,1/07/2026,72.0,72.0,0.0,0.0,430000.0,380000.0,5,0,https://casanueva.pe,959382667,nuevo_credito_mivivienda
ROMAÑA 125,,HENKO HOLDING S.A.C,CALLE ROMAÑA 125,AREQUIPA,AREQUIPA,CERCADO,1/07/2026,76.67,41.69,0.0,0.0,379516.5,206365.5,60,0,https://www.instagram.com/edificacioneshenko?utm_source=ig_web_button_share_sheet&igsh=ZDNlZDc0MzIxNw==,986 681 328,nuevo_credito_mivivienda
"CONJUNTO RESIDENCIAL ""LA ARBOLEDA - FASE II - ETAPA l""",,CLASEM S.A.C.,UC El Reintegro Mz A Lote 1 Sección Fase 2 - Sector Lateral 4-Primera Etapa - Cerro Colorado - Arequipa,AREQUIPA,AREQUIPA,CERRO COLORADO,1/07/2026,80.74,76.42,0.0,0.0,403000.0,255000.0,67,2,https://clasem.com/proyecto/la-arboleda/,957564896,nuevo_credito_mivivienda
Casaparq - Etapa III y IV,,CISSAC,Calle A 1 Urb El Rosario II Conodminio Casaparq,AREQUIPA,AREQUIPA,CERRO COLORADO,1/07/2026,75.0,64.7,0.0,0.0,355000.0,251901.0,96,2,https://cissacperu.com/,936297293,nuevo_credito_mivivienda
LUZZO CONDOMINIO,,CAPITAL CONSTRUCCIÓN E INFRAESTRCUCTURA SAC,Fundo Challapampa Mzj Sub Lote 1-A Cooperativa Frank Michell LTDA,AREQUIPA,AREQUIPA,CERRO COLORADO,1/07/2026,165.0,40.0,0.0,0.0,0.0,243562.0,97,1,https://anden.com.pe/condominio-en-cerro-colorado/,942800777,nuevo_credito_mivivienda
PROYECTO MULTIFAMILIAR TORRES DE ZEUS,, H & C INVERSIONES INMOBILIARIAS S.A.C,Av. Chachani S/N,AREQUIPA,AREQUIPA,CERRO COLORADO,1/07/2026,72.75,59.1,0.0,0.0,395500.0,280000.0,60,2,https://hestiacoimser.com/index.php,912 374 630,nuevo_credito_mivivienda
Residencial Acces,,Alferza Desarrolladora Inmobiliaria,Calle Los Arces 295,AREQUIPA,Arequipa,Cayma,1/07/2026,45.73,42.22,0.0,0.0,305939.0,237240.0,15,2,https://alferza.pe/proyectos/access-residencial/,916877027,nuevo_credito_mivivienda
Conjunto Residencial “Las Lomas de la Alameda – Etapa 2”,,CLASEM S.A.C.,"PROLONGACION CALLE 5, Mz. 2C, LOTE 1, URB. ALAMEDA SALAVERRY ",AREQUIPA,AREQUIPA,MIRAFLORES,1/07/2026,57.43,56.84,0.0,0.0,219900.0,210000.0,62,0,https://clasem.com/proyecto/lomas-de-la-alameda/,946021300,nuevo_credito_mivivienda
FORGA CONSTRUCTORA E INMOBILIARIA SAC,,EDIFICIO FORGA,P.T. INCLÁN MZ F SUBLOTE 7,AREQUIPA,ISLAY,MOLLENDO,1/07/2026,89.52,72.32,0.0,0.0,374400.0,302400.0,5,0,https://forgaconstructora.com/,953938711,nuevo_credito_mivivienda
RESIDENCIAL CALLACPUMA,,JENNY BOÑON VIVAR,JR. CALLACPUMA 507 ,CAJAMARCA,CAJAMARCA,BAÑOS DEL INCA,1/07/2026,85.0,80.0,0.0,0.0,190000.0,130000.0,7,0,https://www.facebook.com/share/1KzvYbF3gr/,974784881,nuevo_credito_mivivienda
Nuevavista Condominio,, SAN JOSÉ INMOBILIARIA PERÚ S.A.C.,Av Venezuela 2597,CALLAO,CALLAO,BELLAVISTA,1/07/2026,68.98,68.98,0.0,0.0,320000.0,303000.0,7,2,https://nuevavista.com.pe/,981 411 161,nuevo_credito_mivivienda
TERRAZAS DE BELLAVISTA,,NADLAN / INMOBILIARIA LA CHALACA,JR GRAU 455,CALLAO,CALLAO,BELLAVISTA,1/07/2026,65.0,55.0,0.0,0.0,324000.0,275000.0,40,2,www.nadlan.com.pe,989442802 - 986630795,nuevo_credito_mivivienda
LOS PARQUES DEL CALLAO CONDOMINIO RESIDENCIAL,,VIVA NEGOCIO INMOBILIARIO,AV. ARGENTINA 2430,CALLAO,CALLAO,CALLAO,1/07/2026,63.53,51.92,0.0,0.0,290000.0,221900.0,450,2,https://viva.com.pe/proyecto/los-parques-del-callao-condominio-residencial,959972546,nuevo_credito_mivivienda
Villa Monumental,,CONSTRUCTORA CUMBRES VILLANOVA S.A.C.,"Av. Argentina 1784, Callao - Callao",CALLAO,Callao,Callao,1/07/2026,70.0,57.0,0.0,0.0,280000.0,218000.0,120,2,www.cumbres.pe,981356556 / 923511349 / 983454660 / 926918360 / 933 985 027,nuevo_credito_mivivienda
PROYECTO PERLAMAR,,COLONIA GRUPO INMOBILIARIA SAC.,AV JOSE GALVEZ 1314,CALLAO,CALLAO,LA PERLA,1/07/2026,67.5,45.0,0.0,0.0,300000.0,200000.0,38,1,https://grupocolonia.com/project/multifamiliar-perlamar/,996067002,nuevo_credito_mivivienda
NUEVOS AIRES DE VENTANILLA,,TWO DESARROLLOS INMOBILIARIOS S.A.C.,"Calle 11, Urb. Pedro Cueva, Ventanilla - Callao",CALLAO,CALLAO,VENTANILLA,1/07/2026,78.0,40.0,0.0,0.0,243200.0,130000.0,91,2,https://nuevosairesdeventanilla.pe/landing/,991813097,nuevo_credito_mivivienda
Villanova,,CONSTRUCTORA CUMBRES VILLANOVA S.A.C.,"Av. Alameda 1 - 282, Callao",CALLAO ,CALLAO ,CALLAO ,1/07/2026,71.0,58.0,0.0,0.0,290000.0,217300.0,120,2,www.cumbres.pe,981356556 / 923511349 / 983454660 / 926918360 / 933 985 027,nuevo_credito_mivivienda
EDIFICIO MULTIFAMILIAR FLORENCIA 107,,PROCASA INVERSIONES INMOBILIARIA Y MULTISERVICIOS S.A.C.,URB QUISPICANCHIS AV. NICARAGUA H-5,CUSCO,CUSCO,CUSCO,1/07/2026,69.69,40.0,0.0,0.0,381800.0,262000.0,18,0,https://www.facebook.com/share/17URHoFGog/?mibextid=wwXIfr,933704877,nuevo_credito_mivivienda
Edificio Multifamiliar THE ROOT,,INKASA GESTORA DE PROYECTOS S.A.C. ,"Urb. Manuel Prado N15 MZ D, Calle Ollantaytambo",CUSCO,CUSCO ,CUSCO ,1/07/2026,105.87,40.0,0.0,0.0,488800.0,198000.0,13,0,https://inkasa.pe/,908841760,nuevo_credito_mivivienda
RESIDENCIAL CARMELIA,,GRUPO WAMOL,URB. MAGISTERIO 1ERA ETAPA CALLE OSWALDO BACA J-4,CUSCO,CUSCO ,CUSCO ,1/07/2026,58.56,47.6,0.0,0.0,373000.0,303000.0,6,0,grupowamol.com,984706280,nuevo_credito_mivivienda
RESIDENCIAL VASARI ,,GRUPO WAMOL ,"Av.Venezuela y Jr. Panamá  I - 1 – 2 , Urb. Quispicanchis Cusco - Cusco",CUSCO,CUSCO ,CUSCO ,1/07/2026,78.0,44.45,0.0,0.0,475000.0,265000.0,47,0,grupowamol.com,984706280,nuevo_credito_mivivienda
EDIFICIO MULTIFAMILIAR TOKIO 107,,PROCASA INVERSIONES INMOBILIARIA Y MULTISERVICIOS S.A.C.,URB. CACHIMAYO AV. LA CULTURA F. SANTUTIS F-11,CUSCO,CUSCO,SAN SEBASTIAN,1/07/2026,77.63,50.7,0.0,0.0,378400.0,272200.0,34,0,https://www.facebook.com/share/17URHoFGog/?mibextid=wwXIfr,933704877,nuevo_credito_mivivienda
Edificio Multifamiliar SOUL,,INKASA GESTORA DE PROYECTOS S.A.C. ,"Urb. Coviduc Lote A-16 MZ F, San Sebastián",CUSCO,CUSCO ,SAN SEBASTIAN ,1/07/2026,89.78,70.89,0.0,0.0,467000.0,386000.0,5,0,https://inkasa.pe/,908841760,nuevo_credito_mivivienda
Edificio Multifamiliar TERRA,,INKASA GESTORA DE PROYECTOS S.A.C. ,"Urb. Coviduc Lote F-8, San Sebastián",CUSCO,CUSCO,SAN SEBASTIAN ,1/07/2026,100.09,44.21,0.0,0.0,458000.0,262000.0,6,0,https://www.facebook.com/share/19EvzWMaST/,908841760,nuevo_credito_mivivienda
MARISCAL 14,,Grupo Alfard Constructora Inmobiliaria SAC,URB. HUANCARO I-14,CUSCO,CUSCO,SANTIAGO ,1/07/2026,93.3,37.3,0.0,0.0,375544.0,222248.0,20,0,https://grupoalfard.com/es/projects/huancaro, 984040533,nuevo_credito_mivivienda
RESIDENCIAL GRECEL,,FREAK CONSTRUCTORES Y CONSULTORES SRL,N° D5 4-5 DE LA URB. LARAPA GRANDE ,CUSCO,Cusco,San Jerónimo,1/07/2026,90.0,42.0,0.0,0.0,386600.0,140700.0,28,0,WWW.ifcperu.com,974790598,nuevo_credito_mivivienda
EDICICIO MULTIFAMILIAR ASTURIAS 107,,PROCASA INVERSIONES INMOBILIARIA Y MULTISERVICIOS S.A.C.,URB. LOS SAUCES PJE LOS SAUCES B-12,CUSCO,CUSCO,WANCHAQ,1/07/2026,65.04,44.33,0.0,0.0,366800.0,205500.0,8,0,https://www.facebook.com/share/17URHoFGog/?mibextid=wwXIfr,933704877,nuevo_credito_mivivienda
EDIFICIO MULTIFAMILIAR GALICIA 107,,PROCASA INVERSIONES INMOBILIARIA Y MULTISERVICIOS S.A.C.,URB. LOS SAUCES PJE LOS SAUCES B-13,CUSCO,CUSCO,WANCHAQ,1/07/2026,78.09,40.0,0.0,0.0,380600.0,192300.0,14,0,https://www.facebook.com/share/17URHoFGog/?mibextid=wwXIfr,933704877,nuevo_credito_mivivienda
EDIFICIO MULTIFAMILIAR PALERMO 107,,GRUPO & DISTRIBUIDORA CASAHOGAR SAC,URBANIZACIÓN TTIO MZ U2 LOTE 01,CUSCO,CUSCO,WANCHAQ,1/07/2026,65.92,50.51,0.0,0.0,402100.0,311800.0,12,0,https://www.facebook.com/share/17URHoFGog/?mibextid=wwXIfr,933704877,nuevo_credito_mivivienda
EDIFICIO MULTIFAMILIAR VALENCIA 107,,PROCASA INVERSIONES INMOBILIARIA Y MULTISERVICIOS S.A.C.,URB. LA FLORIDA AV. LOS GLADIOLOS I-15,CUSCO,CUSCO,WANCHAQ,1/07/2026,73.05,56.0,0.0,0.0,409200.0,249100.0,10,0,https://www.facebook.com/share/17URHoFGog/?mibextid=wwXIfr,933704877,nuevo_credito_mivivienda
SOL DE LA PRADERA,,CONSTRUCTORA GALILEA S.A.C.,"AV. SIMÓN BOLÍVAR S/N CHINCHA BAJA, REFERENCIA A 150M DE LA PLAZA DE ARMAS",ICA,CHINCHA,CHIMCHA BAJA,1/07/2026,83.3,41.7,0.0,0.0,213990.0,149490.0,530,0,https://galilea.com.pe/sol-de-la-pradera/,994698410,nuevo_credito_mivivienda
Residencial Santa Rita,,INVERSIONES Y CONSTRUCCIONES V Y D SAC,URB. SECTOR CONDORILLO BAJO PREDIO S/N,ICA,CHINCHA,CHINCHA ALTA,1/07/2026,0.0,70.0,0.0,0.0,0.0,96100.0,40,0,,964471594 / 972 070 046,nuevo_credito_mivivienda
SAN BLAS,,A.I.F. CONTRATISTAS GENERALES S.A.C.,Urb. Julio Arboleda MZ. A LT.06,ICA,CHINCHA,CHINCHA ALTA,1/07/2026,0.0,64.19,0.0,0.0,130000.0,107000.0,26,0,WWW.AIFPERU.COM,936 414 482,nuevo_credito_mivivienda
SANTO DOMINGO,,AIF CONTRATISTAS GENERALES S.A.C,Urb. Julio Arboleda MZ. A LT.06,ICA,ICA,CHINCHA ALTA,1/07/2026,0.0,66.0,0.0,0.0,0.0,81000.0,23,0,www.AIFPERU.COM,977940830/969808649,nuevo_credito_mivivienda
CASITA SUR ETAPA XI,,CASITASUR S.A.C.,"Av. Jose Carlos Mariátegui S/N - Sector San Antonio - Grocio Prado, Chincha",ICA,CHINCHA,Grocio Prado,1/07/2026,70.8,35.4,0.0,0.0,335000.0,115000.0,132,0,https://www.casitasur.pe/,957222485,nuevo_credito_mivivienda
Las Villas de Bouganville Ica,,CONSTRUCTORA CONCEPCIÓN ,"Camino a la Huega S/N, Ex Fundo La Rinconada, Ica",ICA,ICA,ICA,1/07/2026,98.0,62.0,0.0,0.0,0.0,275500.0,233,0,https://villasdebouganville.com/pages/ica,,nuevo_credito_mivivienda
"PARQUES DE HUACACHINA - ETAPA 4, 5, 6, 7 Y 8",,Urbaniza Inmobiliaria,"Camino a la Huega, Sector San José",ICA,ICA,ICA,1/07/2026,54.0,50.5,0.0,0.0,303000.0,265000.0,69,2,WWW.URBANIZA.PE,960197610,nuevo_credito_mivivienda
VILLA DEL VALLE,,LOS PORTALES S.A.,URB. SOL DE ICA INGRESANDO POR LA AV. HUEGA,ICA,ICA,ICA,1/07/2026,45.0,45.0,0.0,0.0,192000.0,177000.0,39,2,HTTPS://WWW.LOSPORTALES.COM.PE/VILLA-DEL-VALLE/,914321285,nuevo_credito_mivivienda
Encanto de Huacachina,,Urbaniza Inmobiliaria,"Camino a la Huega, Sector San José",ICA,Ica,Ica,1/07/2026,50.52,50.52,0.0,0.0,335000.0,304000.0,9,2,https://urbaniza.pe/,960197610,nuevo_credito_mivivienda
Las Torres de Huacachina,,Urbaniza Inmobiliaria,"Camino a la Huega, Sector San José",ICA,Ica,Ica,1/07/2026,48.05,42.92,0.0,0.0,166000.0,127000.0,25,0,https://urbaniza.pe/,960197610,nuevo_credito_mivivienda
Las Torres de Urbaniza,,Urbaniza Inmobiliaria,"Camino a la Huega, Sector San José",ICA,Ica,Ica,1/07/2026,48.05,42.92,0.0,0.0,150000.0,128000.0,12,0,https://urbaniza.pe/,960197610,nuevo_credito_mivivienda
Los Parques del Sol,,CLASEM S.A.C.,"Av. Finlandia Cdra. 9 (Camino a Los Lunas), al frente del Condominio Villa Club - Tinguiña.",ICA,ICA,LA TINGUIÑA,1/07/2026,25.0,25.0,0.0,0.0,145000.0,104500.0,86,0,https://clasem.com/proyecto/los-parques-del-sol/,994266230,nuevo_credito_mivivienda
RESIDENCIAL AMAPROVI,,CONSTRUCTORA INMOBILIARIA DEL SUR PERU S.C.R.L,Calle Las Margaritas P-12,ICA,NASCA,NASCA,1/07/2026,84.28,57.83,0.0,0.0,185000.0,175000.0,10,0,https://www.facebook.com/share/16JEZ9kasj/?mibextid=wwXlfr,941963053,nuevo_credito_mivivienda
LOS ALAMOS DE PIEDRA BLANCA,,CONSTRUCTORA INMOBILIARIA NLM EIRL,PREDIO PARCELA 201 - MACACONA SUBTANJALLA,ICA,ICA,SUBTANJALLA,1/07/2026,105.8,43.74,0.0,0.0,251000.0,186000.0,44,0,,958911361,nuevo_credito_mivivienda
SOL DE LAS VIÑAS,,CONSTRUCTORA GALILEA SAC,"UBIC RUR Sector Arrabales, Predio Fundo San Antonio Lote A, UC 66143",ICA,ICA,SUBTANJALLA,1/07/2026,90.0,90.0,0.0,0.0,229390.0,163490.0,229,0,https://galilea.com.pe/sol-de-las-vinas/, 912 425 804,nuevo_credito_mivivienda
RES. SAN IGNACIO,,CAMARGOS CONTRATISTAS GENERALES SAC,"Urb. Sector Acequia Grande – Huayabo Predio S/N C.P. / PARC. 8_3758515_12436, U.C. 12436",ICA,CHINCHA,SUNAMPE,1/07/2026,80.0,45.0,0.0,0.0,230000.0,135000.0,6,0,www.camargogroup.com.pe/linktr.ee/BCFINMOBILIARIA,996726746,nuevo_credito_mivivienda
RESIDENCIAL LAS ACACIAS,,HOGARES Y DISEÑOS VYK SAC,CALLE INMACULADA S/N PREDIO EL PINO SECTOR TOMA DEL PINO SUNAMPE,ICA,CHINCHA,SUNAMPE,1/07/2026,130.0,90.0,0.0,0.0,350000.0,250000.0,7,0,https://www.tiktok.com/@hogaresbnbchincha?_t=ZS-90Mc3aBN7Rf&_r=1,915174338,nuevo_credito_mivivienda
SANTA ROSA ,,CAMARGOS CONTRATISTAS GENERALES SAC,"SUB LOTE B-4 SECTOR FORMO PARTE DEL TERRENO DENOMINADO LOS PINOS, PAGO DE PILPA TOMA DE GONZALES ",ICA,CHINCHA,SUNAMPE ,1/07/2026,112.0,66.7,0.0,0.0,320000.0,195000.0,14,0,https://www.facebook.com/profile.php?id=61582331331968,996726746,nuevo_credito_mivivienda
Real Club House,,Grupo Inmobiliario Cima Prince SAC,Av. Camino Real N°300,ICA,Pisco,San Andrés,1/07/2026,59.3,47.19,0.0,0.0,195450.0,124250.0,100,0,https://cimaprince.com/nuestros-servicios/real-club-house/,967 376 208,nuevo_credito_mivivienda
Condominio Prados del este,,INVERSIONES CH&M S.A.C., Panamericana Sur Km. 296-Subtanjalla-Ica,ICA,ICA,Subtanjalla,1/07/2026,48.0,48.0,0.0,0.0,255000.0,230000.0,18,1,https://altitud.com.pe/prados-del-este-lotes/,943594472,nuevo_credito_mivivienda
RESIDENCIAL SAN ISIDRO,,ADILA CORPORATION SAC,Jr. Jorge Chávez #248 - El Tambo - Huancayo,JUNIN,HUANCAYO,EL TAMBO,1/07/2026,82.0,72.0,0.0,0.0,0.0,255000.0,16,0,,989449044,nuevo_credito_mivivienda
ALTAVISTA,,CERCOT INMOBILIARIA S.A.C.,ESQUINA DE JR JHANTU Y JR NACION WANKA-Frente a polideportivo wanka,JUNIN,HUANCAYO,HUANCAYO,1/07/2026,116.3,63.5,0.0,0.0,399000.0,209000.0,7,0,https://www.facebook.com/CercotInmobiliaria,948628320,nuevo_credito_mivivienda
RESIDENCIAL DIXIE TOWER,,FARGO CONSTRUCTION INVESTMENT CONSULTING E.I.R.L.,"ALAMEDA LA MERCED SUR N°134, URB. LA MERCED",JUNIN,HUANCAYO,HUANCAYO,1/07/2026,68.0,62.0,0.0,0.0,260000.0,230000.0,13,0,https://www.facebook.com/inmobiliariafargo/,950503768,nuevo_credito_mivivienda
SOL DE LA COLINA,,CERCOT INMOBILIARIA S.A.C.,JR WAYRA 597- HUANCAYO,JUNIN,HUANCAYO,HUANCAYO,1/07/2026,96.0,88.0,0.0,0.0,280000.0,275000.0,2,0,https://www.facebook.com/CercotInmobiliaria,969204590 - 948628320,nuevo_credito_mivivienda
El bosque ,,SI SOLUCIONES INMOBILIARIAS ,SECTOR BAJO PAURIALI - URB. EL BOSQUE - MAZAMARI,JUNIN,SATIPO,MAZAMARI,1/07/2026,65.0,65.0,0.0,0.0,140000.0,130000.0,10,2,,964550663,nuevo_credito_mivivienda
URBANIZACION OASIS ,,CORPORACION MAFAVIC SAC,Urbanización Oasis  MZL. Calle Cacao ,JUNIN,SATIPO,MAZAMARI,1/07/2026,65.0,47.0,0.0,0.0,86000.0,72000.0,39,0,,922491466,nuevo_credito_mivivienda
RESIDENCIAL ALAMEDA OBISPO NEMESIO RIVERA - ETAPA 1,,INMOBILIARIA REAL PROJECT M&C S.R.L.,Jr. Dos de Mayo N° 875,JUNIN,HUANCAYO,SAÑO,1/07/2026,75.315,62.042,0.0,0.0,230000.0,170000.0,15,0,,"961300812 - 986371569
977 839 970 - 964 648 715",nuevo_credito_mivivienda
Vista del Campo Condominio,,Alturia SAC Inmobiliaria Constructora,Av. Alfonso Ugarte N° 995,JUNIN,HUANCAYO,SAÑO,1/07/2026,157.0,50.0,0.0,0.0,340000.0,150000.0,30,0,"
www.alturiainmobiliariaperu.com.pe",995686688,nuevo_credito_mivivienda
CONDOMINIO CLUB EL ROSEDAL - Etapa 2.1,,CLASEM S.A.C.,Av. Circunvalación N°674 (Ref. a 100 metros de la UTP) Saños Chico - El Tambo,JUNIN,HUANCAYO,TAMBO,1/07/2026,75.0,63.0,0.0,0.0,249900.0,174000.0,80,2,https://clasem.com/proyecto/club-el-rosedal/,934 895 050,nuevo_credito_mivivienda
CONDOMINIO SANTA ANA,,GV INMOVILIARIA E.I.R.L.,A UNA CUADRA DEL CEMENTERIO DEL DEMENTERIO NUEVO DE LA BENEFICIENCIA DE HUANCAYO,JUNÍN,HUANCAYO,EL TAMBO,1/07/2026,60.0,45.0,0.0,0.0,130000.0,109000.0,10,0,https://www.facebook.com/GVInmobiliariaHuancayo/,956858541 / 925451672,nuevo_credito_mivivienda
LOS LIMOS,,INVERSIONES GRUPO TORRES SAC,PASAJE SAN FRANCISCO N°290,JUNÍN,HUANCAYO,EL TAMBO,1/07/2026,54.58,40.5,0.0,0.0,165000.0,120000.0,8,0,https://www.tiktok.com/@inmobiliariagrupotorres?_t=ZM-8zwfYlCsT5o&_r=1,923302278,nuevo_credito_mivivienda
RESIDECNIAL ROSEMBERG,,ADILA CORPORATION SAC,JR. SANTA ISABEL 1325,JUNÍN,HUANCAYO,EL TAMBO,1/07/2026,134.0,48.0,0.0,0.0,499000.0,189000.0,50,0,https://www.adilainmobiliaria.com/residencial-rosemberg/,935895496,nuevo_credito_mivivienda
RESIDENCIAL GEMINIS,,ADILA CORPORATION SAC,JR. LIBERTAD 1302,JUNÍN,HUANCAYO,EL TAMBO,1/07/2026,84.0,40.0,0.0,0.0,359000.0,139000.0,25,0,https://www.adilainmobiliaria.com/,966968697,nuevo_credito_mivivienda
RESIDENCIAL VANGUARD,,ADILA CORPORATION SAC,AV. ORION Y AV. BORIAL URBANIZACION JARDINES DE LA JUSTICIA,JUNÍN,HUANCAYO,EL TAMBO,1/07/2026,80.0,76.0,0.0,0.0,320000.0,295000.0,16,0,https://www.adilainmobiliaria.com/residencial-vanguard/,964489591,nuevo_credito_mivivienda
CONDOMINIO VISTA HERMOSA,,GV INMOVILIARIA E.I.R.L.,´PASEO PATAN COTO S/N SAN AGUSTIN DE CAJAS ,JUNÍN,HUANCAYO,HUALHUAS,1/07/2026,142.59,40.0,0.0,0.0,280000.0,140000.0,10,0,https://www.facebook.com/GVInmobiliariaHuancayo/,931936096,nuevo_credito_mivivienda
RESIDENCIAL VALLE GRANDE,,GV INMOVILIARIA E.I.R.L.,CARRETERA CENTRAL MARGUEN IZQUIERDA S/N DISTRITO DE MITO,JUNÍN,HUANCAYO,HUALHUAS,1/07/2026,214.45,60.0,0.0,0.0,330000.0,275000.0,20,0,https://www.facebook.com/GVInmobiliariaHuancayo/,931936096,nuevo_credito_mivivienda
COLINAS,,CERCOT INMOBILIARIA S.A.C.,ESQUINA DE JR JHANTU Y JR URPI-URBANIZACION COLINAS DE SAN ANTONIO,JUNÍN,HUANCAYO,HUANCAYO,1/07/2026,80.6,42.0,0.0,0.0,274000.0,149000.0,7,0,https://www.facebook.com/CercotInmobiliaria,948628320,nuevo_credito_mivivienda
RESIDENCIAL GALA,,ADILA CORPORATION SAC,JR. MANUEL VEGA ORTIZ NRO 190 - HUANCAYO ,JUNÍN,HUANCAYO,HUANCAYO,1/07/2026,118.0,78.0,0.0,0.0,339000.0,276000.0,13,0,www.adilainmobiliaria.com,935895496,nuevo_credito_mivivienda
RESIDENCIAL JARDINES DE FLORESTA II,,FLORESTA JAH INMOBILIARIA Y CONSTRUCTORA SAC,CALLE MARTIN LUTHER KING N°275,JUNÍN,HUANCAYO,HUANCAYO,1/07/2026,38.57,38.57,0.0,0.0,125000.0,125000.0,6,0,https://www.facebook.com/inmobiliariaflorestajah/,975329393 / 998510566,nuevo_credito_mivivienda
RESIDENCIAL NUEVO AMANECER,,GRUPO EMPRESARIAL NUEVO AMANECER SAC,"AV. ALAMEDA TRAVERSO S/N, LOTE-NA MZ P, URB. LAS COLINAS DE SAN ANTONIO",JUNÍN,HUANCAYO,HUANCAYO,1/07/2026,82.29,57.6,0.0,0.0,289000.0,198000.0,20,0,https://nuevoamanecer.pe/index.php,945746095,nuevo_credito_mivivienda
TORRES TITANIUM,,HOLDING INVERSIONES REYNAGA S.A.C.,A UNOS PASOS DEL TAMBO Y LA UNIVERSIDAD CONTINENTAL. (AVENIDA SAN AGUSTIN Y AVENIDA SAN CARLOS),JUNÍN,HUANCAYO,HUANCAYO,1/07/2026,97.66,41.35,0.0,0.0,327000.0,136000.0,20,0,https://www.facebook.com/profile.php?id=61588196065630,981407634,nuevo_credito_mivivienda
VILLA SAN PEDRO,,LLACSA S.A.C.,JR. MARISCAL CACERES Y AV. TUPAC AMARU ALTURA DEL MTC,JUNÍN,HUANCAYO,SAN PEDRO DE SAÑO,1/07/2026,90.0,90.0,0.0,0.0,195000.0,165000.0,20,0,https://www.facebook.com/people/TERRA-VERDE-Inmobiliaria/61572771512066/#,956000475,nuevo_credito_mivivienda
CONDOMINIO LOS ARANDANOS,,DESARROLLO INMOBILIARIO MARVERDE S.A.C,"MZ B9 LTE. 24, URB. MARVERDE I ETAPA FASE 2.1, DISTRITO DE CHAO, PROVINCIA DE VIRÚ Y DEPARTAMENTO DE LA LIBERTAD",LA LIBERTAD,VIRU,CHAO ,1/07/2026,100.2,50.1,0.0,0.0,170000.0,125000.0,105,0,https://marverde.pe/,970205657,nuevo_credito_mivivienda
Torres del Mall,,Constructora Moreno Linch S.A.C,Cruce Av. América Oeste y Av. Jesús de Nazareth,LA LIBERTAD,Trujillo,Covicorti,1/07/2026,64.2,52.7,0.0,0.0,295000.0,235000.0,500,0,https://morenolinch.com,940508668,nuevo_credito_mivivienda
 Sol de Huanchaco II,,CONSTRUCTORA GALILEA S.A.C.,Vía Evitamiento Km 575,LA LIBERTAD,TRUJILLO,HUANCHACO,1/07/2026,90.0,90.0,0.0,0.0,260000.0,145000.0,359,2,http://galilea.com.pe/,948319048,nuevo_credito_mivivienda
ALBORADA ETAPA I,,GRUPO INMOBILIARIA CODELI SAC,CARRETERA HUANCHACO KM 10,LA LIBERTAD,TRUJILLO,HUANCHACO,1/07/2026,120.0,88.0,0.0,0.0,420000.0,300000.0,35,0,https://grupocodeli.pe/,983057380,nuevo_credito_mivivienda
ANDALUCIA,,CONSTRUCTORA CUMBRES TRUJILLO S.A.C.,"AV. EL CORTIJO S/N - URB. ANDALUCÍA, HUANCHACO - TRUJILLO",LA LIBERTAD,TRUJILLO,HUANCHACO,1/07/2026,69.0,62.0,0.0,0.0,195000.0,163200.0,100,0,www.cumbres.pe,933263603,nuevo_credito_mivivienda
CONDOMINIO LAS BRISAS,,LAS BRISAS DE SANTA CLARA SAC,MZ. N LOTE N1 URB. SANTA CLARA,LA LIBERTAD,TRUJILLO,HUANCHACO,1/07/2026,85.76,76.91,0.0,0.0,294000.0,247000.0,23,2,WWW.TOPHOUSE.PE,981 198 883,nuevo_credito_mivivienda
Sol de Chan Chan II,,CONSTRUCTORA GALILEA S.A.C.,Av. Ramón Castilla 901-KM7 Autopista Huanchaco,LA LIBERTAD,TRUJILLO,HUANCHACO,1/07/2026,71.0,63.0,0.0,0.0,263000.0,160000.0,44,2,http://galilea.com.pe/,948319048,nuevo_credito_mivivienda
SANTA JULIA,,GRINSA SAC,HUANCHAQUITO ALTO 13000 ,LA LIBERTAD,TRUJILLO,HUANCHAQUITO,1/07/2026,36.74,36.74,0.0,0.0,284500.0,182000.0,27,2,https://www.facebook.com/grinsaconstructoratrujillo/?locale=es_LA,992546676 / 949424630,nuevo_credito_mivivienda
LA MERCED URBANIZACIÓN,,CONDOMINIO LA MERCED,SUBLOTE 1B PREDIO TRAPICHE - LAREDO - TRUJILLO - LA LIBERTAD,LA LIBERTAD,TRUJILLO,LAREDO,1/07/2026,122.56,62.23,0.0,0.0,217140.0,118822.0,300,0,https://lamercedlaredo.com/,972362937,nuevo_credito_mivivienda
CONJUNTO RESIDENCIAL VILLA SILVESTRE 2,,GRINSA SAC,"Predio los muertos y otros lote c, valle moche",LA LIBERTAD,TRUJILLO,MOCHE,1/07/2026,52.71,49.27,0.0,0.0,256000.0,225000.0,31,0,https://www.facebook.com/grinsainmobiliaria/,992546676,nuevo_credito_mivivienda
RESIDENCIAL LAS DELICIAS DE MOCHE,,TOP HOUSE LAS DELICIAS DE MOCHE S.A.C. (TOP HOUSE GESTORA INMOBILIARIA),"JOSE INCLAN S/N, MOCHE",LA LIBERTAD,TRUJILLO,MOCHE,1/07/2026,125.5,86.8,0.0,0.0,358800.0,254400.0,108,0,https://tophouse.pe/las-delicias-de-moche/,981198883,nuevo_credito_mivivienda
METROPOLITANA,,INNOBA INMOBILIARIA SAC,MZ J LT 01 URB. EL VALLE II ,LA LIBERTAD,TRUJILLO,TRUJILLO,1/07/2026,65.65,35.77,0.0,0.0,365000.0,180000.0,13,0,www.innoba.pe,970714551,nuevo_credito_mivivienda
RESIDENCIAL VILLA REAL,,INMOBILIARIA SANTA CATALINA SAC,Urb. Villa Municipal de Trujillo Mz B Lote 1,LA LIBERTAD,TRUJILLO ,TRUJILLO ,1/07/2026,77.0,71.0,0.0,0.0,282000.0,224200.0,100,0,,944538735,nuevo_credito_mivivienda
Primavera de San Isidro,,Inversiones Nuevo Pacifico SAC,Calle Vargas Llosa Mz. A Lote 01,LA LIBERTAD,Trujillo,Trujillo,1/07/2026,82.43,80.0,0.0,0.0,255000.0,210000.0,181,0,https://www.inp.com.pe,943777318,nuevo_credito_mivivienda
RESIDENCIAL EL CARMEN,,Inversiones Nuevo Pacifico SAC,Asociación de Vivienda El Carmen Mz. P3 Lote 49,LA LIBERTAD,Trujillo,Trujillo,1/07/2026,82.0,80.0,0.0,0.0,330000.0,325000.0,8,0,https://www.inp.com.pe/,943777319,nuevo_credito_mivivienda
ROMA APARTMENTS,,CORPORACIÓN BRANDM EIRL,PASAJE ITALIA LOTE 4 URB. SANTA EDELMIRA,LA LIBERTAD,TRUJILLO,VICTOR LARCO,1/07/2026,98.0,61.0,0.0,0.0,418500.0,255500.0,19,0,https://www.instagram.com/inmobiliaria.brandm?igsh=amM2YzV3bXlkMGto,933499040,nuevo_credito_mivivienda
CONJUNTO RESIDENCIAL LOS SAUCE II ETAPA,,AGUITEL S.A.C ,"SUB LOTE B-4ª, URB. LOS SAUCES 2DA ETAPA",LA LIBERTAD,TRUJILLO,VICTOR LARCO HERRERA,1/07/2026,98.0,49.0,0.0,0.0,195000.0,147000.0,128,0,www.avanti.com.pe,960 203 341,nuevo_credito_mivivienda
EL MIRADOR DEL GOLF,,CLASEM S.A.C.,"Prolog. César Vallejo 2670 - 2680, Urb. El Mirador del Golf",LA LIBERTAD,TRUJILLO ,VICTOR LARCO HERRERA,1/07/2026,86.0,60.0,0.0,0.0,280000.0,169900.0,66,2,https://clasem.com/proyecto/el-mirador-del-golf/,922404148,nuevo_credito_mivivienda
ELEVA 17,,IMPULSA EDIFICACIONES GENERALES S.A.C,Av. Huaman 131 LOTE 1B-STA EDELMIRA,LA LIBERTAD,TRUJILLO ,VICTOR LARCO HERRERA,1/07/2026,85.0,50.0,0.0,0.0,340000.0,180000.0,272,0,,970524986,nuevo_credito_mivivienda
MULTIFAMILIAR FÉNIX 21,,CONSTRUCTORA CONSTRUMINING SAVELAND SAC,Sector Balneario - Barrio 1 Mz. 21 Lote: 20 Hnos. Pinson 315,LA LIBERTAD,TRUJILLO,VICTOR LARCO HERRERA,1/07/2026,0.0,54.55,0.0,0.0,165000.0,150000.0,4,0,,,nuevo_credito_mivivienda
RESIDENCIAL EL GOLF DE TRUJILLO,,DERRAMA MAGISTERIAL,"VIA EVITAMIENTO S/N, EX FUNDO SAN PEDRO",LA LIBERTAD,TRUJILLO ,VICTOR LARCO HERRERA,1/07/2026,0.0,70.0,0.0,0.0,160000.0,125000.0,859,0,,960238168,nuevo_credito_mivivienda
CONJUNTO RESIDENCIAL PARQUE SANTA SOFIA - ETAPA 1,,CLASEM S.A.C.,Av. Evitamiento S/N a espaldas de SENCICO (A 5 min. de SENATI),LAMBAYEQUE,CHICLAYO,CHICLAYO,1/07/2026,119.52,63.46,0.0,0.0,268500.0,160500.0,120,2,https://clasem.com/proyecto/santa-sofia/,986608323,nuevo_credito_mivivienda
EDIFICIO RESIDENCIAL BETANIA ,,SANTA MARIA DEL NORTE CONSTRUCTORA & INMOBILIARIA SAC,Av. Comercio s/n Mz C lote N° 6 Urbanizacion Villa del Norte VI Etapa,LAMBAYEQUE,CHICLAYO,CHICLAYO,1/07/2026,109.0,70.0,0.0,0.0,335000.0,170000.0,36,0,https://www.facebook.com/BetaniaResidencial/,978185313,nuevo_credito_mivivienda
Los Parques de San Gabriel,,CLASEM S.A.C.,Av. Vía Evitamiento S/N a espaldas de SENCICO (A 5 min. de SENATI),LAMBAYEQUE,CHICLAYO,CHICLAYO,1/07/2026,81.0,68.0,0.0,0.0,280000.0,169900.0,49,2,https://clasem.com/proyecto/los-parques-de-san-gabriel/,986 608 323,nuevo_credito_mivivienda
RESIDENCIAL LOS CEREZOS,,BRICK CONSTRUCTORA INMOBILIARIA SAC,"CALLE LOS CEREZOS MZ B LT 10 CHICLAYO, CHICLAYO, LAMBAYEQUE",LAMBAYEQUE,CHICLAYO,CHICLAYO,1/07/2026,40.0,40.0,0.0,0.0,136000.0,127500.0,8,0,https://www.instagram.com/brick.constructorainmb?igsh=MXB6cGp1M25pOG81ag==,925634245,nuevo_credito_mivivienda
SOL DE LAS LOMAS,,CONSTRUCTORA GALILEA S.A.C.,FRENTE AL OVALO DE LA AV. AGRICULTURA,LAMBAYEQUE,CHICLAYO,CHICLAYO,1/07/2026,83.32,41.6,0.0,0.0,219990.0,157990.0,500,2,https://galilea.com.pe/sol-de-las-lomas/,924884444,nuevo_credito_mivivienda
Villa Posada del Sol de Chiclayo,,MENORCA INVERSIONES SAC,ALT. KM 3.5 CARRETERA A FERREÑAFE,LAMBAYEQUE,CHICLAYO,CHICLAYO,1/07/2026,79.59,39.2,0.0,0.0,234990.0,137500.0,46,2,https://menorca.pe/proyectos/casas/villa-posada-del-sol-chiclayo, 991 355 676,nuevo_credito_mivivienda
JARDINES DE CHOSICA ,,GRINSA SAC,PREDIO CHACUPE UC 11804 SECTOR CHACUPE,LAMBAYEQUE,CHICLAYO,LA VICTORIA,1/07/2026,70.23,60.0,0.0,0.0,184200.0,137000.0,39,1,,933670890,nuevo_credito_mivivienda
JOCKEY RESIDENCIAL - CHICLAYO,,HM INVERSIONISTAS S.A.C,Av. Los Incas N° 497 - La Victoria,LAMBAYEQUE,CHICLAYO,LA VICTORIA,1/07/2026,83.3,74.0,0.0,0.0,258718.0,220447.0,88,2,https://consorciodhmont.com/portfolio/jockey-residencial/,994623510 / 995176926,nuevo_credito_mivivienda
PUERTAS DEL SOL III,,CONSTRUCTORA GALILEA SAC,ALTURA DEL KM 776 DE LA PANAMERICANA NORTE,LAMBAYEQUE,CHICLAYO,LA VICTORIA,1/07/2026,113.22,90.0,0.0,0.0,346.922,192.49,71,0,https://galilea.com.pe/,?924 884 444,nuevo_credito_mivivienda
SAN SEBASTIAN,,GRINSA SAC,FUNDO CHACUPE CP PARCELA 70,LAMBAYEQUE,CHICLAYO,LA VICTORIA,1/07/2026,121.0,60.0,0.0,0.0,360000.0,153000.0,245,1,,922683496,nuevo_credito_mivivienda
VALLE HERMOSO ,,GRINSA SAC,"Urb. Los Nogales, pasando Santa Rosa PNP",LAMBAYEQUE,CHICLAYO,LA VICTORIA,1/07/2026,102.91,50.0,0.0,0.0,218500.0,123000.0,55,1,,922683496,nuevo_credito_mivivienda
SOL DE LAMBAYEQUE II,,CONSTRUCTORA GALILEA S.A.C.,"Av. Andrés Avelino Cáceres. Lambayeque, a 2 min del Hospital Belén",LAMBAYEQUE,LAMBAYEQUE,LAMBAYEQUE,1/07/2026,90.0,90.0,0.0,0.0,237990.0,171990.0,367,2,https://galilea.com.pe/sol-de-lambayeque2/,976 371  310,nuevo_credito_mivivienda
'LA AURORA DE PIMENTEL,,PROMOTORA PIMENTEL,CALLE SAN IGNACIO MZ 21 LT C0580,LAMBAYEQUE,CHICLAYO,PIMENTEL,1/07/2026,120.0,60.0,0.0,0.0,294500.0,174900.0,10,0,https://www.facebook.com/share/19cBsB5Tqb/?mibextid=wwXIfr,978831074,nuevo_credito_mivivienda
Las Torres del Pinar ,,Ortiz Lossio SRL,"Calle San José S/N, Ricardo Palma S/N, Leonardo Ortiz S/N (Cuadra 01)",LAMBAYEQUE,CHICLAYO,PIMENTEL,1/07/2026,53.23,52.95,0.0,0.0,213077.0,131253.0,30,0,www.inmobiliariamillenium.pe,989169556,nuevo_credito_mivivienda
RESIDENCIAL ALAMEDA SAN AGUSTIN,,MAXCONST EIRL.,KM 8.5 Carretera Chiclayo - Pimentel,LAMBAYEQUE,CHICLAYO,PIMENTEL,1/07/2026,60.0,60.0,0.0,0.0,350000.0,239000.0,40,0,https://www.facebook.com/permalink.php/?story_fbid=122130893996469927&id=61564097834722,954738934,nuevo_credito_mivivienda
SOL DE PIMENTEL II,,CONSTRUCTORA GALILEA S.A.C.,Carretera a Pimentel Km 5.5,LAMBAYEQUE,CHICLAYO,PIMENTEL,1/07/2026,90.0,90.0,0.0,0.0,239800.0,173990.0,505,2,https://galilea.com.pe/sol-de-pimentel-ii/,976 371  310,nuevo_credito_mivivienda
Condominio Casablanca,,AJR Services SAC,"Las Pampas de Pimentel, Lote 1,distrito de Pimentel, provincia de Chiclayo, departamento de Lambayeque.",LAMBAYEQUE,Chiclayo,Pimentel,1/07/2026,74.02,73.0,0.0,0.0,235152.19,219581.25,16,0,www.ajrgrupoinmobiliario.com,967944458,nuevo_credito_mivivienda
Del Parque Chiclayo Briz,,CISSAC,Av el sol S/N – Urb La Plata,LAMBAYEQUE,Chiclayo,Pimentel,1/07/2026,74.0,65.0,0.0,0.0,184605.0,161455.0,49,0,https://cissacperu.com/proyectos-en-venta/del-parque-chiclayo/,960 501 847,nuevo_credito_mivivienda
Villas de Bouganville,,J & S PERUANA STAR S.A.C.,KM. 768 DE LA PANAMERICANA NORTE - REQUE (A 20 min. Del centro de Chiclayo),LAMBAYEQUE,CHICLAYO,REQUE,1/07/2026,130.0,65.0,0.0,0.0,359000.0,239000.0,206,1,www.villasdebouganville.com,947445103,nuevo_credito_mivivienda
KAMPU,,LIDER INGENIERIA Y CONSTRUCCIÓN S.A,"AV. DANIEL ALCIDES CARRIÓN, ESQUINA CON AV. NN1, DISTRITO ATE VITARTE - SANTA CLARA",LIMA,LIMA,ATE,1/07/2026,79.86,66.26,0.0,0.0,327400.0,273000.0,6,1,HTTPS://LIDER.COM.PE/KAMPU,998 142 376,nuevo_credito_mivivienda
PARQUE CHIMÚ,,LA TORRE SERVICIOS INMOBILIARIOS S.A.C.,"Calle Las Chakiras 152, Salamanca",LIMA,LIMA,ATE,1/07/2026,93.97,47.36,0.0,0.0,363143.73,228971.09,8,0,https://latorresi.com/proyecto/chakira/,913738312,nuevo_credito_mivivienda
EDIFICIO ARCH TWO,,Zaavio Inmobiliaria S.A.C,Jr. Aurelio Souza 447,LIMA,LIMA,BARRANCO,1/07/2026,68.83,63.05,0.0,0.0,414759.0,403142.0,15,2,https://zaavioinmobiliaria.com/,993 554 296,nuevo_credito_mivivienda
EDIFICIO DE VIVIENDA MULTIFAMILIAR CASA BARRANCO,,GDC PROYECTOS PERU D SAC,Calle Enrique Barrón MZ.15 LT.158-159 URB.TEJADA-BARRANCO,LIMA,LIMA,BARRANCO,1/07/2026,47.0,40.0,0.0,0.0,0.0,392554.0,24,0,,951 937354/ 950 355 215,nuevo_credito_mivivienda
AMARI,,LA PAZ DESARROLLO INMOBILIARIO S.A.C.,"AV. LA PAZ 118, SAN MIGUEL",LIMA,LIMA,BREÑA,1/07/2026,73.81,73.81,0.0,0.0,475000.0,475000.0,1,0,WWW.INARCO.COM.PE,936 688 655,nuevo_credito_mivivienda
Conjunto Residencial Bonavista,,VAL D1,GENERAL ORBEGOSO 650,LIMA,LIMA,BREÑA,1/07/2026,70.69,41.27,0.0,0.0,394000.0,236550.0,111,0,https://bonavista.pe/,997 765 844,nuevo_credito_mivivienda
EDIFICIO MULTIFAMILIAR PALMER,,GRUPO DYM CONSTRUCTORA E INMOBILIARIA SAC,Jiron Jorge Chavez N° 1039-1045,LIMA,LIMA,BREÑA,1/07/2026,63.61,45.81,0.0,0.0,381700.0,241200.0,102,2,https://www.grupodymperu.com/,947612892,nuevo_credito_mivivienda
FAMILY TOWER 2,,QUATRO PROYECTOS S.A.C. (QUATRO INMOBILIARIA),Av. Republica de Portugal 690,LIMA,LIMA,BREÑA,1/07/2026,68.0,64.0,0.0,0.0,352000.0,352000.0,5,0,https://www.quatroinmobiliaria.pe/proyectos/family-tower-2/,946449319,nuevo_credito_mivivienda
GRAN PLAZA LORETO,,LOS PORTALES DEPARTAMENTOS SAC,Jr. Loreto N° 1588-1590,LIMA,LIMA,BREÑA,1/07/2026,70.78,33.99,0.0,0.0,0.0,270600.0,188,2,https://losportalesdepas.com.pe/,940205280,nuevo_credito_mivivienda
LOS PARQUES DE BREÑA CLUB RESIDENCIAL,,VIVA NEGOCIO INMOBILIARIO,AV CHAMAYA 280,LIMA,LIMA,BREÑA,1/07/2026,64.16,41.5,0.0,0.0,313138.0,279071.0,139,0,https://viva.com.pe/proyecto/los-parques-de-brena-club-residencial,959972546,nuevo_credito_mivivienda
RESIDENCIAL DOMUS SMART,,HOUZEN INMOBILIARIA SAC,Gral. Orbegoso 740,LIMA,LIMA,BREÑA,1/07/2026,63.0,50.0,0.0,0.0,350000.0,280000.0,13,2,https://houzen.pe/,960883264,nuevo_credito_mivivienda
Las Torres de Carabayllo ,,Inversiones Inmobiliarias Z&Z S.A.C.,"""URB. TORREBLANCA 3era. ETAPA 
AV. TÚPAC AMARU KM 23.50 
(Altura Paradero Llanta - Carabayllo""",LIMA,LIMA,CARABAYLLO,1/07/2026,58.5,44.9,0.0,0.0,189000.0,144000.0,64,2,https://zeta.pe/,997512022,nuevo_credito_mivivienda
VILLA CLUB CARABAYLLO Etapa V,,FREAK CONSTRUCTORES Y CONSULTORES SRL,"AV. COLECTORA. Lt V-13 URBANIZACION RESIDENCIAL URB. VILLA CLUB Etapa 5, distrito de Carabayllo, Lima",LIMA,Lima,CARABAYLLO,1/07/2026,140.0,72.89,0.0,0.0,215200.0,176000.0,29,0,Ginamaria Sánchez ,974790598,nuevo_credito_mivivienda
ALBAMAR RE+,,ALBA 39 SAC,"AV. ÓSCAR R. BENAVIDES 1740 (EX COLONIAL), CERCADO DE LIMA",LIMA,LIMA,CERCADO DE LIMA,1/07/2026,97.0,30.0,0.0,0.0,517900.0,185700.0,176,0,https://albamar.com.pe/departamentos/albamar-colonial-2/,994109277,nuevo_credito_mivivienda
CALIDEA,,QUARK PROYECTO 17 SAC,"JR. MANUEL DEL PINO 384 ESQ. CON JR. COMANDANTE MONTERO ROSAS N°1400-1408-1412-1420, URB. SANTA BEATRIZ, DISTRITO CERCADO DE LIMA",LIMA,LIMA,CERCADO DE LIMA,1/07/2026,52.0,40.0,0.0,0.0,488800.0,68800.0,15,0,https://quarkgrupoinmobiliario.com,944422655,nuevo_credito_mivivienda
EDIFICIO MULTIFAMILIAR SANTORINI,,CONSTRUCTORA E INMOBILIARIA BRAZIL S.A.C.,Av. Alejandro Tirado 751,LIMA,LIMA,CERCADO DE LIMA,1/07/2026,90.0,42.71,0.0,0.0,555259.0,263472.0,274,2,https://brazil.pe/proyecto/departamentos-en-santa-beatriz/,941 683 152,nuevo_credito_mivivienda
URBAN TOWER 3,,QUATRO OMICRON S.A.C. (QUATRO INMOBILIARIA),"Av. Mariano Cornejo 1824, Lima",LIMA,LIMA,CERCADO DE LIMA,1/07/2026,93.5,34.0,0.0,0.0,481506.0,234500.0,5,0,https://www.quatroinmobiliaria.pe/proyectos/urban-tower-3/,946449319,nuevo_credito_mivivienda
Residencial San Ignacio de Chaclacayo ,,Grupo Pozo inmobiliaria ,Carretera Central km 22.5 - nro 2226 - paradero comercio,LIMA,LIMA,CHACLACAYO,1/07/2026,127.0,42.0,0.0,0.0,498000.0,155000.0,348,2,https://inmobiliariapozo.com/,997929415,nuevo_credito_mivivienda
VILLA DEL PUERTO 1,,CONSTRUCTORA CUMBRES CHANCAY S.A.C. (CUMBRES),"KM. 1.5 Carretera Chancay - Huaral, Chancay",LIMA,HUARAL,CHANCAY,1/07/2026,54.0,54.0,0.0,0.0,136000.0,136000.0,100,0,www.cumbres.pe,924831411 / 924838042,nuevo_credito_mivivienda
ALAMEDA VISTA VERDE,,LOS PORTALES S.A.,"SUB  LOTE 01, PREDIO DENOMINADO CARMEN CONDE",LIMA,CAÑETE,CHILCA,1/07/2026,107.21,89.04,0.0,0.0,362000.0,345000.0,19,2,HTTPS://WWW.LOSPORTALES.COM.PE/ALAMEDA-VISTA-VERDE/,997342976,nuevo_credito_mivivienda
VILLA DE LA ALAMEDA SUR II,,LOS PORTALES S.A.,Km.62.5 Panamericana Sur,LIMA,CAÑETE,CHILCA,1/07/2026,152.59,86.31,0.0,0.0,193620.0,169000.0,2,2,https://www.losportales.com.pe/villa-de-la-alameda-sur/,997342976,nuevo_credito_mivivienda
VILLA DE LA ALAMEDA SUR III,,LOS PORTALES S.A.,"Sub lote 2, ubicando en el fundo Yolico, en la quebrada de Parca, urb. Villa de la Alameda Sur III",LIMA,CAÑETE,CHILCA,1/07/2026,157.77,84.42,0.0,0.0,254251.0,177700.0,60,0,https://www.losportales.com.pe/villa-de-la-alameda-sur/,997342976,nuevo_credito_mivivienda
VILLA DE LA ALAMEDA SUR IV ETAPA 1 y 2,,LOS PORTALES S.A.,Fundo El Carmen - Predio San Antonio ,LIMA,CAÑETE,CHILCA,1/07/2026,90.0,45.0,0.0,0.0,247457.0,174000.0,167,0,https://www.losportales.com.pe/villa-de-la-alameda-sur/,999447447,nuevo_credito_mivivienda
Alameda las Gaviotas,,CISSAC,Av. Las Gaviotas N° 246,LIMA,LIMA,CHORRILLOS,1/07/2026,51.0,51.0,0.0,0.0,309892.0,309892.0,2,2,https://cissacperu.com/,936297293,nuevo_credito_mivivienda
Condominio Felizia,,La Venturosa S.A.,"Av. Los Faisanes 327, Chorrillos",LIMA,LIMA,CHORRILLOS,1/07/2026,66.48,61.66,0.0,0.0,341906.54,324863.23,26,2,https://www.laventurosa.com,908837110,nuevo_credito_mivivienda
FLORECE,,MUREL DOMUM INVERSIONES S.A.C.,"Av. Los Faisanes 222, Chorrillos",LIMA,LIMA,CHORRILLOS,1/07/2026,72.83,25.94,0.0,0.0,365000.0,147000.0,123,2,,908 861 745,nuevo_credito_mivivienda
FRIENDZ 2,,HL DESARROLLOS INMOBILIARIOS,Ca. Andromeda Mz. J Lote 3,LIMA,LIMA,CHORRILLOS,1/07/2026,95.56,54.39,0.0,0.0,475603.0,292303.0,32,0,https://hldi.pe/friendz-2/, 973 139 259,nuevo_credito_mivivienda
GRAN GUARDIA PERUANA,,LOS PORTALES DEPARTAMENTOS SAC,"Av. Guardia Peruana MZ. G, Lt. 30, Sublote 29. Urb La Campiña",LIMA,LIMA,CHORRILLOS,1/07/2026,66.13,33.4,0.0,0.0,385235.0,242671.0,170,2,https://losportalesdepas.com.pe/,940205280,nuevo_credito_mivivienda
MIXXO,,Avenir Grupo Inmobiliario,"Av. Los Faisanes 204, CHORRILLOS,LIMA",LIMA,LIMA,CHORRILLOS,1/07/2026,65.0,65.0,0.0,0.0,390000.0,336000.0,126,2,https://www.avenirperu.pe/mixxo,941286997,nuevo_credito_mivivienda
MYKONOS,,SOLUCIONES ESPECIFICAS S.A.C.,Calle Dario Torres N° 153,LIMA,LIMA,CHORRILLOS,1/07/2026,0.0,39.0,0.0,0.0,0.0,345000.0,11,0,https://www.ifi-peru.com/,998991402,nuevo_credito_mivivienda
ORQUIDEAS,,Alegra Ontario S.A.C.,"CA. ONTARIO 192, URB. PARCELACIÓN LA CAMPIÑA",LIMA,LIMA,CHORRILLOS,1/07/2026,79.6,40.0,0.0,0.0,475675.0,200050.0,160,0,https://alegrainmobiliaria.pe/,934 457 046,nuevo_credito_mivivienda
RESIDENCIAL JOSE OLAYA ,,INJUANDEALIAGA PROYECTOS S.A.C.,AV JOSE OLAYA NRO 225,LIMA,LIMA,CHORRILLOS,1/07/2026,56.34,36.72,0.0,0.0,352138.0,243207.0,23,2,,979726392,nuevo_credito_mivivienda
SOLARIS,,GRUPO SANTA MARÍA,JIRON COMUNIDAD INDUSTRIAL NUMERO 230,LIMA,LIMA,CHORRILLOS,1/07/2026,145.0,40.0,0.0,0.0,530000.0,225000.0,350,0,https://gruposantamaria.com/,961769375,nuevo_credito_mivivienda
Sol Boulevard,,La Venturosa S.A.,"Av. El sol 1033, Chorrillos",LIMA,LIMA,CHORRILLOS,1/07/2026,68.0,33.0,0.0,0.0,341500.0,214000.0,400,0,https://laventurosa.com/proyectos/solboulevard/,908837110,nuevo_credito_mivivienda
Acacias Villa Residencial ,,VIVA NEGOCIO INMOBILIARIO,AV MANUEL GONZALES PRADA 1083 - 1085,LIMA,LIMA,COMAS,1/07/2026,110.0,55.0,0.0,0.0,270000.0,171000.0,350,2,https://www.viva.com.pe/proyecto/acacias-villa-residencial,959972546,nuevo_credito_mivivienda
CEREZOS CLUB RESIDENCIAL,,VIVA NEGOCIO INMOBILIARIO,"AV. A N°415 , CRUCE CON JR MONTEAGUDO",LIMA,LIMA,COMAS,1/07/2026,148.0,67.0,0.0,0.0,390000.0,247000.0,406,2,https://www.viva.com.pe/proyecto/cerezos-club-residencial,959972546,nuevo_credito_mivivienda
Ciudad Sol de Collique,,CONSORCIO DHMONT & CG&M SAC,Av. Micaela Bastidas Cuadra 8 – Comas,LIMA,LIMA,COMAS,1/07/2026,71.0,42.0,0.0,0.0,268135.0,148090.0,250,2,https://consorciodhmont.com/,991683168,nuevo_credito_mivivienda
Condominio Cinnco,,W R S.A.,"Av Alamedas del Retablo, Comas",LIMA,LIMA,COMAS,1/07/2026,81.0,73.0,0.0,0.0,347800.0,308000.0,188,2,https://lider.com.pe/condominio-cinnco,939922379,nuevo_credito_mivivienda
Conjunto Residencial Condominio Cuattro,,W R S.A.,PARCELA B2-A DE LA PARCELA B. MANZANA B-2 LOTE 2 EN EL JR H (EX CALLE C) S/N,LIMA,LIMA,COMAS,1/07/2026,104.0,77.0,0.0,0.0,389000.0,348600.0,61,2,https://lider.com.pe/condominio-cuattro,939922379,nuevo_credito_mivivienda
LOS GERANIOS 2 CONJUNTO RESIDENCIAL,,VIVA NEGOCIO INMOBILIARIO,"CRUCE DE CALLE 1 CON AV. BELAUNDE, COMAS",LIMA,LIMA,COMAS,1/07/2026,51.0,49.0,0.0,0.0,157000.0,134490.0,814,0,https://viva.com.pe/proyecto/geranios-2-condominio-de-departamentos,959972546,nuevo_credito_mivivienda
Residencial Seiss,,W R S.A.,"Av Alamedas del Retablo, Comas",LIMA,LIMA,COMAS,1/07/2026,58.0,54.0,0.0,0.0,270000.0,239900.0,162,0,https://lider.com.pe/residencial-seiss,939922379,nuevo_credito_mivivienda
VIVIENDA AMPLIA,,LUIS ROMERO RUIZ,"Av. Republica de Israel - Urb. El Álamo - Comas - Lima, a 2 cuadras del nuevo Mallplaza Comas y universidades.",LIMA,LIMA,COMAS,1/07/2026,90.0,80.0,0.0,0.0,367600.0,332000.0,5,0,"
https://www.facebook.com/VIVIENDAAMPLIA/
",941821793,nuevo_credito_mivivienda
Edificio Santa Maria de Carabayllo,,J&I Ingenieria SAC,Urb Santa María IV etapa mz f6 Lte 8 ,LIMA,Lima,Carabayllo,1/07/2026,89.13,78.23,0.0,0.0,255000.0,229500.0,5,0,www.sincontenido.com, 923444032 / 931240062,nuevo_credito_mivivienda
Pietra Centrale,,PEDRA CONSTRUCTORA E INMOBILIARIA S.A.C.,"Jirón Manuel Del Pino 238- 240, Urb. Santa Beatriz",LIMA,Lima,Cercado de Lima,1/07/2026,74.58,42.67,0.0,0.0,439191.09,264596.0,105,0,https://rumi.pe/,952 456 100,nuevo_credito_mivivienda
TULIPAN,,Corporación inmobiliara Monteblanco S.A.C,"AV. PETIT THOUARS 938, 960-972-980",LIMA,LIMA,Cercado de Lima,1/07/2026,55.57,40.0,0.0,0.0,378000.0,267000.0,75,2,https://abril.pe/departamentos/santa-beatriz/tulipan/?utm_source=search&utm_medium=cpa&utm_campaign=MayoGroup_EventosConversiones&utm_content=TULIPAN&gad_source=1&gad_campaignid=21274615356&gbraid=0AA,991234266,nuevo_credito_mivivienda
Living Residencia Club ,,CONSTRUCCION PROYECTOS LIDER S.A.,Av. Colonial 1566 - Cercado de Lima ,LIMA,Lima,Cercado de Lima ,1/07/2026,85.33,57.16,0.0,0.0,486100.0,315500.0,136,0,LIVING.LIDER.COM.PE,"998 170 246
922 308 806
975 459 546",nuevo_credito_mivivienda
Ambar,,CONSTRUCTORA MARTE,AV BRASIL NRO 2363,LIMA,LIMA,JESUS MARIA,1/07/2026,82.5,42.0,0.0,0.0,650000.0,280000.0,15,2,https://martegrupoinmobiliario.com/,908807523,nuevo_credito_mivivienda
EDIFICIO RESIDENCIAL CUBA,,IN ESMERALDA SAC,Av. Cuba 1142,LIMA,LIMA,JESUS MARIA,1/07/2026,46.0,40.0,0.0,0.0,350000.0,300000.0,7,2,https://invent.com.pe/,979726392,nuevo_credito_mivivienda
Edificio Multifamiliar Camelia,,ABRIL GRUPO INMOBILIARIO,Av. 28 de Julio 340,LIMA,LIMA,JESUS MARIA,1/07/2026,57.1,52.19,0.0,0.0,0.0,257700.0,32,2,https://abril.pe/departamentos/jesus-maria/camelia/,920 287 305,nuevo_credito_mivivienda
GIRASOL,,Corporación Olmo S.A.C,AV. MELLO FRANCO 341,LIMA,LIMA,JESUS MARIA,1/07/2026,67.41,57.56,0.0,0.0,466000.0,322000.0,23,2,https://abril.pe/departamentos/jesus-maria/girasol-departamentos-en-jesus-maria/?utm_source=search&utm_medium=cpa&utm_campaign=MayoGroup_EventosConversiones&utm_content=GIRASOL&gad_source=1&gad_campai,991234266,nuevo_credito_mivivienda
Gran Manzano,,ABRIL GRUPO INMOBILIARIO,"Av. San Felipe 1110, Jesús María",LIMA,LIMA,JESUS MARIA,1/07/2026,30.17,30.17,0.0,0.0,0.0,223600.0,238,0,https://abril.pe/departamentos/jesus-maria/san-felipe-1110/,963719568,nuevo_credito_mivivienda
LEGADO (Conjunto Residencial San Felipe),,IN ONIX S.A.C.,Av. San Felipe 787,LIMA,LIMA,JESUS MARIA,1/07/2026,42.0,41.0,0.0,0.0,355000.0,340000.0,55,0,https://invent.com.pe/,979726392,nuevo_credito_mivivienda
NEW ONE,,GRANADERO INMOBILIARIA,Jirón Almirante Guisse N° 912 y Avenida 6 de Agosto Número 409-415-419-425 y 429,LIMA,LIMA,JESUS MARIA,1/07/2026,45.29,45.29,0.0,0.0,353000.0,349000.0,2,2,https://granadero.com.pe/landing/proyectos/new-one,914109484,nuevo_credito_mivivienda
Bugambilias,,ABRIL GRUPO INMOBILIARIO,"Av. Brasil 1007, Jesús Maria",LIMA,LIMA,Jesús Maria,1/07/2026,57.0,31.84,0.0,0.0,0.0,205700.0,115,0,https://abril.pe/departamentos/jesus-maria/bugambilias/,969843744,nuevo_credito_mivivienda
EDIFICIO LOS PETIRROJOS,,INMOBILIARIA Y CONSTRUCTORA MANCO CAPAC S.A,"Jr. Cabo Blanco Nª 127, Sub Lote 1 del Lote 1 Mz D Urb. Sol de la Molina",LIMA,LIMA,LA MOLINA,1/07/2026,67.5,52.19,0.0,0.0,464200.0,292096.5,6,0,,975000538,nuevo_credito_mivivienda
EDIFICIO DE VIVIENDA MULTIFAMILIAR PARK PRADO,,GDC PROYECTOS PERU B SAC,"AV. JAVIER PRADO ESTE, MZ A.LOTE 1 Y 2, URB. PALOMAR NORTE",LIMA,LIMA,LA VICTORIA,1/07/2026,82.0,39.0,0.0,0.0,0.0,238659.0,349,0,https://gdc.pe/,951937354,nuevo_credito_mivivienda
ESCALA,,PAZ CENTENARIO S.A,AV. GALVEZ BARRENECHEA N° 200,LIMA,LIMA,LA VICTORIA,1/07/2026,59.09,52.99,0.0,0.0,467861.0,440438.0,17,2,https://paz.pe/,986 651 323,nuevo_credito_mivivienda
Edificio Multifamiliar Sauco,,ABRIL GRUPO INMOBILIARIO,Av. Javier Prado Este 1091,LIMA,LIMA,LA VICTORIA,1/07/2026,79.0,68.0,0.0,0.0,461800.0,428600.0,39,2,https://abril.pe/departamentos/javier-prado-este/sauco/,956931858,nuevo_credito_mivivienda
Elant,,GRUPO LAR,Av. Canadá N° 185 ,LIMA,LIMA,LA VICTORIA,1/07/2026,46.68,36.43,0.0,0.0,369748.56,264677.05,81,2,http://www.grupolar.pe/,953210538,nuevo_credito_mivivienda
FAMILY APARTMENTS,,HL DESARROLLOS INMOBILIARIOS,"Calle Ricardo Flores y Calle Alberto J. Barton,  Manzana I, Lote 13, 14 y 15 Urbanización Santa Catalina",LIMA,LIMA,LA VICTORIA,1/07/2026,68.61,44.48,0.0,0.0,484278.0,337962.0,14,2,https://hldi.pe/family-apartments/,977 843 026,nuevo_credito_mivivienda
HOPE,,VIVIENDAS DEL PERU S.A.C - URBANA,Av. Canadá Nº1075,LIMA,LIMA,LA VICTORIA,1/07/2026,72.1,54.31,0.0,0.0,527000.0,349000.0,17,2,https://www.urbanaperu.com.pe/,955925518,nuevo_credito_mivivienda
Hara,,GRUPO LAR,Calle Fermin Tanguis N° 160,LIMA,LIMA,LA VICTORIA,1/07/2026,37.87,36.0,0.0,0.0,328000.0,264510.63,29,2,https://www.hara.pe/,940454177,nuevo_credito_mivivienda
Proyecto Hercelles,,Balance Beta S.A.C,Jr. Oswaldo Hercelles 264-266-276-278,LIMA,LIMA,LA VICTORIA,1/07/2026,99.29,32.67,0.0,0.0,585000.0,234000.0,33,2,https://balance.pe/,981095691,nuevo_credito_mivivienda
RESIDENCIAL CAMPODONICO,,CONSTRUCTORA FERIBA SAC,AV. ESTEBAN CAMPODONICO N°447 URB. SANTA CATALINA - LA VICTORIA,LIMA,LIMA,LA VICTORIA,1/07/2026,137.98,51.81,0.0,0.0,0.0,336000.0,4,0,https://constructoraferiba.com/,991 471 894 ,nuevo_credito_mivivienda
Tempo,,INMOBILIARIA CAPIENTE S.A.C. -  URBANA,Av. Paseo de la República N° 2099,LIMA,LIMA,LA VICTORIA,1/07/2026,74.51,59.0,0.0,0.0,563000.0,455000.0,26,1,https://www.urbanaperu.com.pe/tempo/,955925518,nuevo_credito_mivivienda
The Standard,,SM RESIDENCIAL CINCO SAC,AV. CANADÁ 965,LIMA,LIMA,LA VICTORIA,1/07/2026,60.0,40.03,0.0,0.0,450000.0,296000.0,21,0,https://thestandard-santacatalina.gruposantamaria.com/,984775671,nuevo_credito_mivivienda
Alameda Central Condominio Ecoamigable,,BESCO,AV. MARISCAL ÓSCAR R. BENAVIDES. 1194,LIMA,LIMA,LIMA,1/07/2026,140.0,65.0,0.0,0.0,426.749,272.0,88,2,https://besco.com.pe/venta-departamentos/alameda-central-cercado-lima,(01)6373200,nuevo_credito_mivivienda
CEDRO 33,,ABRIL GRUPO INMOBILIARIO,Av. Mariscal Oscar R. Benavides N°2220,LIMA,LIMA,LIMA,1/07/2026,65.61,37.3,0.0,0.0,0.0,189440.0,178,0,www.abril.pe, 938 695 681,nuevo_credito_mivivienda
CENTRAL PARK,,INMOBILIARIA PARQUE CENTRAL S.A.C.,"Calle Manuel del Pino N° 115, 125, 133, 141, 149, 157 y Av. General Arenales N° 1387, Urb. Santa Beatriz, distrito Cercado, provincia y departamento de Lima.",LIMA,LIMA,LIMA,1/07/2026,70.92,50.72,0.0,0.0,0.0,355100.0,90,2,https://tribeca.com.pe/,984348220,nuevo_credito_mivivienda
Centriqo Club Condominio Ecoamigable,,BESCO,AV. VENEZUELA 2505,LIMA,LIMA,LIMA,1/07/2026,141.0,65.0,0.0,0.0,477200.0,278100.0,95,2,https://besco.com.pe/venta-departamentos/alameda-central-cercado-lima,(01)6373200,nuevo_credito_mivivienda
EDIFICIO MULTIFAMILIAR ALEJANDRO TIRADO,,IN AGATA SAC,Av. Alejandro Tirado 629-639-649 Urb. Santa Beatriz,LIMA,LIMA,LIMA,1/07/2026,42.45,42.45,0.0,0.0,307471.0,297101.0,4,2,https://invent.com.pe/,934612323,nuevo_credito_mivivienda
El Parque - Etapa 1,,RAEDAM SAC,Av. Aurelio García y García 1310,LIMA,LIMA,LIMA,1/07/2026,66.0,46.0,0.0,0.0,339900.0,288000.0,18,0,https://proyectoelparque.com/,981424448,nuevo_credito_mivivienda
GRAN CENTRAL COLONIAL,,LOS PORTALES DEPARTAMENTOS SAC,"Av. Colonial N°2703-2713-2733 esquina con el Jr. Teniente Arístides del Carpio Muñoz N°1108-1118- 1128, Urb. Los Cipreses",LIMA,LIMA,LIMA,1/07/2026,77.4,49.5,0.0,0.0,0.0,396708.0,195,2,https://losportalesdepas.com.pe/,940205280,nuevo_credito_mivivienda
GRAN CENTRAL COLONIAL 2,,LOS PORTALES DEPARTAMENTOS SAC,"Av. Colonial 2140-2178, Urb. Zona Industrial La Trinidad - II Etapa",LIMA,LIMA,LIMA,1/07/2026,70.31,40.48,0.0,0.0,477884.0,239040.0,77,2,https://losportalesdepas.com.pe/,940205280,nuevo_credito_mivivienda
JARDINES DE SANTA BEATRIZ,,TM GESTION INMOBILIARIA ,"JOSE GALVEZ 1212, SANTA BEATRIZ ",LIMA,LIMA,LIMA,1/07/2026,68.0,42.0,0.0,0.0,468548.0,298000.0,56,2,,987594294,nuevo_credito_mivivienda
S14,,VIVIENDAS DEL PERU S.A.C - URBANA,"AV. AREQUIPA 1437-1441, URB.SANTA BEATRIZ",LIMA,LIMA,LIMA,1/07/2026,129.3,66.2,0.0,0.0,829400.0,447000.0,26,2,https://www.urbanaperu.com.pe/,955925518,nuevo_credito_mivivienda
Urban Park,,INMOBILIARIA IMAGINA,AVENIDA PETIT THOUARS 1180,LIMA,LIMA,LIMA,1/07/2026,67.69,66.63,0.0,0.0,472812.0,456000.0,7,1,www.imagina.pe,920235773,nuevo_credito_mivivienda
Verti-C,,Inmobiliaria Veintiuno S.A.C.,Jr. Enrique Villar 602 Urbanizacion Santa Beatriz Lima,LIMA,LIMA,LIMA,1/07/2026,109.76,55.7,0.0,0.0,808000.0,342000.0,107,0,https://inmobiliaria21.pe/vertice/,968 998 898,nuevo_credito_mivivienda
"EDIFICIO MULTIFAMILIAR ""THE PARK",,INVERSIONES ZIME SAC,Jr. Joaquin Bernal N° 704-706 esquina con Jr. Francisco de Zela N° 2188,LIMA,LIMA,LINCE,1/07/2026,59.91,46.7,0.0,0.0,479300.0,440000.0,27,2,https://efronarq.com/proyecto-parque-castilla.html,983 464 331/ 998 530 569,nuevo_credito_mivivienda
EDIFICIO MULTIFAMILIAR SUMA,,PROMOTORA DICON SAC,"Ca. Los Geranios N°124, Urb. Jardin, Lince",LIMA,LIMA,LINCE,1/07/2026,94.87,45.35,0.0,0.0,626376.97,337355.2,22,2,https://grupodicon.com.pe/proyecto/suma/,949703757-967530422,nuevo_credito_mivivienda
Edificio Merino,,GRUPO MAJIEL S.A.C.,Av. Ignacio Merino 1772-1784,LIMA,LIMA,LINCE,1/07/2026,81.0,45.0,0.0,0.0,0.0,315810.0,10,2,https://grupomajiel.com/proyecto-merino/,933521434,nuevo_credito_mivivienda
HUB,,Gratia Constructora SAC,JR. CORONEL LEON VELARDE 650 - 654 - 654,LIMA,LIMA,LINCE,1/07/2026,119.92,41.54,0.0,0.0,574118.0,288703.0,21,0,www.gratia.com.pe,999078740,nuevo_credito_mivivienda
MUVIN,,COSAPI,AV PROLONGACION IQUITOS 1870,LIMA,LIMA,LINCE,1/07/2026,68.0,45.0,0.0,0.0,490000.0,335000.0,27,2,www.cosapiinmobiliaria.com.pe,966 874 541,nuevo_credito_mivivienda
NARA,,INMOBILIARIA ALERCES,AV. AREQUIPA 2364,LIMA,LIMA,LINCE,1/07/2026,81.0,40.0,0.0,0.0,0.0,280000.0,126,0,https://alerces.com.pe/nuevo-proyecto-en-lince-san_isidro_lima-nara/,933692412,nuevo_credito_mivivienda
ORQUÍDEA,,CORPORACIÓN INMOBILIARIA SANTA LEONOR S.A.C,AV. MILITAR 1727,LIMA,LIMA,LINCE,1/07/2026,68.45,53.58,0.0,0.0,488000.0,326000.0,13,2,https://abril.pe/departamentos/lince/orquidea-departamentos-en-venta-en-lince-abril-grupo-inmobilario/?utm_source=search&utm_medium=cpa&utm_campaign=MayoGroup_EventosConversiones&utm_content=ORQUIDEA&,991234266,nuevo_credito_mivivienda
Residencial Nativo,,TALE INMOBILIARIA,Jr. Domingo Casanova 151 Lince,LIMA,LIMA,LINCE,1/07/2026,42.0,40.08,0.0,0.0,354000.0,328000.0,81,2,,924694543,nuevo_credito_mivivienda
EDIFICIO BUENAVENTURA,,JESÚS NIXON CHINGAY CENTURIÓN ,CALLE 13 URB. MERCURIO SEGUNDA ETAPA MZ. “T” LOTE 15,LIMA,LIMA,LOS OLIVOS,1/07/2026,95.0,62.0,0.0,0.0,479300.0,344000.0,7,0,https://www.facebook.com/profile.php?id=61573705187261,990184336,nuevo_credito_mivivienda
Edificio Multifamiliar Roma,,Inmobiliaria Casabianka S.A.C.,"Calle 53, Mz. BBB2, Lt. 19, Urb. Pro Segundo Sector",LIMA,LIMA,LOS OLIVOS,1/07/2026,111.74,51.8,0.0,0.0,0.0,244081.0,9,0,https://casabianka.pe/?page_id=116,,nuevo_credito_mivivienda
RESIDENCIAL SOL DE FATIMA,,DASACOR SAC,"Jr. Huarmey Urb. Covida II Etapa Mz. F' Lt. 02, Distrito de Los Olivo",LIMA,LIMA,LOS OLIVOS,1/07/2026,69.64,56.43,0.0,0.0,355057.56,355024.72,5,0,https://www.facebook.com/Dasacor/?locale=es_LA,934542419,nuevo_credito_mivivienda
LAS BRISAS,,INMOBILARIA TU TECHO SAC,"Av. Lima Sur 1417,Chosica-Lurigancho",LIMA,LIMA,LURIGANCHO,1/07/2026,107.16,46.33,0.0,0.0,375000.0,146900.0,120,0,,965359659,nuevo_credito_mivivienda
ALGARROBOS DE LURÍN,,URCOPE LURÍN,Calle Huarangal - Lurín,LIMA,LIMA,LURIN,1/07/2026,41.62,40.33,0.0,0.0,201300.0,148500.0,87,0,https://www.algarrobosdelurin.com/,926673127,nuevo_credito_mivivienda
Edificio Magda,,La Venturosa S.A.,"Av. Sucre 358, Magdalena",LIMA,LIMA,MAGDALENA,1/07/2026,67.0,40.0,0.0,0.0,452500.0,278500.0,163,0,https://laventurosa.com/proyectos/magdalena/,908837110,nuevo_credito_mivivienda
EDIFICIO MULTIFAMILIAR AYACUCHO GREEN,,INVERFINA SAC,JR. AYACUCHO 750 - 754 MAGDALENA DEL MAR,LIMA,LIMA,MAGDALENA DEL MAR,1/07/2026,76.0,57.0,0.0,0.0,467400.0,373800.0,20,0,WWW.INVERFINA.COM,999023902,nuevo_credito_mivivienda
EDIFICIO MULTIFAMILIAR KAIA,,INIZIA PROYECTOS 04 SAC,Calle Mariscal Castilla 221,LIMA,LIMA,MAGDALENA DEL MAR,1/07/2026,106.92,40.0,0.0,0.0,0.0,262000.0,32,0,https://inizia.pe/proyectos/prox-lanzamiento/pronto-2/,951723280,nuevo_credito_mivivienda
EDIFICIO MULTIFAMILIAR NOBEL,,CARLAMONICA,Av. Javier Prado Oeste N° 821-823-829-831-881-885,LIMA,LIMA,MAGDALENA DEL MAR,1/07/2026,83.35,38.52,0.0,0.0,0.0,330000.0,168,2,www.ammainmobiliaria.com,946284576,nuevo_credito_mivivienda
EDIFICIO MULTIFAMILIAR VILLA CONVIVIUM,,JC CARAL MAGDALENA S.A.C.,Jr. Salaverry N° 245 ,LIMA,LIMA ,MAGDALENA DEL MAR,1/07/2026,0.0,66.67,0.0,0.0,0.0,355000.0,188,0,https://www.grupocaral.com.pe/villaconvivium/,,nuevo_credito_mivivienda
EDIFICIO RESIDENCIAL ALIAGA,,INVENT PACIFIC S.A.C.,Av. Antonio Miroquesada 435-437-439,LIMA,LIMA,MAGDALENA DEL MAR,1/07/2026,41.47,41.47,0.0,0.0,352414.0,339655.0,3,2,https://invent.com.pe/departamentos-en-venta-magdalena/aliaga-435/,934914475,nuevo_credito_mivivienda
LANDART,,"BECA INGENIERIA, GESTION Y CONSTRUCCION S.A.C.",CALLE 28 DE JULIO 629,LIMA,LIMA,MAGDALENA DEL MAR,1/07/2026,82.47,37.64,0.0,0.0,450000.0,225000.0,23,2,https://beca.pe/,987875845,nuevo_credito_mivivienda
TOP LIFE JUAN DE ALIAGA,,Torre Val Desarrollos S.A.C,Av. Antonio Miroquesada (ex Juan de Aliaga) N°415-419,LIMA,LIMA,MAGDALENA DEL MAR,1/07/2026,74.9,46.59,0.0,0.0,599900.0,383900.0,44,0,www.toplife.com.pe,967326267,nuevo_credito_mivivienda
Benavides 30,,INGECO S.A.C./CITIA,Av. Benavides 3066,LIMA,LIMA,MIRAFLORES,1/07/2026,125.56,54.05,0.0,0.0,0.0,369000.0,75,0,https://www.citia.pe/benavides30,945657584,nuevo_credito_mivivienda
MF WORK & LIVING APARTMENTS,,HL DESARROLLOS INMOBILIARIOS,Av. Paseo De La República N° 6334 6338 Urb. San Antonio,LIMA,LIMA,MIRAFLORES,1/07/2026,50.28,41.05,0.0,0.0,469205.0,398895.0,12,0,https://hldi.pe/mf-work-and-living/,969 371 540,nuevo_credito_mivivienda
EDIFICIO MULTIFAMILIAR RESIDENCIAL ARAGÓN,,GRUPO INMOBILIARIO AFM S.A.C.,"Jr.  ARAGÓN MZ. E LT 12, URB CUEVA",LIMA,LIMA,PUEBLO LIBRE,1/07/2026,131.2,66.48,0.0,0.0,0.0,418000.0,2,0,https://inzinia.pe/proyectos/en-construccion/aragon-375/,944099910,nuevo_credito_mivivienda
Edificio Multifamiliar Amaranta,,ABRIL GRUPO INMOBILIARIO,"Av. Bolivar 965, Pueblo Libre",LIMA,LIMA,PUEBLO LIBRE,1/07/2026,61.58,38.82,0.0,0.0,0.0,234482.0,83,2,https://abril.pe/departamentos/pueblo-libre/amaranta/, 951 633 505,nuevo_credito_mivivienda
ILLA LIVING,,INIZIA PROYECTOS 05,Jr. Granada N 194 - Pueblo Libre,LIMA,LIMA,PUEBLO LIBRE,1/07/2026,131.2,37.5,0.0,0.0,0.0,269500.0,11,0,https://inzinia.pe/proyectos/prox-lanzamiento/illa-living/,944099910,nuevo_credito_mivivienda
KAURÍ,,ABRIL GRUPO INMOBILIARIO,Av. Cipriano Dulanto 1335,LIMA,LIMA,PUEBLO LIBRE,1/07/2026,57.6,39.42,0.0,0.0,0.0,243830.0,78,2,www.abril.pe,943 045 558,nuevo_credito_mivivienda
MOVENTO,,MADRID 03 S.A.C.,"Av. Manuel Cipriano Dulanto 1535, Pueblo Libre ",LIMA,LIMA,PUEBLO LIBRE,1/07/2026,69.0,37.0,0.0,0.0,461760.0,244800.0,29,0,https://madridinmobiliaria.pe/,994 229 306,nuevo_credito_mivivienda
MULTIFAMILIAR PUEBLO LIBRE,,ESPACIOS Y ESTRUCTURAS INMOBILIARIAS SAC,AV. LA MARINA 445 - 449,LIMA,LIMA,PUEBLO LIBRE,1/07/2026,80.97,66.92,0.0,0.0,476000.0,385000.0,2,2,www.eeinmobiliaria.com,975429579,nuevo_credito_mivivienda
PROYECTO PIANA,,ANDIAMO INMOBILIARIA,AV. BOLIVAR 105,LIMA,LIMA,PUEBLO LIBRE,1/07/2026,61.98,32.6,0.0,0.0,410000.0,284000.0,54,0,https://www.andiamo.com.pe/proyectos-en-venta/edificio-pueblo-libre,978733986,nuevo_credito_mivivienda
UGARTECHE 2729,,Quark Proyecto 15 SAC,"Jr. Tupac Amaru Lote 4 (José Gregorio Paredes 2729), Urb. Fundo Oyague",LIMA,LIMA,PUEBLO LIBRE,1/07/2026,66.31,55.9,0.0,0.0,445000.0,355500.0,5,0,https://quarkgrupoinmobiliario.com,985 142 719,nuevo_credito_mivivienda
ALTOS DEL RÍMAC - 5TA ETAPA,,BESCO,AV. A Nº300 (5TA ETAPA),LIMA,LIMA,RIMAC,1/07/2026,59.0,59.0,0.0,0.0,256950.0,237200.0,14,2,https://besco.com.pe/venta-departamentos/nueva-independencia,(01)6373200,nuevo_credito_mivivienda
Las Lomas Residencial,,BESCO,"AV. A, LOTE 2 MZ B",LIMA,LIMA,RIMAC,1/07/2026,57.0,55.0,0.0,0.0,351290.0,323690.0,25,0,https://besco.com.pe/venta-departamentos/alameda-central-cercado-lima,(01)6373200,nuevo_credito_mivivienda
HIT,,VIVIENDAS DEL PERU S.A.C - URBANA,"Av. Javier Prado, Lote 7 Mz.H, Urb. Las Dalias",LIMA,LIMA,SAN BORJA,1/07/2026,76.91,49.95,0.0,0.0,488800.0,441100.0,9,2,https://www.urbanaperu.com.pe/,955925518,nuevo_credito_mivivienda
PARQUE SUR 668,,ARHENZ INMOBILIARIA SAC,AV. DEL PARQUE SUR 668,LIMA,LIMA,SAN BORJA,1/07/2026,53.3,35.0,0.0,0.0,479300.0,310960.0,30,0,www.parquesur668.com,973705323,nuevo_credito_mivivienda
ROOF GARDEN BARRENECHEA,,EV INMOBILIARIA BARRENECHEA SAC,"Av. Jose Gálvez Barrenechea cuadra 14, San Borja, Lima",LIMA,LIMA,SAN BORJA,1/07/2026,80.0,55.0,0.0,0.0,551022.0,376000.0,65,2,https://evergran.pe/proyectos/roof-garden,933 762 419,nuevo_credito_mivivienda
SKY PARK,,HYH INMOBILIARIA SAC,"Jirón Paseo del Bosque N° 830-834-838, Urb. Mariscal Castilla",LIMA,LIMA,SAN BORJA,1/07/2026,61.15,37.95,0.0,0.0,479000.0,284000.0,16,0,https://www.inhouse.com.pe/proyecto/skypark/,936314538,nuevo_credito_mivivienda
ALBA,,EJERCITO PROYECTOS S.A.C.,AV. PEREZ ARANIBAR 2124 SAN ISIDRO,LIMA,LIMA,SAN ISIDRO,1/07/2026,80.26,43.24,0.0,0.0,488800.0,388800.0,16,0,https://zafira.pe/alba/,970 735 866,nuevo_credito_mivivienda
BLUE SAN ISIDRO,,ESPARQ INVERSIONES,AV. PASEO DE LA REPUBLICA 3620,LIMA,LIMA,SAN ISIDRO,1/07/2026,88.69,40.04,0.0,0.0,727000.0,389000.0,124,2,https://www.bluesanisidro.com/,999555408,nuevo_credito_mivivienda
INSIGHT,,CONFORTA INMOBILIARIA SAN ISIDRO SOCIEDAD ANONIMA CERRADA,Av. Jose Galvez Barrenechea N 465,LIMA,LIMA,SAN ISIDRO,1/07/2026,49.7,29.2,0.0,0.0,500420.0,336160.0,20,0,https://confortainmobiliaria.com/,923032408,nuevo_credito_mivivienda
INSIGHT,,CONFORTA INMOBILIARIA SAN ISIDRO SOCIEDAD ANONIMA CERRADA,Av. José Gálvez Barrenechea 465 - San Isidro,LIMA,LIMA,SAN ISIDRO,1/07/2026,29.2,29.2,0.0,0.0,0.0,336160.0,1,1,https://confortainmobiliaria.com/,923032408,nuevo_credito_mivivienda
"Edificacion Nueva Multifamiliar : ""LOS TULIPANES"" ",,TAMAYA CONSTRUCTORES SAC,MZA A LOTE 4- URB. POP. COOP.VIV.LTDA 50 SAN MIGUEL DE PALLANCHACRA,LIMA,LIMA,SAN JUAN DE LURIGANCHO,1/07/2026,78.22,59.02,0.0,0.0,359000.0,252000.0,9,0,,985654605 / 985654602,nuevo_credito_mivivienda
GRAN PARQUE LAS FLORES,,LOS PORTALES DEPARTAMENTOS SAC,"Mz. F Lote 1, Urbanización San Hilarion",LIMA,LIMA,SAN JUAN DE LURIGANCHO,1/07/2026,116.12,36.26,0.0,0.0,467799.0,255611.0,137,2,https://losportalesdepas.com.pe/,940205280,nuevo_credito_mivivienda
Los Parques de San Juan Condominio Ecoamigable,,BESCO,AV. PORTADA DEL SOL 870,LIMA,LIMA,SAN JUAN DE LURIGANCHO,1/07/2026,141.0,65.0,0.0,0.0,474300.0,260500.0,98,2,https://besco.com.pe/venta-departamentos/alameda-central-cercado-lima,(01)6373200,nuevo_credito_mivivienda
Residencial Torrico 708,,Livenza Promotora Inmobiliaria,Jiron Joaquin Torrico 708 - San Juan de Miraflores,LIMA,LIMA,SAN JUAN DE MIRAFLORES,1/07/2026,96.45,60.46,0.0,0.0,375347.662,264359.0,3,0,https://livenza.pe/,959 500 277,nuevo_credito_mivivienda
LASSO 467,,PROMSAL S.A.C,AV ROSA TORO 467,LIMA,LIMA,SAN LUIS,1/07/2026,55.23,55.23,0.0,0.0,337288.0,330288.0,5,2,https://promsal.com/,934531151,nuevo_credito_mivivienda
EDIFICIO MULTIFAMILIAR GUADALUPE,,BACARAK S.A.C.,"Jr. VIRGEN DE CHAPI  - FRENTE AL PARQUE VIRGEN DE GUADALUPE – Urb. VIPOL, SAN DIEGO ",LIMA,LIMA,SAN MARTIN DE PORRES,1/07/2026,105.0,45.0,0.0,0.0,420000.0,165000.0,7,0,https://bacarak.com/,987957530,nuevo_credito_mivivienda
FELICITI ,,INMOBILIARIA NUEVO UNIVERSO II,Av. Chillón Trapiche 763,LIMA,LIMA,SAN MARTIN DE PORRES,1/07/2026,71.0,50.0,0.0,0.0,360700.0,201600.0,140,2,http://arquimia.pe/proyecto/feliciti/,959173547,nuevo_credito_mivivienda
GRAN TOMAS VALLE,,LOS PORTALES DEPARTAMENTOS SAC,CALLE JESUS VERA 441-459 (ANTES AV. TOMAS VALLE 1085),LIMA,LIMA,SAN MARTIN DE PORRES,1/07/2026,83.8,39.99,0.0,0.0,349599.0,335416.0,148,2,https://losportalesdepas.com.pe/,940205280,nuevo_credito_mivivienda
PASEO SAN MARTIN - ETAPA 5,,CONSTRUCTORA INARCO PERU SAC,Av. 10 de Junio 1020,LIMA,LIMA,SAN MARTIN DE PORRES,1/07/2026,50.74,50.74,0.0,0.0,285000.0,253000.0,3,2,WWW.INARCO.COM.PE,924973443/983274949,nuevo_credito_mivivienda
RESIDENCIAL SANTA MARIA,,  SANTA MARIA CONSTRUCTORES ,Frente a Calle Josefina Lote 17 – A.     San Martin de Porres. Entre Av. Paramonga y Av.Josefina,LIMA,LIMA,SAN MARTIN DE PORRES,1/07/2026,50.0,40.0,0.0,0.0,200000.0,150000.0,576,0,https://residencialsantamaria.com/,922 449 501,nuevo_credito_mivivienda
RESIDENCIAL ARIANA,,G & Y INVERSIONES INMOBILIARIAS S.A.C.,JR. LIBERTAD 3509,LIMA,LIMA,SAN MARTÍN DE PORRES,1/07/2026,64.17,53.13,0.0,0.0,256680.0,212520.0,8,0,https://www.facebook.com/profile.php?id=61575291695400,962396409,nuevo_credito_mivivienda
ALBORADA,,GRUPO MG,Av. La Paz 1150 ,LIMA,LIMA,SAN MIGUEL,1/07/2026,116.5,43.8,0.0,0.0,554900.0,240900.0,47,2,https://grupomg.pe/departamentos/san-miguel-alborada/,997 367 895,nuevo_credito_mivivienda
ALBORADA II,,GRUPO MG,Av. La Paz 1147,LIMA,LIMA,SAN MIGUEL,1/07/2026,114.2,41.5,0.0,0.0,503520.0,232400.0,54,2,https://grupomg.pe/departamentos/san-miguel-alborada-ii/,989 265 687,nuevo_credito_mivivienda
AMALFI,,PAZ CENTENARIO S.A,AV. COSTANERA CUADRA 25,LIMA,LIMA,SAN MIGUEL,1/07/2026,68.95,36.96,0.0,0.0,468905.0,245167.0,32,2,https://paz.pe/departamentos-en-venta/san-miguel/amalfi,984 142 418,nuevo_credito_mivivienda
AMARI,,LA PAZ DESARROLLO INMOBILIARIO S.A.C.,Av. La Paz 118,LIMA,LIMA,SAN MIGUEL,1/07/2026,73.81,73.81,0.0,0.0,475000.0,475000.0,1,2,https://inarco.com.pe/amari-san-miguel/,936 688 655,nuevo_credito_mivivienda
Allegro,,VIVIENDAS DEL PERU S.A.C - URBANA,Av. Costanera N° 980,LIMA,LIMA,SAN MIGUEL,1/07/2026,77.2,59.6,0.0,0.0,527000.0,470000.0,8,1,https://www.urbanaperu.com.pe/allegro-loft/,955925518,nuevo_credito_mivivienda
CALAMO,,BOLOGNESI 322 VITAIN DESARROLLADORA 26 S.A.C.,JIRÓN FRANCISCO BOLOGNESI N°310 - 314 - 318 - 322 - 326 - 330; URB. FUNDO SAN MIGUEL,LIMA,LIMA,SAN MIGUEL,1/07/2026,53.46,26.9,0.0,0.0,359257.0,220203.0,10,0,https://vitain.pe/,982094428,nuevo_credito_mivivienda
ECOAMIRA,,ECOHABITAT DESARROLLO INMOBILIARIO SAC,"AV. DE LOS PATRIOTAS MZ. HM, LOTE 11, URBANIZACION MARANGA III",LIMA,LIMA,SAN MIGUEL,1/07/2026,75.4,38.8,0.0,0.0,474000.0,171000.0,91,0,www.ecohabitat.com.pe,924513518,nuevo_credito_mivivienda
EDIFICIO DE VIVIENDA MULTIFAMILIAR PARK SAN MIGUEL,,GDC PROYECTOS PERÚ SAC,"JIRÓN GRAN MARISCAL RAMÓN CASTILLA Nº740, SAN MIGUEL",LIMA,LIMA,SAN MIGUEL,1/07/2026,72.0,48.0,0.0,0.0,0.0,343213.0,9,2,,944159091,nuevo_credito_mivivienda
EDIFICIO LATIR 490,,INMOBILIARIA VALLE LUZ SAC,Av. De los Precursores 490 – Urb. Maranga 5ta Etapa,LIMA,LIMA,SAN MIGUEL,1/07/2026,71.65,45.73,0.0,0.0,0.0,256000.0,60,2,,962261099,nuevo_credito_mivivienda
Edificio  Multifamiliar Pietra D´Avanti,,CONSTRUCTORES & ASOCIADOS HASA S.A.C,"JR. LOS PATRIOTAS N° 418-424 MZ° ""4"" LT 14 Y 15 URB. MARANGA 3RA ETAPA",LIMA,LIMA,SAN MIGUEL,1/07/2026,79.07,38.96,0.0,0.0,456083.67,241773.29,106,2,www.rumi.pe,952 456 100,nuevo_credito_mivivienda
ICONO TOWERS,,Grupo Icono Inmobiliaria e Inversiones S.A.C.,Av. La Paz 1585 - San Miguel,LIMA,LIMA,SAN MIGUEL,1/07/2026,82.0,34.0,0.0,0.0,415000.0,195000.0,106,0,WWW.ICONOINMOBILIARIA.PE,993503269,nuevo_credito_mivivienda
INCENTRIC,,CARLOS GONZALES 212 VITAIN DESARROLLADORA 27 S.A.C.,"CALLE CARLOS GONZALES N°212 - 214 Y CALLE INTISUYO N°215, URB. MARANGA 7MA ETAPA",LIMA,LIMA,SAN MIGUEL,1/07/2026,68.33,31.89,0.0,0.0,488193.0,232281.0,147,0,https://vitain.pe,934543506,nuevo_credito_mivivienda
INDEPENDENCIA 351,,CONSTRUYE E INNOVA VARGAS,"INDEPENDENCIA 351, SAN MIGUEL 15086",LIMA,LIMA,SAN MIGUEL,1/07/2026,96.0,47.0,0.0,0.0,0.0,280000.0,9,0,https://inmobiliariacoinva.com/independencia-351/,988138663,nuevo_credito_mivivienda
LA PAZ 2173,,LM DESARROLLO INMOBILIARIO S.A.C.,AV. LA PAZ 2173,LIMA,LIMA,SAN MIGUEL,1/07/2026,81.0,51.0,0.0,0.0,435000.0,289000.0,17,2,https://www.mcinversionesinmobiliarias.pe/proyectos-en-venta/edificio-la-paz-2173/,989 377 905,nuevo_credito_mivivienda
LIKE ONE,,GRANADERO INMOBILIARIA,AV. UNIVERSITARIA N°845,LIMA,LIMA,SAN MIGUEL,1/07/2026,67.18,42.2,0.0,0.0,510000.0,350000.0,10,2,https://granadero.com.pe/landing/proyectos/like-one,963820917,nuevo_credito_mivivienda
La Marina by Bengala,,CASALUX SAC,Av. La Marina 2255,LIMA,LIMA,SAN MIGUEL,1/07/2026,63.5,42.51,0.0,0.0,492667.0,341978.0,20,2,https://bengala.pe/,957222485,nuevo_credito_mivivienda
MADISON PARK,,INMOBILIARIA CESAR LOPEZ SAC,Jr. César Lopez Rojas 201 Sub Lote 1B,LIMA,LIMA,SAN MIGUEL,1/07/2026,122.74,40.92,0.0,0.0,405210.0,253704.0,287,2,https://tribeca.com.pe/madison-park/, 973630697,nuevo_credito_mivivienda
PARQUES DEL MAR,,VIVA NEGOCIO INMOBILIARIO,"AV. COSTANERA 1690, SAN MIGUEL",LIMA,LIMA,SAN MIGUEL,1/07/2026,124.0,75.0,0.0,0.0,430000.0,362100.0,92,2,https://viva.com.pe/proyecto/parques-del-mar,959972546,nuevo_credito_mivivienda
PATIO LA PAZ,,PAZ CENTENARIO S.A,"AV. LA PAZ 2551, URB. MIRAMAR SUB LOTE 1",LIMA,LIMA,SAN MIGUEL,1/07/2026,125.27,31.72,0.0,0.0,616743.0,222529.0,245,2,https://paz.pe/departamentos-en-venta/san-miguel/patio-la-paz,981533614,nuevo_credito_mivivienda
PROYECTO SANMI,,ROYAL PROPERTIES S.A.C.,"CALLE CACIQUE DE UMACHIRI N° 305 , URB SAN MIGUELITO, EN DISTRITO DE SAN MIGUEL",LIMA,LIMA,SAN MIGUEL,1/07/2026,72.0,45.0,0.0,0.0,462000.0,326000.0,9,1,https://sanmi.pe/,908856125,nuevo_credito_mivivienda
SAINT ELLIOT 308,,MAC RESIDENCIALES SAC,Calle Padre Guatemala 308 San Miguel,LIMA,LIMA,SAN MIGUEL,1/07/2026,75.0,52.0,0.0,0.0,468000.0,240000.0,6,0,https://goo.su/OTNkhV,949006745,nuevo_credito_mivivienda
SARANTI,,CONSTRUCTORA INARCO PERU SAC,AV. LA PAZ 124,LIMA,LIMA,SAN MIGUEL,1/07/2026,67.3,38.9,0.0,0.0,396811.0,231654.0,98,0,https://inarco.com.pe/saranti-san-miguel/,936 688 655,nuevo_credito_mivivienda
SUPRA TOWER,,QUATRO EPSILON S.A.C. (QUATRO INMOBILIARIA),Av. Los Patriotas 415,LIMA,LIMA,SAN MIGUEL,1/07/2026,101.5,33.0,0.0,0.0,535297.0,239381.0,65,0,https://www.quatroinmobiliaria.pe/,987675091,nuevo_credito_mivivienda
TORRE LUCAS,,INVERSIONES PSL SAC,"AV. PIO XII 317, SAN MIGUEL",LIMA,LIMA,SAN MIGUEL,1/07/2026,78.0,66.0,0.0,0.0,429000.0,390000.0,13,2,https://3grupoinmobiliario.pe/proyectolucas/,943901846,nuevo_credito_mivivienda
VIA ALEGRO,,CONSTRUCTORA Y SERVICIOS GENERALES KALLPA SAC,AV RIVA AGUERO 468- LOTE 16 Y 17 - URB PANDO IV ETAPA- SAN MIGUEL,LIMA,LIMA,SAN MIGUEL,1/07/2026,185.66,40.08,0.0,0.0,943722.0,258704.0,58,0,https://constructorakallpa.pe/,981015267,nuevo_credito_mivivienda
VIVAPARK,,ECOHABITAT DESARROLLO INMOBILIARIO SAC,CALLE ALFREDO ICAZA CONTRERAS 185,LIMA,LIMA,SAN MIGUEL,1/07/2026,67.1,37.7,0.0,0.0,440400.0,205000.0,24,0,www.ecohabitat.com.pe,924513518,nuevo_credito_mivivienda
VISTA VERDE I,,GRUPO MG,Jr. Torres Paz 834,LIMA,LIMA,SANTA BEATRIZ,1/07/2026,119.0,55.0,0.0,0.0,637370.0,356500.0,35,0,https://grupomg.pe/proyecto/vista-verde/,941 309 242,nuevo_credito_mivivienda
AZUL CONDOMINIO,,ENACORP S.A,JR. DIEGO FERRÉ ESQ. CON JR . PEÑA RIVERA Y ESQ. CON BATALLA DE MIRAFLORES,LIMA,LIMA,SANTIAGO DE SURCO,1/07/2026,80.21,73.35,0.0,0.0,427500.0,355000.0,139,0,www.enacorp.pe,946473136,nuevo_credito_mivivienda
BONGÓ,,AKAMAI,"JR. PEÑA RIVERA 400, SURCO",LIMA,LIMA,SANTIAGO DE SURCO,1/07/2026,73.0,63.0,0.0,0.0,361248.0,318528.0,53,0,https://condominiobongosurco.com.pe/,944669018,nuevo_credito_mivivienda
Central Park Aquarius,,Inversiones Dolly S.A.C.,"Jr. Las Gaviotas N° 1660, Urb. Sagitario",LIMA,LIMA,SANTIAGO DE SURCO,1/07/2026,80.35,45.05,0.0,0.0,0.0,289880.0,1,2,www.hogares.pe,994 098 685-923 425 577,nuevo_credito_mivivienda
EDIFICIO BALBOA,,CONSTRUCTORA CAPON SAC,Av. Paseo de la Republica 6715 Mz. A lote 26 – 27 Urb. Ing. Antúnez de Mayolo – Santiago de Surco,LIMA,LIMA,SANTIAGO DE SURCO,1/07/2026,71.91,52.47,0.0,0.0,465832.5,240000.0,17,2,www.constructoracapon.pe,975429579,nuevo_credito_mivivienda
HIGH LINE,,INMOBILIARIA CAMINOS DEL INCA 508 SAC,Av. Caminos del Inca 508 con Cañon del Pato 103-105,LIMA,LIMA,SANTIAGO DE SURCO,1/07/2026,69.64,45.94,0.0,0.0,0.0,390490.0,119,2,https://tribeca.com.pe/,984348220,nuevo_credito_mivivienda
SAMAY,,PAQARI DESARROLLO INMOBILIARIO,AV. EDMUNDO AGUILAR PASTOR 407,LIMA,LIMA,SANTIAGO DE SURCO,1/07/2026,60.4,40.0,0.0,0.0,0.0,245000.0,109,0,www.grupopaqari.pe,905 449 248 / 936 689 064,nuevo_credito_mivivienda
Villalegre,,La Venturosa S.A.,Esquina Jiron Luis Dextre Echaiz con Santiago de Surco 15023,LIMA,LIMA,SANTIAGO DE SURCO,1/07/2026,75.0,65.0,0.0,0.0,372805.0,300413.0,64,0,,994032351,nuevo_credito_mivivienda
ZANTE,,SOLUCIONES ESPECIFICAS S.A.C.,Av. Paseo la castellana N° 243,LIMA,LIMA,SANTIAGO DE SURCO,1/07/2026,0.0,39.0,0.0,0.0,0.0,351000.0,21,0,https://www.ifi-peru.com/,998991402,nuevo_credito_mivivienda
Altaurora,,La Venturosa S.A.,Av Tomar Marsano 1921 ,LIMA,LIMA,SURQUILLO,1/07/2026,64.0,53.0,0.0,0.0,461910.0,383230.0,13,0,,994032351,nuevo_credito_mivivienda
DOMUN CASUARINAS,,PRODICON INGENIEROS SAC,CALLE LA CASUARINAS 210 - 214,LIMA,LIMA,SURQUILLO,1/07/2026,50.3,40.0,0.0,0.0,315000.0,294000.0,8,0,https://prodiconing.com/,994018705,nuevo_credito_mivivienda
DORUE,,CONSORCIO DESARROLLADORA ORUE,"JR. JUAN DE DIOS RIVERO, JR. CARLOS AUGUSTO SALAVERRY, AVENIDA DOMINGO ORUE, PJ. JOSE LEON, MZ 09, URB. LIMA, SURQUILLO",LIMA,LIMA,SURQUILLO,1/07/2026,68.5,35.0,0.0,0.0,540000.0,341000.0,44,0,https://desarrolladora.com/proyectos/dorue/,944570812,nuevo_credito_mivivienda
EDIFICIO HARRINGTON,,EDIFICACIONES Y CONSTRUCCIONES T & T SAC,Calle Harrington 181 Urb. La Calera de la Merced,LIMA,LIMA,SURQUILLO,1/07/2026,64.71,48.3,0.0,0.0,454911.0,403788.0,6,0,https://www.facebook.com/share/19u5nJy8F5/?mibextid=qi2Omg,933101257,nuevo_credito_mivivienda
EDIFICIO MULTIFAMILIAR VITTORIE,,GRUPO DYM CONSTRUCTORA E INMOBILIARIA SAC,Av. Principal 915 Mza. A lote 23 y 24,LIMA,LIMA,SURQUILLO,1/07/2026,70.0,38.5,0.0,0.0,0.0,258000.0,56,0,,947612892,nuevo_credito_mivivienda
High Life,,Madrid 02 SAC,Av. Tomas Marsano 2353,LIMA,LIMA,SURQUILLO,1/07/2026,66.9,39.6,0.0,0.0,432000.0,260000.0,73,0,https://madridinmobiliaria.pe/proyecto/high-life,994229306,nuevo_credito_mivivienda
MORAR,,TER EDIFICACIONES S.A.C.,Av. Tomas Marsano 2273,LIMA,LIMA,SURQUILLO,1/07/2026,70.0,42.5,0.0,0.0,0.0,365000.0,53,2,,(01) 6420156 / 981412312,nuevo_credito_mivivienda
SQ WORK & LIVING APARTMENTS,,HL DESARROLLOS INMOBILIARIOS,AV. PASEO DE LA REPUBLICA N° 4117 - 4137 ESQ. CA. LOS CANARIOS URB. LIMATAMBO,LIMA,LIMA,SURQUILLO,1/07/2026,65.66,55.38,0.0,0.0,456867.0,397838.0,8,0,https://hldi.pe/sq-work-and-living/,969371540,nuevo_credito_mivivienda
TOP 818,,KALLPA IN HOUSE S.A.C.,LOTES 12 Y 13 DE LA MZ B FRENTE A AVENIDA PRINCIPAL URB. JORGE CHAVEZ,LIMA,LIMA,SURQUILLO,1/07/2026,52.71,37.14,0.0,0.0,432027.0,329177.0,8,1,https://www.inhouse.com.pe/proyecto/top818/,946 299 425,nuevo_credito_mivivienda
VISTA TOWER,,QUATRO OMEGA S.A.C. (QUATRO INMOBILIARIA),Av. Tomas Marsano 2619,LIMA,LIMA,SURQUILLO,1/07/2026,68.0,28.0,0.0,0.0,509383.0,246515.0,15,0,https://www.quatroinmobiliaria.pe/proyectos/vista-tower/,946449319,nuevo_credito_mivivienda
Condominio Libertad 2515,,CISSAC,Av Libertad 2515 - San Miguel,LIMA,Lima,San Miguel,1/07/2026,75.8,40.0,0.0,0.0,426030.0,225112.0,114,0,https://cissacperu.com/departamentos-venta/departamentos-venta-en-san-miguel-condominio-libertad-2515/,904 185 093,nuevo_credito_mivivienda
Sauce Zen,,ABRIL GRUPO INMOBILIARIO,"Calle Carlos Gonzáles Candamo 224, San Miguel",LIMA,LIMA,San Miguel,1/07/2026,59.23,34.9,0.0,0.0,0.0,217200.0,149,0,https://abril.pe/departamentos/san-miguel/gonzales-candamo-224/,952104642,nuevo_credito_mivivienda
Stellia,,Madrid Inmobiliaria,C. Carlos Gonzales Candamo 245,LIMA,Lima,San Miguel,1/07/2026,80.0,40.0,0.0,0.0,445000.0,259000.0,133,0,https://madridinmobiliaria.pe,  994 229 306,nuevo_credito_mivivienda
RESIDENCIAL MEDALLO,,CONSTRUCTORA E INMOBILIARIA MEDALLO,Car. Piura Chulucanas Km. 8 Sec. Valle Medio Piura – Predio Miraflores U.C. 124033,PIURA,PIURA,CASTILLA,1/07/2026,163.14,90.0,0.0,0.0,192500.0,160000.0,612,0,https://web.facebook.com/p/Residencial-Santa-Sofia-61562880613700/?_rdc=1&_rdr#, 966476934,nuevo_credito_mivivienda
Urb. El Prado,,El Prado Fondo de Inversiones Privado,"Av. Miguel Grau cdra 20, Castilla - Piura",PIURA,PIURA,CASTILLA,1/07/2026,140.0,90.0,0.0,0.0,168600.0,157600.0,96,0,https://www.facebook.com/residencialelprado.piura?mibextid=ZbWwL,999 494896,nuevo_credito_mivivienda
VYVE PIURA ETAPA 1,,VYVE Y VMP SAC,Río Seco 18741,PIURA,PIURA,CASTILLA,1/07/2026,45.0,45.0,0.0,0.0,236600.0,157200.0,210,2,https://vyve.pe/proyecto/inmobiliario-piura/,977124008,nuevo_credito_mivivienda
Quinta Amelia,,ANDEN,"JR. FLOR DE RETAMA N° 108, LOTE 11, URB. CATACAOS",PIURA,PIURA,CATACAOS,1/07/2026,43.12,43.12,0.0,0.0,210805.0,173924.0,51,2,https://anden.com.pe/quinta-amelia-casas-en-piura/,942020618,nuevo_credito_mivivienda
SOL DEL PRADO,,CONSTRUCTORA GALILEA SAC,CARRETERA A CATACAOS S/N - PIURA,PIURA,PIURA,CATACAOS,1/07/2026,90.0,90.0,0.0,0.0,247990.0,179990.0,560,2,https://galilea.com.pe/,943776940,nuevo_credito_mivivienda
CIUDAD SOL DE PIURA,,CONSORCIO DHMONT & CG&M SAC,Av. Chulucanas S/N Cruce con Av. Sánchez Cerro - Veintiséis de Octubre,PIURA,PIURA,PIURA,1/07/2026,75.0,55.0,0.0,0.0,227000.0,161000.0,1835,2,https://consorciodhmont.com/,989067001,nuevo_credito_mivivienda
CONJUNTO RESIDENCIAL PARQUE LOS JARDINES ,,LOS JARDINES PROMOTORA INMOBILIARIA S.A.C.,MZ. P LT. 4 URB. LOS JARDINES (EXCORPIURA) - PIURA,PIURA,PIURA,PIURA,1/07/2026,60.0,40.0,0.0,0.0,130500.0,73587.5,227,0,https://www.facebook.com/AtixGrupo,940 492 198,nuevo_credito_mivivienda
Edificio Multifamiliar Sauces,,Antares Contratistas S.A.,"Av. Vía Colectora Norte Mz. A Lote 12 – Etapa IV Urb. Parques del Chipe, distrito de Veintiséis de Octubre",PIURA,PIURA,PIURA,1/07/2026,101.36,42.15,0.0,0.0,286800.0,141000.0,99,0,https://antares.pe/edificio-sauces/,926690285,nuevo_credito_mivivienda
Edificio Multifamiliar “Nogales”,,Antares Contratistas S.A.,"Av. Vía Colectora Norte Mz. A Lote 11 Urb. Los Parques del Chipe, distrito de 26 de Octubre",PIURA,PIURA,PIURA,1/07/2026,104.21,83.49,0.0,0.0,307751.04,274472.55,10,2,https://antares.pe/edificio-nogales/,993517645,nuevo_credito_mivivienda
LOS CEIBOS DEL CHIPE,,CORPORACIÓN EDIFICA S.A.C.,AV.PROLONGACION TALLANES S/N ,PIURA,PIURA,PIURA,1/07/2026,55.01,36.85,0.0,0.0,275000.0,183000.0,29,1,https://edifica.com.pe/,952020057,nuevo_credito_mivivienda
Oasis de Colan,,GRUPO INMOBILIARIO KINSA,Av. Andrés Avelino Cáceres Mz. K Lt. 6 (frente Open Plaza),PIURA,PIURA,PIURA,1/07/2026,120.0,60.0,0.0,0.0,166500.0,84100.0,498,0,https://grupokinsa.com.pe/,,nuevo_credito_mivivienda
Villa Higueras,,Antares Contratistas S.A.,"Av. Vía Colectora Norte Mz. A Lote 17 Urb. Los Parques del Chipe, distrito de Veintiséis de Octubre",PIURA,PIURA,PIURA,1/07/2026,97.33,97.33,0.0,0.0,362100.0,348000.0,12,0,https://antares.pe/villa-higueras/,993517645,nuevo_credito_mivivienda
Valle Alto,,CONSTRUCTORA GALILEA S.A.C.,Los Ejidos,PIURA,Piura,Piura,1/07/2026,83.6,41.8,0.0,0.0,248990.0,177990.0,458,0,https://galilea.com.pe/valle-alto/,994698410,nuevo_credito_mivivienda
VILLA LA RINCONADA II ,,LOS PORTALES S.A.,Urbanización Villa la Rinconada II,PIURA,PIURA,VEINTISEIS DE OCTUBRE,1/07/2026,45.02,45.02,0.0,0.0,184800.0,172500.0,10,2,HTTPS://WWW.LOSPORTALES.COM.PE/VILLA-LA-RINCONADA/,986617429,nuevo_credito_mivivienda
CONDOMINIO SAN JUAN DEL OLIVO,,CONSTRUCTORA E INMOBILIARIA TIKAY WASI SAC,UBICACION RURAL DENOMINADO EL OLIVO SUB LOTE A1 ,TACNA,TACNA,CALANA,1/07/2026,120.0,90.0,0.0,0.0,160000.0,104500.0,18,0,,999003036,nuevo_credito_mivivienda
RESIDENCIAL NOVA,,CONSTRUCTORA E INMOBILIARIA RY PROVIVIENDA SAC,"URB. LOS DELFINES, PROLONGACION BILLINGHURST, MZ. E, LOTE 10.",TACNA,TACNA,GREGORIO ALBARRACIN LANCHIPA,1/07/2026,70.95,67.3,0.0,0.0,195000.0,160000.0,9,0,https://www.facebook.com/profile.php?id=61558729265832,940004685,nuevo_credito_mivivienda
VILLA LIENDO  TORRE I,,URBAN GRUPO INMOBILIARIO S.A.C.,URBANIZACION VILLA LIENDO MZ A LOTE 05,TACNA,TACNA,POCOLLAY,1/07/2026,77.0,70.0,0.0,0.0,230000.0,180000.0,5,0,https://www.facebook.com/profile.php?id=100063960337247,901687207,nuevo_credito_mivivienda
VILLA LIENDO - TORRE II,,URBAN GRUPO INMOBILIARIO S.A.C.,URB. VILLA LIENDO MZ. A LOTE 07,TACNA,TACNA,POCOLLAY,1/07/2026,69.56,66.32,0.0,0.0,195000.0,150000.0,15,0,https://www.facebook.com/profile.php?id=100063960337247,901687207,nuevo_credito_mivivienda
Conjunto Residencial “Paseo de la Alameda – Etapa V”,,CLASEM S.A.C.,Av. José Abelardo Quiñones S/N - Gregorio Albarracín,TACNA,TACNA,TACNA,1/07/2026,81.74,69.51,0.0,0.0,265400.0,191900.0,72,0,https://clasem.com/proyecto/paseo-de-la-alameda/,946021300,nuevo_credito_mivivienda
EDIFICIO MONTECARLO,,PORTAL INMOBILIARIO TACNA S.A.C.,AV. EJERCITO URB. FUNDO EL OLIVAR MZ J LOTES 05 Y 06 - PARA GRANDE,TACNA,TACNA,TACNA,1/07/2026,82.0,57.0,0.0,0.0,240000.0,180000.0,14,0,https://www.facebook.com/PORTALINM/,956108264,nuevo_credito_mivivienda
EDIFICIO OBSTETRA - TORRE 1,,HECTOR MORAN NEGOCIOS INMOBILIARIOS S.A.C.,PARCELA 9-A UBIC. RURAL VALLE TACNA SECTOR LEGUIA,TACNA,TACNA,TACNA,1/07/2026,97.99,72.26,0.0,0.0,203000.0,147000.0,54,0,https://hmoransac.online/,924 279 549,nuevo_credito_mivivienda
EDIFICIO TACNA 280,,GESTIÓN INMOBILIARIA CAÑI & GONZÁLES SAC,CALLE TACNA #280,TACNA,TACNA,TACNA,1/07/2026,74.7,72.09,0.0,0.0,307000.0,297000.0,8,0,www.facebook.com/share/16hkDFX2HT/?mibextid=wwXIfr,980 499 563   990 074 040,nuevo_credito_mivivienda
EDIFICIO VILLA LOS PINOS,,HECTOR MORAN NEGOCIOS INMOBILIARIOS S.A.C.,Urb. Los Pinos Mz. I lote 17,TACNA,TACNA,TACNA,1/07/2026,63.93,51.1,0.0,0.0,167000.0,136000.0,5,0,https://hmoransac.online/,924279549,nuevo_credito_mivivienda
Edificio Stampa,,EDIFICACIONES INCA S.A.,CALLE ARICA 335 - LOTE 9 Y 10,TACNA,TACNA,TACNA,1/07/2026,81.82,78.0,0.0,0.0,363750.0,337500.0,12,2,https://www.facebook.com/EdificioStampa,952524142,nuevo_credito_mivivienda
JACARANDÁ III,,PIRCA CONSTRUCTORA E INMOBILIARIA SAC,URBANIZACIÓN SANTA MARIA MZ. J LOTE 01,TACNA,TACNA,TACNA,1/07/2026,90.0,81.0,0.0,0.0,276000.0,217000.0,9,0,https://www.facebook.com/pircaconstructora,952648860,nuevo_credito_mivivienda
MULTIFAMILIAR RESIDENCIAL LOS PERALES,,LORELY CONSTRUCTORA E INMOBILIARIA SAC,AV EJERCITO # 650,TACNA,TACNA,TACNA,1/07/2026,104.03,70.33,0.0,0.0,240000.0,182000.0,25,0,https://grupolorely.com.pe/,999554001,nuevo_credito_mivivienda
REALEZA,,MONARCA CONSTRUCCIONES SAC,CALLE SAN JOSE NUM 204 SUB LOTE B-4,TACNA,TACNA,TACNA,1/07/2026,108.25,60.46,0.0,0.0,410000.0,275000.0,41,0,https://www.facebook.com/monarcaconstructores,952387677,nuevo_credito_mivivienda
RESIDENCIAL CORONEL BUSTIOS,,HECTOR MORAN NEGOCIOS INMOBILIARIOS S.A.C.,Calle Pacheco Caspedes 307 -311-315 PAGO HUMO LT 02,TACNA,TACNA,TACNA,1/07/2026,86.43,60.55,0.0,0.0,280000.0,227000.0,44,0,https://hmoransac.com/proyectos-en-ejecucion/,924 279 549,nuevo_credito_mivivienda
Urbanización Villa Capanique,,HECTOR MORAN NEGOCIOS INMOBILIARIOS S.A.C.,FUNDO LA VILCA S/N,TACNA,TACNA,TACNA,1/07/2026,82.86,79.55,0.0,0.0,192000.0,192000.0,4,0,https://hmoransac.online/,924 279 549,nuevo_credito_mivivienda
RESIDENCIAL EL MOLINO II,0156-2022-F,A&B INVERSIONES Y EVENTOS S.A.C.,Posesión Informal Centro Poblado Barrio El Molino MZ 52 LT 18,AMAZONAS,CHACHAPOYAS,CHACHAPOYAS,1/07/2026,41.0,41.0,41.0,41.0,46305.0,46305.0,7,0,,961557316,techo_propio
RESIDENCIAL SOTO ,0662023C,PROYECTOS E INVERSIONES REYES E.I.R.L.,Centro Poblado Menor Arrayan Mz. 7 Lote 2,AMAZONAS,BAGUA,LA PECA,1/07/2026,42.85,42.85,541.5,541.5,40250.0,40250.0,12,0,,959482513,techo_propio
RESIDENCIAL TRUJILLO AMORETTI,001332025F,TEAM GILES BARETO S.A.C.,CENTRO POBLADO VILLA DE SANTO TOMÁS MZ. 13 LOTE 1,AMAZONAS,LUYA,SANTO TOMAS,1/07/2026,46.91,40.4,46.91,40.4,48045.0,48045.0,5,0,,990903855,techo_propio
RESIDENCIAL VIGO,001392025F,TEAM GILES BARETO S.A.C.,CENTRO POBLADO VILLA DE SANTO TOMÁS MZ. 21 LOTE 7,AMAZONAS,LUYA,SANTO TOMAS,1/07/2026,40.4,40.4,41.38,40.4,48045.0,48045.0,5,0,,990903855,techo_propio
NUEVO TINGO III,000912026F,A & B INVERSIONES Y EVENTOS S.A.C.,CENTRO POBLADO NUEVO TINGO MZ 7 LOTE 2,AMAZONAS,LUYA,TINGO,1/07/2026,41.34,41.34,41.48,41.48,50350.0,50350.0,8,0,,978878713,techo_propio
SOL DE LA PRADERA II ETAPAS 1 Y 2,000532026F,LOS PORTALES S.A.,"UBIC. RUR. SECTOR TANGAY, PREDIO PAMPAS DE CHIMBOTE, PARCELA T-138",ANCASH,SANTA,CHIMBOTE,1/07/2026,25.1,25.1,92.78,49.95,94654.53,94654.53,310,0,,962738072,techo_propio
SOL DE LA PRADERA ETAPA II,000572025F,LOS PORTALES S.A.,"Ubicación Rural, Valle Santa Lacramarca / Sector Tangay / Predio Pampas Chimbote, Área Ha. 58863; U.C. 017114 - Lote 1",ANCASH,SANTA,NUEVO CHIMBOTE,1/07/2026,27.58,27.58,60.0,60.0,95840.0,95840.0,2,0,,962738072,techo_propio
RESIDENCIAL MONTECRISTO,0279,CONSTRUCTORA LA LIBERTAD S.A.,"Predio Collón, Cochacpampa, Collón-Huaraz, Taricá",ANCASH,HUARAZ,TARICA ,1/07/2026,45.0,45.0,90.0,90.0,60000.0,60000.0,281,0,,043 -707287/ 043-231794,techo_propio
NUEVO ZANJA,349,GADEA S.A.C.,Lado Derecho de la Carretera Yungar Comunidad Campesina Tres de Octubre,ANCASH,CARHUAZ,YUNGAR,1/07/2026,40.0,40.0,80.0,80.0,50000.0,50000.0,297,0,,975191212,techo_propio
CONJUNTO RESIDENCIAL LAS TORRES DE VILLAGLORIA,001932025F,SMART VILLAGLORIA S.A.C.,MZ. C SUB LOTE 1-D-E,APURIMAC,ABANCAY,ABANCAY,1/07/2026,57.63,40.17,62.41,40.17,130500.0,120500.0,56,0,,983233968,techo_propio
CONJUNTO RESIDENCIAL SMART VILLA GLORIA 2,000742026F,SMART VILLAGLORIA S.A.C.,"MZ C SUB LOTE 1-A, MZ C SUB LOTE 1-B",APURIMAC,ABANCAY,ABANCAY,1/07/2026,65.6,40.94,74.54,40.94,130500.0,130500.0,55,0,,983233968,techo_propio
RESIDENCIAL CARRIÓN CHÁVEZ DE SAN JERÓNIMO,0382024C,CONSTRUCTORA E INMOBILIARIA QG S.A.C.,LOTE 1 RESULTANTE UBIC. RUR. PREDIO CHÁVEZ PAMPA/ SECTOR TOTORAL,APURIMAC,ANDAHUAYLAS,SAN JERÓNIMO,1/07/2026,78.8,40.62,89.69,42.12,128079.8,79961.85,105,0,,942645762 / 989187869,techo_propio
VIVIENDA MULTIFAMILIAR RESIDENCIAL SANTA ROSA,00422026C,MEGA INDUSTRIES S.A.C.,"LOTE REMANENTE AV. PERÚ - 4,038.97 M2",APURIMAC,ANDAHUAYLAS,TALAVERA,1/07/2026,63.82,38.99,63.82,39.25,130500.0,88462.0,161,0,,915356754,techo_propio
HABILITACIÓN URBANA DE PRIMERA VIVIENDA VILLA FLORESTA -ETAPA 1,000302026F-1,FLORESTA 2023 S.A.C.,PREDIO SAN ISIDRO II-HARLI S.A. SECTOR SAN ISIDRO,AREQUIPA,AREQUIPA,LA JOYA,1/07/2026,25.02,25.02,103.87,103.87,40000.0,40000.0,133,0,,940281398,techo_propio
URBANIZACIÓN VILLA VERDE,1012025C,CONSTRUCTORA E INMOBILIARIA AMANECER DORADO EIRL,"Ubic. Rur. Sector Ayacucho, Predio Carcasunto, C.P./Parc. 8_5808515_325692 Área Ha. 8,8786, U.C. 325692",AYACUCHO,HUAMANGA,CHIARA,1/07/2026,35.05,35.05,140.0,139.32,55000.0,55000.0,20,0,,997942012,techo_propio
CONDOMINIO VALLE HERMOSO I ETAPA,0569-S,INMOBILIARIA IZARRA BARROS SRL,RURAL VALLE SIN VALLE/SECTOR ICHPICO/BOSTONESA C.P./ PARC. 8_5758570_00068 U.C. 00068-CN85700077/CE579461,AYACUCHO,HUANTA,HUANTA,1/07/2026,50.75,40.0,75.0,75.0,104000.0,85700.0,51,0,,966906505,techo_propio
VIVIENDA MULTIFAMILIAR RESIDENCIAL DIAZ,01602025C,SC CONSTRUCTORA E INMOBILIARIA SAC,CENTRO POBLADO NINABAMBA MZ. 17 LOTE 5,CAJAMARCA,SANTA CRUZ,NINABAMBA,1/07/2026,41.759,40.793,72.359,40.793,48062.5,48062.5,6,0,,968127339,techo_propio
MULTIFAMILIAR EL ALAMO DE NUEVA ESPERANZA ,000792025F,IST CONSTRUCTORES CONSULTORES SAC,CENTRO POBLADO NUEVA ESPERANZA MZ.7 LT.6,CAJAMARCA,SAN IGNACIO,SAN IGNACIO,1/07/2026,43.23,40.54,46.92,40.54,46194.15,46194.15,6,0,,(044) 499552,techo_propio
VIVIENDA MULTIFAMILIAR JAZMIN,001132025F,IST CONSTRUCTORES CONSULTORES SAC,CALLE AREQUIPA MZ.N´ SUB LOTE 2317-C SECTOR I ,CAJAMARCA,SAN IGNACIO,SAN IGNACIO,1/07/2026,51.32,45.36,59.59,45.36,47985.0,47985.0,8,0,,(044) 499552,techo_propio
RESIDENCIAL INKA WASI ,1102025C,NEGOCIOS FYD S.A.C.,URBANIZACIÓN POPULAR DE INTERES SOCIAL PROYECTO ESPECIAL CIUDAD PACHACUTEC MZ. I LOTE 16 GRUPO RESIDENCIAL 3 SECTOR D BARRIO IX ,CALLAO,CALLAO,VENTANILLA,1/07/2026,44.77,43.67,67.57,43.67,98092.5,69364.5,5,0,,923237892,techo_propio
RESIDENCIAL LOS CEDROS,000562026F,CONSULTORIA E INMOBILIARIA DOMOS HOUSE SAC,"URBINZACIÓN POPULAR DE INTERÉS SOCIAL - PROYECTO ESPECIAL CIUDAD PACHACUTEC MZ B LOTE 10 SECTOR F, GRUPO RESIDENCIAL 3, BARRIO XIII",CALLAO,CALLAO,VENTANILLA,1/07/2026,59.36,42.2,59.36,42.2,136000.0,108742.5,7,0,,955026350,techo_propio
GALLITO DE LAS ROCAS,0105-2022-C,AEC Contratistas Generales E.I.R.L.,PARCELAS ESPERANZA Y PAMPAS CONCEPCION VALLE OCOBAMBA SECTOR LA PERLA TAMBAHUASI,CUSCO,LA CONVENCION,OCOBAMBA,1/07/2026,25.3,25.3,183.24,183.24,70000.0,70000.0,50,0,,980035840,techo_propio
HABILITACIÓN URBANA YANANTIN,000672026F,AEC CONTRATISTAS GENERALES E.I.R.L.TDA,"PREDIO RURAL DENOMINADO CACHICCATA COLLPAPAMPA CHALANIANA FRACCION 1 CON U.C. N°360419, UBICADO EN EL VALLE VILCANOTA, SECTOR CACHICCATA",CUSCO,URUBAMBA,OLLANTAYTAMBO,1/07/2026,39.89,39.89,108.29,70.14,109000.0,109000.0,99,0,,984958255,techo_propio
URBANIZACIÓN SOL DE CHINCHA ,0169-2022-F,INVERSIONES MAC HOUSE S.A.C.,UBIC. RUR. PAMPAS DE ÑOCO ,ICA,CHINCHA,CHINCHA ALTA,1/07/2026,27.12,27.12,80.45,80.45,87703.0,87703.0,78,0,,447-4417/ 989071029,techo_propio
HABILITACIÓN URBANA VALLE SAN JUAN - SECTOR 2.2,001562025F,DESARROLLO INMOBILIARIO MARVERDE S.A.C.,PLG. Predio Denominado Chicha Baja Sub lote B-A-2/B-A-3/B-A-4/B-A-5/B-A-6/B-A-7 Sector Sub lote 2.2,ICA,CHINCHA,CHINCHA BAJA,1/07/2026,25.0,25.0,112.6,55.31,95000.0,72990.0,110,0,,955569373 / 960233058,techo_propio
HABILITACIÓN URBANA VALLE SAN JUAN-SECTOR 2.1,000662025F,DESARROLLO INMOBILIARIO MARVERDE S.A.C.,PLG. Predio Denominado Chicha Baja Sub lote B-A-2/B-A-3/B-A-4/B-A-5/B-A-6/B-A-7 Sector Sub lote 2.1,ICA,CHINCHA,CHINCHA BAJA,1/07/2026,25.0,25.0,114.94,59.8,99730.0,68545.0,46,0,,955569373 / 960233058,techo_propio
PROYECTO HABILITACION URBANA VALLE SAN JUAN - SECTOR 1,00312024F,DESARROLLO INMOBILIARIO MARVERDE S.A.C.,"Predio denominado Chincha Baja, Constituido por el sub lote B-A-1",ICA,CHINCHA,CHINCHA BAJA,1/07/2026,25.0,25.0,86.015,86.015,88000.0,88000.0,10,0,,955569373 / 960233058,techo_propio
SOL DEL VALLE III,0204-2022-C,LOS PORTALES S.A.,CE 374886/CN 8513501 UBIC. RUR. SECTOR SAN PABLO/ PREDIO SAN PABLO SECTOR 1 CP / PARC. 83708510 06324 ,ICA,CHINCHA,CHINCHA BAJA,1/07/2026,25.0,25.0,60.0,60.0,91140.0,91140.0,3,0,,920600458,techo_propio
Los Viñedos del Alto Larán,0294,Wescon SUR S.A.C.,Irrigación Pampa de Ñoco Lote 07- Pueblo Nuevo,ICA,CHINCHA,Chincha Alta,1/07/2026,26.7,26.7,61.4,61.4,74452.0,74452.0,1406,0,,970629599,techo_propio
LA PLANICIE DE GROCIO PRADO,00029-2024-F,INMOBILIARIA NAPOLI S.A.C.,Sector el Colorado U.C 00278 Predio Victoria,ICA,ICA,GROCIO PRADO,1/07/2026,26.54,26.54,57.1,57.1,82000.0,82000.0,26,0,,948272190 / 963123399 / 948272021,techo_propio
Desarrollo Habitacional para Vivienda Nueva Urbanización Las Palmeras de San Fernando,0352,Asociacion Comunión Promocion Desarrollo y Liberación - COPRODELI,Las Lomas Lt.1,ICA,ICA,ICA,1/07/2026,33.0,33.0,90.0,90.0,102545.0,102545.0,3158,0,,951676413,techo_propio
MIRADOR DE LAS DUNAS II,000452026F,LOS PORTALES S.A.,"UBIC.RUR.SECTOR CACHICHE / PREDIO CARBAJO, U.C. 11212-ÁREA HA. 1.9006",ICA,ICA,ICA,1/07/2026,27.62,27.62,77.58,57.9,104500.0,99000.0,144,0,,999224746,techo_propio
LOS PARQUES DEL SOL - LOTE 1,000242025F,CLASEM S.A.C.,Urbano Fundo Lopez Urb. Área Remanente 1,ICA,ICA,LA TINGUIÑA,1/07/2026,25.41,25.34,157.47,65.68,100000.0,100000.0,104,0,,(51)2024646,techo_propio
PARQUES DEL SOL- LOTE 2,0128-2023-F,CLASEM S.A.C.,"FUNDO LOPEZ S/N AREA REMANENTE  2 , SUB LOTE B",ICA,ICA,LA TINGUIÑA,1/07/2026,25.45,25.45,88.39,88.39,116866.0,116866.0,33,0,,994 266 230 / 981 490 906 / 958 435 021,techo_propio
Habilitación Urbana de Interés Social Los Jardines de Inca,328,Inmobiliaria y Ejecutores Orion S.A.C.,HH.UU. LOS JARDINES DEL INCA,ICA,ICA,PACHACUTEC,1/07/2026,38.47,38.47,112.5,112.5,98000.0,98000.0,215,0,,915357506/ 995707244/ 941481341,techo_propio
VILLA COLORADA PARACAS,0101-2021-F,PROMOTORA FARO DE ROMA S.A.C.,Km 237 de la Carretera Panamericana Sur,ICA,PISCO,PARACAS,1/07/2026,25.15,25.15,62.5,62.5,56750.0,56750.0,665,0,,933367744,techo_propio
HACIENDA JACARANDA,0018-2021-F,INMOBILIARIA HACIENDA JACARANDA S.A.C.,Predio Matriz Denominado Sub Lote 5 Urb. San Camilo A-1 D,ICA, ICA,PARCONA ,1/07/2026,28.85,28.85,128.31,58.95,96300.0,75000.0,6,0,,912492113,techo_propio
URB. SAN MIGUEL DE PUEBLO NUEVO,0687-S,INVERSIONES ANGEL DE LA LUZ S.A.C.,Ubic Rural Lateral 6 Sector Irrigación Pampa de Ñoco Pueblo Nuevo,ICA,CHINCHA,PUEBLO NUEVO,1/07/2026,36.0,36.0,70.0,70.0,85000.0,85000.0,10,0,,903043379/ 994874491,techo_propio
VIVIENDA MULTIFAMILIAR LA ESTANCIA,001432025F,ALBRU DEL SUR S.A.C.,ASENTAMIENTO HUMANO HUSARES DE JUNIN MZ. P LOTE 25,ICA,CHINCHA,PUEBLO NUEVO,1/07/2026,40.0,40.0,40.0,40.0,69000.0,51500.0,6,0,,944113698,techo_propio
RESIDENCIAL LAS VIÑAS DE GUADALUPE,00028-2025-F,A&A PROMOTORES CONSTRUCTORES S.A.C.,SECTOR GUADALUPE -PREDIO FUNDO PEÑA,ICA,ICA,SALAS GUADALUPE,1/07/2026,29.82,29.82,66.36,66.36,78000.0,78000.0,77,0,,941965741,techo_propio
JARDINES DE SAN CLEMENTE ,0113-2022-F,COHABITAT S.A.C. ,Predio denominado Salitral / Sector Agua Santa / U.C. 6070,ICA,PISCO,SAN CLEMENTE ,1/07/2026,25.0,25.0,73.36,73.36,75000.0,75000.0,266,0,,960197610,techo_propio
PRADERAS DEL OLIVAR,0150-2022-F,MENORCA INVERSIONES S.A.C.,UBIC. RUR. PREDIO 2B AREA HA. 2.3186 SECTOR SANTA ROSA SAN CLEMENTE,ICA,PISCO,SAN CLEMENTE ,1/07/2026,25.0,25.0,60.0,60.0,96000.0,96000.0,23,0,,923685878,techo_propio
URBANIZACION RAYOS DEL SOL ,0106-2022-F,COHABITAT S.A.C. ,UBIC. RUR. SECTOR HUARANGO MOCHO/ PREDIO LOTE 267 U.C. 07039,ICA,ICA,SANTIAGO,1/07/2026,25.0,25.0,40.0,40.0,75000.0,75000.0,242,0,,960197610,techo_propio
SOL DE LA FLORIDA X ETAPA,002022025F,LOS PORTALES S.A.,"UBIC. RUR. VALLE ICA, CASERIO MACACONA, PARCELA N°172 A",ICA,ICA,SUBTANJALLA,1/07/2026,27.58,27.58,60.0,60.0,104500.0,104500.0,3,0,,914321285,techo_propio
VILLA LOS PECANOS ETAPA 1 Y 2,000622025F,MENORCA INVERSIONES S.A.C.,UBIC. RUR. VALLE ICA/CASERÍO MACACONA/ PARCELA N° 155 ÁREA HA. 2.8857 U.C. 17542 ,ICA,ICA,SUBTANJALLA,1/07/2026,25.14,25.0,97.49,38.0,102500.0,77700.0,129,0,,01 2032828 - 922650201-923685878,techo_propio
VIVIENDA MULTIFAMILIAR SANTO TOMAS,000852026F,ALBRU DEL SUR S.A.C. ,ACUMULADO URB. AV. SANTO TOMAS NUM. 482 SUB LOTE 1 Y 2 SECTOR ANTES DE PAGO DE ACEQUIA GRANDE TOMA DE COLQUE DEL CC.PP. SAN MARTIN-SUNAMPE,ICA,CHINCHA,SUNAMPE,1/07/2026,42.22,41.67,47.16,42.22,93000.0,85000.0,12,0,,923509620,techo_propio
RESIDENCIAL JARDINES DE FLORESTA,0882025C,FLORESTA JAH INMOBILIARIA Y CONSTRUCTORA S.A.C.,Predio Urbano Mz. G Lotes 7 y 8 Asociación de Vivienda Jardines de la Justicia,JUNIN,HUANCAYO,HUANCAYO,1/07/2026,63.46,56.65,91.45,59.47,130500.0,130500.0,20,0,,998510566/ 975329393,techo_propio
RESIDENCIAL JARDINES DE FLORESTA II,0922025C,FLORESTA JAH INMOBILIARIA Y CONSTRUCTORA S.A.C.,Asociación de Vivienda Jardines de La Justicia Mz. G Lote 12,JUNIN,HUANCAYO,HUANCAYO,1/07/2026,63.55,54.87,64.49,55.55,130500.0,130500.0,14,0,,998510566/ 975329393,techo_propio
QUINTA XAUXA,02182025C,CORPORACIÓN D & GPC E.I.R.L. ,"CENTRO POBLADO HUERTAS MZ. ""J1"" LOTE 2",JUNIN,JAUJA,HUERTAS,1/07/2026,51.05,50.12,100.73,65.99,49805.0,49805.0,5,0,,902210031,techo_propio
RESIDENCIAL CARATA,001362025F,GRUPO MINCHOLA S.A.C.,CENTRO POBLADO CARATA MZ. 3 LT 4,LA LIBERTAD,OTUZCO,AGALLPAMPA,1/07/2026,41.11,40.0,55.19,40.0,55000.0,55000.0,20,0,,918429263,techo_propio
HABILITACION URBANA CON CONSTRUCCION SIMULTANEA ANA CAMILA DE ASCOPE,001412025F,KSA CONSTRUCCIONES S.A.C.,PREDIO LA PAZ identificado ocn U.C. N°10223-A,LA LIBERTAD,ASCOPE,ASCOPE,1/07/2026,35.05,31.22,79.95,44.45,71745.0,49045.0,276,0,,982719919,techo_propio
PROYECTO DE VIVIENDA UNIFAMILIAR CON CONSTRUCCIÓN SIMULTÁNEA VILLA ASCOPE,043-2021-C,VILLA ASCOPE S.A.C.,CENTRO POBLADO ASCOPE MZ 60 LOTE 2 ,LA LIBERTAD,ASCOPE,ASCOPE,1/07/2026,35.0,35.0,72.0,72.0,43437.5,43437.5,16,0,,981975069/940863817,techo_propio
H.U. URB. MARVERDE ETAPA 1 FASE 4.1.2, 002472025F,DESARROLLO INMOBILIARIO MARVERDE S.A.C.,"PARCELA UC 3A-11, SECTOR FUNDO AGRICULTOR PREDIO CARHUABAMBA",LA LIBERTAD,VIRU,CHAO,1/07/2026,25.0,25.0,67.0,67.0,81079.05,81079.05,374,0,,955569373 / 960233058,techo_propio
MARVERDE 3.2.1.,000102025F,Desarrollo Inmobiliario Marverde S.A.C.,LOTE 3A-20 PREDIO CARHUABAMBA FUNDO AGRICULTOR CHAO,LA LIBERTAD,VIRU,CHAO,1/07/2026,25.0,25.0,69.0,69.0,84667.5,84667.5,12,0,,955569373 / 960233058,techo_propio
MARVERDE 3.2.2.,000112025F,Desarrollo Inmobiliario Marverde S.A.C.,LOTE 3A-21A PREDIO CARHUABAMBA FUNDO AGRICULTOR CHAO,LA LIBERTAD,VIRU,CHAO,1/07/2026,25.0,25.0,69.0,69.0,82883.75,82883.75,23,0,,955569373 / 960233058,techo_propio
MARVERDE FASE 2.2,000212026F,DESARROLLO INMOBILIARIO MARVERDE S.A.C.,"MZ B1 Lote 24 urbanización Marverde I Etapa – Fase 2.1, distrito de Chao, provincia de Virú, departamento de La Libertad",LA LIBERTAD,VIRU,CHAO,1/07/2026,25.0,25.0,64.41,64.41,93695.61,93695.61,49,0,,6416100 / 946207635,techo_propio
URB. MARVERDE I ETAPA - FASE 3.2.3,001122025F,DESARROLLO INMOBILIARIO MARVERDE S.A.C.,LOTE 3A-21B PREDIO CARHUABAMBA FUNDO AGRICULTOR,LA LIBERTAD,VIRÚ,CHAO,1/07/2026,25.0,25.0,95.59,50.0,81545.0,66535.0,78,0,,955569373 / 960233058,techo_propio
HAWAI CONDOMINIO 2,000732026F,CIMENTA GRUPO INMOBILIARIO S.A.C.,SECCIÓN ESPECIAL PREDIOS RURALES UC 12656 Y UC 00581 PREDIO TALAMBO SECTOR CERRO SERRANO-PREDIO TALAMBO SECTOR LA HOYADA,LA LIBERTAD,CHEPEN,CHEPEN,1/07/2026,48.87,25.0,139.79,50.0,98545.0,76445.0,196,0,,947887708,techo_propio
CONDOMINIO VIRGEN DE LOURDES,02102025C,GRUPO KCOMTFIANZA S.A.C,"PREDIO VILLA HERMELINDA U.C. 00555, SUB LOTE 1, VALLE JEQUETEPEQUE",LA LIBERTAD,CHEPÉN,CHEPÉN,1/07/2026,34.39,34.39,96.86,50.0,56545.0,56545.0,78,0,,939136961/ 949743973,techo_propio
HAWAI CONDOMINIO,137-2023-C,INMOBILIARIA TERRITORIO Y EDIFICACIONES EIRL,LOTE 2 PREDIO TALAMBO VALLE JEQUETEPEQUE SECTOR LA CAPILLA,LA LIBERTAD,CHEPÉN,CHEPÉN,1/07/2026,30.0,25.0,70.61,50.0,100000.0,83062.5,124,0,,044 561224 / 94788708,techo_propio
LA PLANICIE DE CHEPÉN,0116-2022-F,JNT & CONSTRUCTORES S.A.C.,"Predio Carme Luz I Sector Lurífico Parcela 21 C.P./ PARC. 04488, U.C. 04488 ",LA LIBERTAD,CHEPÉN,CHEPÉN,1/07/2026,28.0,28.0,54.0,54.0,50250.0,50250.0,382,0,,951045256,techo_propio
MULTIFAMILIAR PROGRESO,000952025F,PR & CB SERVICIOS GENERALES E.I.R.L,CENTRO POBLADO CHEPÉN SECTOR III MZ 68 LT 24,LA LIBERTAD,CHEPÉN,CHEPÉN,1/07/2026,40.29,40.29,42.33,42.33,47399.0,47399.0,8,0,,904829585,techo_propio
MULTIFAMILIAR RESIDENCIAL QUIROZ,001442025F,PR & CB SERVICIOS GENERALES E.I.R.L.,CENTRO POBLADO CHEPEN SECTOR VI MZ. 139 LOTE 9 ,LA LIBERTAD,CHEPÉN,CHEPÉN,1/07/2026,40.38,40.38,50.84,40.38,48000.0,48000.0,5,0,,904829505,techo_propio
MULTIFAMILIAR SEGURA LOZADA,000982025F,K-L-M CONTRATISTAS GENERALES  SAC,"MZ 26 LOTYE 22 SECTOR EL PORVENIR, CENTRO POBLADO PACASMAYO",LA LIBERTAD,CHEPÉN,CHEPÉN,1/07/2026,40.63,40.63,44.71,44.71,47995.0,47995.0,8,0,,044-586471 948104310,techo_propio
MULTIFAMILIAR TERRONES,01642025C,PROYECTOS SAMIRA E.I.R.L.,"CALLE JUAN CABO VASQUEZ, LOTE 7 MZ. 4 ASENTAMIENTO HUMANO CHEQUEN",LA LIBERTAD,CHEPÉN,CHEPÉN,1/07/2026,43.06,40.77,66.72,40.77,47985.0,47985.0,5,0,,986182356,techo_propio
URBANIZACIÓN LOS ALAMOS,002072025F,CREA INMOBILIARIA NORTE S.A.C.,LOTE 1 PREDIO TALAMBO VALLE JEQUETEPEQUE SECTOR LA CAPILLA,LA LIBERTAD,CHEPÉN,CHEPÉN,1/07/2026,25.3,25.3,87.5,50.0,104500.0,75900.0,129,0,,947921857,techo_propio
RESIDENCIAL PAKATNAMU ,017-2023-C,CORPORACIÓN GF S.A.C.,ASENTAMIENTO HUMANO PAKATNAMU MZ. J' LOTE 25,LA LIBERTAD,PACASMAYO,CHEPÉN/ GUADALUPE,1/07/2026,40.04,40.04,44.64,44.64,55000.0,55000.0,1,0,,960256081 - 960688377 - 960688490,techo_propio
CONJUNTO RESIDENCIAL LUCIO I,087-2023-C,SOLIDER S.A.C.,Ubic. Rural Sausal Grande Parcela 6947 U.C. 6947 - Chicama,LA LIBERTAD,ASCOPE,CHICAMA,1/07/2026,27.3,27.3,60.0,60.0,55200.0,55200.0,137,0,,945005946,techo_propio
RESIDENCIAL CHICAMA I,001252024F,CONSTRUCTORA CONSULTORA Y SERVICIOS GENERALES MC & TR S.A.C.,AA.HH. 11 DE FEBRERO MZ N LT 1A,LA LIBERTAD,ASCOPE,CHICAMA,1/07/2026,40.15,40.15,68.6,68.6,42750.0,42750.0,5,0,,"
957328082",techo_propio
URBANIZACION VALLE HERMOSO DE CHICAMA - B,0418,BECTEK CONTRATISTAS S.A.C ,LOTE LA PASCONA VII PANAMERICANA NORTE KM 590-591 SUBLOTE B SECTOR LA PASCONA,LA LIBERTAD,ASCOPE,CHICAMA,1/07/2026,25.0,25.0,50.0,50.0,76235.0,76235.0,6,0,,932129880,techo_propio
URBANIZACION VALLE HERMOSO DE CHICAMA - C,0419,BECTEK CONTRATISTAS S.A.C ,LOTE LA PASCONA VII PANAMERICANA NORTE KM 590-591 SUBLOTE C SECTOR LA PASCONA,LA LIBERTAD,ASCOPE,CHICAMA,1/07/2026,25.0,25.0,50.0,50.0,72235.0,72235.0,55,0,,932129880,techo_propio
VIVIENDA MULTIFAMILIAR EL SOL DE SAUSAL,000442026F,CONSTRUCTORA EDIFICAR PERU E.I.R.L.,"ASENTAMIENTO HUMANO ALTO PERÚ-BARRIO 2 MZ 18, LOTE 7",LA LIBERTAD,ASCOPE,CHICAMA,1/07/2026,42.58,42.13,42.58,42.13,64545.0,64545.0,10,0,,44-983141156,techo_propio
MULTIFAMILIAR NUEVO PORVENIR,000582026F,CONSTRUCTORA & FERRETERÍA ALMAZ S.A.C.,PUEBLO JOVEN EL PORVENIR SECTOR RIO SECO BARRIO 2 MZ 13 SUB LOTE 1B,LA LIBERTAD,TRUJILLO,EL PORVENIR,1/07/2026,78.87,59.66,103.77,59.66,130500.0,124500.0,14,0,,933306441,techo_propio
EDIFICIO MULTIFAMILIAR LOS LAURELES I,1842025C,CONSTRUCTORA E INVERSIONES JS S.A.C.,"AV. WICHANZAO, MZ V, LOTE 27, AA.HH. LOS LAURELES-PRIMERA ETAPA",LA LIBERTAD,TRUJILLO,FLORENCIA DE MORA,1/07/2026,40.022,40.018,55.501,40.022,47000.0,47000.0,9,0,,996964305,techo_propio
RESIDENCIAL BARRETO,000762026F,CONSTRUCTORA INCOT CONTRATISTAS E.I.R.L.,PUEBLO JOVEN FLORENCIA DE MORA BARRIO 5 MZ 13 LOTE 3,LA LIBERTAD,TRUJILLO,FLORENCIA DE MORA,1/07/2026,50.16,50.02,50.16,50.02,59183.0,59183.0,10,0,,952763844/ 961655760,techo_propio
RESIDENCIAL LOS LAURELES II,0232024C,INVERSIONES FAMECA S.A.C.,ASENTAMIENTO HUMANO LOS LAURELES II MZ. H LOTE 23,LA LIBERTAD,TRUJILLO,FLORENCIA DE MORA,1/07/2026,44.42,44.42,52.34,44.42,43500.0,43500.0,1,0,,916285140,techo_propio
RESIDENCIAL SANTA  ROSA,000662026F,GRUPO MINCHOLA S.A.C.,PUEBLO JOVEN FLORENCIA DE MORA BARRIO 5 MZ24 SUB LOTE 8,LA LIBERTAD,TRUJILLO,FLORENCIA DE MORA,1/07/2026,50.26,49.41,55.87,49.8,112850.0,49350.0,9,0,,918429263,techo_propio
VIVIENDA MULTIFAMILIAR LOS CLAVELES,01292025C,NEGOCIACIONES NR SAC,ASENTAMIENTO HUMANO LOS SAUCES MZ. 8 LOTE 22,LA LIBERTAD,TRUJILLO,FLORENCIA DE MORA,1/07/2026,51.91,45.63,63.82,49.2,46305.0,46305.0,8,0,,902423822,techo_propio
CONDOMINIO LAS PRADERAS DE GUADALUPE,000092026F,IMPORPOR EXPOR LIBERTAD E.I.R.L.,"UBIC. RURAL PREDIO LA CALERA, VALLE JEQUETEPEQUE",LA LIBERTAD,PACASMAYO,GUADALUPE,1/07/2026,34.32,34.32,51.27,51.27,53545.0,53545.0,169,0,,949415132,techo_propio
CONDOMINIO SAN AGUSTIN ,012-2022-C ,MECLA CONSTRUCTORA Y SERVICIOS GENERALES S.A.C. ,Calle Los Arrozales S/N - Guadalupe,LA LIBERTAD,PACASMAYO,GUADALUPE,1/07/2026,32.45,32.45,32.45,32.45,53250.0,53250.0,76,0,,987030866 ,techo_propio
CONDOMINIO VILLA DEL SOL,0077-2022-F,IMPORPOR EXPOR LIBERTAD E.I.R.L.,"UBC. RURAL PREDIOLURIFICO, SECTOR EL MOLINO, VALLE JEQUETEPEQUE, PARCELA 2 U.C. 21796 GUADALUPE",LA LIBERTAD,PACASMAYO,GUADALUPE,1/07/2026,35.0,35.0,95.02,47.59,53500.0,43400.0,3,0,,926912150,techo_propio
GUADALUPE SGY 98,02502025C,CONSTRUCTORA Y SERVICIOS GENERALES SGY E.I.R.L.,CENTRO POBLADO GUADALUPE SECTOR 3 MZ. 28 LOTE 11,LA LIBERTAD,PACASMAYO,GUADALUPE,1/07/2026,40.04,40.04,40.04,40.04,53500.0,53500.0,12,0,,938545367,techo_propio
"HABILITACIÓN URBANA ""VILLA VICTORIA II""",000242026F,INMOBILIUM GRUPO INMOBILIARIO S.A.C.,UBIC.RUR. PREDIO SAN MARTÍN SECTOR HUACA SIGNAN CALERA VALLE JEQUETEPEQUE AREA HA. 2.3079,LA LIBERTAD,PACASMAYO,GUADALUPE,1/07/2026,28.0,28.0,74.45,74.45,61003.95,61003.95,252,0,,977951138,techo_propio
HABILITACIÓN URBANA RESIDENCIAL LAS FLORES DE GUADALUPE,000252025F,CONSTRUCTORA MAAROM SAC,Ubic. Rur. Predio la Calera Parcela N°281 Valle Jequetepeque U.C. 12144,LA LIBERTAD,PACASMAYO,GUADALUPE,1/07/2026,25.5,25.5,60.4,60.4,52045.0,52045.0,49,0,,959195641,techo_propio
LOS PORTALES DEL SOL II,01632025C,VALESE CONTRATISTAS GENRALES E.I.R.L.,"UBIC. RUR. PREDIO EL MOLINO, VALLE JEQUETEPEQUE, U.C. 3707",LA LIBERTAD,PACASMAYO,GUADALUPE,1/07/2026,35.0,35.0,71.87,48.51,99545.0,86045.0,88,0,,920535728,techo_propio
MULTIFAMILIAR  PEREZ LESCANO,218-2022-C,CORPORACIÓN GF S.A.C.,Centro Poblado Guadalupe Sector 2 Mz. 24 Lote 10,LA LIBERTAD,PACASMAYO,GUADALUPE,1/07/2026,40.04,40.04,44.645,44.645,55000.0,55000.0,7,0,,960256081 - 960688377 - 960688490,techo_propio
MULTIFAMILIAR BUITRÓN,01652025C,PROYECTOS SAMIRA E.I.R.L.,"AV. AMERICA, LOTE 1 MANZANA A, ASENTAMIENTO HUMANO 15 DE ABRIL ",LA LIBERTAD,PACASMAYO,GUADALUPE,1/07/2026,47.09,44.07,73.69,44.07,47985.0,47985.0,5,0,,986182356,techo_propio
MULTIFAMILIAR CORONADO,000482025F,K-L-M CONTRATISTAS GENERALES  SAC,"Lote 17, Mz. 3, Sector 1, Centro Poblado Guadalupe ",LA LIBERTAD,PACASMAYO,GUADALUPE,1/07/2026,40.24,40.15,49.78,40.15,47995.0,47995.0,8,0,,965638464 / 996964907 / 948104310 / 948104330,techo_propio
MULTIFAMILIAR CUBA LEZMA,01662025C,PROYECTOS SAMIRA E.I.R.L.,"PASAJE PERÚ, LOTE 14, MANZANA 25, CENTRO POBLADO GUADALUPE, SECTOR 3",LA LIBERTAD,PACASMAYO,GUADALUPE,1/07/2026,41.08,40.99,62.13,40.99,47985.0,47985.0,9,0,,986182356/983255259,techo_propio
MULTIFAMILIAR RESIDENCIAL PIEDRA LIZA,229-2022-C,CORPORACIÓN GF S.A.C.,Centro Poblado Guadalupe Sector 2 Mz. 23 Lote 35,LA LIBERTAD,PACASMAYO,GUADALUPE,1/07/2026,40.07,40.07,44.645,44.645,55000.0,55000.0,4,0,,960256081 - 960688377 - 960688490,techo_propio
MULTIFAMILIAR VASQUEZ ,000862026F,K-L-M CONTRATISTAS GENERALES  SAC,"AA.HH. SAN AGUSTIN MZ. 1, LOTE 3",LA LIBERTAD,PACASMAYO,GUADALUPE,1/07/2026,40.17,40.0,48.37,40.0,51842.5,51842.5,8,0,,044-586471 / 948104310,techo_propio
PAKATNAMU LM 78,01322025C,CONSTRUCTORA L Y M CONTRATISTAS S.A.C.,"ASENTAMIENTO HUMANO PAKATNAMU, MZ. ""C"" LOTE 8",LA LIBERTAD,PACASMAYO,GUADALUPE,1/07/2026,40.09,40.09,40.11,40.08,53500.0,53500.0,6,0,,947930931,techo_propio
RESIDENCIAL ANDRES AVELINO,088-2023-C,CORPORACIÓN GF S.A.C.,CALLE ANDRÉS AVELINO CÁCERES N°110 F SECTOR TALLA,LA LIBERTAD,PACASMAYO,GUADALUPE,1/07/2026,40.17,40.17,54.88,40.17,49500.0,49500.0,5,0,,942901586,techo_propio
RESIDENCIAL LA PALIZADA,000502026F,K-L-M CONTRATISTAS GENERALES  SAC,"CALLE SANTA ROSA NUM. 278, URB. TALLA",LA LIBERTAD,PACASMAYO,GUADALUPE,1/07/2026,42.92,42.92,54.62,54.62,52665.0,52665.0,24,0,,044-586471 / 948104310,techo_propio
RESIDENCIAL LAS GARDENIAS,00082025C,CONSTRUCCIONES Y DISEÑOS S.A.C,"PREDIO LA CALERA, VALLE JEQUETEPEQUE, U.C. 3639, SECTOR LA CALERA",LA LIBERTAD,PACASMAYO,GUADALUPE,1/07/2026,30.0,25.0,60.0,60.0,49805.0,46805.0,50,0,,922736444,techo_propio
RESIDENCIAL LOS HEROES,015-2023-C,CORPORACIÓN GF S.A.C.,Calle Los Héroes Mz O Lote 15 A.H. Pakatnamu,LA LIBERTAD,PACASMAYO,GUADALUPE,1/07/2026,40.04,40.04,44.645,44.645,55000.0,55000.0,1,0,,960256081 - 960688377 - 960688490,techo_propio
RESIDENCIAL LOS PRECURSORES,000712024F,CORPORACIÓN GF S.A.C.,Asentamiento Humano Pakatnamu mz J lote 8 ,LA LIBERTAD,PACASMAYO,GUADALUPE,1/07/2026,40.035,40.035,43.575,43.575,50000.0,50000.0,1,0,,942901586,techo_propio
URB. VIRGEN DE LA PUERTA,0303,GRUPO KCOMTFIANZA S.A.C,Ubic. Rural Predio Huerta Molino Sector El Molino Valle Jequetepeque,LA LIBERTAD,PACASMAYO,GUADALUPE,1/07/2026,35.0,35.0,50.0,50.0,63312.5,63312.5,9,0,,939136961/ 949743973,techo_propio
URBANIZACIÓN EL SOL DE GUADALUPE,001022024F,VIVE MODERNA S.A.C,"Predio Marinuñez sector Seman-Valle Jequepeue area HA 3,6933 Uc.",LA LIBERTAD,PACASMAYO,GUADALUPE,1/07/2026,33.16,33.16,55.0,55.0,60145.0,60145.0,132,0,,991 135 722,techo_propio
VIVIENDA MULTIFAMILIAR LAS TORRES DE GUADALUPE,001892025F,IST CONSTRUCTORES CONSULTORES SAC,ASENTAMIENTO HUMANO 15 DE ABRIL MZ. A LT. 18,LA LIBERTAD,PACASMAYO,GUADALUPE,1/07/2026,41.72,41.48,49.04,41.48,47985.0,47985.0,9,0,,982013887,techo_propio
HABILITACIÓN URBANA NUEVA GUADALUPE,009-2022-C,MERCADO CONSTRUCTORES SAC,"Predio ""San Carlos"" sector Lurifico, parcela 46, UC 03741, valle de Jequetepeque",LA LIBERTAD,PACASMAYO ,GUADALUPE ,1/07/2026,25.51,25.51,40.0,40.0,44805.0,44805.0,476,0,,974297786,techo_propio
CONDOMINIO PUENTE AZUL,00842025C,CONSTRUCTORA GAVARI SAC,"Predio Lurifico, Parcela N°33, Sector El Molino, Valle Jequetepeque, Área 2.9531 Ha. U.C. 04070",LA LIBERTAD,Pacasmayo,Guadalupe,1/07/2026,30.0,25.0,119.09,58.07,71967.44,53730.0,259,0,,989212043,techo_propio
CONDOMINIO COSTA AZUL,002462025F,CONSTRU HOGAR S.A.C.,"VALLE MOCHE, ÁREA ""REMANENTE A"", PREDIO ""LA ESMERALDA""",LA LIBERTAD,TRUJILLO,HUANCHACO,1/07/2026,33.16,33.16,56.92,56.92,61545.0,61545.0,682,0,,944217779,techo_propio
EDIFICIO MULTIFAMILIAR RESIDENCIAL ROCIO I,2582025C,CONTRATISTAS RONOSA E.I.R.L.,ASENTAMIENTO HUMANO EL MILAGRO SECTOR IV MZ 8 LOTE 12A3,LA LIBERTAD,TRUJILLO,HUANCHACO,1/07/2026,50.04,50.04,65.26,50.04,53500.0,53500.0,8,0,,938545367,techo_propio
EDIFICIO MULTIFAMILIAR RESIDENCIAL ROCÍO I,2582025C,CONTRATISTAS RONOSA E.I.R.L.,ASENTAMIENTO HUMANO EL MILAGRO SECTOR IV MZ. 8 LOTE 12A3,LA LIBERTAD,TRUJILLO,HUANCHACO,1/07/2026,50.04,50.04,65.26,50.04,53500.0,53500.0,8,0,,938545367,techo_propio
HUANCHACO C-5,01752025C,CONSTRUCTORA E INMOBILIARIA LUNA VICTORIA E.I.R.L.,ASENTAMIENTO HUMANO VICTOR RAUL HAYA DE LA TORRE SECTOR II MZ. 67 SUBLOTE 6,LA LIBERTAD,TRUJILLO,HUANCHACO,1/07/2026,40.13,40.09,40.13,40.09,53500.0,53500.0,9,0,,968352360,techo_propio
HUANCHACO CH-90,01972025C,CHANG CONSTRUCTORES S.A.C.,"MZ. 54, LOTE 41, PREDIO POSESIÓN INFORMAL VICTOR RAÚL II",LA LIBERTAD,TRUJILLO,HUANCHACO,1/07/2026,40.09,40.08,75.06,40.08,53500.0,53500.0,10,0,,991887616,techo_propio
HUANCHACO LM 96,02112025C,CONSTRUCTORA L Y M CONTRATISTAS S.A.C.,"CALLE HÚSARES DE JUNÍN, MZ. R, LOTE 10, ASENTAMIENTO HUMANO VILLA PROGRESO",LA LIBERTAD,TRUJILLO,HUANCHACO,1/07/2026,40.13,40.05,40.13,40.05,55500.0,55500.0,12,0,,947930931,techo_propio
MULTIFAMILIAR CHAVIN,001922025F,LEX CONSULTORIA Y EJECUCION E.I.R.L.,ASENTAMIENTO HUMANO EL MILAGRO SECTOR X-1° DE MAYO MZ 9 LOTE 7,LA LIBERTAD,TRUJILLO,HUANCHACO,1/07/2026,41.16,40.13,44.57,40.13,47985.0,47985.0,11,0,,973318405,techo_propio
MULTIFAMILIAR ZETA LARA,002052025F,GOYCOCHEA CONSTRUCTORA E INMOBILIARIA SAC,MANZANA 98A-LOTE 2-AA.HH VICTOR RAUL HAYA DE LA TORRE SECTOR I,LA LIBERTAD,TRUJILLO,HUANCHACO,1/07/2026,40.2,40.14,52.9,40.12,46305.0,46305.0,9,0,,947870554,techo_propio
RESIDENCIAL MARQUINA I,00152026C,CONSTRUCTORA Y SERVICIOS GENERALES SGY E.I.R.L.,"AV. CAJABAMBA, LOTE 27-28C, MZ.54, PREDIO POSESIÓN INFORMAL VÍCTOR RAÚL II",LA LIBERTAD,TRUJILLO,HUANCHACO,1/07/2026,45.28,43.43,50.37,43.43,53500.0,53500.0,12,0,,938545367,techo_propio
RESIDENCIAL MARQUINA II,02392025C,CONSTRUCTORA Y SERVICIOS GENERALES SGY E.I.R.L.,LOTE 27-28 A MZ. 54 PREDIO POSESIÓN INFORMAL VÍCTOR RAÚL II,LA LIBERTAD,TRUJILLO,HUANCHACO,1/07/2026,45.2,45.2,51.96,45.15,53500.0,53500.0,12,0,,938545367,techo_propio
MULTIFAMILIAR CARBAJAL,001492025F,GOYCOCHEA CONSTRUCTORA E INMOBILIARIA S.A.C.,MANZANA N - LOTE 23 - AA.HH. VILLA JUDICIAL ,LA LIBERTAD,TRUJILLO,HUANCHACO ,1/07/2026,41.6,40.8,55.26,40.8,46305.0,46305.0,6,0,,947870554,techo_propio
URBANIZACION VILLA DEL MAR,0107-2023-F,CONSTRUCTORA E INMOBILIARIA MARANATHA S.R.L.,"PREDIO RURAL LAS CALAVERAS , SECTOR LOQUETE UC 14179-P",LA LIBERTAD,PACASMAYO,JEQUETEPEQUE,1/07/2026,25.0,25.0,81.65,81.65,51062.5,51062.5,14,0,,956877083,techo_propio
LA ESPERANZA CH-58,02002025C,CHANG CONSTRUCTORES S.A.C.,"PUEBLO JOVEN LA ESPERANZA SECTOR JERUSALÉN BARRIO 1A, MZ. 1, LOTE 28",LA LIBERTAD,TRUJILLO,LA ESPERANZA,1/07/2026,41.04,40.07,45.75,40.07,53500.0,53500.0,14,0,,991887616,techo_propio
Residencial Santa Lucia,0238-2022-F,FJC PROMOTORA Y CONSTRUCTORA E.I.R.L.,Sector Jerusalen Barrio 3 Mz 35 Lote 22 Calle 6 de enero 460,LA LIBERTAD,TRUJILLO,LA ESPERANZA,1/07/2026,54.35,54.35,160.83,160.83,120300.0,120300.0,3,0,,957607591/ 965397954,techo_propio
H.U. URB. VILLALUZ I,425,HARAY S.A.C.,ALTO EL MORO A1 VALLESOL 4TA ETAPA ,LA LIBERTAD,TRUJILLO,LAREDO,1/07/2026,25.0,25.0,58.0,58.0,77500.0,77500.0,142,0,,924502028 / 987796887 / 924506025,techo_propio
H.U. URB. VILLALUZ II,426,HARAY S.A.C.,ALTO EL MORO A1 VALLESOL 4TA ETAPA ,LA LIBERTAD,TRUJILLO,LAREDO,1/07/2026,25.0,25.0,58.0,58.0,77500.0,77500.0,57,0,,924502028 / 987796887 / 924506025,techo_propio
HABILITACIÓN URBANA NUEVO VALLE SOL ETAPA 1 SECTOR 2,000712025F,DESARROLLO INMOBILIARIO MARVERDE S.A.C.,Lote Alto El Moro 6 Valle Mocho III Etapa,LA LIBERTAD,TRUJILLO,LAREDO,1/07/2026,25.0,25.0,85.24,60.0,104500.0,69535.0,51,0,,955569373 / 960233058,techo_propio
HABILITACIÓN URBANA NUEVO VALLE SOL ETAPA 2 SECTOR 2,000192026F,DESARROLLO INMOBILIARIO MARVERDE S.A.C.,"SUB LOTE 7B-2, ALTO EL MORO, SUB LOTE 7B, VALLE MOCHE, ETAPA III",LA LIBERTAD,TRUJILLO,LAREDO,1/07/2026,25.0,25.0,59.29,59.29,88152.5,88152.5,108,0,,6416100 / 946207635,techo_propio
LA MERCED URBANIZACIÓN,0095-2023-F,CONDOMINIO LA MERCED S.A.C.,SUB LOTE 1B- PREDIO TRAPICHE,LA LIBERTAD,TRUJILLO,LAREDO,1/07/2026,32.02,32.02,83.62,83.62,104500.0,104500.0,10,0,,949356499,techo_propio
NUEVO VALLE SOL ETAPA 2 SECTOR 1,000702025F,DESARROLLO INMOBILIARIO MARVERDE S.A.C.,"Sublote 7B-1, Alto El Moro, Sublote 7B, Valle Moche, Etapa III",LA LIBERTAD,TRUJILLO,LAREDO,1/07/2026,25.0,25.0,77.58,45.88,104500.0,68535.0,36,0,,955569373 / 960233058,techo_propio
MULTIFAMILIAR MARCABALITO JME 1,001982025F,CONSTRUCTORA E INMOBILIARIA JME E.I.R.L.,CENTRO POBLADO MARCABELITO MZ F SUB LOTE 2A,LA LIBERTAD,SANCHEZ CARRION,MARCABAL,1/07/2026,40.1,40.02,63.03,40.02,53500.0,53500.0,7,0,,973815613,techo_propio
LAS PRADERAS DE MOCHE,000962024F,REPRESENTACIONES DACA S.A.C.,"U.C. 04405 - U.C. 04406 Predio La Cruz, Valle Moche, Sector La Cruz",LA LIBERTAD,TRUJILLO,MOCHE,1/07/2026,30.0,30.0,63.0,63.0,91848.0,91848.0,79,0,,977642728,techo_propio
RESIDENCIAL LAS DELICIAS,001862025F,INVERSIONES Y SERVICIOS SIGMA S.A.C.,ASENTAMIENTO HUMANO MARGINAL TAQUILA SECTOR 2 MZ 11 LOTE 5,LA LIBERTAD,TRUJILLO,MOCHE,1/07/2026,46.53,42.13,66.97,42.13,50545.0,50545.0,12,0,,988993449 / 943773127,techo_propio
RESIDENCIAL MOCHE,01262025C,BRICK S.A.C.,ASENTAMIENTO HUMANO ALTO MOCHE A MZ. 76 LOTE 2,LA LIBERTAD,TRUJILLO,MOCHE,1/07/2026,40.03,40.0,54.91,40.0,48545.0,48545.0,6,0,,960799391,techo_propio
RESIDENCIAL SALMA,02452025C,CONSTRUCCIONES E INMOBILIARIA VGAMBOA E.I.R.L.,"ASENTAMIENTO HUMANO LAS DELICIAS NORTE SECTOR A MZ. ""26"" LOTE 3",LA LIBERTAD,TRUJILLO,MOCHE,1/07/2026,40.02,40.01,77.68,40.01,52500.0,52500.0,8,0,,981194866,techo_propio
TORRE LAS DELICIAS ,001712025F,ARQUING CONSTRUCTORA S.A.C.,ASENTAMIENTO HUMANO LAS DELICIAS NORTE - SECTOR A - MZ 31 LT 04,LA LIBERTAD,TRUJILLO,MOCHE,1/07/2026,43.6,43.58,43.6,43.58,61545.0,61545.0,10,0,,938783705,techo_propio
VIVIENDA MULTIFAMILIAR OCALA,02402025C,YACHAYWASI GESTION Y CONSULTORIA S.A.C.,ASENTAMIENTO HUMANO LAS DELICIAS NORTE - SECTOR A - MZ 21 LT 08,LA LIBERTAD,TRUJILLO,MOCHE,1/07/2026,56.87,44.14,61.04,44.14,130500.0,130500.0,18,0,,949640074,techo_propio
"HABILITACIÓN URBANA ""LA ESTANCIA DE PACANGUILLA""",000282026F,FORTALEZA MAM CONTRATISTAS S.A.C.,"U.C. 6957 (21638-21639) UBICADO EN EL SECTOR PACANGUILLA ALTO, VALLE JEQUETEPEQUE",LA LIBERTAD,CHEPEN,PACANGA,1/07/2026,25.0,25.0,70.88,70.88,61035.0,61035.0,136,0,,951592849,techo_propio
HABILITACIÓN URBANA VIRGEN DEL CARMEN,00202026C,GRUPO KCOMTFIANZA S.A.C,UBIC. RUR. VALLE JEQUETEPEQUE PREDIO SAN VICENTE Y CHOCHERA U.C./PARC. 6777,LA LIBERTAD,CHEPEN,PACANGA,1/07/2026,25.0,25.0,50.0,50.0,55000.0,55000.0,227,0,,953393189,techo_propio
MULTIFAMILIAR LLANOS,001142025F,K-L-M CONTRATISTAS GENERALES  SAC,Calle Eulogio Revilla N° 100 Pacanga,LA LIBERTAD,CHEPÉN,PACANGA,1/07/2026,41.0,40.0,49.95,40.0,47995.0,47995.0,24,0,,044-586471 / 948104310,techo_propio
MULTIFAMILIAR MUÑOZ,001872025F,INMOBILIARIA VASQUEZ CABANILLAS EIRL,C.P VILLA DE PACANGA MZ. 60 LOTE 09,LA LIBERTAD,CHEPÉN,PACANGA,1/07/2026,45.71,44.964,59.815,45.409,47984.54,47984.54,8,0,,954849308,techo_propio
MULTIFAMILIAR PACANGUILLA,02362025C,PROYECTOS SAMIRA E.I.R.L.,"CALLE MANUEL BANDA, LOTE 9, MANZANA 77, CENTRO POBLADO PACANGUILLA",LA LIBERTAD,CHEPÉN,PACANGA,1/07/2026,41.0,41.0,41.0,41.0,47985.0,47985.0,9,0,,983255259 / 986182356,techo_propio
MULTIFAMILIAR REVILLA ,001382025F,INMOBILIARIA VASQUEZ CABANILLAS,CC.PP. VILLA PACANGA MZ 03 LOTE 11,LA LIBERTAD,CHEPÉN,PACANGA,1/07/2026,55.057,42.649,55.057,42.649,47984.54,47984.54,7,0,,954849308,techo_propio
MULTIFAMILIAR SUAREZ,001732025F,INMOBILIARIA VASQUEZ CABANILLAS EIRL,CENTRO POBLADO VILLA DE PACANGA MZ 5 LOTE 7,LA LIBERTAD,CHEPÉN,PACANGA,1/07/2026,46.194,41.427,62.245,41.427,47984.54,47984.54,8,0,,954849308,techo_propio
RESIDENCIAL MANUEL BANDA,0217-2022-F,CORPORACIÓN GF S.A.C.,Centro Poblado Pacanguilla Mz 78 Lote 22,LA LIBERTAD,CHEPÉN,PACANGA,1/07/2026,40.04,40.04,44.645,44.645,55000.0,55000.0,8,0,,960256081 - 960688377 - 960688490,techo_propio
EDIFICIO MULTIFAMILIAR B-1,00892025C,GRUPO YANASARA S.A.C.,"AA.HH. EL PROGRESO MZ.B, LOTE 1 ",LA LIBERTAD,PACASMAYO,PACASMAYO,1/07/2026,40.13,40.05,40.13,40.05,48500.0,48500.0,8,0,,962855523,techo_propio
EDIFICIO MULTIFAMILIAR RAZURI,02542025C,URBE CONSTRUCCIONES S.R.L.,"CALLE VICENTE RAZURI MZ. 19 LOTE 15, C.P. PACASMAYO",LA LIBERTAD,PACASMAYO,PACASMAYO,1/07/2026,40.81,40.64,40.81,40.64,48506.0,48500.0,14,0,,948773526,techo_propio
EL PROGRESO I,0692024C,NQP CONSTRUCTORES E.I.R.L.,AA.HH. EL PROGRESO MZ. E LOTE 2,LA LIBERTAD,PACASMAYO,PACASMAYO,1/07/2026,40.98,40.01,55.27,40.01,53095.0,49045.0,5,0,,,techo_propio
MULTIFAMILIAR ALBARRÁN,000972025F,K-L-M CONTRATISTAS GENERALES  SAC,"MZ J. LOTE 19, AA.HH EL PROGRESO",LA LIBERTAD,PACASMAYO,PACASMAYO,1/07/2026,40.18,40.18,44.43,44.43,47995.0,47995.0,8,0,,044-586471 948104310,techo_propio
MULTIFAMILIAR CALLAO-AVN ADQUISICIÓN DE VIVIENDA NUEVA,001162025F,ESPACIO ARQUITECTURA Y CONSTRUCCIÓN S.A.C.,CENTRO POBLADO PACASMAYO SECTOR PARTE ALTA PACASMAYO MZ 22 LOTE 20,LA LIBERTAD,PACASMAYO,PACASMAYO,1/07/2026,105.59,40.24,105.59,40.24,46305.0,46305.0,5,0,,94 9174060,techo_propio
MULTIFAMILIAR CHINCHAYAN,001402025F,K-L-M CONTRATISTAS GENERALES  SAC,CENTRO POBLADO CENTRO DE PACASMAYO MZ.60 LT.10,LA LIBERTAD,PACASMAYO,PACASMAYO,1/07/2026,53.34,40.25,53.34,40.25,47995.0,47995.0,11,0,,044-586471 / 948104310,techo_propio
MULTIFAMILIAR EL PORVENIR,01672025C,PROYECTOS SAMIRA E.I.R.L.,"CALLE JOSÉ MARÍA EGUREN, LOTE 6, MANZANA 32, CENTRO POBLADO PACASMAYO",LA LIBERTAD,PACASMAYO,PACASMAYO,1/07/2026,41.92,40.86,66.9,40.86,47985.0,47985.0,9,0,,986182356/983255259,techo_propio
MULTIFAMILIAR ESPINAR-AVN-ADQUISICION DE VIVIENDA NUEVA,001172025F,ESPACIO ARQUITECTURA Y CONSTRUCCION S.A.C.,Centro Poblado Centro de Pacasmayo Mz.19 Lt 21,LA LIBERTAD,PACASMAYO,PACASMAYO,1/07/2026,41.22,40.1,47.47,40.1,46305.0,46305.0,8,0,,949174060,techo_propio
MULTIFAMILIAR FEDERICO LLONTOP,02562025C,SERVICIOS INTEGRALES SGR.E.I.R.L.,CENTRO POBLADO PACASMAYO SECTOR ALTO NUEVO PACASMAYO MZ. 5 LOTE 15,LA LIBERTAD,PACASMAYO,PACASMAYO,1/07/2026,40.0,40.0,40.0,40.0,48145.0,48145.0,12,0,,977673447,techo_propio
MULTIFAMILIAR FEDERICO LLONTOP-AVN-ADQUISICION DE VIVIENDA NUEVA,001422025F,ESPACIO ARQUITECTURA Y CONSTRUCCION S.A.C.,CENTRO POBLADO PACASMAYO SECTOR ALTO NUEVO PACASMAYO MZ 4 LOTE 33 ,LA LIBERTAD,PACASMAYO,PACASMAYO,1/07/2026,40.0,40.0,40.0,40.0,46305.0,46305.0,5,0,,044227961 - 949 174 060,techo_propio
MULTIFAMILIAR GUADALUPE-AVN-ADQUISICION DE VIVIENDA NUEVA,001182025F,ESPACIO ARQUITECTURA Y CONSTRUCCION S.A.C.,Centro Poblado Pacasmayo Sector Alto Nuevo Pacasmayo Mz. 24 Lote 12 ,LA LIBERTAD,PACASMAYO,PACASMAYO,1/07/2026,40.6,40.15,40.6,40.15,46305.0,46305.0,8,0,,949174060,techo_propio
MULTIFAMILIAR HUARIPATA,000782025F,K-L-M CONTRATISTAS GENERALES  SAC,"LOTE 14, MZ. 1, AA.HH. EL PORVENIR",LA LIBERTAD,PACASMAYO,PACASMAYO,1/07/2026,40.51,40.14,49.77,40.14,47995.0,47995.0,8,0,,965638464 / 996964907 / 948104310 / 948104330,techo_propio
MULTIFAMILIAR KATCIN ,001742025F,K-L-M CONTRATISTAS GENERALES  SAC,"SUB LOTE 16A MZ.22 SECTOR EL PORVENIR, CENTRO POBLADO PACASMAYO",LA LIBERTAD,PACASMAYO,PACASMAYO,1/07/2026,41.54,40.55,46.24,40.55,47995.0,47995.0,7,0,,044-586471 / 948104310,techo_propio
MULTIFAMILIAR PACASMAYO 7,00022026C,4 BROTHER'S S.A.C.,"CALLE ADOLFO KING, MZ. 7, LOTE 32, CENTRO POBLADO PACASMAYO, SECTOR ALTO, NUEVO PACASMAYO",LA LIBERTAD,PACASMAYO,PACASMAYO,1/07/2026,41.08,40.61,41.08,40.61,49500.0,49500.0,16,0,,981620513,techo_propio
MULTIFAMILIAR PAREDES ORTIZ,000992025F,K-L-M CONTRATISTAS GENERALES  SAC,"AA.HH ALTO NUEVO PACASMAYO , MZ 6, LOTE 7",LA LIBERTAD,PACASMAYO,PACASMAYO,1/07/2026,40.5,40.5,44.7,44.7,47995.0,47995.0,8,0,,044-586471 948104310,techo_propio
MULTIFAMILIAR RAMIREZ,000812025F,K-L-M CONTRATISTAS GENERALES  SAC,CENTRO POBLADO CENTRO DE PACASMAYO Mz.51 Lt 19,LA LIBERTAD,PACASMAYO,PACASMAYO,1/07/2026,40.58,40.11,52.8,40.11,47995.0,47995.0,3,0,,965638464 / 996964907 / 948104310 / 948104330,techo_propio
MULTIFAMILIAR VASQUEZ II,000882026F,K-L-M CONTRATISTAS GENERALES  SAC,"MZ F', LOTE 1, AA.HH. LA PALMERA",LA LIBERTAD,PACASMAYO,PACASMAYO,1/07/2026,40.56,40.18,46.81,40.18,51842.5,51842.5,8,0,,044-586471 / 948104310,techo_propio
MULTIFAMILIAR YNFANTE,000962025F,K-L-M CONTRATISTAS GENERALES  SAC,MZ M LOTE 17 A.A.H.H LA PALMERA,LA LIBERTAD,PACASMAYO,PACASMAYO,1/07/2026,40.49,40.49,45.16,45.16,47995.0,47995.0,8,0,,"044-586471, 948104310, 965638464",techo_propio
PACASMAYO CD 83,00772025C,CASTILLO DIAZ CONSTRUCTORES E.I.R.L.,"Calle Ricardo Palma, Mz. 3, Lote 15, Centro Poblado Pacasmayo, Sector Parte Alta Pacasmayo",LA LIBERTAD,PACASMAYO,PACASMAYO,1/07/2026,40.08,40.01,61.97,40.01,52500.0,52500.0,9,0,,964196144,techo_propio
PACASMAYO S-76,2092025C,SALMA CONSTRUCTORES GENERALES E.I.R.L.,ASENTAMIENTO HUMANO EL PORVENIR MZ. 11 LOTE 20,LA LIBERTAD,PACASMAYO,PACASMAYO,1/07/2026,40.13,40.04,40.13,40.04,52500.0,52500.0,6,0,,981194866,techo_propio
PAKATNAMU R100,2172025C,RUWAY COMPANY S.A.C.,ASENTAMIENTO HUMANO PAKATNAMU MZ G' LOTE 1,LA LIBERTAD,PACASMAYO,PACASMAYO,1/07/2026,40.57,40.0,53.86,40.0,53500.0,53500.0,12,0,,947829188,techo_propio
RESIDENCIAL CAJAMARCA ,000642024F,CORPORACIÓN GF S.A.C.,"Centro poblado Pacasmayo,Sector alto nuevo Pacasmayo, Mz 17 lote 10",LA LIBERTAD,PACASMAYO,PACASMAYO,1/07/2026,40.125,40.125,40.16,40.16,60000.0,60000.0,3,0,,942901586,techo_propio
RESIDENCIAL JOSÉ OLAYA,059-2023-C,CORPORACIÓN GF S.A.C.,CENTRO POBLADO PACASMAYO SECTOR PARTE ALTA PACASMAYO MZ 17 LOTE 19,LA LIBERTAD,PACASMAYO,PACASMAYO,1/07/2026,40.0,40.0,40.0,40.0,53500.0,48000.0,1,0,,942901586,techo_propio
RESIDENCIAL SOL DE PACASMAYO,000592025F,NOGALCUCHO INVERSIONES Y SERVICIOS SAC ,Mz M lote 11 AA.HH. El Progreso,LA LIBERTAD,PACASMAYO,PACASMAYO,1/07/2026,42.08,42.08,47.75,42.08,47305.0,47305.0,8,0,,989315331,techo_propio
VIVIENDA MULTIFAMILIAR SAN JOSE,001372025F,IST CONSTRUCTORES CONSULTORES SAC,AA.HH. SAN MARTIN DE PORRES MZ.60 LT. 18 SECTOR 1 - SAN MARTIN DE PORRES ZONA A,LA LIBERTAD,SAN JOSE,PACASMAYO,1/07/2026,44.44,42.05,57.7,42.05,47985.0,47985.0,5,0,,957024355,techo_propio
CONJUNTO HABITACIONAL NUEVO PAIJAN I,00262026C,CONSTRUCTORA HABIMOR SAC,"SUB PARCELA 2145-A UBIC. RUR. PREDIO MOCAN, VALLE CHICAMA, SECTOR LA HORMIGUITA",LA LIBERTAD,ASCOPE,PAIJAN,1/07/2026,27.55,26.08,112.46,62.32,106145.0,50545.0,566,0,,950201122,techo_propio
CONJUNTO HABITACIONAL NUEVO PAIJAN III,0242-2022-C,CONSTRUCTORA HABIMOR SAC,UBIC. RURAL PREDIO ISAAC SECTOR MOCAN LA HORMIGUITA PARCELA 2147 C.P./PARC. 2147 SUB PARCELA 2147-A,LA LIBERTAD,ASCOPE,PAIJAN,1/07/2026,27.26,27.26,77.5,77.5,67000.0,67000.0,77,0,,978966007,techo_propio
EDIFICIO RESIDENCIAL TIPO QUINTA PAIJAN GIC-03,000842026F,GERSON H INVERSIONES CORP E.I.R.L.,ASENTAMIENTO HUMANO LICAPA MZ 9 LOTE 10A,LA LIBERTAD,ASCOPE,PAIJAN,1/07/2026,40.07,40.05,49.6,48.53,55000.0,55000.0,7,0,,965460263,techo_propio
HABILITACIÓN URBANA CON CONSTRUCCIÓN SIMULTANEA VALLE DEL SOL,0101-2022-F,Constructora & Inmobiliaria Torres de Cristal S.A.C.,Predio ubicado en el distrito de Paijan - Ascope,LA LIBERTAD,ASCOPE,PAIJAN,1/07/2026,36.0,36.0,70.0,70.0,51250.0,51250.0,166,0,,980038112 / 948314597,techo_propio
PAIJAN GIC-01,01302025C,GERSON H INVERSIONES CORP E.I.R.L.,ASENTAMIENTO HUMANO ALTO NUEVO MIRAFLORES MZ. A LOTE 7,LA LIBERTAD,ASCOPE,PAIJAN,1/07/2026,40.06,40.06,40.09,40.02,53500.0,53500.0,8,0,,965460263,techo_propio
PAIJAN LM 13,00522025C,CONSTRUCTORA L Y M CONTRATISTAS S.A.C.,"Calle Bolognesi, Asentamiento Humano Alto Paiján, Sector Monterrey, Sector Poste Blanco, Mz. 10 Lote 7",LA LIBERTAD,ASCOPE,PAIJAN,1/07/2026,45.01,40.0,45.01,40.0,52000.0,52000.0,12,0,,947930931,techo_propio
PAIJAN S 71,1582025C,SALMA CONSTRUCTORES GENERALES E.I.R.L.,ASENTAMIENTO HUMANO LOS GIRASOLES SECTOR LA HORMIGUITA MZ. I LOTE 7,LA LIBERTAD,ASCOPE,PAIJAN,1/07/2026,40.05,40.0,40.05,40.0,53500.0,53500.0,5,0,,981194866,techo_propio
RESIDENCIAL LAS CAMELIAS,00512025C,NORDIKA S.A.C.,Asentamiento Humano Alto Paiján Sector Monterrey Sector Poste Blanco Sector I Mz. 7 Lote 7,LA LIBERTAD,ASCOPE,PAIJAN,1/07/2026,41.93,41.93,57.88,40.38,51500.0,51500.0,9,0,,"938154869
979800246",techo_propio
RESIDENCIAL LAS GARDENIAS 1,001212024C,EXTERNA CONSULTING S.A.C.,"CALLE MOCHICA, MANZANA 11, LOTE 1, ASENTAMIENTO HUMANO LICAPA",LA LIBERTAD,ASCOPE,PAIJAN,1/07/2026,64.52,42.53,64.52,42.53,55000.0,55000.0,6,0,,979800246 / 938154869 / 044374601 ,techo_propio
RESIDENCIAL MARIA DEL PILAR,000922024F,NOGALCUCHO INVERSIONES Y SERVICIOS S.A.C.,"Asentamiento Humano nuevo Cartavio-Malca mz m, lote 4",LA LIBERTAD,ASCOPE,PAIJAN,1/07/2026,42.4,42.4,43.75,43.75,50000.0,50000.0,3,0,,989315331,techo_propio
RESIDENCIAL VILLA URBANA,000692025F,INVERSIONES Y SERVICIOS SIGMA S.A.C.,ASENTAMIENTO HUMANO LICAPA MZ 21 LOTE 3 ,LA LIBERTAD,ASCOPE,PAIJAN,1/07/2026,49.03,40.6,49.03,40.6,56955.0,56955.0,18,0,,"988993449
943773127",techo_propio
Residencial El Pilar,0069-2022-F,Fortuna Constructora Inmobiliaria S.A.C.,Predio El Pilar con U.C. N°10313,LA LIBERTAD,ASCOPE,PAIJAN,1/07/2026,25.0,25.0,60.0,60.0,49312.5,49312.5,182,0,,958962823/ 958962314,techo_propio
HABILITACIÓN URBANA CON CONSTRUCCIÓN SIMULTÁNEA CONDOMINIO VILLA ADRIANA II,000652024F,P&G GROUP S.A.C.,PREDIO GARBANZAL UC N° 159306 SECTOR SAN JUAN VALLE CHICAMA,LA LIBERTAD,ASCOPE,PAIJÁN,1/07/2026,34.92,34.92,50.0,50.0,77850.0,77850.0,41,0,,955136861,techo_propio
PAIJAN S 68,1572025C,SALMA CONSTRUCTORES GENERALES E.I.R.L.,ASENTAMIENTO HUMANO ALTO PAIJÁN SECTOR MONTERREY SECTOR POSTE BLANCO MZ. 12 SUB LOTE 9A,LA LIBERTAD,ASCOPE,PAIJÁN,1/07/2026,40.06,40.04,66.59,40.04,53500.0,53500.0,8,0,,981194866,techo_propio
RESIDENCIAL LAS GARDENIAS 1C,0852023C,EXTERNA CONSULTING S.A.C.,ASENTAMIENTO HUMANO LICAPA MZ. 11 LOTE 1C,LA LIBERTAD,ASCOPE,PAIJÁN,1/07/2026,40.65,40.02,54.04,40.02,45000.0,45000.0,9,0,,979800246 / 938154869 / 044374601 ,techo_propio
RESIDENCIAL SANTIAGO,00052025F,CONSTRUCTORA VIGLE E.I.R.L.,ASENTAMIENTO HUMANO ALTO PAIJÁN SECTOR MONTEREY SECTOR POSTE BLANCO MZ 37 LOTE 10,LA LIBERTAD,ASCOPE,PAIJÁN,1/07/2026,40.0,40.0,40.0,40.0,47330.0,47330.0,2,0,,926420786,techo_propio
SIENA CONDOMINIOS I ETAPA,001502025F,P&G GROUP S.A.C.,PREDIO GARBANZAL UC N° 159304 SECTOR SAN JUAN VALLE CHICAMA,LA LIBERTAD,ASCOPE,PAIJÁN,1/07/2026,25.0,25.0,50.0,50.0,75850.0,75850.0,216,0,,955136861,techo_propio
MULTIFAMILIAR JOSE GERARDO,000472025F,PR & CB SERVICIOS GENERALES E.I.R.L.,Centro Poblado Pueblo Nuevo Mz 41 Lt 11,LA LIBERTAD,CHEPÉN,PUEBLO NUEVO,1/07/2026,40.95,40.2,46.58,40.64,47399.15,47399.15,2,0,,904829585,techo_propio
MULTIFAMILIAR LUZ MARINA,001452025F,PR & CB SERVICIOS GENERALES E.I.R.L.,CENTRO POBLADO PUEBLO NUEVO MZ. 9 LOTE 10,LA LIBERTAD,CHEPÉN,PUEBLO NUEVO,1/07/2026,40.83,40.35,60.66,40.35,48000.0,48000.0,7,0,,904829505,techo_propio
NUEVO SEMAN,02262025C,RCA CONSTRUCTORA E INMOBILIARIA S.A.C,UBIC.RUR. PREDIO SEMAN VALLE JEQUETEPEQUE,LA LIBERTAD,CHEPÉN,PUEBLO NUEVO,1/07/2026,25.0,25.0,158.21,50.0,71545.0,54545.0,304,0,,992303434 / 944183049,techo_propio
CONJUNTO HABITACIONAL NUEVO PAIJAN II,00062025C,CONSTRUCTORA HABIMOR SAC,Sub Parcela 2146-A Ubic. Rur. Valle Chicama Predio Lauro Parcela 2146,LA LIBERTAD,Ascope,Paijan,1/07/2026,27.94,26.23,40.6,40.6,64805.0,45305.0,217,0,,950201122,techo_propio
HABILITACIÓN URBANA JARDINES DE RÁZURI,1102024C,EL PALMO GRUPO CONSTRUCTOR S.A.C.,PREDIO RÚSTICO MOCAN SUB LOTE UNIDAD 1-A SECTOR LA PAMPA-LAS DOS RAYAS,LA LIBERTAD,ASCOPE,RÁZURI,1/07/2026,25.2,20.0,66.02,60.0,53212.5,53212.5,401,0,,943772133,techo_propio
“VISTA DEL SOL” ETAPA I,002332025F,LOS PORTALES S.A.,SUB MODULO II-A U.C. 15427 MODULO III-A U.C. 15428 (ANTES LOTE B-4 U.C. 15394 SECTOR V) PARCELA C.XVII,LA LIBERTAD,TRUJILLO,SALAVERRY,1/07/2026,27.58,27.58,60.0,60.0,99800.0,99800.0,5,0,,930185004,techo_propio
“VISTA DEL SOL” ETAPA II,000522026F,LOS PORTALES S.A.,"PARCELA XIV, SUB MODULO II-A U.C. 15427 MODULO III-A U.C. 15428 (ANTES LOTE B-4 U.C. 15394 SECTOR V)",LA LIBERTAD,TRUJILLO,SALAVERRY,1/07/2026,27.58,27.58,62.5,60.0,98069.19,98069.19,185,0,,930185004,techo_propio
“VISTA DEL SOL” ETAPA III,000462026F,LOS PORTALES S.A.,"PARCELA XI, SUB MODULO II-A U.C. 15427 MODULO III-A U.C. 15428 (ANTES LOTE B-4 U.C. 15394 SECTOR V)",LA LIBERTAD,TRUJILLO,SALAVERRY,1/07/2026,27.62,27.62,60.0,60.0,100881.4,100881.4,208,0,,930185004,techo_propio
EDIFICIO MULTIFAMILIAR SAN JOSE R-99,01762025C,RUWAY COMPANY SAC,ASENTAMIENTO HUMANO SAN MARTIN DE PORRES MZ.150 LOTE 5 SECTOR 2 PUENTE OLIVARES ZONA A,LA LIBERTAD,PACASMAYO,SAN JOSE,1/07/2026,40.08,40.05,46.41,40.05,52500.0,52500.0,9,0,,928934484,techo_propio
MULTIFAMILIAR LA MORADA DE SAN MARTIN ,001722025F ,IST CONSTRUCTORES CONSULTORES SAC,AA.HH. SAN MARTIN DE PORRES MZ.60 LT. 16 SECTOR 1 - SAN MARTIN DE PORRES ZONA A,LA LIBERTAD,PACASMAYO,SAN JOSE,1/07/2026,41.97,40.06,54.07,40.06,47985.0,47985.0,5,0,,982013887,techo_propio
MULTIFAMILIAR RAMOS,001002025F,K-L-M CONTRATISTAS GENERALES  SAC,"Centro Poblado Verdun, Mz. 36, Lote 12",LA LIBERTAD,PACASMAYO,SAN JOSÉ,1/07/2026,40.6,40.6,43.86,40.6,47995.0,47995.0,8,0,,"965638464
948104310",techo_propio
EDIFICIO MULTIFAMILIAR SAN PEDRO LM 73,1032025C,CONSTRUCTORA L Y M CONTRATISTAS S.A.C.,Mz. L Lote 6 Asentamiento Humano Cruce el Milagro I,LA LIBERTAD,PACASMAYO,SAN PEDRO,1/07/2026,40.07,40.04,40.07,40.04,55000.0,55000.0,12,0,,947930931,techo_propio
CONJUNTO HABITACIONAL GERMAN RAZURI II,072-2022-C,ARQ TECH PERU SERVICIOS GENERALES S.R.L.,"Predio San Juan y El Moreno, Sector El Palmo, Valle Jequetepeque lote D",LA LIBERTAD,PACASMAYO,SAN PEDRO DE LLOC,1/07/2026,52.5,52.5,66.82,66.82,46205.0,46205.0,2,0,,914382614/ 940916110,techo_propio
CONJUNTO HABITACIONAL GERMAN RAZURI III,079-2022-C,ARLES S.R.L.,Predio San Juan y El Moreno Sector El Palmo Valle Jequetepeque Lote C,LA LIBERTAD,PACASMAYO,SAN PEDRO DE LLOC,1/07/2026,35.0,35.0,60.0,60.0,46205.0,46205.0,42,0,,914382614 /940916110,techo_propio
CONJUNTO HABITACIONAL GERMÁN RAZURI V,01112025C,ANTARK CONSTRUCTORA Y SERVICIOS GENERALES S.A.C.,"Predio San Juan y El Moreno, Lote A, Valle Jequetepeque, Sector El Palmo",LA LIBERTAD,PACASMAYO,SAN PEDRO DE LLOC,1/07/2026,70.48,35.0,157.5,50.0,46805.0,46205.0,164,0,,"979990143
 979990143
962769755
995362617",techo_propio
CONJUNTO RESIDENCIAL GERMAN RAZURI IV,0131-2022-C,ATICA S.A.C.,"Predio rústico denominado San Juan y El Moreno, Lote B Sector El Palmo Valle Jequetepeque",LA LIBERTAD,PACASMAYO,SAN PEDRO DE LLOC,1/07/2026,52.5,52.5,78.85,78.85,46205.0,46205.0,86,0,,914382614 /940916110,techo_propio
CONJUNTO RESIDENCIAL SAN PEDRO LM 41,001082025F,CONSTRUCTORA L Y M CONTRATISTAS S.A.C.,MZ. A LOTE 31 AA.HH. LAS MARAVILLAS,LA LIBERTAD,PACASMAYO,SAN PEDRO DE LLOC,1/07/2026,40.1,40.03,56.09,40.03,50000.0,50000.0,12,0,,947930931,techo_propio
EDIFICIO MULTIFAMILIAR - 20 DEPARTAMENTOS,00082026C,GOLDEN NIGHT E.I.R.L.,MZ. G LOTE 1 AA.HH CRUCE EL MILAGRO,LA LIBERTAD,PACASMAYO,SAN PEDRO DE LLOC,1/07/2026,40.04,40.04,40.04,40.04,50000.0,50000.0,20,0,,966428641,techo_propio
EDIFICIO MULTIFAMILIAR 15 DEPARTAMENTOS,086-2023-C,GRUPO YANASARA S.A.C.,AA.HH. Mazanca Mz. M Lote 11,LA LIBERTAD,PACASMAYO,SAN PEDRO DE LLOC,1/07/2026,40.0,40.0,40.0,40.0,48160.0,48160.0,3,0,,945212757,techo_propio
EDIFICIO MULTIFAMILIAR 8-15,00312026C,MD EDIFICA S.A.C.,"ASENTAMIENTO HUMANO JOSÉ GÁLVEZ MONTOYA MZ. ""8"" LOTE 15",LA LIBERTAD,PACASMAYO,SAN PEDRO DE LLOC,1/07/2026,40.48,40.03,43.73,40.03,48500.0,48500.0,8,0,,999628092,techo_propio
EDIFICIO MULTIFAMILIAR AVN SAN PEDRO IX,0133-2023-F,GRUPO CONSTRUCTOR FOCSA S.A.C,Asentamiento Humano José Gálvez Montoya Mz. 8 Lote 12,LA LIBERTAD,PACASMAYO,SAN PEDRO DE LLOC,1/07/2026,43.7,43.7,43.7,43.7,47984.54,47984.54,2,0,,947411205,techo_propio
EDIFICIO MULTIFAMILIAR C-1A,02512025C,OLIVA ZAMORA SERVICIOS GENERALES E.I.R.L.,PUEBLO JOVEN SAN PABLO MZ. C LOTE 1A,LA LIBERTAD,PACASMAYO,SAN PEDRO DE LLOC,1/07/2026,40.0,40.0,40.0,40.0,50000.0,50000.0,10,0,,999628092,techo_propio
EDIFICIO MULTIFAMILIAR CHOCOFAN 7,00132026C,LUPITA BYD E.I.R.L.,ASENTAMIENTO HUMANO CHOCOFAN MZ. 28 LOTE 7,LA LIBERTAD,PACASMAYO,SAN PEDRO DE LLOC,1/07/2026,40.12,40.12,40.12,40.12,49500.0,49500.0,10,0,,951040035,techo_propio
EDIFICIO MULTIFAMILIAR ESTROAM 6,02152025C,ESTROAM CONSULTORES GENERALES S.A.C.,ASENTAMIENTO HUMANO JOSÉ GÁLVEZ MONTOYA MZ. 6 LOTE 25,LA LIBERTAD,PACASMAYO,SAN PEDRO DE LLOC,1/07/2026,40.75,40.75,40.75,40.75,48500.0,48500.0,12,0,,989315478,techo_propio
EDIFICIO MULTIFAMILIAR JOSÉ GÁLVEZ,0632025C,LUPITA BYD E.I.R.L.,Asentamiento Humano José Gálvez Montoya Mz. 2 Lote 12,LA LIBERTAD,PACASMAYO,SAN PEDRO DE LLOC,1/07/2026,40.14,40.14,40.6,40.6,45000.0,45000.0,9,0,,951040035,techo_propio
EDIFICIO MULTIFAMILIAR MILAGRO 18,00142026C,AVA INCREMENTA S.R.L.,MZ. X LOTE 18 AA.HH. CRUCE EL MILAGRO,LA LIBERTAD,PACASMAYO,SAN PEDRO DE LLOC,1/07/2026,40.75,40.75,40.75,40.75,48700.0,48700.0,10,0,,951040035 / 949173812,techo_propio
EDIFICIO MULTIFAMILIAR SAN MATEO 19,00162026C,GENERAL SERVICE GOD WITH US S.A.C.,"MANZANA X' LOTE 19 AA.HH, CRUCE EL MILAGRO II",LA LIBERTAD,PACASMAYO,SAN PEDRO DE LLOC,1/07/2026,40.75,40.75,40.75,40.75,50500.0,50500.0,10,0,,912144221,techo_propio
EDIFICIO MULTIFAMILIAR SAN PABLO B61,02372025C,AVA INCREMENTA S.R.L.,"CALLE PORVENIR, MZ B, LOTE 61, PUEBLO JOVEN SAN PABLO",LA LIBERTAD,PACASMAYO,SAN PEDRO DE LLOC,1/07/2026,40.25,40.23,40.25,40.23,48700.0,48700.0,5,0,,951040035 / 949173812,techo_propio
EDIFICIO MULTIFAMILIAR SAN PABLO H13,2532025C,INVERSIONES PROYSER S.A.C.,PUEBLO JOVEN SAN PABLO MZ. H LOTE 13,LA LIBERTAD,PACASMAYO,SAN PEDRO DE LLOC,1/07/2026,41.41,40.5,50.68,40.5,49500.0,49500.0,9,0,,944488979,techo_propio
"HABILITACIÓN URBANA ""EL ENCANTO DE LLOC III""",001032024F,FORTALEZA MAM CONTRATISTAS S.A.C.,Urb. Rur. Predio la Huerta el Palmo Valle Jequetepeue U.C. 15118,LA LIBERTAD,PACASMAYO,SAN PEDRO DE LLOC,1/07/2026,35.0,35.0,95.85,95.85,73057.0,73057.0,16,0,,951592849,techo_propio
INNOVA 1,001042024C,GRUPO INNOVARQ ARQUITECTURA Y CONSTRUCCION E.I.R.L.       ,ASENTAMIENTO HUMANO SANTA LUCIA MZ G - LOTE 5,LA LIBERTAD,PACASMAYO,SAN PEDRO DE LLOC,1/07/2026,40.03,40.03,180.5,180.5,51305.0,51305.0,6,0,,944272797,techo_propio
MAZANCA LD 74,00332025C,CONSTRUCTORA LUVI EIRL,"Av. Principal, lote 14, Manzana M, Asentamiento Humano Mazanca ",LA LIBERTAD,LA LIBERTAD,SAN PEDRO DE LLOC,1/07/2026,40.07,40.02,40.07,40.02,52500.0,52500.0,12,0,,953264265,techo_propio
MULTIFAMILIAR DE LA CRUZ,02222025C,PROYECTOS SAMIRA E.I.R.L.,"CALLE SAN LUCAS, LOTE 25, MANZANA V, ASENTAMIENTO HUMANO CRUCE EL MILAGRO",LA LIBERTAD,PACASMAYO,SAN PEDRO DE LLOC,1/07/2026,40.07,40.07,40.07,40.07,47985.0,47985.0,8,0,,986182356/983255259,techo_propio
MULTIFAMILIAR EL MILAGRO F'18,00012026C,4 BROTHER'S S.A.C.,"CALLE EL MILAGRO, LOTE 18, MANZANA F', ASENTAMIENTO HUMANO CRUCE EL MILAGRO",LA LIBERTAD,PACASMAYO,SAN PEDRO DE LLOC,1/07/2026,40.32,40.32,40.32,40.32,49500.0,49500.0,9,0,,981620513,techo_propio
MULTIFAMILIAR LA PRIMAVERA,00042026C,SERVICIOS INTEGRALES SGR.E.I.R.L.,POSESIÓN INFORMAL CENTRO POBLADO LA PRIMAVERA MZ. E LOTE 8,LA LIBERTAD,PACASMAYO,SAN PEDRO DE LLOC,1/07/2026,41.27,41.1,46.22,45.89,48145.0,48145.0,8,0,,977673447,techo_propio
MULTIFAMILIAR LIAM,00472024C,EDIFICACIONES LIAM EIRL,"Calle San Mateo AA.HH. Cruce el Milagro, Mz. C. Lote 26 A",LA LIBERTAD,PACASMAYO,SAN PEDRO DE LLOC,1/07/2026,41.41,41.41,41.41,41.41,109200.0,109200.0,7,0,,942952571/ 982019831,techo_propio
MULTIFAMILIAR SAN PEDRO 25,01252025C,REY DAVID CONSTRUCTORES S.A.C.,"CALLE ZEPITA, LOTE 27, MANZANA 25, CENTRO POBLADO  SAN PEDRO DE LLOC",LA LIBERTAD,PACASMAYO,SAN PEDRO DE LLOC,1/07/2026,40.61,40.31,40.61,40.31,49500.0,49500.0,7,0,,951403430,techo_propio
MULTIFAMILIAR SANTA LUCÍA K18,01242025C,CONSORCIO EMPRESARIAL CESCAS E.I.R.L.,"CALLE 4, ASENTAMIENTO HUMANO SANTA LUCIA, MZ. K, LOTE 18",LA LIBERTAD,PACASMAYO,SAN PEDRO DE LLOC,1/07/2026,40.64,40.16,40.64,40.51,48500.0,48500.0,8,0,,986345730,techo_propio
MULTIFAMILIAR SANTA LUCÍA K7,01232025C,CONSORCIO EMPRESARIAL CESCAS E.I.R.L.,"CALLE RICARDO PALMA, ASENTAMIENTO HUMANO SANTA LUCÍA, MZ. K, LOTE 07",LA LIBERTAD,PACASMAYO,SAN PEDRO DE LLOC,1/07/2026,40.65,40.63,40.65,40.63,45000.0,45000.0,8,0,,986345730,techo_propio
PROYECTO JUVENAL,01272025C,CONSTRUCTORA PLAD SAC,"AV. PRINCIPAL, LOTE 3C, MANZANA A, CENTRO POBLADO JATANCA",LA LIBERTAD,PACASMAYO,SAN PEDRO DE LLOC,1/07/2026,42.14,42.11,42.14,42.11,46205.0,46205.0,6,0,,913013029 / 963826661 / 989 326 020,techo_propio
RESIDENCIAL CASTRO 1,0024-2023-F,ARIANT S.A.C.,"Calle Dos de Mayo S/N, Centro Poblado San Pedro de Lloc Mz. "" 39"" Lt. N° 17",LA LIBERTAD,PACASMAYO,SAN PEDRO DE LLOC,1/07/2026,40.5,40.5,40.5,40.5,46205.0,46205.0,45,0,,915949060,techo_propio
RESIDENCIAL CENTENARIO,02142025C,CORPORACIÓN GF S.A.C.,AV. CENTENARIO-LOTE 08,LA LIBERTAD,PACASMAYO,SAN PEDRO DE LLOC,1/07/2026,40.32,40.07,52.39,40.07,67500.0,67500.0,23,0,,942901586,techo_propio
RESIDENCIAL FELICE 1,001282024F,HOGARIAN S.A.C.,"Centro poblado Jatanca mz k, lote 8",LA LIBERTAD,PACASMAYO,SAN PEDRO DE LLOC,1/07/2026,40.1,40.1,46.27,46.27,46250.0,46250.0,2,0,,908821246,techo_propio
RESIDENCIAL PRIMAVERA 4,00022025F,HOGARIAN S.A.C.   ,CENTRO POBLADO  LA PRIMAVERA MZ C LOTE 10,LA LIBERTAD,PACASMAYO,SAN PEDRO DE LLOC,1/07/2026,43.37,40.53,43.37,40.53,46205.0,46205.0,14,0,,948726107,techo_propio
RESIDENCIAL SAN PEDRO,00192025C,CAMACHO & ASOCIADOS S.A.C.,"Calle Porvenir, Lote 12, Manzana 15, Asentamiento Humano Chocofan",LA LIBERTAD,PACASMAYO,SAN PEDRO DE LLOC,1/07/2026,40.17,40.11,40.17,40.11,54000.0,47941.35,11,0,,934 682 667 / 942 969 118,techo_propio
RESIDENCIAL SANTA FE,00322026C,CONSTRUCTORA ROMAAC S.A.C.,UBIC. RUR. PREDIO FERNANDO SECTOR CHOCOFAN VALLE JEQUETEPEQUE,LA LIBERTAD,PACASMAYO,SAN PEDRO DE LLOC,1/07/2026,47.89,34.81,56.55,54.55,56545.0,54545.0,123,0,,963826661,techo_propio
RESIDENCIAL VIA DE FATIMA,000492024F,CORPORACION MARBELEN SAC,Mz A Lt 1 Conj Habitacional via de Fatima,LA LIBERTAD,PACASMAYO,SAN PEDRO DE LLOC,1/07/2026,41.78,41.78,41.78,41.78,46205.0,46205.0,22,0,,908821146,techo_propio
RESIDENCIAL VIA DE GUADALUPE,000502024F,CORPORACION MARBELEN SAC,Mz A Lt 1C Conj Habitacional via de Fatima,LA LIBERTAD,PACASMAYO,SAN PEDRO DE LLOC,1/07/2026,40.6,40.6,48.14,48.14,46205.0,46205.0,39,0,,908821146,techo_propio
RESIDENCIAL VIA DE LAS MERCEDES,000482024F,CORPORACION MARBELEN SAC,Mz. A Lt 1B Conj. Habitacional via de Fatima ,LA LIBERTAD,PACASMAYO,SAN PEDRO DE LLOC,1/07/2026,41.78,41.78,41.78,41.78,46205.0,46205.0,56,0,,908821146,techo_propio
RESIDENCIAL VIA DEL CARMEN ,000512024F,CORPORACION MARBELEN SAC,"Mz. A Lt. 1A, Conj. Habitacional via de Fatima",LA LIBERTAD,PACASMAYO,SAN PEDRO DE LLOC,1/07/2026,41.78,41.78,41.78,41.78,46205.0,46205.0,49,0,,908821146,techo_propio
SAN PEDRO AL-01,000872026F,CONSTRUCTORA E INMOBILIARIA ALOR E.I.R.L.,ASENTAMIENTO HUMANO CHOCOFAN MZ 42 LOTE 11C,LA LIBERTAD,PACASMAYO,SAN PEDRO DE LLOC,1/07/2026,40.04,40.04,56.17,40.04,56500.0,56500.0,8,0,,971060761,techo_propio
SAN PEDRO CD 53,1592025C,CASTILLO DIAZ CONSTRUCTORES E.I.R.L.,MZ. I LOTE 19 AA.HH. CRUCE EL MILAGRO,LA LIBERTAD,PACASMAYO,SAN PEDRO DE LLOC,1/07/2026,40.07,40.04,48.16,40.04,53500.0,53500.0,6,0,,964196144,techo_propio
SAN PEDRO CD-84,00372025C,CASTILLO DIAZ CONSTRUCTORES E.I.R.L.,"Manzana ""R"" lote 12, AA.HH Cruce El Milagro I",LA LIBERTAD,PACASMAYO,SAN PEDRO DE LLOC,1/07/2026,40.09,40.01,45.31,40.01,52500.0,52500.0,9,0,,964196144,techo_propio
SAN PEDRO CH-102,02032025C,CHANG CONSTRUCTORES S.A.C.,"CALLE SAN ANTONIO, LOTE 17, MANZANA Q', AA.HH. C II",LA LIBERTAD,PACASMAYO,SAN PEDRO DE LLOC,1/07/2026,40.08,40.08,47.64,40.08,53500.0,53500.0,8,0,,991887616,techo_propio
SAN PEDRO CM 29,00582024C,CONSTRUCTORA E INMOBILIARIA LUNA VICTORIA E.I.R.L.,"ASENTAMIENTO HUMANO CHOCOFAN, CALLE 28 DE JULIO, MZ. 23, LOTE 2A",LA LIBERTAD,PACASMAYO,SAN PEDRO DE LLOC,1/07/2026,40.14,40.03,45.7,40.03,51500.0,51500.0,9,0,,968352360,techo_propio
SAN PEDRO CS 31,0942025C,CONSTRUCTORA E INMOBILIARIA LUNA VICTORIA E.I.R.L.,"Asentamiento Humano Cruce El Milagro II, Mz. H' Lote 1",LA LIBERTAD,PACASMAYO,SAN PEDRO DE LLOC,1/07/2026,40.03,40.0,52.03,40.0,51500.0,51500.0,8,0,,968352360,techo_propio
SAN PEDRO CS22,115-2023-C,CONSTRUCTORA E INMOBILIARIA LUNA VICTORIA E.I.R.L.,"A.H. CRUCE EL MILAGRO, MZ. W LOTE 8 ",LA LIBERTAD,PACASMAYO,SAN PEDRO DE LLOC,1/07/2026,40.0,40.0,40.0,40.0,45000.0,45000.0,2,0,,981194866,techo_propio
SAN PEDRO LC 35,02242025C,CONSTRUCTORA LUVI EIRL,MZ. H' LOTE 3 AA.HH CRUCE EL MILAGRO II,LA LIBERTAD,PACASMAYO,SAN PEDRO DE LLOC,1/07/2026,40.06,40.0,53.99,40.0,53500.0,53500.0,6,0,,953264265,techo_propio
SAN PEDRO LC 94,0172025C,CONSTRUCTORA LUVI EIRL,CALLE SANTA ELENA MZ. O' LOTE 16 AA.HH. CRUCE EL MILAGRO II,LA LIBERTAD,PACASMAYO,SAN PEDRO DE LLOC,1/07/2026,40.05,40.05,46.77,40.05,52500.0,52500.0,6,0,,953264265,techo_propio
SAN PEDRO LC 95,0182025C,CONSTRUCTORA LUVI EIRL,MZ. W' LOTE 10 AA.HH. CRUCE EL MILAGRO II,LA LIBERTAD,PACASMAYO,SAN PEDRO DE LLOC,1/07/2026,40.05,40.05,46.77,40.05,52500.0,52500.0,6,0,,953264265,techo_propio
SAN PEDRO LM 01,02412025C,CONSTRUCTORA L Y M CONTRATISTAS S.A.C.,"CALLE SAN ANTONIO, MZ C', LOTE 16, ASENTAMIENTO HUMANO CRUCE EL MILAGRO I",LA LIBERTAD,PACASMAYO,SAN PEDRO DE LLOC,1/07/2026,40.22,40.03,40.22,40.03,55500.0,55500.0,8,0,,947930931,techo_propio
SAN PEDRO LM 02,02292025C,CONSTRUCTORA L Y M CONTRATISTAS S.A.C.,ASENTAMIENTO HUMANO CHOCOFAN MZ. 19 LOTE 7A,LA LIBERTAD,PACASMAYO,SAN PEDRO DE LLOC,1/07/2026,40.02,40.0,47.72,40.0,55500.0,55500.0,8,0,,947930931,techo_propio
SAN PEDRO LM 03,02272025C,CONSTRUCTORA L Y M CONTRATISTAS S.A.C.,FRENTE CALLE SANTA CLARA MZ. A LOTE 21 AA.HH CRUCE EL MILAGRO I,LA LIBERTAD,PACASMAYO,SAN PEDRO DE LLOC,1/07/2026,40.05,40.0,46.77,40.0,55500.0,55500.0,9,0,,947930931,techo_propio
SAN PEDRO LM 37,00542025C,CONSTRUCTORA L Y M CONTRATISTAS S.A.C.,"Calle San Martin de Porres, Asentamiento Humano Cruce El Milagro II, Mz. Q', Lote 5",LA LIBERTAD,PACASMAYO,SAN PEDRO DE LLOC,1/07/2026,40.01,40.01,46.51,40.01,51500.0,51500.0,8,0,,947930931,techo_propio
SAN PEDRO S-77,00112026C,SALMA CONSTRUCTORES GENERALES E.I.R.L.,"AV. PROGRESO, MANZANA 6, LOTE 29, ASENTAMIENTO HUMANO JOSÉ GÁLVEZ MONTOYA",LA LIBERTAD,PACASMAYO,SAN PEDRO DE LLOC,1/07/2026,40.04,40.04,62.45,40.04,52500.0,52500.0,8,0,,981194866,techo_propio
SAN PEDRO S-88,0862025C,SALMA CONSTRUCTORES GENERALES E.I.R.L.,Mz. W Lote 10 AA.HH. Cruce El Milagro I,LA LIBERTAD,PACASMAYO,SAN PEDRO DE LLOC,1/07/2026,40.02,40.02,40.02,40.02,52500.0,52500.0,8,0,,981194866,techo_propio
CONJUNTO RESIDENCIAL CHIQUITOY JM3,00212025C,CONSTRUCTORA E INMOBILIARIA JME E.I.R.L.,"Pasaje Callao, Sub Lt. 9, Mz A-1, Centro Poblado Chiquitoy",LA LIBERTAD,Ascope,SANTIAGO DE CAO,1/07/2026,40.52,40.12,56.17,40.12,51500.0,51500.0,12,0,,973815613,techo_propio
RESIDENCIAL MONZON,00042025F,NOGALCUCHO INVERSIONES Y SERVICIOS S.A.C.     ,ASENTAMIENTO HUMANO NUEVO CARTAVIO MALCA MZ M4 LOTE 10,LA LIBERTAD,ASCOPE,SANTIAGO DE CAO,1/07/2026,40.0,40.0,40.0,40.0,50000.0,50000.0,1,0,,989315331,techo_propio
MULTIFAMILIAR CHRISTHIA,000682026F,CHRISTHIA CONSTRUCTORA Y CONSULTORA E.I.R.L.,PUEBLO JOVEN SAN VICENTE DE PAUL MZ. A LT.05,LA LIBERTAD,TRUJILLO,VICTOR LARCO HERRERA,1/07/2026,65.07,59.05,65.07,59.05,54850.0,54850.0,7,0,,922085160,techo_propio
RESIDENCIAL BLANQUITA,000382026F,NEGOCIACIONES AL & AM S.A.C.,ASENTAMIENTO HUMANO BUENOS AIRES SECTOR BALNEARIO BARRIO 1 MZ 11 LOTE 21,LA LIBERTAD,TRUJILLO,VICTOR LARCO HERRERA,1/07/2026,59.2,49.65,80.42,49.65,66526.75,53545.0,9,0,,044661414 / 964160620,techo_propio
HABILITACIÓN URBANA LAS PALMERAS DE VIRÚ,001342025F,JFD CONSTRUCTORES S.A.C.,PREDIO SANTA ELENA Y ANEXOS LOTE E.U.C. 05347,LA LIBERTAD,VIRU,VIRU,1/07/2026,40.0,40.0,205.43,40.88,74000.0,58000.0,1872,0,,972683323,techo_propio
LA ALAMEDA DE VIRU,001882025F,GRUPO BETTER WORLD SAC,UBIC. RUR. VALLE VIRU PREDIO EL PALTO SECTOR BITIN U.C. 2774 VIRÚ,LA LIBERTAD,VIRU,VIRU,1/07/2026,27.5,27.5,92.71,59.74,59805.0,54805.0,158,0,,959075718 / 044695606,techo_propio
MARIA LAURA,000272025F,UTCUBAMBA ECO LODGE E.I.R.L.,PREDIO MARIA LAURA MZ. G SUB. LOTE 5 URB. CAMPO 4 AB,LA LIBERTAD,VIRU,VIRU,1/07/2026,40.7,40.7,43.92,40.7,48045.0,48045.0,6,0,,961557316,techo_propio
EL ALTO DE VIRÚ,02232025C,INMOBILIARIA FORTEZZA S.A.C.,"UBIC. RUR. VALLE VIRÚ, PREDIO EL ÁLAMO U.C. 005574, SECTOR SANTA CLARA",LA LIBERTAD,VIRÚ,VIRÚ,1/07/2026,25.0,25.0,98.74,47.46,95795.0,56295.0,106,0,,,techo_propio
URBANIZACION NUEVO ETEN,0012-2023-F,MURANO INVESTMENT S.A.C.,KM 5 DE LA CARRETERA REQUE  - PUERTO ETEN ,LAMBAYEQUE,CHICLAYO, ETEN,1/07/2026,27.5,27.5,51.0,51.0,69705.0,69705.0,1,0,,975361986,techo_propio
CONJUNTO RESIDENCIAL ARVI-69,01692025C,CORPORACION ARVI3 S.A.C.,CENTRO POBLADO MENOR CERRO LEON MZ. 15 LOTE 11,LAMBAYEQUE,CHICLAYO,CAYALTI,1/07/2026,40.72,40.31,50.18,40.31,46805.0,46805.0,8,0,,985076707,techo_propio
CONJUNTO RESIDENCIAL ARVI-46,0532024C,CORPORACION ARVI3 S.A.C.,Centro Poblado Cerro León Mz. 7 Lote 1,LAMBAYEQUE,CHICLAYO,CAYALTÍ,1/07/2026,40.18,40.02,45.31,40.02,43962.5,43962.5,6,0,,992183750,techo_propio
MULTIFAMILIAR ARVI-54,0902024C,CORPORACION ARVI3 S.A.C.,Centro Poblado Cerro León Mz. 9 Lote 1,LAMBAYEQUE,CHICLAYO,CAYALTÍ,1/07/2026,40.37,40.07,40.37,40.2,47005.0,47005.0,3,0,,992183751,techo_propio
MULTIFAMILIAR ARVI-66,01622025C,CORPORACION ARVI3 S.A.C.,POSESIÓN INFORMAL CERCADO DE CAYALTI SECTOR 3 MZ. 141 SUB LOTE 9 ,LAMBAYEQUE,CHICLAYO,CAYALTÍ,1/07/2026,40.17,40.17,63.04,40.17,47985.0,47985.0,6,0,,985076707,techo_propio
ESTANCIA DEL VALLE VIII ETAPA,002312025F,LOS PORTALES S.A.,FUNDO QUEFE. CHICLAYO-SUB LT. B2,LAMBAYEQUE,CHICLAYO,CHICLAYO,1/07/2026,25.0,25.0,60.0,60.0,93310.0,93310.0,2,0,,981530611,techo_propio
"Habilitación Urbana ""Costa Santa TP1"" con construcción simultánea tipo 5 - I Etapa",000602026F-1,PROMOTORA ALGARROBOS S.A.C.,"UBIC. RUR. FUNDO SAMAN DEL VALLE DE ZAÑA, SUB LOTE 01A, SECTOR SAN MIGUEL",LAMBAYEQUE,CHICLAYO,CHICLAYO,1/07/2026,25.1,25.1,114.89,60.0,94545.0,62345.0,152,0,,968117665,techo_propio
"Habilitación Urbana ""Costa Santa TP1"" con construcción simultánea tipo 5 - II Etapa",000602026F-2,PROMOTORA ALGARROBOS S.A.C.,"UBIC. RUR. FUNDO SAMAN DEL VALLE DE ZAÑA, SUB LOTE 01B, SECTOR SAN MIGUEL",LAMBAYEQUE,CHICLAYO,CHICLAYO,1/07/2026,25.1,25.1,115.32,60.0,103805.0,62945.0,163,0,,968117665,techo_propio
"Habilitación Urbana ""Costa Santa TP1"" con construcción simultánea tipo 5 - III Etapa",000602026F-3,PROMOTORA ALGARROBOS S.A.C.,"UBIC. RUR. FUNDO SAMAN DEL VALLE DE ZAÑA, SUB LOTE 01C, SECTOR SAN MIGUEL",LAMBAYEQUE,CHICLAYO,CHICLAYO,1/07/2026,25.1,25.1,110.59,60.0,104500.0,68445.0,160,0,,968117665,techo_propio
"Habilitación Urbana ""Costa Santa TP1"" con construcción simultánea tipo 5 - IV Etapa",000602026F-4,PROMOTORA ALGARROBOS S.A.C.,"UBIC. RUR. FUNDO SAMAN DEL VALLE DE ZAÑA, SUB LOTE 01D, SECTOR SAN MIGUEL",LAMBAYEQUE,CHICLAYO,CHICLAYO,1/07/2026,25.1,25.1,111.76,60.0,100545.0,63205.0,166,0,,968117665,techo_propio
MULTIFAMILIAR DIAZ,000252026F,INVERSIONES LOS DIAMANTES S.A.C.,CENTRO POBLADO MENOR NUEVO MOCUPE MZ H4 LOTE 10A CA. IGUEL GRAU,LAMBAYEQUE,CHICLAYO,CHICLAYO,1/07/2026,40.69,40.69,40.69,40.69,49045.0,49045.0,9,0,,998991883,techo_propio
RESIDENCIAL LOS CEREZOS,002572025F,BRICK CONSTRUCTORA INMOBILIARIA S.A.C,HABILITACIÓN URBANA LAS PALMAS MZ B LT 10,LAMBAYEQUE,CHICLAYO,CHICLAYO,1/07/2026,40.14,40.0,40.14,40.0,135000.0,127500.0,8,0,,925634245,techo_propio
VIVIENDA MULTIFAMILIAR-AIM-002,02042025C,AIM CONSULTORES Y CONSTRUCTORES S.R.L.,CENTRO POBLADO PUEBLO LIBRE MZ. G. LOTE 2,LAMBAYEQUE,CHICLAYO,CHICLAYO,1/07/2026,48.52,40.03,52.59,40.03,51500.0,51500.0,7,0,,962385788,techo_propio
URBANIZACIÓN REQUE MAR,01092024C,CORPORACIÓN GÉMINIS CONTRATISTAS GENERALES S.A.C.,Sub Lote 1-2 Sector 03 ,LAMBAYEQUE,CHICLAYO,ETEN,1/07/2026,40.2,40.2,55.26,55.26,104500.0,104500.0,16,0,,924710203,techo_propio
URBANIZACIÓN REQUE MAR II,02302025C,CORPORACIÓN GEMINIS CONTRATISTAS GENERALES S.A.C.,SUB LOTE 1-2 SECTOR 03 DEL DISTRITO DE CIUDAD ETEN,LAMBAYEQUE,CHICLAYO,ETEN,1/07/2026,46.36,40.2,61.83,61.83,104500.0,104500.0,64,0,,924710203,techo_propio
RESIDENCIAL SANTA SOFIA,01532025C,EFUS BUILT CONSTRUCTION S.A.C.,"PARCELA F, MZ. L LOTE 4-22 SECTOR EL PUEBLO COLOCHE/DENOMINADO CASA BLANCA",LAMBAYEQUE,FERREÑAFE,FERREÑAFE,1/07/2026,40.12,40.12,40.12,40.12,47985.0,47985.0,80,0,,900650102,techo_propio
Urbanización Los Castaños de Ferreñafe,0074-2022-F,Constructora Los Castaños de Ferreñafe S.A.C.,"Ubicación Rural Terreno Denominado San Gregorio, Distrito y Provincia de Ferreñafe",LAMBAYEQUE,FERREÑAFE,FERREÑAFE,1/07/2026,25.07,25.07,66.0,66.0,65495.0,65495.0,1186,0,,993953259 / 997585359,techo_propio
ESTANCIA DEL VALLE IX ETAPA,000482026F,LOS PORTALES S.A.,PREDIO DENOMINADO VILLA HERMOSA DEL SECTOR VILLA HERMOSA,LAMBAYEQUE,CHICLAYO,JOSE LEONARDO ORTIZ,1/07/2026,25.1,25.1,86.96,46.79,104500.0,81330.0,482,0,,981530611,techo_propio
HABILITACION URBANA VILLA REFUGIO DEL SOL ETAPA 01,000832026F-1,DESARROLLO INMOBILIARIO MARVERDE S.A.C.,Predios VR 1 y VR 2 en el Predio San Ignacio,LAMBAYEQUE,CHICLAYO,JOSE LEONARDO ORTIZ,1/07/2026,25.09,25.09,49.5,49.5,75841.72,75841.72,273,0,,926684361,techo_propio
"HABILITACIÓN URBANA ""ANDALUCIA""-ETAPA I -HABILITACION URBANA MIXTA CON CONSTRUCCION SIMULTANEA TIPO 5 Y VENTA GARANTIZADA TIPO 4 - MODALIDAD C ",000552026F-1,URB. ANDALUCIA INMOBILIARIA S.A.C.,UBIC. RUR. FUNDO SAN IGNACIO C.P./PARC.3B AREA HA. 5.3462,LAMBAYEQUE,CHICLAYO,JOSE LEONARDO ORTIZ,1/07/2026,32.06,25.68,70.8,54.04,88562.12,88562.12,54,0,,982888572,techo_propio
AVN RESIDENCIAL JLO,01282025C,BP & ASOCIADOS S.A.C.,"CALLE SAN MARTÍN, POSESIÓN INFORMAL URBANIZACIÓN URRUNAGA, SECTOR 3° SECTOR, MZ. 104, LOTE 11",LAMBAYEQUE,CHICLAYO,JOSÉ LEONARDO ORTIZ,1/07/2026,40.04,40.0,55.34,40.0,53500.0,53500.0,8,0,,"904883195
947930931",techo_propio
"HABILITACIÓN URBANA ""CHACUPE VERDE"" ETAPA I",000892026F-1,MI PRIMER HOGAR SAC,"PREDIO DENOMINADO ""SAN FRANCISCO"" UBICADO EN EL SECTOR CHACUPE",LAMBAYEQUE,CHICLAYO,LA VICTORIA,1/07/2026,30.0,30.0,102.32,50.4,72450.0,59950.0,59,0,,977470976,techo_propio
"HABILITACIÓN URBANA ""CHACUPE VERDE"" ETAPA II",000892026F-2,MI PRIMER HOGAR SAC,"PREDIO DENOMINADO ""SAN FRANCISCO"" UBICADO EN EL SECTOR CHACUPE",LAMBAYEQUE,CHICLAYO,LA VICTORIA,1/07/2026,30.0,30.0,109.56,50.4,74150.0,59950.0,71,0,,977470976,techo_propio
LAS VILLAS DE CHOSICA,390-S ,GAMMA URBANA S.A.C.,SUB LOTE 10275 (B1-B2) - PREDIO CHACUPE,LAMBAYEQUE,CHICLAYO,LA VICTORIA,1/07/2026,31.05,31.05,54.0,54.0,102800.0,102800.0,1,0,,995542219,techo_propio
MULTIFAMILIAR ARVI-70,02202025C,CORPORACION ARVI3 S.A.C.,PUEBLO TRADICIONAL CERCADO DE UCUPE MZ. 11 LOTE 3,LAMBAYEQUE,CHICLAYO,LAGUNAS,1/07/2026,40.4,40.4,40.4,40.4,47985.0,47985.0,6,0,,985076707,techo_propio
MULTIFAMILIAR ARVI-71,01462025C,CORPORACION ARVI3 S.A.C.,PUEBLO TRADICIONAL CERCADO DE UCUPE MZ. 16 LOTE 3,LAMBAYEQUE,CHICLAYO,LAGUNAS,1/07/2026,45.68,40.12,52.02,22.84,47985.0,47985.0,5,0,,985076707,techo_propio
VIVIENDA MULTIFAMILIAR-AIM-003,02192025C,AIM CONSULTORES Y CONSTRUCTORES S.R.L.,"URBANIZACIÓN NUEVO MOCUPE-I ETAPA, MZ ""B"" LOTE 14 ZONA 1",LAMBAYEQUE,CHICLAYO,LAGUNAS,1/07/2026,48.34,40.03,52.45,40.03,51500.0,51500.0,5,0,,962385788,techo_propio
HABILITACION URBANA VIVE HOGAR LAMBAYEQUE ETAPA 01,000702026F-1,PROMOTORA ARICA S.A.C,"AV. PANAMERICANA NORTE, KM 805, LAMBAYEQUE",LAMBAYEQUE,LAMBAYEQUE,LAMBAYEQUE,1/07/2026,25.19,25.19,61.1,61.1,73750.0,73750.0,716,0,,997066635,techo_propio
La Castellana,0075-2022-F,INMOBILIARIA CONDOMINIOS DE CHICLAYO S.A.C.,Unidades Catastral n° 27347 y n° 27348 con ubicación rural del predio denominado “La Esperanza”,LAMBAYEQUE,LAMBAYEQUE,LAMBAYEQUE,1/07/2026,30.0,30.0,81.0,81.0,76000.0,76000.0,279,0,,945819374,techo_propio
SOL DE LA ALAMEDA REAL DE LAMBAYEQUE IV,000662024F,LOS PORTALES S.A.,PARCELA 4 ,LAMBAYEQUE,LAMBAYEQUE,LAMBAYEQUE,1/07/2026,27.58,27.58,60.0,60.0,104500.0,104500.0,3,0,,979945571,techo_propio
PROYECTO VIVIENDA MULTIFAMILIAR RESIDENCIAL PAICO,01612025C,SC CONSTRUCTORA E INMOBILIARIA SAC,PUEBLO JOVEN SAN MARTIN DE PORRES MZ. D5 LOTE 16,LAMBAYEQUE,LAMBAYEQUE ,LAMBAYEQUE ,1/07/2026,40.002,40.002,58.069,40.002,48305.0,48305.0,5,0,,968127339,techo_propio
RESIDENCIAL VILLA DEPORTIVA,00032026C,AURA NORMA GARCÍA RAMÍREZ,URB. DE INTERÉS SOCIAL CAROLINA,LAMBAYEQUE,LAMBAYEQUE,MOCHUMI,1/07/2026,25.0,25.0,73.5,52.44,47985.0,47985.0,80,0,,954626977,techo_propio
RESIDENCIAL VIRGEN DE LAS MERCEDES,02382025C,AURA NORMA GARCÍA RAMÍREZ,"CALLE VIRGEN DE LA MERCEDES S/N, MANZANA R, LOTE 7, CENTRO POBLADO LOS CORONADOS",LAMBAYEQUE,LAMBAYEQUE,MOCHUMI,1/07/2026,48.11,40.16,80.23,40.16,48000.0,48000.0,5,0,,951626977,techo_propio
RESIDENCIAL INDOAMÉRICA,0132025C,AURA NORMA GARCÍA RAMÍREZ,PUEBLO TRADICIONAL MOCHUMÍ MZ. 39 LOTE 11,LAMBAYEQUE,LAMBAYEQUE,MOCHUMÍ,1/07/2026,40.04,40.02,103.97,40.02,51500.0,51500.0,5,0,,951626977,techo_propio
RESIDENCIAL MONSALVE BACA,01542025C,AURA NORMA GARCÍA RAMÍREZ,"CENTRO POBLADO PUNTO 4 MZ. ""E"" LOTE 11 A",LAMBAYEQUE,LAMBAYEQUE,MOCHUMÍ,1/07/2026,42.96,40.0,46.65,40.65,48000.0,48000.0,5,0,,951626977,techo_propio
RESIDENCIAL BOLOGNESI,184-2022-C,MAYANGA EXPRESS E.I.R.L. ,Pueblo Tradicional Olmos Mz. E Lote 14,LAMBAYEQUE,LAMBAYEQUE,OLMOS,1/07/2026,41.0,41.0,41.0,41.0,120000.0,120000.0,2,0,,922 359 268,techo_propio
URBANIZACIÓN EL IMPERIAL,02252025C,MAYANGA EXPRESS E.I.R.L.,UBIC. RUR. PARTE DEL LOTE 9 ZONA TERRITORIO COMUNIDAD DE OLMOS,LAMBAYEQUE,LAMBAYEQUE,OLMOS,1/07/2026,27.09,27.07,97.2,55.88,52000.0,52000.0,169,0,,922359268,techo_propio
URBANIZACIÓN SAN FRANCISCO,02062025C,MAYANGA EXPRESS E.I.R.L.,"CALLE SAN FRANCISCO, SUBLOTE 1, SECTOR NITAPE",LAMBAYEQUE,LAMBAYEQUE,OLMOS,1/07/2026,32.76,30.92,65.55,58.53,52000.0,52000.0,13,0,,922359268,techo_propio
HABILITACIÓN URBANA VILLA ROSITA-ETAPA 1,000172026F-1,MURANO INVESTMENT S.A.C.,PREDIO MATRIZ UBIC.RUR. PREDIO TUMAN C.P./PARC.11402,LAMBAYEQUE,CHICLAYO,PICSI,1/07/2026,27.5,27.5,77.04,77.04,53994.02,53994.02,509,0,,981108877,techo_propio
EDIFICIO MULTIFAMILIAR “BUENOS AIRES”,002422025F,ELB CONTRATISTAS GENERALES E.I.R.L.,"CALLE BUENOS AIRES NUM 121, 123 CERCADO DE PIMENTEL",LAMBAYEQUE,CHICLAYO,PIMENTEL,1/07/2026,41.52,40.67,54.27,42.52,130500.0,82305.0,9,0,,955016401,techo_propio
EDIFICIO MULTIFAMILIAR “VILLA SOL”,002322025F,ELB CONTRATISTAS GENERALES E.I.R.L.,"SUB LOTE B-3 DEL LOTE B, SECTOR PARAJE LOS ARENALES",LAMBAYEQUE,CHICLAYO,PIMENTEL,1/07/2026,40.14,40.14,50.12,40.14,130495.0,123805.0,18,0,,955016401,techo_propio
HABILITACION URBANA RESIDENCIAL CON CONSTRUCCION SIMULTANEA DE VIVIENDAS CASALINA PIMENTEL I ETAPA Y II ETAPA,000692026F,CONSTRUCCIONES MI JESUS E.I.R.L.,UBIC. RUR. PREDIO PAMPAS DE PIMENTEL / VALLE CHANCAY LAMBAYEQUE / SECTOR JUAN ODOY COD. PRED. 7_6159245_114230 AREA HA. 2.42 U.C. 114230 PIMENTEL,LAMBAYEQUE,CHICLAYO,PIMENTEL,1/07/2026,31.2,29.59,124.41,48.38,109000.0,73545.0,199,0,,951754213,techo_propio
HABILITACIÓN URBANA LOS LIRIOS DE PIMENTEL- ETAPA I,000222026F-1,MURANO INVESTMENT S.A.C.,PREDIO MATRIZ:UBIC RUR. PREDIO 116813-ABCEHI SECTOR JUAN ODOY VALLE CHANCAY,LAMBAYEQUE,CHICLAYO,PIMENTEL,1/07/2026,27.5,27.5,83.24,83.24,77245.0,77245.0,318,0,,981108877,techo_propio
JOYA DE PIMENTEL ETAPA 1,000612026F-1,SERVICIOS GENERALES ACUÑA ROUS S.A.C.,JOYITA COD.PRED.7_6209245_11046/AREA Ha. 1.762415 U.C. 11046-SUB LOTE 03,LAMBAYEQUE,CHICLAYO,PIMENTEL,1/07/2026,30.0,30.0,106.32,50.0,86350.0,86350.0,157,0,,902727009,techo_propio
JOYA DE PIMENTEL ETAPA 3,000612026F-2,SERVICIOS GENERALES ACUÑA ROUS S.A.C.,JOYITA COD.PRED.7_6209245_11046/AREA Ha. 2.081235 U.C. 11046-SUB LOTE 05,LAMBAYEQUE,CHICLAYO,PIMENTEL,1/07/2026,35.0,35.0,86.45,50.0,86350.0,86350.0,190,0,,902727009,techo_propio
RESIDENCIAL JESSICA LM2,000902026F,CONSTRUCTORA L Y M CONTRATISTAS S.A.C.,CALLE S/N - MZ. B SUBLOTE 8G,LAMBAYEQUE,CHICLAYO,PIMENTEL,1/07/2026,48.77,40.07,48.77,40.07,103401.0,91110.0,20,0,,947930931,techo_propio
MULTIFAMILIAR INCAHUASI,0231-2022-C,NEGOCIACIONES NR S.A.C.,CENTRO POBLADO MAYASCON SECTOR ZAPOTAL MZ. 8 LOTE 10,LAMBAYEQUE,FERREÑAFE,PITIPO,1/07/2026,44.91,44.91,44.32,44.32,43462.5,43462.5,8,0,,943838660,techo_propio
RESIDENCIAL ALVARADO,00912025C,SC CONSTRUCTORA E INMOBILIARIA SAC,"CALLE MIGUEL GRAU. LOTE 15, MZ G, LOTIZ. / HABILITACIÓN URBANA CENTRO URBANO PITIPO II",LAMBAYEQUE,FERREÑAFE,PITIPO,1/07/2026,40.89,40.74,40.89,40.74,48062.5,48062.5,5,0,,968127339,techo_propio
SOL DE POMALCA,0276,BECTEK CONTRATISTAS S.A.C ,Sector 28 y 29 - Primera Etapa,LAMBAYEQUE,CHICLAYO,POMALCA,1/07/2026,20.2,20.2,50.0,50.0,59798.0,59798.0,86,0,,968336512,techo_propio
HABILITACION URBANA PALMA REAL 1 ETAPA IV,000652026F-1,INMOBILIARIA NOVATERRA ASOCIADOS S.A.C.,Carretera Puerto Eten KM 3.8,LAMBAYEQUE,CHICLAYO,REQUE,1/07/2026,35.0,35.0,60.0,60.0,62250.0,62250.0,220,0,,958614475 ,techo_propio
HABILITACIÓN URBANA PALMA REAL II -ETAPA I,000182026F-1,INMOBILIARIA NOVATERRA ASOCIADOS S.A.C.,"PREDIO MATRIZ PARCELA E, UBICADO EN EL PREDIO DON JORGE II",LAMBAYEQUE,CHICLAYO,REQUE,1/07/2026,25.0,25.0,96.13,96.13,62400.0,62400.0,417,0,,942 591 481/ 958 614 475 ,techo_propio
PALMA REAL,0110-2021-F,INMOBILIARIA NOVATERRA ASOCIADOS S.A.C.,CARRETERA REQUE – PUERTO ETEN 3.8 KM,LAMBAYEQUE,CHICLAYO,REQUE,1/07/2026,35.0,35.0,60.0,60.0,85000.0,85000.0,459,0,,"942 591 481/ 958 614 475 
",techo_propio
URBANIZACION VALLE REQUE ,0651-S,CONSTRUCTORA VALLE REQUE S.A.C. ,Carretera Panamericana Norte Km 755-756,LAMBAYEQUE,CHICLAYO,REQUE,1/07/2026,30.0,30.0,60.0,60.0,84805.0,84805.0,6,0,,997663006,techo_propio
CONJUNTO RESIDENCIAL ARVI-67,01682025C,CORPORACION ARVI3 S.A.C.,"CENTRO POBLADO SANTIAGO DE MIRAFLORES, MZ P, LOTE 5 ",LAMBAYEQUE,CHICLAYO,ZAÑA,1/07/2026,40.12,40.12,40.12,40.12,47985.0,47985.0,8,0,,985076707,techo_propio
CONJUNTO RESIDENCIAL ARVI-68,01942025C,CORPORACION ARVI3 S.A.C.,"CENTRO POBLADO SANTIAGO DE MIRAFLORES, MZ P, LOTE 2 ",LAMBAYEQUE,CHICLAYO,ZAÑA,1/07/2026,40.4,40.4,40.4,40.4,55000.0,55000.0,8,0,,985076707,techo_propio
RESIDENCIAL SAN ANTONIO,000572026F,CAMARGOS CONTRATISTAS GENERALES S.A.C,AAHH SAN ANTONIO MZ C LOTE 3,LIMA,LIMA,ATE,1/07/2026,45.37,43.46,53.28,45.11,64545.0,64545.0,9,0,,996726746,techo_propio
MULTIFAMILIAR SANTA MARIA I,00842022F,DEICON S.A.C.,"MZ ""G2"" LOTE ACUMULADO ""30 Y 31"" URBANIZACIÓN SANTA MARIA-SEGUNDA ETAPA DE CARABAYLLO",LIMA,LIMA,CARABAYLLO,1/07/2026,57.36,40.02,58.24,28.54,128350.0,107000.0,3,0,,949010473,techo_propio
VALLE GRANDE 4,000552024F,CONSTRUCTORA VALLES DEL PERU S.A.,"Lote 6 sub lote 6A Fundo Pampa Libre y Anexos, Carabayllo",LIMA,LIMA,CARABAYLLO,1/07/2026,54.85,54.85,52.0,52.0,130000.0,130000.0,11,0,,994239249/ 946066684/ 981371904/ 946284997,techo_propio
VALLE GRANDE 4 ETAPA II,001012024F,CONSTRUCTORA VALLES DEL PERU S.A.,"Lote 6 Sub lote 6A Pampa libre y anexos, Carabayllo",LIMA,LIMA,CARABAYLLO,1/07/2026,54.85,54.85,54.78,54.78,130500.0,130500.0,18,0,,7172398,techo_propio
VALLE GRANDE 4 ETAPA III,000672025F,CONSTRUCTORA VALLES DEL PERU S.A.,Lote 6 sub lote 6 A Fundo Pampa Libre y Anexos,LIMA,LIMA,CARABAYLLO,1/07/2026,54.85,54.72,54.85,54.72,130500.0,130500.0,43,0,,908925756,techo_propio
VALLE GRANDE 4 ETAPA IV,001352025F,CONSTRUCTORA VALLES DEL PERU S.A.,Lote 6 Sub lote 6A Fundo Pampa libre y anexos,LIMA,LIMA,CARABAYLLO,1/07/2026,54.85,54.72,54.85,54.72,130500.0,130500.0,96,0,,17150440,techo_propio
VALLES DE SANTA MARÍA 1,000122026F,CONSTRUCTORA VALLES DEL PERU S.A.,"PREDIO ERNESTO-PARCELA 2, UC 002653",LIMA,LIMA,CARABAYLLO,1/07/2026,54.8,54.8,54.8,54.8,136000.0,136000.0,384,0,,17150440,techo_propio
CONDOMINIO VILLA DEL PUERTO 1,000412026F-1,CONSTRUCTORA CUMBRES DE CHANCAY SAC,"BUENAVISTA NUMERO DE PARCELA CODIGO CATASTRAL 8_2508720_02800 PROYECTO BUENA VISTA, U.C. 10169",LIMA,HUARAL,CHANCAY,1/07/2026,54.0,54.0,119.44,54.44,136000.0,136000.0,100,0,,924831411 / 924838042,techo_propio
HABILITACIÓN URBANA VILLA DORADA,0145-2022-F,Coaktura Constructora e Inmobiliaria S.A.C.,"Predio Rústico Molino Hospital, U.C. 10183",LIMA,HUARAL,CHANCAY,1/07/2026,30.0,30.0,57.5,57.5,104500.0,104500.0,602,0,,923085492,techo_propio
LAS PALMAS,000292026F,FINANCASA DEL PERÚ S.A.C.,"HABILITACIÓN URBANA ""MIRASOL I ETAPA"" MZ F LOTE 17-18, HUACHO",LIMA,HUAURA,HUALMAY,1/07/2026,43.65,43.65,60.0,43.65,117000.0,117000.0,10,0,,990676909,techo_propio
HABILITACIÓN URBANA LAS BUGAMBILIAS,000272026F,HUARAL GRUPO NORTE S.A.C.,SECTOR ESQUIVEL CODIGO CATASTRAL 8_2558725_015347,LIMA,HUARAL,HUARAL,1/07/2026,25.14,25.14,74.16,74.16,90013.5,90013.5,157,0,,998188506,techo_propio
ALGARROBOS DE LURIN - ETAPA I,000302025F,URCOPE LURIN S.A.C.,SUBLOTE B CÓDIGO CATASTRAL 10458 PROYECTO HUARANGAL DE LURÍN VALLE,LIMA,LIMA,LURÍN,1/07/2026,40.91,40.91,40.91,40.91,113699.67,113699.67,241,0,,960250854,techo_propio
RESIDENCIAL LOS JARDINES IV,000602025F,ACS ARQUITECTO EIRL,"A.H. C.P.R. LOS HUERTOS DE MANCHAY, SECTOR LOS JARDINES MZ. K5, LOTE 8A",LIMA,LIMA,PACHACAMAC,1/07/2026,55.0,40.41,55.0,44.91,110000.0,50000.0,10,0,,996726746,techo_propio
CONJUNTO RESIDENCIAL SANTA MARIA ETAPA I,000292025F,SANTA MARIA CONSTRUCTORES S.A.C.,Parcela 1 Lote 17-A Calle Josefina,LIMA,LIMA,SAN MARTIN DE PORRES,1/07/2026,53.3,47.3,48.0,47.3,136000.0,136000.0,199,0,,922449501,techo_propio
RESIDENCIAL MARIANA III,01082024C,ALTO IMPACTO CONSTRUCTORA Y COMERCIALIZADORA INMOBILIARIA E.I.R.L.       ,"Urbanización La Alameda de Lima Norte I, II y III etapa Mz. H1, Lote 90, Calle San Pedro.",LIMA,LIMA,SANTA ROSA,1/07/2026,45.79,45.79,90.0,45.79,120270.85,120270.85,1,0,,998832676,techo_propio
RESIDENCIAL MARIANA IV,001192025C,ALTO IMPACTO CONSTRUCTORA Y COMERCIALIZADORA INMOBILIARIA E.I.R.L.,AAHH El Golf de Santa Rosa MZ 02 - Lote 11 - Distrito de Santa Rosa,LIMA,LIMA,SANTA ROSA,1/07/2026,40.53,40.22,50.53,40.22,89805.0,85305.0,18,0,,996908949 - 998832676,techo_propio
RESIDENCIAL SANTA ROSA,0250-2022-C,FCC SOLUCIONES S.A.C.,Asentamiento Humano Asociación de Pobladores Los Girasoles de Santa Rosa Mz. D Lote 13,LIMA,LIMA,SANTA ROSA,1/07/2026,43.56,43.56,43.56,43.56,90000.0,90000.0,4,0,,923237892/ 946343337,techo_propio
FLORESTA VEGUETA,0083-2021-F,LA PLANICIE DE VEGUETA S.A.C.,IRRIGACION SAN FELIPE 3041 NUMERO DE PARCEL 44-B PROYECTO PREDIOS DE VEGUETA VALLE HUAURA,LIMA,HUAURA,VEGUETA,1/07/2026,25.5,25.5,70.0,70.0,87400.0,87400.0,152,0,,997556676,techo_propio
RESIDENCIAL ROMAYNA,02352025C,NEGOCIOS FYD S.A.C.,"PROYECTO PILOTO NUEVO PACHACUTEC MZ. J1 LOTE 15, SECTOR C, GRUPO RESIDENCIAL C3",LIMA,CALLAO,VENTANILLA,1/07/2026,45.04,45.04,69.71,41.93,95000.0,84000.0,5,0,,923237892,techo_propio
VILLA PRIMAVERA III Y IV,0170-2022-F,CONSTRUCTORA E INMOBILIARIA VILLA PRIMAVERA S.A.C.,PREDIO ALTO CALIENTA NEGROS A,MOQUEGUA,ILO,ILO,1/07/2026,33.11,26.0,216.0,81.0,104500.0,55000.0,264,0,,953544305,techo_propio
VILLA PRIMAVERA IV - ETAPA A,000332026F,CONSTRUCTORA E INMOBILIARIA VILLA PRIMAVERA S.A.C.,ALTO CALIENTA NEGROS A,MOQUEGUA,ILO,ILO,1/07/2026,31.33,31.33,90.0,90.0,109000.0,109000.0,320,0,,953544305,techo_propio
BERNAL CD-01,00852025C,CONSTRUCTORA E INMOBILIARIA LUNA VICTORIA E.I.R.L.,CASERÍO SANTO DOMINGO MZ. D LOTE 1,PIURA,SECHURA,BERNAL,1/07/2026,40.04,40.0,40.04,40.0,51500.0,51500.0,12,0,,968352360,techo_propio
CONDOMINIO FAMILIAR AYALA,00041-2025-F,RUWAY EMPRESA PESU S.A.C,Centro Poblado Zona Cercado de Bernal - sector A Mz. 9 Lt. 1-2,PIURA,SECHURA,BERNAL,1/07/2026,40.02,40.02,72.6,72.6,54895.0,49545.0,5,0,,968920689,techo_propio
LOS ALTOS DE CASTILLA ETAPA 2,0121-2022-F,LOS ALTOS DE CASTILLA ETAPA 2 S.A.C.,Parcela 2 del Ubic. Rur. Predio Chapaira y Terela Sector Río Seco - Centro Poblado Río Seco,PIURA,PIURA,CASTILLA,1/07/2026,25.03,25.03,112.39,70.98,85812.5,45750.0,4,0,,912492113,techo_propio
RESIDENCIAL SANTA LUCÍA ,001992025F,SERVICIOS GENERALES SAN CIPRIANO S.A.C.,AA.HH. NUEVO CASTILLA MZ X LT 22,PIURA,PIURA,CASTILLA,1/07/2026,40.0,40.0,42.85,40.0,46212.16,46212.16,9,0,,94148849 / 044677943,techo_propio
SOL DE CAMPIÑA II,057-2022-C,LOS PORTALES S.A.,Lote 1 Ubic. Rur. Valle Medio Piura/ Sector Miraflores,PIURA,PIURA,CASTILLA,1/07/2026,25.0,25.0,60.0,60.0,86990.0,86990.0,1,0,,969385008,techo_propio
SOL DE LA CAMPIÑA DE PIURA III,002282025F,LOS PORTALES S.A.,SUBLOTE 3 UBIC. RUR. VALLE MEDIO PIURA/SECTOR MIRAFLORES,PIURA,PIURA,CASTILLA,1/07/2026,25.0,25.0,60.0,60.0,87210.0,87210.0,18,0,,969385008,techo_propio
SOL DE LA CAMPIÑA DE PIURA IV,000352026F,LOS PORTALES S.A.,SUBLOTE 1 UBIC. RUR. VALLE MEDIO PIURA/SECTOR MIRAFLORES,PIURA,PIURA,CASTILLA,1/07/2026,25.0,25.0,60.0,60.0,87210.0,87210.0,219,0,,2114466 / 999224746,techo_propio
URBANIZACIÓN LAS DUNAS,02442025C,GRUPO CREA NORTE S.A.C.,"SUB PARCELA A-1, UBIC. RURAL PREDIO MIRAFLORES, VALLE MEDIO PIURA/ SECTOR MIRAFLORES-CASTILLA",PIURA,PIURA,CASTILLA,1/07/2026,34.8,25.8,123.35,60.0,104500.0,79900.0,106,0,,947921857,techo_propio
"VIVE HOGAR CASTILLA – ETAPA 7, 8 Y 10",00120-2025-F,INMOBILIARIA MALYVET SAC,"Parcela D - Etapa 7, 8 y 10",PIURA,PIURA,CASTILLA,1/07/2026,25.15,25.05,103.22,50.0,83432.5,53752.5,10,0,,956288390,techo_propio
Vive Hogar Castilla,0566-S,INMOBILIARIA MALYVET S.A.C.,PARCELA C - CARRETERA INTEROCEÁNICA (VÍA CHULUCANAS) KM 242,PIURA,PIURA,CASTILLA,1/07/2026,25.0,25.0,62.5,62.5,84740.0,84740.0,61,0,,956288390,techo_propio
HABILITACIÓN URBANA RESIDENCIAL SIMBILA VERDE – II ETAPA LOS TAMARINDOS,227-2022-C,SIMBILA VERDE S.A.C.,"Predio Sector Los Tamarindos, distrito de Catacaos",PIURA,PIURA,CATACAOS,1/07/2026,30.17,30.17,72.0,72.0,79029.85,79029.85,126,0,,989410304/ 957771546,techo_propio
III ETAPA – SECTOR LOS COCOS HABILITACIÓN URBANA SIMBILA VERDE,000372026F,SIMBILA VERDE S.A.C.,"Predio Sector Los Cocos, distrito de Catacaos",PIURA,PIURA,CATACAOS,1/07/2026,25.0,25.0,100.41,50.0,97200.0,72800.0,157,0,,989410304/ 957771546,techo_propio
URBANIZACIÓN QUINTA BLANCA-ETAPA 2,000362026F-1,QUINTA BLANCA S.A.C,UBIC.RUR. PREDIO RUSTICO UBICADO EN EL SECTOR ÑACARA,PIURA,MORROPON,CHULUCANAS,1/07/2026,25.12,25.12,98.0,49.14,85545.0,55996.0,91,0,,994039489,techo_propio
OASIS DE COLAN II,0096-2021-F,GRUPO INMOBILIARIO KINSA S.A.C.,CARRETERA PAITA SULLANA ALTURA KM 47 CENTRO POBLADO DE SAN LUCAS,PIURA,PIURA,COLAN,1/07/2026,25.0,25.0,60.0,60.0,72700.0,72700.0,746,0,,982417405/ (073)602539,techo_propio
MULTIFAMILIAR CASAGRANDE I,01792025C,INTAI S.A.C.,"CENTRO POBLADO CASAGRANDE, MZ 89, LOTE 1",PIURA,PIURA,LA ARENA,1/07/2026,43.95,43.85,43.95,43.85,52545.0,52545.0,5,0,,941348958 / 941348958,techo_propio
MULTIFAMILIAR CASAGRANDE II,01802025C,INTAI S.A.C.,"CENTRO POBLADO CASAGRANDE, MZ. 93, LOTE 5",PIURA,PIURA,LA ARENA,1/07/2026,40.25,40.15,40.25,40.15,52545.0,52545.0,5,0,,957473772 / 941348958,techo_propio
MULTIFAMILIAR CASAGRANDE III,01812025C,INTAI S.A.C.,"CENTRO POBLADO CASAGRANDE, MZ 93, LOTE 3",PIURA,PIURA,LA ARENA,1/07/2026,40.25,40.0,40.25,40.0,52545.0,52545.0,5,0,,941348958 / 941348958,techo_propio
MULTIFAMILIAR CASAGRANDE IV,01822025C,INTAI S.A.C.,"CENTRO POBLADO CASAGRANDE, MZ. 93, LOTE 4",PIURA,PIURA,LA ARENA,1/07/2026,40.25,40.1,40.25,40.1,52545.0,52545.0,5,0,,941348958 / 941348958,techo_propio
MULTIFAMILIAR CASAGRANDE V,01832025C,INTAI S.A.C.,"CENTRO POBLADO CASAGRANDE, MZ 93, LOTE 9",PIURA,PIURA,LA ARENA,1/07/2026,42.15,42.15,42.15,42.15,52545.0,52545.0,5,0,,941348958 / 941348958,techo_propio
MULTIFAMILIAR CASAGRANDE VI,02482025C,INTAI S.A.C.,CENTRO POBLADO CASAGRANDE MZ. 92 SUB LOTE 2A,PIURA,PIURA,LA ARENA,1/07/2026,42.2,42.0,42.2,42.0,52545.0,52545.0,6,0,,957473772,techo_propio
MULTIFAMILIAR CASAGRANDE VII,02492025C,INTAI S.A.C.,CENTRO POBLADO CASAGRANDE MZ. 109 SUB LOTE 3A,PIURA,PIURA,LA ARENA,1/07/2026,42.05,40.0,42.05,40.0,52545.0,52545.0,6,0,,957473772,techo_propio
VALLE SAGRADO PIURA - ETAPA IV,000872024C,OL & AS CONTRATISTAS GENERALES S.C.R.L.,"Sub Lote IA - Valle Sagrado, Etapa IV",PIURA,PAITA,LA HUACA,1/07/2026,25.2,25.2,181.98,101.39,104500.0,52964.2,738,0,,990635751,techo_propio
VALLE SAGRADO PIURA - ETAPA V,00882024C,OL & AS CONTRATISTAS GENERALES S.C.R.L.,"Sub Lote IA - Valle Sagrado, Etapa V",PIURA,PAITA,LA HUACA,1/07/2026,25.2,25.2,173.58,101.44,104500.0,52971.64,488,0,,990635751,techo_propio
VALLE SAGRADO PIURA - ETAPA VI,00892024C,OL & AS CONTRATISTAS GENERALES S.C.R.L.,"Sub Lote IA - Valle Sagrado, Etapa VI",PIURA,PAITA,LA HUACA,1/07/2026,25.2,25.2,166.84,100.68,104500.0,53055.0,664,0,,990635751,techo_propio
VALLE SAGRADO PIURA-ETAPA I,035-2023-C,OL & AS CONTRATISTAS GENERALES S.C.R.L.,"Sublote IA- Sector Pampas de Congora, Valle Sagrado – Etapa I",PIURA,PAITA,LA HUACA,1/07/2026,25.2,25.2,117.66,117.66,54048.58,54048.58,398,0,,990635751,techo_propio
VALLE SAGRADO PIURA-LA NUEVA CIUDAD ETAPA II,021-2023-C,OL & AS CONTRATISTAS GENERALES S.C.R.L.,"Sub Lote IA - Valle Sagrado, Etapa II, Sector Pampas de Congara",PIURA,PAITA,LA HUACA,1/07/2026,25.2,25.2,136.83,136.83,57951.63,57951.63,482,0,,990635751,techo_propio
VALLE SAGRADO PIURA-LA NUEVA CIUDAD ETAPA III,022-2023-C,OL & AS CONTRATISTAS GENERALES S.C.R.L.,"Sub Lote IA - Valle Sagrado, Etapa II, Sector Pampas de Congara",PIURA,PAITA,LA HUACA,1/07/2026,25.2,25.2,111.3,111.3,68108.71,68108.71,329,0,,990635751,techo_propio
CONDOMINIO FAMILIAR IPANAQUE,00050-2025-F,RUWAY EMPRESA PESU S.A.C,Centro Poblado Villa Tablazo Norte Mz. 20 Lt. 4B ,PIURA,PIURA,LA UNIÓN,1/07/2026,40.0,40.0,45.5,45.5,54895.0,54895.0,5,0,,968920689,techo_propio
CONDOMINIO FAMILIAR SANTA ISABEL,00043-2025-F,RUWAY EMPRESA PESU S.A.C,Centro Poblado Villa Tablazo Norte Mz. 12 Lt. 6,PIURA,PIURA,LA UNIÓN,1/07/2026,40.0,40.0,60.05,40.0,56895.0,51545.0,10,0,,968920689,techo_propio
LA UNIÓN S-70,00102026C,SALMA CONSTRUCTORES GENERALES E.I.R.L.,"AV. JUAN VELASCO ALVARADO, LOTE 5, MANZANA 45, CENTRO POBLADO VILLA YAPATO",PIURA,PIURA,LA UNIÓN,1/07/2026,40.01,40.01,40.01,40.01,53500.0,53500.0,8,0,,981194866,techo_propio
HABILITACIÓN URBANA CON CONSTRUCCIÓN SIMULTÁNEA RESIDENCIAL OASIS 4,000342026F,PROMOTORA OASIS II S.A.C. ,ZONA CENTRO POBLADO JIBITO SECTOR A MZ 326 SUB LOTE 1,PIURA,SULLANA,MIGUEL CHECA,1/07/2026,25.2,25.2,163.37,81.0,109000.0,77000.0,158,0,,998128221 / 932292123,techo_propio
VILLA COLORADA TALARA,0100-2021-F,THREE DESARROLLOS INMOBILIARIOS S.A.C.,ENACE II Etapa - Urb. Felipe Santiago Salaverry - al costado de la posta médica,PIURA,TALARA,PARIÑAS,1/07/2026,25.15,25.15,62.5,62.5,64500.0,19500.0,285,0,,933367347,techo_propio
CONJUNTO RESIDENCIAL PARQUE LOS JARDINES -  PIURA,114-2023-C,LOS JARDINES PROMOTORA INMOBILIARIA S.A.C.,"Urbanización Los Jardines Ex CorPiura  Manzana P  Lote 4, distrito y provincia de Piura",PIURA,PIURA,PIURA,1/07/2026,40.27,40.27,45.16,45.16,102800.0,102800.0,272,0,,955676579,techo_propio
HABILITACIÓN URBANA CORALES II ETAPA I SECTOR 2,000652025F,DESARROLLO INMOBILIARIO MARVERDE S.A.C.,"Predio P2-354-2A, Ubicación Rural Valle Medio Piura / Sector Piura 2",PIURA,PIURA,PIURA,1/07/2026,25.0,25.0,86.87,60.0,104300.0,74222.5,23,0,,955569373 / 960233058,techo_propio
HABILITACIÓN URBANA RESIDENCIAL SIMBILÁ VERDE I ETAPA SECTOR LOS ALGARROBOS,058-2022-C ,SIMBILA VERDE S.A.C.,"Predio Sector Los Algarrobos, distrito y provincia de Catacaos",PIURA,PIURA,PIURA,1/07/2026,30.17,30.17,73.18,73.18,69947.31,69947.31,8,0,,989410304/ 957771546,techo_propio
QUERECOTILLO CD-01,2342025C,CONSTRUCTORA E INMOBILIARIA LUNA VICTORIA E.I.R.L.,CENTRO POBLADO BARRIO BELLAVISTA MZ. 14 LOTE 41,PIURA,SULLANA,QUERECOTILLO,1/07/2026,40.09,40.07,75.9,40.07,53500.0,53500.0,7,0,,968352360,techo_propio
RESIDENCIAL BILLENA II,02132025C,CONSTRUCTORA & CONSULTORA VICTOR BILLENA S.A.C.,ASENTAMIENTO HUMANO JOSÉ OBDULIO RIVERA MZ. G LOTE 18,PIURA,SULLANA,QUERECOTILLO,1/07/2026,45.42,41.07,45.42,41.07,43500.0,43500.0,5,0,,964992692,techo_propio
RESIDENCIAL QUERECOTILLO,1312025C,PROYECTOS E INVERSIONES REYES E.I.R.L.,CENTRO POBLADO BARRIO SAN FERNANDO MZ. 2 LOTE 14 SECTOR 1,PIURA,SULLANA,QUERECOTILLO,1/07/2026,40.88,40.09,42.76,40.09,48216.87,48216.87,8,0,,959482513,techo_propio
RESIDENCIAL BILLENA III,0742025C,CONSTRUCTORA & CONSULTORA VICTOR BILLENA S.A.C.,"MARGEN DERECHA DE LA CARRETERA SULLANA-ALAMOR MZ. R LOTE 1, ZONA CENTRO POBLADO BARRIO BUENOS AIRES",PIURA,SULLANA,SALITRAL,1/07/2026,40.086,40.086,40.086,40.086,46149.15,46149.15,6,0,,964992692,techo_propio
HABILITACION URBANA RESIDENCIAL DE TIPO 5 CON CONSTRUCCION SIMULTANEA DENOMINADA VYVE SULLANA FASE 2-ETAPA 1 ,000392026F-1,VYVE SULLANA S.A.C.,"LA CAPILLA A2, SECTOR LA CAPILLA",PIURA,SULLANA,SULLANA,1/07/2026,25.0,25.0,128.89,57.33,104500.0,68850.0,237,0,,945138303,techo_propio
RESIDENCIAL OASIS,0690-S,DESARROLLADORA DEL NORTE S.A.C.,Carretera José de Lama S/N antes de llegar al Centro Poblado de Jibito,PIURA,SULLANA,SULLANA,1/07/2026,25.0,25.0,90.0,90.0,82000.0,82000.0,79,0,,-,techo_propio
RESIDENCIAL OASIS EL CUCHO,0128-2022-F,PROMOTORA OASIS EL CUCHO S.A.C.,Ubic. Rur. 15231-1 Area Ha. 8.2799,PIURA,SULLANA,SULLANA,1/07/2026,25.0,25.0,78.0,78.0,72000.0,72000.0,26,0,,946436683,techo_propio
VYVE SULLANA -ETAPA 1,0149-2022-F,VYVE SULLANA S.A.C.,"UBIC. RURAL VALLE DEL CHIRA SECTOR LOS RANCHOS ÁREA HA. 7.6577, U.C. 123346. ",PIURA,SULLANA,SULLANA,1/07/2026,25.0,25.0,70.0,70.0,70700.0,70700.0,3,0,,980479406 / 963453336,techo_propio
VYVE SULLANA -ETAPA 2,000582025F,VYVE SULLANA S.A.C.,"PR 11114427: Sullana, UC: 123346-1; PR 11112607: Sublote 1 del predio La Capilla 2 Valle Sector Cola de Alacrán",PIURA,SULLANA,SULLANA,1/07/2026,25.0,25.0,160.63,60.61,99780.0,70030.0,17,0,,980479406 / 963453336,techo_propio
PASEO LA RINCONADA V,002012025F,LOS PORTALES S.A.,"LOTE ACUMULADO 08-09, ZONA EX-FUNDO EL CHIPE",PIURA,PIURA,VEINTISEIS DE OCTUBRE ,1/07/2026,27.58,27.58,60.0,60.0,103500.0,103500.0,2,0,,986617429,techo_propio
PASEO LA RINCONADA VI,000472026F,LOS PORTALES S.A.,PARCELA 4,PIURA,PIURA,VEINTISEIS DE OCTUBRE ,1/07/2026,27.62,27.62,72.17,60.0,100400.0,100400.0,165,0,,986617429,techo_propio
PERLAS DEL ALTIPLANO AMPLIACION,0150-2023-F,CONSTRUCTORA PROHABIT E INMOBILIARIA S.A.C.,Residencial Perlas del Altiplano Ampliacion,PUNO,SAN ROMAN ,JULIACA ,1/07/2026,53.25,53.25,112.5,112.5,102800.0,102800.0,13,0,,9493144455,techo_propio
QUINTA VILLA PAUJILZAPA,002082025F,IM-ARQ S.A.C.,"JR. LIBERTAD MZ. 4, LOTE 7, CENTRO POBLADO SAN ANTONIO DE PAUJILZAPA",SAN MARTIN,PICOTA,BUENOS AIRES,1/07/2026,44.03,40.0,69.47,54.0,60000.0,60000.0,26,0,,957528919,techo_propio
HABILITACION URBANA CON CONSTRUCCION SIMULTANEA CON VENTA DE VIVIENDAS EDIFICADAS,0137-2022-C,DEL CONTRATISTAS S.A.C.,"Sector Julao, Valle Huallaga Central/ Bajo Mayo",SAN MARTIN,LAMAS,LAMAS,1/07/2026,35.88,35.88,120.0,120.0,84805.0,84805.0,323,0,,979294227/ 953984538/ 935283206,techo_propio
ORILLAS DEL MAYO,010-2022-C,INMOBILIARIA EL BRAMADERO S.A.C.,Carretera a Motilones ,SAN MARTIN,MOYOBAMBA,MOYOBAMBA,1/07/2026,25.0,25.0,90.0,90.0,66313.0,66313.0,1621,0,,042-632584/ 914916056,techo_propio
RESIDENCIAL DENIS,00762025C,CASA DEL NORTE INVERSIONES S.A.C. - CANORIN S.A.C.,"Predio Urbano Av. Cajamarca, Manzana 6, Lote 7, Sector Centro Poblado Santa Rosa del Mirador",SAN MARTIN,RIOJA,PARDO MIGUEL,1/07/2026,40.02,40.0,49.15,40.0,54000.0,54000.0,6,0,,944149224,techo_propio
URBANIZACIÓN VILLA NARANJOS,02522025C,JL KACEDI CONSTRUCTORA INMOBILIARIA S.R.L.,"UBIC. RUR. DENOMINADO AGUA DULCE I, SECTOR 3 DE MAYO",SAN MARTIN,RIOJA,PARDO MIGUEL,1/07/2026,30.0,30.0,30.0,30.0,52525.0,52525.0,708,0,,942881181,techo_propio
CONJUNTO RESIDENCIAL LOS VALLES DE PICOTA III,000432026F,CONSTRUCTORA MI VIVIENDA S.A.C.,"LOTE F CON FRENTE JR QUIJOTE, ESQUINA CON EL JR. CERVANTES, EL JR SANCHO Y EL PSJ. LOS MOLINOS, EN EL SECTOR MOTELOICO",SAN MARTIN,PICOTA,PICOTA,1/07/2026,42.0,42.0,52.0,52.0,65000.0,65000.0,24,0,,942454675 / 972677580,techo_propio
QUINTA SANTA ROSILLO,0175-2022-C,IM-ARQ S.A.C.,"Jr. Las Palmeras Mz. 13 Lote 3, Centro Poblado Santa Rosillo 02",SAN MARTIN,PICOTA,PICOTA,1/07/2026,42.0,42.0,90.0,90.0,60000.0,60000.0,1,0,,987716811,techo_propio
"CONJUNTO RESIDENCIAL ""EL BOMBONAJE ETAPA I""",000802026F,INMOBILIARIA & CONSTRUCTORA LA INDEPENDENCIA S.A.C.,"JR. PABLO MORI, LOTE 05, SECTOR COCAYACO",SAN MARTIN,RIOJA,RIOJA,1/07/2026,40.32,40.32,133.27,72.0,60000.0,60000.0,19,0,,929711567,techo_propio
"CONJUNTO RESIDENCIAL ""EL BOMBONAJE ETAPA II""",000812026F,INMOBILIARIA & CONSTRUCTORA LA INDEPENDENCIA S.A.C.,"JR. PABLO MORI, LOTE 04, SECTOR COCAYACO",SAN MARTIN,RIOJA,RIOJA,1/07/2026,40.32,40.32,115.77,72.0,60000.0,60000.0,20,0,,929711567,techo_propio
"CONJUNTO RESIDENCIAL ""EL BOMBONAJE ETAPA III""",000822026F,INMOBILIARIA & CONSTRUCTORA LA INDEPENDENCIA S.A.C.,"JR. PABLO MORI, LOTE 03, SECTOR COCAYACO",SAN MARTIN,RIOJA,RIOJA,1/07/2026,40.32,40.32,100.94,72.0,60000.0,60000.0,16,0,,929711567,techo_propio
CONJUNTO RESIDENCIAL BOMBONAJE-ETAPA IV,000402026F,INMOBILIARIA & CONSTRUCTORA LA INDEPENDENCIA S.A.C.,"JR. PABLO MORI, LOTE 02 SECTOR COCAYACO",SAN MARTIN,RIOJA,RIOJA,1/07/2026,40.32,40.32,79.11,79.11,60000.0,60000.0,15,0,,929711567,techo_propio
MONTE OLIMPO I,00052026C,INMOBILIARIA PETRIVA S.A.C.,"JR. SANTO TORIBIO Y CALLE 5-I, MZ. P, LOTE 01, PREDIO URBANO, SECTOR TRANCAYACU",SAN MARTIN,RIOJA,RIOJA,1/07/2026,42.15,42.15,95.94,84.06,54045.0,54045.0,20,0,,915185400,techo_propio
MONTE OLIMPO II,00062026C,INMOBILIARIA PETRIVA S.A.C.,"PREDIO URBANO UBICADO FRENTE A LA CALLE 6-I, MZ. O, LOTE 01, SECTOR TRANCAYACU",SAN MARTIN,RIOJA,RIOJA,1/07/2026,42.15,42.15,95.94,84.06,54045.0,54045.0,20,0,,915185400,techo_propio
MONTE OLIMPO III,00072026C,INMOBILIARIA PETRIVA S.A.C.,"PREDIO URBANO, FRENTE A LA CALLE 7-I, SECTOR TRANCAYACU, MZ. Ñ, LOTE 01",SAN MARTIN,RIOJA,RIOJA,1/07/2026,42.15,42.15,95.94,84.06,54045.0,54045.0,20,0,,915185400,techo_propio
MULTIFAMILIAR BONSAI,02212025C,CORPORACIÓN HABITA E.I.R.L.,"JR. LEONCIO PRADA, LOTE 5A, MANZANA 74, AA.HH. ATAHUALPA",SAN MARTIN,RIOJA,RIOJA,1/07/2026,55.72,49.86,69.15,55.72,13500.0,130500.0,11,0,,917331780,techo_propio
QUINTA SANTO TORIBIO,038-2023-C,MI JATITO SELVA E.I.R.L.,"Predio Urbano Jr. Santo Toribio Mz. 86 Lote 20, Sector - Raymondi Atahualpa",SAN MARTIN,RIOJA,RIOJA,1/07/2026,40.0,40.0,59.86,59.86,85000.0,85000.0,4,0,,960705571,techo_propio
MULTIFAMILIAR RUMISAPA I,0872025C,CORPORACIÓN D & GPC E.I.R.L. ,Pueblo Tradicional Cercado de Rumisapa Mz. 58 Lote 3,SAN MARTIN,LAMAS,RUMISAPA,1/07/2026,41.21,41.12,48.55,41.12,49805.0,49805.0,6,0,,902210031,techo_propio
RESIDENCIAL IRMA,00802025F,CASA DEL NORTE INVERSIONES S.A.C. - CANORIN S.A.C.,CENTRO POBLADO NUEVA ESPERANZA MZ.7 LT.6,SAN MARTIN,SAN IGNACIO,SAN IGNACIO,1/07/2026,43.23,40.54,46.92,40.54,46149.15,46149.15,6,0,,944149224,techo_propio
RESIDENCIAL SAN JOSE,228,CIMARK CONSTRUCTORES S.A.C.,"Jr. Ana Cooper, distrito de San José de Sisa",SAN MARTIN,EL DORADO,SAN JOSÉ DE SISA,1/07/2026,30.4,30.4,52.16,52.16,55000.0,55000.0,4,0,,947420042,techo_propio
CONJUNTO RESIDENCIAL ROMAREDA I,000492026F,TUVIVIENDA SOCIAL S.A.C.,FRENTE JR. LAS PALMAS MZ. 35 LOTE 05 SECTOR CENTRO POBLADO CONSUMO,SAN MARTIN,BELLAVISTA,SAN PABLO,1/07/2026,43.48,43.48,63.0,63.0,57465.5,57465.5,17,0,,994577775,techo_propio
CONJUNTO RESIDENCIAL ROMAREDA II,000542026F,TUVIVIENDA SOCIAL S.A.C.,FRENTE JR. LAS PALMAS MZ. 35 LOTE 06 SECTOR CENTRO POBLADO CONSUMO,SAN MARTIN,BELLAVISTA,SAN PABLO,1/07/2026,43.48,43.48,63.0,63.0,57465.5,57465.5,36,0,,994577775,techo_propio
MULTIFAMILIAR PALFON I SAUCE,01512025C,CORPORCIÓN D&GPC E.I.R.L.,PUEBLO TRADICIONAL CERCADO SAUCE MZ. 7 LOTE 19A,SAN MARTIN,SAN MARTIN ,SAUCE,1/07/2026,50.3,50.21,62.15,50.21,51545.0,51545.0,6,0,,902210031,techo_propio
CONJUNTO RESIDENCIAL BELEN II,001782025F,HOUSE PAPILON EIRL,CALLE LOS GIRASOLES MZ. 01A LOTE 01F-A1A2 SECTOR BELEN,SAN MARTIN,MOYOBAMBA,SORITOR,1/07/2026,40.0,40.0,147.19,83.59,86545.0,83545.0,63,0,,970135985,techo_propio
HABILITACIÓN URBANA VILLA TOSCANA,02552025C,NEGOCIACIONES Y CIA ESPINOZA E.I.R.L.,PREDIO RURAL DENOMINADO PARAÍSO,SAN MARTIN,LAMAS,TABALOSOS,1/07/2026,40.05,40.05,66.0,66.0,71250.0,71250.0,85,0,,946944471,techo_propio
CONDOMINIO SAN NICEFORO,011-2022-C,RGD CONSTRUCCIONES S.A.,Rural Valle Alto Huallaga / Caserio Almendra ,SAN MARTIN,TOCACHE,TOCACHE,1/07/2026,30.21,30.21,90.0,90.0,75000.0,75000.0,208,0,,(01)3445018 / 943628980,techo_propio
CONJUNTO RESIDENCIAL BARCELO ,0102-2023-F,DESPACHO DE OBRAS CONSTRUCCIONES S.A.C. ,JR LIMA  MZ A LOTE 1A SECTOR DE MIRAFLORES ,SAN MARTIN ,MOYOBAMBA ,HABANA,1/07/2026,40.0,40.0,63.0,63.0,49500.0,49500.0,44,0,,943604762/ 994577775,techo_propio
CONJUNTO RESIDENCIAL HABANA ,0101-2023-F,DESPACHO DE OBRAS CONSTRUCCIONES S.A.C. ,JR LIMA  MZ 23 LOTE 01 SECTOR DE MIRAFLORES HABANA,SAN MARTIN ,MOYOBAMBA ,HABANA,1/07/2026,40.0,40.0,63.0,63.0,49500.0,49500.0,1,0,,943604762/ 994577775,techo_propio
RESIDENCIAL ALAMEDA VERDE ,0103-2023-F,CONSTRUCTORA DEL ORIENTE E Y K S.A.C. ,PUEBLO TRADICIONAL CERCADO DE JUAN GUERRA MZ 139 LOTE 1 ,SAN MARTIN ,SAN MARTIN ,JUAN GUERRA,1/07/2026,40.45,40.45,100.0,100.0,105252.5,105252.5,4,0,,940064819,techo_propio
RESIDENCIAL VILLA VICTORIA,0722025C,RODFAR CONSTRUCTORES E.I.R.L.,Predio Urbano Av. Santa Rosa Lote 1 Sector Barrio La Victoria,SAN MARTIN ,MARISCAL CÁCERES,JUANJI,1/07/2026,30.73,29.91,97.07,71.74,71500.0,66692.0,75,0,,961680343,techo_propio
RESIDENCIAL QUINTA VISO DE MARQUES,0125-2023-F,CONSTRUCTORA E INMOBILIARIA MANCINI S.A.C.,PREDIO URBANO JR SARGENTO FORES S/N AREA Ha. 6937.46 m2 SECTOR CERCADO DEL CENTRO POBLADO LA LIBERTAD SAN RAFAEL,SAN MARTIN ,BELLAVISTA,SAN RAFAEL ,1/07/2026,46.7,46.7,66.25,66.25,49805.0,49805.0,6,0,,950463414/ 945057789,techo_propio
CONDOMINIO SAN JUAN DEL OLIVO,031-2023-C,CONSTRUCTORA E INMOBILIARIA TIKAY WASI S.A.C.,PREDIO RUSTICO DENOMINADO EL OLIVO SUB LOTE A-1 SECTOR EL OLIVO,TACNA,TACNA,CALANA,1/07/2026,40.0,40.0,90.0,90.0,104500.0,104500.0,149,0,,999003036 / 955106011/ 052-283225,techo_propio
CONDOMINIO LAS PALMERAS,0634-S,INFINITY CORPORATION CONSTRUCTORA E INMOBILIARIA S.A.C.,"C.P/Parcela A-1-21 S/N, Urb. Condominio Las Palmeras ",TACNA,TACNA,TACNA,1/07/2026,42.31,42.31,80.5,80.5,104500.0,104500.0,17,0,,948003054 - 952630026,techo_propio
RESIDENCIAL EL CARMÍN,00362025C,CONSTRUCTORA E INMOBILIARIA J&A S.A.C.,"LOTE 3, MANZANA E, URBANIZACIÓN CARMÍN",TACNA,TACNA,TACNA,1/07/2026,62.82,58.9,78.67,58.9,130500.0,130500.0,36,0,,933861954,techo_propio
"URBANIZACION LAS PRADERAS ETAPA I, III y IV",0094-2023-F,MORINC CONSTRUCTORA E INMOBILIARIA S.A.C.,"SECTOR DE PARA GRANDE, VALLE DE TACNA",TACNA,TACNA,TACNA,1/07/2026,39.64,39.64,92.78,92.78,102800.0,102800.0,282,0,,994437090/ 994451130,techo_propio
QUINTA PALMERAS,0247-2022-C,JOSE GERARDO PINEDA GARCIA,JR. LOS PINOS MZ. A´ LOTE 01 AA.HH. 28 DE JULIO,TUMBES,ZARUMILLA,AGUAS VERDES,1/07/2026,41.08,41.08,72.1,72.1,83000.0,83000.0,46,0,,"916 483 552/ 935 927 357
",techo_propio
PRADERAS DEL PAPAYAL,02162025C,GRUPO MINCHOLA S.A.C.,"PREDIO CON CÓDIGO N°7_5759610_090415, UBICADO EN EL SECTOR QUEBRADA GRANDE",TUMBES,ZARUMILLA,PAPAYAL,1/07/2026,115.74,40.77,44.19,34.81,44805.0,44805.0,870,0,,918429263,techo_propio
CONJUNTO RESIDENCIAL FRAGATA I ETAPA,0022-2022-F,LA PONCIANA INVESTMENTS S.A.C.,VALLE TUMBES SECTOR PUERTO EL CURA PREDIO CN96108/CE 568567/PAR. 020057,TUMBES,TUMBES,TUMBES,1/07/2026,58.36,58.36,108.0,108.0,47985.0,47985.0,94,0,,920179647 / 988205072 / 992518682,techo_propio
RESIDENCIAL LOS MADEROS DE ZARUMILLA,0076-2022-F,INMOBILIARIA SANTA FE S.A.,Prol. Grau S/N Trocha Carrozable Zarumilla - Positos,TUMBES,ZARUMILLA,ZARUMILLA,1/07/2026,25.0,25.0,60.0,60.0,48813.0,48813.0,122,0,,949612401,techo_propio
MERC1 Pucallpa ,0133-2022-F,Amazon Internacional Trading E.I.R.L.,Asentamiento Humano Sargento Lores Mz.  A Lote 15-16,UCAYALI,CORONEL PORTILLO,MANANTAY,1/07/2026,48.73,48.73,60.24,60.24,123000.0,123000.0,1,0,,948105141,techo_propio
