listing_id,source,district,ubigeo,address,urbanization,price_soles,area_m2,price_per_m2,rooms,bathrooms,parking,maintenance_fee,photos_count,district_median_price_m2,baseline_price_soles,opportunity_score_baseline,bcrp_price_m2_usd,bcrp_price_rent_ratio,proyectos_nuevos_distrito,unidades_nuevas_distrito,crime_index_zone,crime_trend_zone,urban_convenience_index,zone_composite_index,idh_2019,pct_pobreza_total
146555801,Urbania,ATE,150103,Condominio Prados DEL SOL,Ate Vitarte,177500.0,62.0,2862.9032258064517,3,2,0,0.0,1,3838.0,237956.0,0.254,,,3,23,0.224,mejorando,0.203,0.49,0.686854963693964,17.174936
149206856,Urbania,ATE,150103,"Rio Marañon, Ate 15498",Ate Vitarte,180960.0,58.0,3120.0,2,2,0,0.0,1,3838.0,222604.0,0.187,,,3,23,0.224,mejorando,0.203,0.49,0.686854963693964,17.174936
149207626,Urbania,ATE,150103,"Rio Marañon, Ate 15498, Perú",Ate Vitarte,243600.0,75.0,3248.0,3,2,0,0.0,1,3838.0,287850.0,0.154,,,3,23,0.224,mejorando,0.203,0.49,0.686854963693964,17.174936
144253620,Urbania,ATE,150103,Calle cordillera del condor,Mayorazgo,295000.0,70.0,4214.285714285715,2,2,0,0.0,1,3838.0,268660.0,-0.098,,,3,23,0.224,mejorando,0.203,0.49,0.686854963693964,17.174936
148674823,Urbania,ATE,150103,SALAMANCA DE MONTERRICO RECAUDADORES,Salamanca De Monterrico,318000.0,64.0,4968.75,2,1,1,0.0,1,3838.0,245632.0,-0.295,,,3,23,0.224,mejorando,0.203,0.49,0.686854963693964,17.174936
146138487,Urbania,ATE,150103,Calle Las Fresas cuadra 1,Ate Vitarte,320000.0,95.0,3368.4210526315787,3,2,0,30.0,1,3838.0,364610.0,0.122,,,3,23,0.224,mejorando,0.203,0.49,0.686854963693964,17.174936
149028043,Urbania,ATE,150103,Pasaje Los Alpes Urb. Alpamayo,Ate Vitarte,330660.0,75.0,4408.8,2,2,0,0.0,1,3838.0,287850.0,-0.149,,,3,23,0.224,mejorando,0.203,0.49,0.686854963693964,17.174936
149789896,Urbania,ATE,150103,Urb. Alpamayo,Ate Vitarte,340000.0,63.0,5396.825396825397,3,2,0,200.0,1,3838.0,241794.0,-0.406,,,3,23,0.224,mejorando,0.203,0.49,0.686854963693964,17.174936
148303438,Urbania,ATE,150103,Calle Sabadell  Urbanización Mayorazgo,Mayorazgo,349000.0,99.0,3525.252525252525,3,2,0,0.0,1,3838.0,379962.0,0.081,,,3,23,0.224,mejorando,0.203,0.49,0.686854963693964,17.174936
147472547,Urbania,ATE,150103,Calle Australia,Portales De J.prado,360000.0,93.0,3870.967741935484,3,2,0,1.0,1,3838.0,356934.0,-0.009,,,3,23,0.224,mejorando,0.203,0.49,0.686854963693964,17.174936
149149198,Urbania,ATE,150103,Av. Marginal al 100,Javier Prado Et.6,404168.0,126.0,3207.6825396825398,3,2,0,0.0,10,3838.0,483588.0,0.164,,,3,23,0.224,mejorando,0.203,0.49,0.686854963693964,17.174936
149675051,Urbania,ATE,150103,SALAMANCA MONTERRICO,Ate Vitarte,431000.0,123.0,3504.0650406504064,4,2,0,0.0,1,3838.0,472074.0,0.087,,,3,23,0.224,mejorando,0.203,0.49,0.686854963693964,17.174936
147856936,Urbania,ATE,150103,Pasaje Juan Sifuentes ATE,Ate Vitarte,435000.0,120.0,3625.0,3,1,0,100.0,1,3838.0,460560.0,0.055,,,3,23,0.224,mejorando,0.203,0.49,0.686854963693964,17.174936
149218249,Urbania,ATE,150103,Lerida 238,Mayorazgo,437500.0,114.0,3837.719298245614,3,2,0,80.0,1,3838.0,437532.0,0.0,,,3,23,0.224,mejorando,0.203,0.49,0.686854963693964,17.174936
147856897,Urbania,ATE,150103,Prolongacion Javier Prado Este 9132,Los Portales De Javier Prado,450000.0,126.0,3571.4285714285716,4,3,1,0.0,1,3838.0,483588.0,0.069,,,3,23,0.224,mejorando,0.203,0.49,0.686854963693964,17.174936
148288992,Urbania,ATE,150103,Salamanca de Monterrico,Salamanca De Monterrico,463500.0,107.0,4331.77570093458,3,2,0,100.0,1,3838.0,410666.0,-0.129,,,3,23,0.224,mejorando,0.203,0.49,0.686854963693964,17.174936
146921135,Urbania,ATE,150103,EL PALMAR,Salamanca De Monterrico,470000.0,80.0,5875.0,3,2,1,240.0,1,3838.0,307040.0,-0.531,,,3,23,0.224,mejorando,0.203,0.49,0.686854963693964,17.174936
145779160,Urbania,ATE,150103,C. Marbella  al 200,Mayorazgo,482330.0,99.0,4872.020202020202,3,2,0,0.0,1,3838.0,379962.0,-0.269,,,3,23,0.224,mejorando,0.203,0.49,0.686854963693964,17.174936
148153278,Urbania,ATE,150103,Paracas 120,Salamanca De Monterrico,495508.0,140.0,3539.342857142857,4,1,0,0.0,1,3838.0,537320.0,0.078,,,3,23,0.224,mejorando,0.203,0.49,0.686854963693964,17.174936
147856908,Urbania,ATE,150103,Prolongacion Javier Prado Este 9132,Ate Vitarte,518000.0,152.0,3407.8947368421054,4,3,1,50.0,1,3838.0,583376.0,0.112,,,3,23,0.224,mejorando,0.203,0.49,0.686854963693964,17.174936
147904279,Urbania,ATE,150103,Lerida 211 al 200,Mayorazgo,530100.0,143.0,3706.993006993007,3,3,0,100.0,1,3838.0,548834.0,0.034,,,3,23,0.224,mejorando,0.203,0.49,0.686854963693964,17.174936
149751839,Urbania,ATE,150103,Avenida Paracas,Salamanca De Monterrico,595000.0,140.0,4250.0,4,3,0,200.0,1,3838.0,537320.0,-0.107,,,3,23,0.224,mejorando,0.203,0.49,0.686854963693964,17.174936
147856000,Urbania,ATE,150103,Jr. Juan Jose Crespo al 100,Ate Vitarte,684560.0,372.0,1840.215053763441,3,2,2,0.0,1,3838.0,1427736.0,0.521,,,3,23,0.224,mejorando,0.203,0.49,0.686854963693964,17.174936
149037885,Urbania,ATE,150103,Av. Prol. Javier Prado Este 9051 al 9000,Ate Vitarte,705600.0,270.0,2613.3333333333335,5,4,0,0.0,1,3838.0,1036260.0,0.319,,,3,23,0.224,mejorando,0.203,0.49,0.686854963693964,17.174936
149365027,Urbania,ATE,150103,Salamanca de Monterrico,Salamanca De Monterrico,720000.0,136.0,5294.117647058823,3,3,1,120.0,1,3838.0,521968.0,-0.379,,,3,23,0.224,mejorando,0.203,0.49,0.686854963693964,17.174936
148003136,Urbania,ATE,150103,Los Olmos Salamanca de Monterrico,Salamanca De Monterrico,725000.0,124.0,5846.774193548387,3,3,0,0.0,10,3838.0,475912.0,-0.523,,,3,23,0.224,mejorando,0.203,0.49,0.686854963693964,17.174936
147065152,Urbania,ATE,150103,SALAMANCA DE MONTERRICO RECAUDADORES,Salamanca De Monterrico,748000.0,132.0,5666.666666666667,4,3,0,150.0,1,3838.0,506616.0,-0.476,,,3,23,0.224,mejorando,0.203,0.49,0.686854963693964,17.174936
148259756,Urbania,ATE,150103,Calle Las Tunas al 400,Salamanca De Monterrico,750000.0,130.0,5769.2307692307695,3,2,0,0.0,1,3838.0,498940.0,-0.503,,,3,23,0.224,mejorando,0.203,0.49,0.686854963693964,17.174936
149387506,Urbania,ATE,150103,Edificio Sabadell con Badajoz,Mayorazgo,759000.0,194.0,3912.3711340206187,4,3,1,0.0,10,3838.0,744572.0,-0.019,,,3,23,0.224,mejorando,0.203,0.49,0.686854963693964,17.174936
143173637,Urbania,BARRANCO,150104,"Av EL SOL N° 5xx, Dpto. 208 AL 408",Barranco,251677.0,24.0,10486.541666666666,1,1,1,0.0,1,9299.0,223176.0,-0.128,2555.56,,2,39,0.659,estable,0.526,0.434,0.820764283821305,3.172325
142612185,Urbania,BARRANCO,150104,Av. El Sol Este,Barranco,255007.0,24.0,10625.291666666666,1,1,1,0.0,1,9299.0,223176.0,-0.143,2555.56,,2,39,0.659,estable,0.526,0.434,0.820764283821305,3.172325
148451300,Urbania,BARRANCO,150104,Av Republica de Panama 350,Barranco,279650.0,46.0,6079.347826086957,1,1,0,180.0,1,9299.0,427754.0,0.346,2555.56,,2,39,0.659,estable,0.526,0.434,0.820764283821305,3.172325
147879979,Urbania,BARRANCO,150104,AV. REPUBLICA DE PANAMA 348,Barranco,287000.0,45.0,6377.777777777777,1,1,1,172.0,1,9299.0,418455.0,0.314,2555.56,,2,39,0.659,estable,0.526,0.434,0.820764283821305,3.172325
149651540,Urbania,BARRANCO,150104,Jiron Corpancho Barranco,Barranco,289000.0,45.0,6422.222222222223,1,1,0,120.0,1,9299.0,418455.0,0.309,2555.56,,2,39,0.659,estable,0.526,0.434,0.820764283821305,3.172325
149324096,Urbania,BARRANCO,150104,Calle Doña Delmira  al 400,Barranco,291550.0,62.0,4702.419354838709,2,1,0,70.0,1,9299.0,576538.0,0.494,2555.56,,2,39,0.659,estable,0.526,0.434,0.820764283821305,3.172325
143173629,Urbania,BARRANCO,150104,"Av EL SOL N° 5xx, Dpto. 104",Barranco,299003.0,32.0,9343.84375,1,1,1,0.0,1,9299.0,297568.0,-0.005,2555.56,,2,39,0.659,estable,0.526,0.434,0.820764283821305,3.172325
148276260,Urbania,BARRANCO,150104,av franciso bolognesi,San Ignacio,323000.0,70.0,4614.285714285715,2,1,0,140.0,1,9299.0,650930.0,0.504,2555.56,,2,39,0.659,estable,0.526,0.434,0.820764283821305,3.172325
149560785,Urbania,BARRANCO,150104,Jr. Pedro Heraud,Barranco,329550.0,54.0,6102.777777777777,1,1,0,0.0,1,9299.0,502146.0,0.344,2555.56,,2,39,0.659,estable,0.526,0.434,0.820764283821305,3.172325
143173633,Urbania,BARRANCO,150104,"Av EL SOL N° 5xx, Dpto. 304 AL 604",Barranco,329847.0,38.0,8680.184210526315,1,1,1,0.0,10,9299.0,353362.0,0.067,2555.56,,2,39,0.659,estable,0.526,0.434,0.820764283821305,3.172325
149369202,Urbania,BARRANCO,150104,Avenida El Sol  Este  al 500,Barranco,359102.0,41.0,8758.585365853658,1,1,0,0.0,10,9299.0,381259.0,0.058,2555.56,,2,39,0.659,estable,0.526,0.434,0.820764283821305,3.172325
149319130,Urbania,BARRANCO,150104,Avenida República de Panamá 348,Barranco,362250.0,70.0,5175.0,3,2,1,250.0,1,9299.0,650930.0,0.443,2555.56,,2,39,0.659,estable,0.526,0.434,0.820764283821305,3.172325
149189652,Urbania,BARRANCO,150104,Av. Pedro de Osma 300,Barranco,370600.0,38.0,9752.631578947368,1,1,1,231.0,10,9299.0,353362.0,-0.049,2555.56,,2,39,0.659,estable,0.526,0.434,0.820764283821305,3.172325
148694002,Urbania,BARRANCO,150104,"Jr. Ignacio Mariategui, 2xx, Dpto 1xx, Barranco",Tejadita,376320.0,76.0,4951.578947368421,2,1,0,40.0,10,9299.0,706724.0,0.468,2555.56,,2,39,0.659,estable,0.526,0.434,0.820764283821305,3.172325
148117866,Urbania,BARRANCO,150104,mimosas barranco,Barranco,378000.0,40.0,9450.0,1,2,0,0.0,1,9299.0,371960.0,-0.016,2555.56,,2,39,0.659,estable,0.526,0.434,0.820764283821305,3.172325
149907099,Urbania,BARRANCO,150104,Aurelio Souza 447,Barranco,379000.0,63.0,6015.873015873016,3,2,0,250.0,1,9299.0,585837.0,0.353,2555.56,,2,39,0.659,estable,0.526,0.434,0.820764283821305,3.172325
149490623,Urbania,BARRANCO,150104,Avenida Grau,Barranco,382375.0,106.0,3607.311320754717,2,1,1,0.0,10,9299.0,985694.0,0.612,2555.56,,2,39,0.659,estable,0.526,0.434,0.820764283821305,3.172325
143173612,Urbania,BARRANCO,150104,"Av EL SOL N° 5xx, Dpto. 302 AL 2102",Barranco,383847.0,39.0,9842.23076923077,1,1,1,0.0,10,9299.0,362661.0,-0.058,2555.56,,2,39,0.659,estable,0.526,0.434,0.820764283821305,3.172325
149276729,Urbania,BARRANCO,150104,Jirón Tejada al 100,Barranco,385000.0,77.0,5000.0,2,2,0,300.0,1,9299.0,716023.0,0.462,2555.56,,2,39,0.659,estable,0.526,0.434,0.820764283821305,3.172325
148816292,Urbania,BARRANCO,150104,Av. Pedro de Osma,Barranco,391000.0,44.0,8886.363636363636,1,1,1,300.0,1,9299.0,409156.0,0.044,2555.56,,2,39,0.659,estable,0.526,0.434,0.820764283821305,3.172325
149791245,Urbania,BARRANCO,150104,Avenida San Martín  al 600,Barranco,391579.0,39.0,10040.48717948718,1,1,1,0.0,10,9299.0,362661.0,-0.08,2555.56,,2,39,0.659,estable,0.526,0.434,0.820764283821305,3.172325
149552867,Urbania,BARRANCO,150104,"Vive Barranco con Rooftop, Áreas Comunes de Primer Nivel",Barranco,401059.0,40.0,10026.475,1,1,0,0.0,1,9299.0,371960.0,-0.078,2555.56,,2,39,0.659,estable,0.526,0.434,0.820764283821305,3.172325
146556425,Urbania,BARRANCO,150104,Av. Almirante Miguel Grau 1020,Barranco,402943.0,40.0,10073.575,1,1,0,0.0,1,9299.0,371960.0,-0.083,2555.56,,2,39,0.659,estable,0.526,0.434,0.820764283821305,3.172325
149325041,Urbania,BARRANCO,150104,Jr Enrique Barrón  al 600,Barranco,405000.0,40.0,10125.0,1,1,0,0.0,1,9299.0,371960.0,-0.089,2555.56,,2,39,0.659,estable,0.526,0.434,0.820764283821305,3.172325
149452928,Urbania,BARRANCO,150104,Av Almirante Miguel Grau 1438,Barranco,408000.0,42.0,9714.285714285714,1,1,1,250.0,1,9299.0,390558.0,-0.045,2555.56,,2,39,0.659,estable,0.526,0.434,0.820764283821305,3.172325
149874522,Urbania,BARRANCO,150104,Avenida Grau 1438 Barranco,Barranco,410000.0,38.0,10789.473684210527,1,1,0,169.0,1,9299.0,353362.0,-0.16,2555.56,,2,39,0.659,estable,0.526,0.434,0.820764283821305,3.172325
149159632,Urbania,BARRANCO,150104,Av. San Martin esq Av. El Sol Oeste,Barranco,414000.0,40.0,10350.0,1,1,0,280.0,1,9299.0,371960.0,-0.113,2555.56,,2,39,0.659,estable,0.526,0.434,0.820764283821305,3.172325
149830321,Urbania,BARRANCO,150104,Av. El Sol Este 1xx,Barranco,414000.0,41.0,10097.560975609756,1,1,1,250.0,1,9299.0,381259.0,-0.086,2555.56,,2,39,0.659,estable,0.526,0.434,0.820764283821305,3.172325
149610106,Urbania,BARRANCO,150104,Jr. Martinez de Pinillos- A 1 Cuadra del Malecón Dpto Amoblado con Cochera y Depósito,Barranco,420000.0,33.0,12727.272727272728,1,1,1,350.0,1,9299.0,306867.0,-0.369,2555.56,,2,39,0.659,estable,0.526,0.434,0.820764283821305,3.172325
149290898,Urbania,BARRANCO,150104,Avenida San Martín,Barranco,424732.0,40.0,10618.3,1,1,0,0.0,1,9299.0,371960.0,-0.142,2555.56,,2,39,0.659,estable,0.526,0.434,0.820764283821305,3.172325
148802302,Urbania,BARRANCO,150104,JR. Enrique Barrón al 300 Cerca a la Av El Sol Barranco,Barranco,425000.0,45.0,9444.444444444445,1,1,0,0.0,1,9299.0,418455.0,-0.016,2555.56,,2,39,0.659,estable,0.526,0.434,0.820764283821305,3.172325
148700541,Urbania,BARRANCO,150104,Av. Almte. Miguel Grau 1500,Barranco,425600.0,45.0,9457.777777777777,1,1,0,175.0,1,9299.0,418455.0,-0.017,2555.56,,2,39,0.659,estable,0.526,0.434,0.820764283821305,3.172325
143173660,Urbania,BARRANCO,150104,"Av EL SOL N° 5xx, Dpto. 102,103",Barranco,425780.0,56.0,7603.214285714285,1,1,1,0.0,1,9299.0,520744.0,0.182,2555.56,,2,39,0.659,estable,0.526,0.434,0.820764283821305,3.172325
148454159,Urbania,BARRANCO,150104,Av. San Martin 618 - Dpto 1004,Barranco,432000.0,40.0,10800.0,1,1,0,170.0,1,9299.0,371960.0,-0.161,2555.56,,2,39,0.659,estable,0.526,0.434,0.820764283821305,3.172325
147239693,Urbania,BARRANCO,150104,EL SOL,Barranco,434868.0,39.0,11150.461538461539,1,1,0,170.0,1,9299.0,362661.0,-0.199,2555.56,,2,39,0.659,estable,0.526,0.434,0.820764283821305,3.172325
149385294,Urbania,BARRANCO,150104,Av. Almte. Miguel Grau,Barranco,435480.0,40.0,10887.0,1,1,0,200.0,1,9299.0,371960.0,-0.171,2555.56,,2,39,0.659,estable,0.526,0.434,0.820764283821305,3.172325
148403557,Urbania,BARRANCO,150104,Augusto Tamayo Vargas  al 300,Barranco,437190.0,46.0,9504.130434782608,1,1,1,0.0,1,9299.0,427754.0,-0.022,2555.56,,2,39,0.659,estable,0.526,0.434,0.820764283821305,3.172325
149532018,Urbania,BARRANCO,150104,Av. San Martín,Barranco,437500.0,51.0,8578.43137254902,2,1,1,0.0,1,9299.0,474249.0,0.077,2555.56,,2,39,0.659,estable,0.526,0.434,0.820764283821305,3.172325
149266063,Urbania,BARRANCO,150104,Av. San Martín,Barranco,437500.0,51.0,8578.43137254902,1,1,0,0.0,1,9299.0,474249.0,0.077,2555.56,,2,39,0.659,estable,0.526,0.434,0.820764283821305,3.172325
149543768,Urbania,BARRANCO,150104,av san Martin  al 100 45m2 CON 01 Cochera,Barranco,438600.0,45.0,9746.666666666666,1,1,1,300.0,1,9299.0,418455.0,-0.048,2555.56,,2,39,0.659,estable,0.526,0.434,0.820764283821305,3.172325
145190431,Urbania,BARRANCO,150104,Enrique Barron 865,Barranco,439200.0,41.0,10712.19512195122,1,1,0,0.0,1,9299.0,381259.0,-0.152,2555.56,,2,39,0.659,estable,0.526,0.434,0.820764283821305,3.172325
149008941,Urbania,BARRANCO,150104,Av. el Sol Este 428,Barranco,442000.0,52.0,8500.0,1,1,1,250.0,10,9299.0,483548.0,0.086,2555.56,,2,39,0.659,estable,0.526,0.434,0.820764283821305,3.172325
147708893,Urbania,BARRANCO,150104,Av El Sol Oeste,Barranco,445380.0,46.0,9682.173913043478,1,2,0,0.0,1,9299.0,427754.0,-0.041,2555.56,,2,39,0.659,estable,0.526,0.434,0.820764283821305,3.172325
149449649,Urbania,BARRANCO,150104,Grau al 1430,Barranco,446275.0,38.0,11744.078947368422,1,1,1,250.0,1,9299.0,353362.0,-0.263,2555.56,,2,39,0.659,estable,0.526,0.434,0.820764283821305,3.172325
149640107,Urbania,BARRANCO,150104,Malecón Paúl Harris,Barranco,447160.0,51.0,8767.843137254902,1,1,0,0.0,10,9299.0,474249.0,0.057,2555.56,,2,39,0.659,estable,0.526,0.434,0.820764283821305,3.172325
149302905,Urbania,BARRANCO,150104,Avenida El Sol Oeste 161,Barranco,448000.0,42.0,10666.666666666666,1,1,0,220.0,1,9299.0,390558.0,-0.147,2555.56,,2,39,0.659,estable,0.526,0.434,0.820764283821305,3.172325
149154832,Urbania,BARRANCO,150104,Bustamante 195 Barranco,Barranco,449000.0,41.0,10951.219512195123,1,1,0,0.0,1,9299.0,381259.0,-0.178,2555.56,,2,39,0.659,estable,0.526,0.434,0.820764283821305,3.172325
149362194,Urbania,BARRANCO,150104,Av. Bustamante - Departamento de Estreno en Venta - A 5 Min. del Circuito de Playas,Barranco,449373.0,40.0,11234.325,1,2,1,0.0,1,9299.0,371960.0,-0.208,2555.56,,2,39,0.659,estable,0.526,0.434,0.820764283821305,3.172325
148422877,Urbania,BARRANCO,150104,"Av Grau N° 10xx, Dpto. 201 AL 2201",Barranco,449708.0,43.0,10458.32558139535,1,1,0,0.0,1,9299.0,399857.0,-0.125,2555.56,,2,39,0.659,estable,0.526,0.434,0.820764283821305,3.172325
146483466,Urbania,BARRANCO,150104,Jr. Progreso,Barranco,450000.0,75.0,6000.0,2,2,1,240.0,1,9299.0,697425.0,0.355,2555.56,,2,39,0.659,estable,0.526,0.434,0.820764283821305,3.172325
148804284,Urbania,BARRANCO,150104,Av. Almirante Miguel Grau  al 1400,Barranco,453600.0,57.0,7957.894736842105,2,2,1,0.0,1,9299.0,530043.0,0.144,2555.56,,2,39,0.659,estable,0.526,0.434,0.820764283821305,3.172325
149671653,Urbania,BARRANCO,150104,Av. Almte. Miguel Grau,Barranco,454245.0,42.0,10815.357142857143,1,1,0,210.0,1,9299.0,390558.0,-0.163,2555.56,,2,39,0.659,estable,0.526,0.434,0.820764283821305,3.172325
149760565,Urbania,BARRANCO,150104,Av. El Sol Oeste 145,Barranco,455000.0,52.0,8750.0,1,1,1,280.0,1,9299.0,483548.0,0.059,2555.56,,2,39,0.659,estable,0.526,0.434,0.820764283821305,3.172325
147145682,Urbania,BARRANCO,150104,Juan Fanning,Barranco,458217.0,44.0,10414.022727272728,1,1,0,210.0,1,9299.0,409156.0,-0.12,2555.56,,2,39,0.659,estable,0.526,0.434,0.820764283821305,3.172325
146467967,Urbania,BARRANCO,150104,Jr. las mimosas,Barranco,458500.0,42.0,10916.666666666666,1,1,1,150.0,1,9299.0,390558.0,-0.174,2555.56,,2,39,0.659,estable,0.526,0.434,0.820764283821305,3.172325
148422860,Urbania,BARRANCO,150104,"Av Grau N° 10xx, Dpto. 303 AL 1303",Barranco,461984.0,41.0,11267.90243902439,1,1,0,0.0,1,9299.0,381259.0,-0.212,2555.56,,2,39,0.659,estable,0.526,0.434,0.820764283821305,3.172325
148662417,Urbania,BARRANCO,150104,Felipe Sassone - Duplex de 1 Dormitorio con 1 Cochera - Ideal Para Inversión,Barranco,463080.0,69.0,6711.304347826087,1,1,1,280.0,1,9299.0,641631.0,0.278,2555.56,,2,39,0.659,estable,0.526,0.434,0.820764283821305,3.172325
149862204,Urbania,BARRANCO,150104,Centenario,Barranco,465000.0,46.0,10108.695652173914,1,1,1,0.0,1,9299.0,427754.0,-0.087,2555.56,,2,39,0.659,estable,0.526,0.434,0.820764283821305,3.172325
148209018,Urbania,BARRANCO,150104,Av. Bustamante - Departamento de Estreno en Venta - A 5 Min. del Circuito de Playas,Barranco,465027.0,42.0,11072.07142857143,1,2,1,0.0,1,9299.0,390558.0,-0.191,2555.56,,2,39,0.659,estable,0.526,0.434,0.820764283821305,3.172325
59531299,Urbania,BARRANCO,150104,Av Sol Oeste Cuadra 4,Confraternidad,465800.0,37.0,12589.18918918919,1,1,0,180.0,1,9299.0,344063.0,-0.354,2555.56,,2,39,0.659,estable,0.526,0.434,0.820764283821305,3.172325
149849874,Urbania,BARRANCO,150104,Avenida San Martín 765,Barranco,469990.0,44.0,10681.59090909091,1,1,1,217.0,1,9299.0,409156.0,-0.149,2555.56,,2,39,0.659,estable,0.526,0.434,0.820764283821305,3.172325
148618616,Urbania,BARRANCO,150104,Avenida San Martín 230,Barranco,472600.0,51.0,9266.666666666666,1,1,1,300.0,1,9299.0,474249.0,0.003,2555.56,,2,39,0.659,estable,0.526,0.434,0.820764283821305,3.172325
145087075,Urbania,BARRANCO,150104,AV. ALMIRANTE GRAU,Barranco,474375.0,42.0,11294.642857142857,1,1,0,180.0,1,9299.0,390558.0,-0.215,2555.56,,2,39,0.659,estable,0.526,0.434,0.820764283821305,3.172325
146961096,Urbania,BARRANCO,150104,Av. Almirante Grau 14xx,Barranco,475000.0,42.0,11309.52380952381,1,1,0,200.0,1,9299.0,390558.0,-0.216,2555.56,,2,39,0.659,estable,0.526,0.434,0.820764283821305,3.172325
149536494,Urbania,BARRANCO,150104,Miguel Grau 1430,Barranco,476000.0,45.0,10577.777777777777,1,1,1,200.0,1,9299.0,418455.0,-0.138,2555.56,,2,39,0.659,estable,0.526,0.434,0.820764283821305,3.172325
149743843,Urbania,BARRANCO,150104,Av. Malecón Costa Sur - Chorrillos - Límite con Barranco,Barranco,478485.0,46.0,10401.847826086956,1,1,1,0.0,1,9299.0,427754.0,-0.119,2555.56,,2,39,0.659,estable,0.526,0.434,0.820764283821305,3.172325
149560661,Urbania,BARRANCO,150104,Av Sol Oeste 145,Barranco,479500.0,50.0,9590.0,1,1,0,0.0,1,9299.0,464950.0,-0.031,2555.56,,2,39,0.659,estable,0.526,0.434,0.820764283821305,3.172325
4648446,Urbania,BARRANCO,150104,av. sol oeste,Barranco,480000.0,40.0,12000.0,1,2,0,200.0,10,9299.0,371960.0,-0.29,2555.56,,2,39,0.659,estable,0.526,0.434,0.820764283821305,3.172325
148800457,Urbania,BARRANCO,150104,"Avenida Pedro De Osma N 3, Piso 2, Barranco",Barranco,485750.0,38.0,12782.894736842105,1,1,1,0.0,1,9299.0,353362.0,-0.375,2555.56,,2,39,0.659,estable,0.526,0.434,0.820764283821305,3.172325
149448617,Urbania,BARRANCO,150104,"Avenida San Martín N Xxx, Piso 107, Barranco.",Barranco,486200.0,52.0,9350.0,1,1,1,0.0,1,9299.0,483548.0,-0.005,2555.56,,2,39,0.659,estable,0.526,0.434,0.820764283821305,3.172325
148320197,Urbania,BARRANCO,150104,Avenida Pedro de Osma 346,Barranco,486407.0,43.0,11311.790697674418,1,1,1,350.0,1,9299.0,399857.0,-0.216,2555.56,,2,39,0.659,estable,0.526,0.434,0.820764283821305,3.172325
146565534,Urbania,BARRANCO,150104,Av. Almirante Miguel Grau 1020,Barranco,489221.0,54.0,9059.648148148148,2,2,0,0.0,1,9299.0,502146.0,0.026,2555.56,,2,39,0.659,estable,0.526,0.434,0.820764283821305,3.172325
147379965,Urbania,BARRANCO,150104,Av. el Sol Oeste 145,Barranco,495000.0,43.0,11511.627906976744,1,1,1,0.0,1,9299.0,399857.0,-0.238,2555.56,,2,39,0.659,estable,0.526,0.434,0.820764283821305,3.172325
143173663,Urbania,BARRANCO,150104,"Av EL SOL N° 5xx, Dpto. 305 AL 905",Barranco,495793.0,58.0,8548.155172413793,2,2,1,0.0,1,9299.0,539342.0,0.081,2555.56,,2,39,0.659,estable,0.526,0.434,0.820764283821305,3.172325
149451368,Urbania,BARRANCO,150104,"Jirón Carlos Arrieta N 1xx, Piso 2, Barranco.",Barranco,496400.0,35.0,14182.857142857143,1,1,1,0.0,1,9299.0,325465.0,-0.525,2555.56,,2,39,0.659,estable,0.526,0.434,0.820764283821305,3.172325
148724891,Urbania,BARRANCO,150104,Jirón Pedro Martinto,Barranco,499000.0,51.0,9784.313725490196,2,1,1,0.0,1,9299.0,474249.0,-0.052,2555.56,,2,39,0.659,estable,0.526,0.434,0.820764283821305,3.172325
149874694,Urbania,BARRANCO,150104,Av. El Sol 550,Barranco,499770.0,59.0,8470.677966101695,2,2,1,300.0,1,9299.0,548641.0,0.089,2555.56,,2,39,0.659,estable,0.526,0.434,0.820764283821305,3.172325
142423411,Urbania,BARRANCO,150104,REPUBLICA DE PANAMA 348,Barranco,500000.0,76.0,6578.9473684210525,2,2,1,200.0,1,9299.0,706724.0,0.293,2555.56,,2,39,0.659,estable,0.526,0.434,0.820764283821305,3.172325
148734246,Urbania,BARRANCO,150104,Almirante Miguel Grau  al 1500,Tejadita,502320.0,46.0,10920.0,1,1,1,300.0,1,9299.0,427754.0,-0.174,2555.56,,2,39,0.659,estable,0.526,0.434,0.820764283821305,3.172325
149091122,Urbania,BARRANCO,150104,Av. El Sol al 500,Barranco,502399.0,59.0,8515.237288135593,2,2,0,0.0,1,9299.0,548641.0,0.084,2555.56,,2,39,0.659,estable,0.526,0.434,0.820764283821305,3.172325
149791240,Urbania,BARRANCO,150104,PY Barranco 6,Barranco,503176.0,47.0,10705.872340425532,1,1,0,0.0,1,9299.0,437053.0,-0.151,2555.56,,2,39,0.659,estable,0.526,0.434,0.820764283821305,3.172325
149540009,Urbania,BARRANCO,150104,Jirón Pedro Martinto al 100,Barranco,506000.0,51.0,9921.56862745098,2,1,1,200.0,1,9299.0,474249.0,-0.067,2555.56,,2,39,0.659,estable,0.526,0.434,0.820764283821305,3.172325
149765117,Urbania,BARRANCO,150104,Pedro Martino 114,Barranco,510000.0,51.0,10000.0,2,2,0,0.0,1,9299.0,474249.0,-0.075,2555.56,,2,39,0.659,estable,0.526,0.434,0.820764283821305,3.172325
148832648,Urbania,BARRANCO,150104,Av. El Sol Este 176,Barranco,510000.0,60.0,8500.0,2,2,1,380.0,1,9299.0,557940.0,0.086,2555.56,,2,39,0.659,estable,0.526,0.434,0.820764283821305,3.172325
149864586,Urbania,BARRANCO,150104,Jirón Enrique Delucchi al 200,Barranco,513000.0,73.0,7027.397260273972,2,2,1,320.0,1,9299.0,678827.0,0.244,2555.56,,2,39,0.659,estable,0.526,0.434,0.820764283821305,3.172325
149790236,Urbania,BARRANCO,150104,Jirón Juan Fanning al 300,Barranco,519000.0,73.0,7109.58904109589,2,2,1,0.0,1,9299.0,678827.0,0.235,2555.56,,2,39,0.659,estable,0.526,0.434,0.820764283821305,3.172325
4637609,Urbania,BARRANCO,150104,El Sol Oeste,Barranco,520819.0,48.0,10850.395833333334,1,1,1,0.0,1,9299.0,446352.0,-0.167,2555.56,,2,39,0.659,estable,0.526,0.434,0.820764283821305,3.172325
143173630,Urbania,BARRANCO,150104,"Av EL SOL N° 5xx, Dpto. 1301 AL 2101",Barranco,524049.0,59.0,8882.186440677966,2,2,1,0.0,1,9299.0,548641.0,0.045,2555.56,,2,39,0.659,estable,0.526,0.434,0.820764283821305,3.172325
149369291,Urbania,BARRANCO,150104,Avenida El Sol Este al 500,Barranco,524049.0,58.0,9035.327586206897,2,2,0,0.0,1,9299.0,539342.0,0.028,2555.56,,2,39,0.659,estable,0.526,0.434,0.820764283821305,3.172325
149829887,Urbania,BARRANCO,150104,Jirón Pedro Martinto,Barranco,527000.0,58.0,9086.206896551725,2,2,1,350.0,1,9299.0,539342.0,0.023,2555.56,,2,39,0.659,estable,0.526,0.434,0.820764283821305,3.172325
142802045,Urbania,BARRANCO,150104,Avenida San Martin,San Ignacio,529050.0,49.0,10796.938775510203,1,2,1,0.0,1,9299.0,455651.0,-0.161,2555.56,,2,39,0.659,estable,0.526,0.434,0.820764283821305,3.172325
148449321,Urbania,BARRANCO,150104,Jirón Teodosio Parreño 260,Barranco,532650.0,62.0,8591.129032258064,2,2,1,430.0,1,9299.0,576538.0,0.076,2555.56,,2,39,0.659,estable,0.526,0.434,0.820764283821305,3.172325
146768808,Urbania,BARRANCO,150104,"Av Pedro De Osma, Barranco",Barranco,536500.0,38.0,14118.421052631578,1,1,1,1.0,1,9299.0,353362.0,-0.518,2555.56,,2,39,0.659,estable,0.526,0.434,0.820764283821305,3.172325
147612441,Urbania,BARRANCO,150104,JR. DELUCCHI,Barranco,539000.0,75.0,7186.666666666667,2,2,1,320.0,1,9299.0,697425.0,0.227,2555.56,,2,39,0.659,estable,0.526,0.434,0.820764283821305,3.172325
149273023,Urbania,BARRANCO,150104,Jirón Tejada   100,Barranco,542500.0,92.0,5896.739130434783,3,2,1,0.0,1,9299.0,855508.0,0.366,2555.56,,2,39,0.659,estable,0.526,0.434,0.820764283821305,3.172325
148574926,Urbania,BARRANCO,150104,Felipe Sassone barranco,Barranco,544000.0,65.0,8369.23076923077,1,1,1,350.0,1,9299.0,604435.0,0.1,2555.56,,2,39,0.659,estable,0.526,0.434,0.820764283821305,3.172325
149609319,Urbania,BARRANCO,150104,Jr. Independencia  al 248,Barranco,547000.0,129.0,4240.31007751938,3,1,0,0.0,1,9299.0,1199571.0,0.544,2555.56,,2,39,0.659,estable,0.526,0.434,0.820764283821305,3.172325
149794715,Urbania,BARRANCO,150104,Jirón Jaén Cuadra 2,Barranco,550000.0,78.0,7051.282051282052,3,2,1,0.0,10,9299.0,725322.0,0.242,2555.56,,2,39,0.659,estable,0.526,0.434,0.820764283821305,3.172325
149035465,Urbania,BARRANCO,150104,Jr. Jaen 258,Barranco,550000.0,78.0,7051.282051282052,3,2,1,250.0,1,9299.0,725322.0,0.242,2555.56,,2,39,0.659,estable,0.526,0.434,0.820764283821305,3.172325
149371951,Urbania,BARRANCO,150104,Jr. Carlos Arrieta 310,Barranco,552100.0,58.0,9518.965517241379,2,2,0,0.0,1,9299.0,539342.0,-0.024,2555.56,,2,39,0.659,estable,0.526,0.434,0.820764283821305,3.172325
149149944,Urbania,BARRANCO,150104,"Jirón Carlos Arrieta N° 3xx, Dpto. 304 AL 904",Barranco,552100.0,58.0,9518.965517241379,1,2,1,0.0,1,9299.0,539342.0,-0.024,2555.56,,2,39,0.659,estable,0.526,0.434,0.820764283821305,3.172325
149855259,Urbania,BARRANCO,150104,Av. Pedro de Osma,Barranco,552500.0,44.0,12556.818181818182,1,1,1,301.0,1,9299.0,409156.0,-0.35,2555.56,,2,39,0.659,estable,0.526,0.434,0.820764283821305,3.172325
148320203,Urbania,BARRANCO,150104,Avenida Pedro de Osma 346,Barranco,553498.0,50.0,11069.96,2,1,1,0.0,1,9299.0,464950.0,-0.19,2555.56,,2,39,0.659,estable,0.526,0.434,0.820764283821305,3.172325
149606248,Urbania,BARRANCO,150104,El Sol Oeste,Barranco,554400.0,40.0,13860.0,1,1,1,350.0,1,9299.0,371960.0,-0.49,2555.56,,2,39,0.659,estable,0.526,0.434,0.820764283821305,3.172325
149791253,Urbania,BARRANCO,150104,Departamentos de Estreno en Jr. Carlos Arrieta  al 300- Barranco 2d-3d,Barranco,554500.0,59.0,9398.305084745763,2,2,0,0.0,1,9299.0,548641.0,-0.011,2555.56,,2,39,0.659,estable,0.526,0.434,0.820764283821305,3.172325
149689169,Urbania,BARRANCO,150104,Jr. Carlos Arrieta - Departamento en Venta - A 5 Minutos de la Bajada Armendariz,Barranco,554500.0,59.0,9398.305084745763,2,2,1,0.0,1,9299.0,548641.0,-0.011,2555.56,,2,39,0.659,estable,0.526,0.434,0.820764283821305,3.172325
149149992,Urbania,BARRANCO,150104,"Jirón Carlos Arrieta N° 3xx, Dpto. 201 AL 1001",Barranco,554500.0,59.0,9398.305084745763,1,2,1,0.0,1,9299.0,548641.0,-0.011,2555.56,,2,39,0.659,estable,0.526,0.434,0.820764283821305,3.172325
149842523,Urbania,BARRANCO,150104,Jr. Carlos Arrieta,Barranco,554500.0,59.0,9398.305084745763,2,2,0,0.0,1,9299.0,548641.0,-0.011,2555.56,,2,39,0.659,estable,0.526,0.434,0.820764283821305,3.172325
149508075,Urbania,BARRANCO,150104,Jr. Carlos Arrieta 380,Barranco,554500.0,59.0,9398.305084745763,2,2,0,0.0,1,9299.0,548641.0,-0.011,2555.56,,2,39,0.659,estable,0.526,0.434,0.820764283821305,3.172325
149472091,Urbania,BARRANCO,150104,Jr. Carlos Arrieta,Barranco,554500.0,59.0,9398.305084745763,2,2,0,3.0,1,9299.0,548641.0,-0.011,2555.56,,2,39,0.659,estable,0.526,0.434,0.820764283821305,3.172325
149140737,Urbania,BARRANCO,150104,Arrieta al 370,Barranco,557000.0,58.0,9603.448275862069,2,2,1,300.0,1,9299.0,539342.0,-0.033,2555.56,,2,39,0.659,estable,0.526,0.434,0.820764283821305,3.172325
149538000,Urbania,BARRANCO,150104,Jirón Fedelli 101,Barranco,563000.0,56.0,10053.57142857143,2,2,1,330.0,1,9299.0,520744.0,-0.081,2555.56,,2,39,0.659,estable,0.526,0.434,0.820764283821305,3.172325
147578730,Urbania,BARRANCO,150104,av. Pedro de osma,Barranco,565750.0,59.0,9588.983050847457,1,1,1,325.0,9,9299.0,548641.0,-0.031,2555.56,,2,39,0.659,estable,0.526,0.434,0.820764283821305,3.172325
149653350,Urbania,BARRANCO,150104,Pedro de Osma,Barranco,566000.0,56.0,10107.142857142857,2,2,1,350.0,1,9299.0,520744.0,-0.087,2555.56,,2,39,0.659,estable,0.526,0.434,0.820764283821305,3.172325
149612578,Urbania,BARRANCO,150104,Pedro de Osma,Barranco,566000.0,56.0,10107.142857142857,2,2,1,350.0,1,9299.0,520744.0,-0.087,2555.56,,2,39,0.659,estable,0.526,0.434,0.820764283821305,3.172325
148637567,Urbania,BARRANCO,150104,Av. Pedro de Osma 346,Barranco,567840.0,56.0,10140.0,2,2,1,350.0,1,9299.0,520744.0,-0.09,2555.56,,2,39,0.659,estable,0.526,0.434,0.820764283821305,3.172325
144582173,Urbania,BARRANCO,150104,Pedro de Osma,Barranco,574600.0,55.0,10447.272727272728,2,2,1,360.0,1,9299.0,511445.0,-0.123,2555.56,,2,39,0.659,estable,0.526,0.434,0.820764283821305,3.172325
149383852,Urbania,BARRANCO,150104,Jiron Fedelli  al 101,Barranco,578000.0,72.0,8027.777777777777,2,2,0,400.0,1,9299.0,669528.0,0.137,2555.56,,2,39,0.659,estable,0.526,0.434,0.820764283821305,3.172325
149751815,Urbania,BARRANCO,150104,Bustamante 195 Barranco,Barranco,578000.0,55.0,10509.09090909091,2,2,0,0.0,1,9299.0,511445.0,-0.13,2555.56,,2,39,0.659,estable,0.526,0.434,0.820764283821305,3.172325
149902915,Urbania,BARRANCO,150104,Pasaje Fidelli 101,Barranco,578000.0,56.0,10321.42857142857,2,2,1,230.0,1,9299.0,520744.0,-0.11,2555.56,,2,39,0.659,estable,0.526,0.434,0.820764283821305,3.172325
148035659,Urbania,BARRANCO,150104,bustamante,Barranco,578116.0,55.0,10511.2,2,2,0,0.0,1,9299.0,511445.0,-0.13,2555.56,,2,39,0.659,estable,0.526,0.434,0.820764283821305,3.172325
148357076,Urbania,BARRANCO,150104,Pasaje Bustamante - Departamento de Estreno en Venta Frente a Parque,Barranco,578116.0,54.0,10705.851851851852,2,2,0,0.0,1,9299.0,502146.0,-0.151,2555.56,,2,39,0.659,estable,0.526,0.434,0.820764283821305,3.172325
147696358,Urbania,BARRANCO,150104,PSJE. BUSTAMANTE  BARRANCO,Barranco,578116.0,55.0,10511.2,2,2,1,0.0,1,9299.0,511445.0,-0.13,2555.56,,2,39,0.659,estable,0.526,0.434,0.820764283821305,3.172325
149791248,Urbania,BARRANCO,150104,2 de Mayo al 100,Barranco,578850.0,79.0,7327.215189873417,2,2,1,0.0,1,9299.0,734621.0,0.212,2555.56,,2,39,0.659,estable,0.526,0.434,0.820764283821305,3.172325
149791241,Urbania,BARRANCO,150104,Avenida El Sol Oeste al 400,Barranco,579690.0,42.0,13802.142857142857,1,1,1,0.0,10,9299.0,390558.0,-0.484,2555.56,,2,39,0.659,estable,0.526,0.434,0.820764283821305,3.172325
149156330,Urbania,BARRANCO,150104,Jirón Martinez de Pinillos 100,Barranco,580000.0,62.0,9354.838709677419,1,2,0,370.0,1,9299.0,576538.0,-0.006,2555.56,,2,39,0.659,estable,0.526,0.434,0.820764283821305,3.172325
146565729,Urbania,BARRANCO,150104,Av. Almirante Miguel Grau,Barranco,581370.0,57.0,10199.473684210527,2,2,0,0.0,1,9299.0,530043.0,-0.097,2555.56,,2,39,0.659,estable,0.526,0.434,0.820764283821305,3.172325
146009617,Urbania,BARRANCO,150104,"Jirón 2 DE Mayo N° 1xx, Dpto. 409",Barranco,582288.0,79.0,7370.734177215189,2,2,0,0.0,1,9299.0,734621.0,0.207,2555.56,,2,39,0.659,estable,0.526,0.434,0.820764283821305,3.172325
149320883,Urbania,BARRANCO,150104,Jirón Juan Fanning,Barranco,586500.0,57.0,10289.473684210527,1,1,1,300.0,1,9299.0,530043.0,-0.107,2555.56,,2,39,0.659,estable,0.526,0.434,0.820764283821305,3.172325
149095271,Urbania,BARRANCO,150104,Paseo de la República  al 6400,Barranco,589750.0,108.0,5460.648148148148,3,2,0,310.0,1,9299.0,1004292.0,0.413,2555.56,,2,39,0.659,estable,0.526,0.434,0.820764283821305,3.172325
149386890,Urbania,BARRANCO,150104,Jirón Juan Fanning,Barranco,590000.0,74.0,7972.972972972973,1,1,1,400.0,1,9299.0,688126.0,0.143,2555.56,,2,39,0.659,estable,0.526,0.434,0.820764283821305,3.172325
148424100,Urbania,BARRANCO,150104,"Av Grau N° 10xx, Dpto. 103",Barranco,590317.0,82.0,7198.987804878048,2,2,0,0.0,1,9299.0,762518.0,0.226,2555.56,,2,39,0.659,estable,0.526,0.434,0.820764283821305,3.172325
149507446,Urbania,BARRANCO,150104,Avenida Paseo de la República 6465,Barranco,593000.0,102.0,5813.725490196079,3,2,1,370.0,1,9299.0,948498.0,0.375,2555.56,,2,39,0.659,estable,0.526,0.434,0.820764283821305,3.172325
149430106,Urbania,BARRANCO,150104,Jirón Pedro Martinto 200,Barranco,595000.0,70.0,8500.0,2,2,1,400.0,1,9299.0,650930.0,0.086,2555.56,,2,39,0.659,estable,0.526,0.434,0.820764283821305,3.172325
149156100,Urbania,BARRANCO,150104,Enrique Barron al 300,Tejada Alta,596300.0,83.0,7184.3373493975905,3,2,0,25000.0,1,9299.0,771817.0,0.227,2555.56,,2,39,0.659,estable,0.526,0.434,0.820764283821305,3.172325
146009721,Urbania,BARRANCO,150104,"Jirón 2 DE Mayo N° 1xx, Dpto. 313, 413",Barranco,600287.0,81.0,7410.950617283951,2,2,0,0.0,1,9299.0,753219.0,0.203,2555.56,,2,39,0.659,estable,0.526,0.434,0.820764283821305,3.172325
149470473,Urbania,BARRANCO,150104,av. Sol Oeste 200,Barranco,603750.0,67.0,9011.194029850747,2,3,1,380.0,1,9299.0,623033.0,0.031,2555.56,,2,39,0.659,estable,0.526,0.434,0.820764283821305,3.172325
146446296,Urbania,BARRANCO,150104,Jr. 2 de Mayo 155 Barranco,Barranco,605631.0,82.0,7385.743902439024,2,2,0,0.0,1,9299.0,762518.0,0.206,2555.56,,2,39,0.659,estable,0.526,0.434,0.820764283821305,3.172325
148423057,Urbania,BARRANCO,150104,"Av Grau N° 10xx, Dpto. 406 AL 2206",Barranco,608665.0,57.0,10678.333333333334,2,2,0,0.0,1,9299.0,530043.0,-0.148,2555.56,,2,39,0.659,estable,0.526,0.434,0.820764283821305,3.172325
146785792,Urbania,BARRANCO,150104,Jr. Perez Roca 150,Barranco,610000.0,111.0,5495.495495495496,2,1,1,340.0,1,9299.0,1032189.0,0.409,2555.56,,2,39,0.659,estable,0.526,0.434,0.820764283821305,3.172325
148045066,Urbania,BARRANCO,150104,2 de Mayo,Barranco,610378.0,82.0,7443.634146341464,2,2,1,0.0,1,9299.0,762518.0,0.2,2555.56,,2,39,0.659,estable,0.526,0.434,0.820764283821305,3.172325
90133051,Urbania,BARRANCO,150104,AV GRAU Y CALLE FEDELLI BARRANCO,Barranco,620000.0,73.0,8493.150684931506,2,2,0,350.0,1,9299.0,678827.0,0.087,2555.56,,2,39,0.659,estable,0.526,0.434,0.820764283821305,3.172325
149218266,Urbania,BARRANCO,150104,Jr. Carlos Arrieta,Barranco,620800.0,59.0,10522.033898305084,2,2,1,480.0,1,9299.0,548641.0,-0.132,2555.56,,2,39,0.659,estable,0.526,0.434,0.820764283821305,3.172325
148475534,Urbania,BARRANCO,150104,Pasaje Solari,Barranco,620803.0,60.0,10346.716666666667,1,1,1,0.0,1,9299.0,557940.0,-0.113,2555.56,,2,39,0.659,estable,0.526,0.434,0.820764283821305,3.172325
149086087,Urbania,BARRANCO,150104,Jr 2 de Mayo  150,Barranco,621600.0,81.0,7674.074074074074,2,2,0,0.0,1,9299.0,753219.0,0.175,2555.56,,2,39,0.659,estable,0.526,0.434,0.820764283821305,3.172325
149651445,Urbania,BARRANCO,150104,Av el sol Oeste  161,Barranco,624600.0,62.0,10074.193548387097,2,2,1,350.0,10,9299.0,576538.0,-0.083,2555.56,,2,39,0.659,estable,0.526,0.434,0.820764283821305,3.172325
149776306,Urbania,BARRANCO,150104,Av. Paseo de la República 6465,Barranco,624710.0,125.0,4997.68,3,3,0,300.0,1,9299.0,1162375.0,0.463,2555.56,,2,39,0.659,estable,0.526,0.434,0.820764283821305,3.172325
148975634,Urbania,BARRANCO,150104,San Martín al 200,Barranco,626500.0,83.0,7548.192771084337,2,2,2,430.0,1,9299.0,771817.0,0.188,2555.56,,2,39,0.659,estable,0.526,0.434,0.820764283821305,3.172325
146009837,Urbania,BARRANCO,150104,"Jirón 2 DE Mayo N° 1xx, Dpto. 202",Barranco,629603.0,85.0,7407.094117647059,2,2,0,0.0,1,9299.0,790415.0,0.203,2555.56,,2,39,0.659,estable,0.526,0.434,0.820764283821305,3.172325
148287487,Urbania,BARRANCO,150104,Jirón 2 de Mayo al 100,Barranco,635208.0,85.0,7473.035294117647,2,2,0,0.0,1,9299.0,790415.0,0.196,2555.56,,2,39,0.659,estable,0.526,0.434,0.820764283821305,3.172325
149358449,Urbania,BARRANCO,150104,Jirón Tumbes 309,Barranco,638250.0,103.0,6196.601941747573,3,2,1,400.0,1,9299.0,957797.0,0.334,2555.56,,2,39,0.659,estable,0.526,0.434,0.820764283821305,3.172325
148062778,Urbania,BARRANCO,150104,Jiron Carlos Arrieta  al 200,Barranco,639626.0,95.0,6732.905263157894,2,2,1,760.0,1,9299.0,883405.0,0.276,2555.56,,2,39,0.659,estable,0.526,0.434,0.820764283821305,3.172325
149264820,Urbania,BARRANCO,150104,Av. Republica de Panama 330 Barranco,Barranco,650000.0,129.0,5038.759689922481,2,2,1,450.0,1,9299.0,1199571.0,0.458,2555.56,,2,39,0.659,estable,0.526,0.434,0.820764283821305,3.172325
148960984,Urbania,BARRANCO,150104,Jiron Buenaventura Aguirre 206  Barranco  al 200,Barranco,651300.0,116.0,5614.6551724137935,3,2,1,0.0,1,9299.0,1078684.0,0.396,2555.56,,2,39,0.659,estable,0.526,0.434,0.820764283821305,3.172325
148729318,Urbania,BARRANCO,150104,Pedro Martinto Cerca al Malecón Paul Harris,Barranco,653000.0,94.0,6946.808510638298,1,1,1,600.0,1,9299.0,874106.0,0.253,2555.56,,2,39,0.659,estable,0.526,0.434,0.820764283821305,3.172325
147794347,Urbania,BARRANCO,150104,AURELIO SOUZA  4xx,Barranco,655000.0,132.0,4962.121212121212,3,3,1,500.0,10,9299.0,1227468.0,0.466,2555.56,,2,39,0.659,estable,0.526,0.434,0.820764283821305,3.172325
149416521,Urbania,BARRANCO,150104,Límite Barranco con Miraflores,Barranco,662300.0,110.0,6020.909090909091,2,2,0,0.0,1,9299.0,1022890.0,0.353,2555.56,,2,39,0.659,estable,0.526,0.434,0.820764283821305,3.172325
149647664,Urbania,BARRANCO,150104,jr. Tumbes al 300,Barranco,663000.0,103.0,6436.8932038834955,3,3,1,400.0,1,9299.0,957797.0,0.308,2555.56,,2,39,0.659,estable,0.526,0.434,0.820764283821305,3.172325
147076883,Urbania,BARRANCO,150104,jr carlos arrieta 380,Barranco,663957.0,59.0,11253.50847457627,2,2,0,0.0,1,9299.0,548641.0,-0.21,2555.56,,2,39,0.659,estable,0.526,0.434,0.820764283821305,3.172325
143492305,Urbania,BARRANCO,150104,"Av, el Sol",Tejada Alta,665000.0,64.0,10390.625,2,2,0,270.0,1,9299.0,595136.0,-0.117,2555.56,,2,39,0.659,estable,0.526,0.434,0.820764283821305,3.172325
149144405,Urbania,BARRANCO,150104,Jr. Carlos Arrieta - Departamento en Venta - A 5 Minutos de la Bajada Armendariz,Barranco,669500.0,72.0,9298.611111111111,2,2,1,0.0,1,9299.0,669528.0,0.0,2555.56,,2,39,0.659,estable,0.526,0.434,0.820764283821305,3.172325
149842767,Urbania,BARRANCO,150104,Jr. Carlos Arrieta,Barranco,669500.0,73.0,9171.232876712329,3,2,0,0.0,10,9299.0,678827.0,0.014,2555.56,,2,39,0.659,estable,0.526,0.434,0.820764283821305,3.172325
149150024,Urbania,BARRANCO,150104,"Jirón Carlos Arrieta N° 3xx, Dpto. 202 AL 602",Barranco,669500.0,72.0,9298.611111111111,1,2,1,0.0,1,9299.0,669528.0,0.0,2555.56,,2,39,0.659,estable,0.526,0.434,0.820764283821305,3.172325
149273888,Urbania,BARRANCO,150104,Jirón Juan Fanning 212,Barranco,670000.0,126.0,5317.460317460317,3,2,1,300.0,1,9299.0,1171674.0,0.428,2555.56,,2,39,0.659,estable,0.526,0.434,0.820764283821305,3.172325
149481641,Urbania,BARRANCO,150104,Barranco al 400,Barranco,672600.0,72.0,9341.666666666666,3,2,0,0.0,1,9299.0,669528.0,-0.005,2555.56,,2,39,0.659,estable,0.526,0.434,0.820764283821305,3.172325
149869039,Urbania,BARRANCO,150104,Calle Tacna 500,Barranco,674900.0,73.0,9245.205479452055,1,2,1,520.0,1,9299.0,678827.0,0.006,2555.56,,2,39,0.659,estable,0.526,0.434,0.820764283821305,3.172325
149830320,Urbania,BARRANCO,150104,Avenida El sol Este al 500,Barranco,675129.0,83.0,8134.084337349397,3,2,0,0.0,1,9299.0,771817.0,0.125,2555.56,,2,39,0.659,estable,0.526,0.434,0.820764283821305,3.172325
145979419,Urbania,BARRANCO,150104,Fedelli al 100,Barranco,675250.0,72.0,9378.472222222223,2,2,0,400.0,1,9299.0,669528.0,-0.009,2555.56,,2,39,0.659,estable,0.526,0.434,0.820764283821305,3.172325
145081481,Urbania,BARRANCO,150104,Límite Barranco y Miraflores,Barranco,675500.0,77.0,8772.727272727272,2,2,1,0.0,1,9299.0,716023.0,0.057,2555.56,,2,39,0.659,estable,0.526,0.434,0.820764283821305,3.172325
146134882,Urbania,BARRANCO,150104,Manuel Gonzales Prada - Venta de Departamento Ubicado en Barranco Frente a Parque,Barranco,675500.0,75.0,9006.666666666666,2,2,0,0.0,10,9299.0,697425.0,0.031,2555.56,,2,39,0.659,estable,0.526,0.434,0.820764283821305,3.172325
149874697,Urbania,BARRANCO,150104,Av. El Sol 505,Barranco,676851.0,82.0,8254.280487804877,3,2,0,300.0,1,9299.0,762518.0,0.112,2555.56,,2,39,0.659,estable,0.526,0.434,0.820764283821305,3.172325
149654882,Urbania,BARRANCO,150104,Avenida San Martín 625,Barranco,678000.0,67.0,10119.402985074626,2,2,1,250.0,10,9299.0,623033.0,-0.088,2555.56,,2,39,0.659,estable,0.526,0.434,0.820764283821305,3.172325
148663112,Urbania,BARRANCO,150104,Jr Carlos Arrieta al 300,Barranco,682900.0,74.0,9228.378378378378,3,2,0,0.0,1,9299.0,688126.0,0.008,2555.56,,2,39,0.659,estable,0.526,0.434,0.820764283821305,3.172325
145676971,Urbania,BARRANCO,150104,JIRON 2 DE MAYO,Barranco,684657.0,83.0,8248.87951807229,2,2,0,350.0,1,9299.0,771817.0,0.113,2555.56,,2,39,0.659,estable,0.526,0.434,0.820764283821305,3.172325
149013349,Urbania,BARRANCO,150104,Flat de Lujo,Barranco,686100.0,74.0,9271.621621621622,3,2,0,0.0,1,9299.0,688126.0,0.003,2555.56,,2,39,0.659,estable,0.526,0.434,0.820764283821305,3.172325
4647749,Urbania,BARRANCO,150104,Catalino Miranda,Barranco,690000.0,137.0,5036.496350364963,3,3,1,0.0,1,9299.0,1273963.0,0.458,2555.56,,2,39,0.659,estable,0.526,0.434,0.820764283821305,3.172325
146007021,Urbania,BARRANCO,150104,AVENIDA PEDRO DE OSMA,Barranco,696218.0,83.0,8388.168674698794,2,2,0,499.0,1,9299.0,771817.0,0.098,2555.56,,2,39,0.659,estable,0.526,0.434,0.820764283821305,3.172325
148049495,Urbania,BARRANCO,150104,2 de Mayo,Barranco,696219.0,83.0,8388.180722891566,2,2,1,0.0,1,9299.0,771817.0,0.098,2555.56,,2,39,0.659,estable,0.526,0.434,0.820764283821305,3.172325
149245842,Urbania,BARRANCO,150104,"Jirón Pedro Solar N 1, Piso 2, Barranco",Barranco,697000.0,59.0,11813.559322033898,1,1,1,0.0,1,9299.0,548641.0,-0.27,2555.56,,2,39,0.659,estable,0.526,0.434,0.820764283821305,3.172325
148738878,Urbania,BARRANCO,150104,Aurelio Souza 447,Barranco,700000.0,132.0,5303.030303030303,3,3,1,0.0,1,9299.0,1227468.0,0.43,2555.56,,2,39,0.659,estable,0.526,0.434,0.820764283821305,3.172325
148094377,Urbania,BARRANCO,150104,Jirón Fedelli 101,Barranco,700000.0,83.0,8433.734939759037,3,2,1,400.0,1,9299.0,771817.0,0.093,2555.56,,2,39,0.659,estable,0.526,0.434,0.820764283821305,3.172325
149866499,Urbania,BARRANCO,150104,Jirón Centenario 129,Barranco,700000.0,87.0,8045.977011494253,1,1,1,0.0,1,9299.0,809013.0,0.135,2555.56,,2,39,0.659,estable,0.526,0.434,0.820764283821305,3.172325
146514842,Urbania,BARRANCO,150104,Pasaje Pedro Solari 104,Barranco,710000.0,173.0,4104.046242774566,3,3,1,341.0,1,9299.0,1608727.0,0.559,2555.56,,2,39,0.659,estable,0.526,0.434,0.820764283821305,3.172325
148465465,Urbania,BARRANCO,150104,JR.2 DE MAYO,Barranco,715841.0,78.0,9177.448717948719,2,3,0,2.0,1,9299.0,725322.0,0.013,2555.56,,2,39,0.659,estable,0.526,0.434,0.820764283821305,3.172325
146018330,Urbania,BARRANCO,150104,"Jirón 2 DE Mayo N° 1xx, Dpto. 103",Barranco,716219.0,111.0,6452.423423423424,2,2,0,0.0,1,9299.0,1032189.0,0.306,2555.56,,2,39,0.659,estable,0.526,0.434,0.820764283821305,3.172325
148044979,Urbania,BARRANCO,150104,2 de Mayo,Barranco,716795.0,85.0,8432.882352941177,2,2,1,0.0,1,9299.0,790415.0,0.093,2555.56,,2,39,0.659,estable,0.526,0.434,0.820764283821305,3.172325
148436303,Urbania,BARRANCO,150104,Avenida Reducto 851,Tejada Alta,718000.0,92.0,7804.347826086957,2,2,1,450.0,1,9299.0,855508.0,0.161,2555.56,,2,39,0.659,estable,0.526,0.434,0.820764283821305,3.172325
146268281,Urbania,BARRANCO,150104,Psj. Rospigliosi,Barranco,720720.0,95.0,7586.526315789473,2,2,1,400.0,1,9299.0,883405.0,0.184,2555.56,,2,39,0.659,estable,0.526,0.434,0.820764283821305,3.172325
148249807,Urbania,BARRANCO,150104,Av. San Martin 617 Barranco  al 600,Barranco,734660.0,104.0,7064.038461538462,3,2,2,0.0,1,9299.0,967096.0,0.24,2555.56,,2,39,0.659,estable,0.526,0.434,0.820764283821305,3.172325
148816519,Urbania,BARRANCO,150104,Felipe Sassone 183,Barranco,734800.0,92.0,7986.95652173913,3,2,1,450.0,1,9299.0,855508.0,0.141,2555.56,,2,39,0.659,estable,0.526,0.434,0.820764283821305,3.172325
148901577,Urbania,BARRANCO,150104,Pasaje Fidelli 101,Barranco,735240.0,80.0,9190.5,2,2,1,430.0,1,9299.0,743920.0,0.012,2555.56,,2,39,0.659,estable,0.526,0.434,0.820764283821305,3.172325
149273453,Urbania,BARRANCO,150104,Avenida Paseo de la República al 6200,Barranco,735640.0,106.0,6940.0,3,2,2,500.0,1,9299.0,985694.0,0.254,2555.56,,2,39,0.659,estable,0.526,0.434,0.820764283821305,3.172325
149698918,Urbania,BARRANCO,150104,Av. San Martín 227,Barranco,735900.0,88.0,8362.5,2,2,2,440.0,10,9299.0,818312.0,0.101,2555.56,,2,39,0.659,estable,0.526,0.434,0.820764283821305,3.172325
148186713,Urbania,BARRANCO,150104,jiron TEODOCIO PARREÑO 268 URB SILVIO CABILLO BARRANCO,Barranco,741200.0,83.0,8930.12048192771,3,2,1,500.0,1,9299.0,771817.0,0.04,2555.56,,2,39,0.659,estable,0.526,0.434,0.820764283821305,3.172325
149441929,Urbania,BARRANCO,150104,Avenida Almirante Miguel Grau 1438,Barranco,741750.0,95.0,7807.894736842105,3,2,1,0.0,1,9299.0,883405.0,0.16,2555.56,,2,39,0.659,estable,0.526,0.434,0.820764283821305,3.172325
149152009,Urbania,BARRANCO,150104,Jirón Medrano Silva,Barranco,745000.0,95.0,7842.105263157895,2,3,1,400.0,1,9299.0,883405.0,0.157,2555.56,,2,39,0.659,estable,0.526,0.434,0.820764283821305,3.172325
148736408,Urbania,BARRANCO,150104,"Jirón 2 de Mayo N 1, Piso 1, Barranco",Barranco,760450.0,127.0,5987.795275590551,2,2,2,0.0,1,9299.0,1180973.0,0.356,2555.56,,2,39,0.659,estable,0.526,0.434,0.820764283821305,3.172325
148804977,Urbania,BARRANCO,150104,"Avenida San Martin N 5, Piso 1, Barranco",Barranco,770500.0,75.0,10273.333333333334,2,2,2,0.0,1,9299.0,697425.0,-0.105,2555.56,,2,39,0.659,estable,0.526,0.434,0.820764283821305,3.172325
4000171,Urbania,BARRANCO,150104,jiron pedro martinto  cra.1,Barranco,774900.0,80.0,9686.25,2,2,1,0.0,1,9299.0,743920.0,-0.042,2555.56,,2,39,0.659,estable,0.526,0.434,0.820764283821305,3.172325
149874539,Urbania,BARRANCO,150104,"Jirón 2 de Mayo 150, Barranco",Barranco,788455.0,81.0,9734.012345679012,2,2,0,0.0,1,9299.0,753219.0,-0.047,2555.56,,2,39,0.659,estable,0.526,0.434,0.820764283821305,3.172325
90270875,Urbania,BARRANCO,150104,Calle Juan Fanning,Barranco,791250.0,127.0,6230.314960629921,3,4,1,380.0,1,9299.0,1180973.0,0.33,2555.56,,2,39,0.659,estable,0.526,0.434,0.820764283821305,3.172325
147563498,Urbania,BARRANCO,150104,"Jr. 2 de Mayo Xxx, Dpto 206",Tejadita,803099.0,83.0,9675.89156626506,2,2,0,0.0,1,9299.0,771817.0,-0.041,2555.56,,2,39,0.659,estable,0.526,0.434,0.820764283821305,3.172325
147229530,Urbania,BARRANCO,150104,TEODOSIO PARREÑO,Barranco,810300.0,83.0,9762.650602409638,3,3,1,490.0,1,9299.0,771817.0,-0.05,2555.56,,2,39,0.659,estable,0.526,0.434,0.820764283821305,3.172325
147618095,Urbania,BARRANCO,150104,Límite Barranco y Miraflores,Barranco,821500.0,95.0,8647.368421052632,2,2,1,0.0,1,9299.0,883405.0,0.07,2555.56,,2,39,0.659,estable,0.526,0.434,0.820764283821305,3.172325
149874525,Urbania,BARRANCO,150104,Avenida el Sol 428,Barranco,830000.0,98.0,8469.387755102041,3,2,1,350.0,1,9299.0,911302.0,0.089,2555.56,,2,39,0.659,estable,0.526,0.434,0.820764283821305,3.172325
142654681,Urbania,BARRANCO,150104,Calle Perez Roca,Barranco,832500.0,120.0,6937.5,2,2,1,500.0,1,9299.0,1115880.0,0.254,2555.56,,2,39,0.659,estable,0.526,0.434,0.820764283821305,3.172325
147790018,Urbania,BARRANCO,150104,JR. Carlos Arrieta 380,Barranco,840910.0,74.0,11363.648648648648,2,2,1,250.0,1,9299.0,688126.0,-0.222,2555.56,,2,39,0.659,estable,0.526,0.434,0.820764283821305,3.172325
146768878,Urbania,BARRANCO,150104,"Jiron Alfonso Ugarte, Barranco",Barranco,851000.0,60.0,14183.333333333334,2,2,0,250.0,1,9299.0,557940.0,-0.525,2555.56,,2,39,0.659,estable,0.526,0.434,0.820764283821305,3.172325
146184980,Urbania,BARRANCO,150104,Dirección no informada,Barranco,860200.0,100.0,8602.0,2,2,1,0.0,1,9299.0,929900.0,0.075,2555.56,,2,39,0.659,estable,0.526,0.434,0.820764283821305,3.172325
147944789,Urbania,BARRANCO,150104,las Mimosas al 100,Barranco,861211.0,90.0,9569.011111111111,2,2,2,430.0,1,9299.0,836910.0,-0.029,2555.56,,2,39,0.659,estable,0.526,0.434,0.820764283821305,3.172325
149297338,Urbania,BARRANCO,150104,AV. EL SOL ESTE 2XX DPTO 5,Barranco,870000.0,124.0,7016.129032258064,3,3,1,580.0,1,9299.0,1153076.0,0.245,2555.56,,2,39,0.659,estable,0.526,0.434,0.820764283821305,3.172325
148980787,Urbania,BARRANCO,150104,Av. San Martín,Barranco,890000.0,92.0,9673.91304347826,2,2,2,450.0,1,9299.0,855508.0,-0.04,2555.56,,2,39,0.659,estable,0.526,0.434,0.820764283821305,3.172325
4593033,Urbania,BARRANCO,150104,Calle Tacna,Barranco,893000.0,131.0,6816.793893129771,2,2,1,390.0,1,9299.0,1218169.0,0.267,2555.56,,2,39,0.659,estable,0.526,0.434,0.820764283821305,3.172325
149416522,Urbania,BARRANCO,150104,Jirón Tacna,Barranco,897000.0,93.0,9645.161290322581,2,2,1,580.0,1,9299.0,864807.0,-0.037,2555.56,,2,39,0.659,estable,0.526,0.434,0.820764283821305,3.172325
149108382,Urbania,BARRANCO,150104,"Jirón Carlos Arrieta N 2, Piso 3, Urb. La Viñita, Barranco",Barranco,902825.0,123.0,7340.040650406504,2,3,2,0.0,1,9299.0,1143777.0,0.211,2555.56,,2,39,0.659,estable,0.526,0.434,0.820764283821305,3.172325
148902578,Urbania,BARRANCO,150104,Avenida San Martín 345,Barranco,904500.0,100.0,9045.0,3,2,2,450.0,1,9299.0,929900.0,0.027,2555.56,,2,39,0.659,estable,0.526,0.434,0.820764283821305,3.172325
145211404,Urbania,BARRANCO,150104,Av el sol Oeste,Barranco,922670.0,80.0,11533.375,1,1,1,450.0,1,9299.0,743920.0,-0.24,2555.56,,2,39,0.659,estable,0.526,0.434,0.820764283821305,3.172325
145930043,Urbania,BARRANCO,150104,Jr. 2 de Mayo 155 Barranco,Barranco,933612.0,125.0,7468.896,3,2,0,0.0,1,9299.0,1162375.0,0.197,2555.56,,2,39,0.659,estable,0.526,0.434,0.820764283821305,3.172325
146776571,Urbania,BARRANCO,150104,Av. San Martin 755,Barranco,943500.0,89.0,10601.123595505618,1,1,0,0.0,1,9299.0,827611.0,-0.14,2555.56,,2,39,0.659,estable,0.526,0.434,0.820764283821305,3.172325
149624411,Urbania,BARRANCO,150104,Calle Ramón Ribeyro,Barranco,950000.0,100.0,9500.0,2,2,2,400.0,1,9299.0,929900.0,-0.022,2555.56,,2,39,0.659,estable,0.526,0.434,0.820764283821305,3.172325
148969028,Urbania,BARRANCO,150104,Calle Enrique Barrón - Departamento de Estreno en Venta - A 2 Cuadras de la Bajada Armendariz,Barranco,960229.0,89.0,10789.08988764045,3,2,1,0.0,1,9299.0,827611.0,-0.16,2555.56,,2,39,0.659,estable,0.526,0.434,0.820764283821305,3.172325
149364944,Urbania,BARRANCO,150104,"Calle Juan Fanning N Xxx, Piso 2, Barranco.",Barranco,969000.0,112.0,8651.785714285714,2,2,1,0.0,1,9299.0,1041488.0,0.07,2555.56,,2,39,0.659,estable,0.526,0.434,0.820764283821305,3.172325
145526893,Urbania,BARRANCO,150104,Carlos Arrieta 253,Barranco,977300.0,162.0,6032.716049382716,4,4,2,0.0,1,9299.0,1506438.0,0.351,2555.56,,2,39,0.659,estable,0.526,0.434,0.820764283821305,3.172325
149874640,Urbania,BARRANCO,150104,Pasaje Solari Barranco,Barranco,980000.0,135.0,7259.259259259259,4,3,1,0.0,1,9299.0,1255365.0,0.219,2555.56,,2,39,0.659,estable,0.526,0.434,0.820764283821305,3.172325
149841644,Urbania,BARRANCO,150104,a una cuadra del malecon Paul Harris,Barranco,983250.0,82.0,11990.853658536585,2,2,1,495.0,1,9299.0,762518.0,-0.289,2555.56,,2,39,0.659,estable,0.526,0.434,0.820764283821305,3.172325
90271227,Urbania,BARRANCO,150104,Av. San Martín,Barranco,993750.0,158.0,6289.556962025316,2,2,2,550.0,1,9299.0,1469242.0,0.324,2555.56,,2,39,0.659,estable,0.526,0.434,0.820764283821305,3.172325
144655171,Urbania,BARRANCO,150104,PEDRO DE OSMA,Barranco,995600.0,83.0,11995.180722891566,2,2,0,0.0,1,9299.0,771817.0,-0.29,2555.56,,2,39,0.659,estable,0.526,0.434,0.820764283821305,3.172325
13366738,Urbania,BARRANCO,150104,parque golzales prada,Barranco,998000.0,182.0,5483.516483516483,3,3,2,0.0,1,9299.0,1692418.0,0.41,2555.56,,2,39,0.659,estable,0.526,0.434,0.820764283821305,3.172325
148464657,Urbania,BARRANCO,150104,Duplex de Lujo,Barranco,1006600.0,120.0,8388.333333333334,2,2,0,0.0,1,9299.0,1115880.0,0.098,2555.56,,2,39,0.659,estable,0.526,0.434,0.820764283821305,3.172325
148663220,Urbania,BARRANCO,150104,Jr Carlos Arrieta al 300,Barranco,1006600.0,120.0,8388.333333333334,3,3,0,0.0,1,9299.0,1115880.0,0.098,2555.56,,2,39,0.659,estable,0.526,0.434,0.820764283821305,3.172325
148214205,Urbania,BARRANCO,150104,Jr. 2 de Mayo,Tejadita,1008651.0,127.0,7942.133858267716,2,2,0,0.0,1,9299.0,1180973.0,0.146,2555.56,,2,39,0.659,estable,0.526,0.434,0.820764283821305,3.172325
148940942,Urbania,BARRANCO,150104,Jirón Juan Fanning 109 esuina Av Grau,Barranco,1028000.0,110.0,9345.454545454546,3,2,1,480.0,10,9299.0,1022890.0,-0.005,2555.56,,2,39,0.659,estable,0.526,0.434,0.820764283821305,3.172325
148992069,Urbania,BARRANCO,150104,Jr .Batalla De Junín N°201,Venegas,1043000.0,110.0,9481.818181818182,2,2,1,850.0,1,9299.0,1022890.0,-0.02,2555.56,,2,39,0.659,estable,0.526,0.434,0.820764283821305,3.172325
149670945,Urbania,BARRANCO,150104,Dulanto  117 - Barranco,Barranco,1120000.0,168.0,6666.666666666667,3,5,2,550.0,1,9299.0,1562232.0,0.283,2555.56,,2,39,0.659,estable,0.526,0.434,0.820764283821305,3.172325
146252367,Urbania,BARRANCO,150104,Dulanto,Barranco,1128500.0,157.0,7187.898089171975,2,3,0,500.0,1,9299.0,1459943.0,0.227,2555.56,,2,39,0.659,estable,0.526,0.434,0.820764283821305,3.172325
148879336,Urbania,BARRANCO,150104,"Malecón Paul Harris N° 3xx, Dpto. 202",Barranco,1156155.0,84.0,13763.75,3,2,1,0.0,1,9299.0,781116.0,-0.48,2555.56,,2,39,0.659,estable,0.526,0.434,0.820764283821305,3.172325
149309081,Urbania,BARRANCO,150104,Jirón Las Mimosas 287,Barranco,1164500.0,130.0,8957.692307692309,3,2,1,400.0,1,9299.0,1208870.0,0.037,2555.56,,2,39,0.659,estable,0.526,0.434,0.820764283821305,3.172325
149874540,Urbania,BARRANCO,150104,"Jirón 2 de Mayo 150, Barranco",Barranco,1184102.0,124.0,9549.209677419354,3,3,0,0.0,1,9299.0,1153076.0,-0.027,2555.56,,2,39,0.659,estable,0.526,0.434,0.820764283821305,3.172325
146150621,Urbania,BARRANCO,150104,"CALLE DELUCCHI 015, BARRANCO",Barranco,1200000.0,162.0,7407.407407407408,3,2,2,600.0,1,9299.0,1506438.0,0.203,2555.56,,2,39,0.659,estable,0.526,0.434,0.820764283821305,3.172325
148214146,Urbania,BARRANCO,150104,Jr. 2 de Mayo xxx Dpto 407,Tejadita,1215262.0,126.0,9644.936507936507,3,3,0,0.0,1,9299.0,1171674.0,-0.037,2555.56,,2,39,0.659,estable,0.526,0.434,0.820764283821305,3.172325
149254659,Urbania,BARRANCO,150104,Ramon Ribeyro  8,Barranco,1224000.0,247.0,4955.465587044534,3,3,2,890.0,1,9299.0,2296853.0,0.467,2555.56,,2,39,0.659,estable,0.526,0.434,0.820764283821305,3.172325
148879325,Urbania,BARRANCO,150104,"Malecón Paul Harris N° 3xx, Dpto. 201 AL 401",Barranco,1237456.0,90.0,13749.511111111111,3,2,1,0.0,1,9299.0,836910.0,-0.479,2555.56,,2,39,0.659,estable,0.526,0.434,0.820764283821305,3.172325
149100542,Urbania,BARRANCO,150104,Av. El Sol Oeste cdra 4,Barranco,1265000.0,121.0,10454.545454545454,2,3,2,700.0,1,9299.0,1125179.0,-0.124,2555.56,,2,39,0.659,estable,0.526,0.434,0.820764283821305,3.172325
148738275,Urbania,BARRANCO,150104,Malecón Costa Sur- Vista al mar  Chorrillos,Barranco,1285815.0,146.0,8806.952054794521,3,2,0,0.0,1,9299.0,1357654.0,0.053,2555.56,,2,39,0.659,estable,0.526,0.434,0.820764283821305,3.172325
147618154,Urbania,BARRANCO,150104,Límite Barranco - Miraflores,Barranco,1309800.0,165.0,7938.181818181818,2,2,1,0.0,1,9299.0,1534335.0,0.146,2555.56,,2,39,0.659,estable,0.526,0.434,0.820764283821305,3.172325
149735387,Urbania,BARRANCO,150104,Jr. Las Mimosas 131,Barranco,1330000.0,93.0,14301.075268817205,2,2,1,300.0,1,9299.0,864807.0,-0.538,2555.56,,2,39,0.659,estable,0.526,0.434,0.820764283821305,3.172325
148851574,Urbania,BARRANCO,150104,Parque Manuel Gonzales Prada,Barranco,1715000.0,231.0,7424.242424242424,4,3,2,650.0,1,9299.0,2148069.0,0.202,2555.56,,2,39,0.659,estable,0.526,0.434,0.820764283821305,3.172325
141719617,Urbania,BARRANCO,150104,Av. El Sol oeste esquina Mimosas,Barranco,1715000.0,176.0,9744.318181818182,3,3,2,600.0,1,9299.0,1636624.0,-0.048,2555.56,,2,39,0.659,estable,0.526,0.434,0.820764283821305,3.172325
145081493,Urbania,BARRANCO,150104,Barranco - Miraflores,Barranco,1776000.0,241.0,7369.294605809128,3,3,1,0.0,1,9299.0,2241059.0,0.208,2555.56,,2,39,0.659,estable,0.526,0.434,0.820764283821305,3.172325
149841886,Urbania,BARRANCO,150104,Malecón Paúl Harris 358,San Ignacio,1851365.0,207.0,8943.792270531401,3,3,2,811.0,1,9299.0,1924893.0,0.038,2555.56,,2,39,0.659,estable,0.526,0.434,0.820764283821305,3.172325
148987652,Urbania,BARRANCO,150104,"Calle Gonzales Prada N 1, Piso 6, Barranco",Barranco,1972000.0,220.0,8963.636363636364,4,3,2,0.0,1,9299.0,2045780.0,0.036,2555.56,,2,39,0.659,estable,0.526,0.434,0.820764283821305,3.172325
4272050,Urbania,BARRANCO,150104,Acantilado de Barranco,Barranco,2000000.0,210.0,9523.809523809523,2,3,2,900.0,1,9299.0,1952790.0,-0.024,2555.56,,2,39,0.659,estable,0.526,0.434,0.820764283821305,3.172325
149567589,Urbania,BARRANCO,150104,Parque Gonzáles Prada,Barranco,2006000.0,270.0,7429.62962962963,4,4,1,380.0,10,9299.0,2510730.0,0.201,2555.56,,2,39,0.659,estable,0.526,0.434,0.820764283821305,3.172325
148742020,Urbania,BARRANCO,150104,Parque Gonzáles Prada 179,Barranco,2031120.0,243.0,8358.518518518518,4,4,1,300.0,1,9299.0,2259657.0,0.101,2555.56,,2,39,0.659,estable,0.526,0.434,0.820764283821305,3.172325
147991972,Urbania,BARRANCO,150104,malecon paul harris,Barranco,2235156.0,322.0,6941.478260869565,3,3,2,1450.0,1,9299.0,2994278.0,0.254,2555.56,,2,39,0.659,estable,0.526,0.434,0.820764283821305,3.172325
148854793,Urbania,BARRANCO,150104,PAUL HARRIS,Barranco,2484000.0,300.0,8280.0,3,3,3,1265.0,1,9299.0,2789700.0,0.11,2555.56,,2,39,0.659,estable,0.526,0.434,0.820764283821305,3.172325
149199956,Urbania,BARRANCO,150104,Malecón  DE Barranco- Balcón Y Piscina Propia Gigante + Terraza  - 3 HAB 4 Cocheras,Barranco,2700000.0,328.0,8231.707317073171,3,4,4,1150.0,10,9299.0,3050072.0,0.115,2555.56,,2,39,0.659,estable,0.526,0.434,0.820764283821305,3.172325
148323721,Urbania,BARRANCO,150104,Malecón Paul Harris,Barranco,2928240.0,314.0,9325.605095541401,3,3,4,1150.0,1,9299.0,2919886.0,-0.003,2555.56,,2,39,0.659,estable,0.526,0.434,0.820764283821305,3.172325
148596304,Urbania,BARRANCO,150104,Dirección no informada,Barranco,3538500.0,350.0,10110.0,4,4,3,1400.0,1,9299.0,3254650.0,-0.087,2555.56,,2,39,0.659,estable,0.526,0.434,0.820764283821305,3.172325
149180112,Urbania,BARRANCO,150104,Jr.Batalla De Junin,Barranco,3852500.0,312.0,12347.75641025641,3,3,3,1700.0,1,9299.0,2901288.0,-0.328,2555.56,,2,39,0.659,estable,0.526,0.434,0.820764283821305,3.172325
149186721,Urbania,BARRANCO,150104,Dirección no informada,Barranco,3990500.0,312.0,12790.064102564103,3,3,3,1600.0,1,9299.0,2901288.0,-0.375,2555.56,,2,39,0.659,estable,0.526,0.434,0.820764283821305,3.172325
149815564,Urbania,BARRANCO,150104,"Malecón Castilla N 1xx, Piso 9, Barranco.",Barranco,4101080.0,342.0,11991.461988304094,3,3,2,0.0,1,9299.0,3180258.0,-0.29,2555.56,,2,39,0.659,estable,0.526,0.434,0.820764283821305,3.172325
149522767,Urbania,BARRANCO,150104,Jirón 28 de Julio,Barranco,4250000.0,503.0,8449.304174950299,3,3,2,2500.0,1,9299.0,4677397.0,0.091,2555.56,,2,39,0.659,estable,0.526,0.434,0.820764283821305,3.172325
149814482,Urbania,BARRANCO,150104,"Malecón Castilla N 1xx, Piso 4, Barranco.",Barranco,4488000.0,405.0,11081.481481481482,4,4,3,0.0,1,9299.0,3766095.0,-0.192,2555.56,,2,39,0.659,estable,0.526,0.434,0.820764283821305,3.172325
144036713,Urbania,BARRANCO,150104,Malecon Paul Harris,Barranco,5144000.0,425.0,12103.529411764706,3,3,3,2500.0,1,9299.0,3952075.0,-0.302,2555.56,,2,39,0.659,estable,0.526,0.434,0.820764283821305,3.172325
145086881,Urbania,BARRANCO,150104,MALECON PAUL HARRIS 2,Barranco,5192500.0,560.0,9272.32142857143,3,4,3,0.0,1,9299.0,5207440.0,0.003,2555.56,,2,39,0.659,estable,0.526,0.434,0.820764283821305,3.172325
149642873,Urbania,BARRANCO,150104,Puente de la Paz,Barranco,5300000.0,560.0,9464.285714285714,3,4,0,720.0,1,9299.0,5207440.0,-0.018,2555.56,,2,39,0.659,estable,0.526,0.434,0.820764283821305,3.172325
149634972,Urbania,BARRANCO,150104,Puente de la Paz,Barranco,5300000.0,560.0,9464.285714285714,3,4,2,720.0,1,9299.0,5207440.0,-0.018,2555.56,,2,39,0.659,estable,0.526,0.434,0.820764283821305,3.172325
149629037,Urbania,BARRANCO,150104,Malecón Pazos,Barranco,5440000.0,450.0,12088.888888888889,4,4,4,2800.0,1,9299.0,4184550.0,-0.3,2555.56,,2,39,0.659,estable,0.526,0.434,0.820764283821305,3.172325
148741476,Urbania,BARRANCO,150104,"Av. 28 de Julio N 4, Piso 6, Barranco",Barranco,5527500.0,570.0,9697.368421052632,2,3,6,0.0,1,9299.0,5300430.0,-0.043,2555.56,,2,39,0.659,estable,0.526,0.434,0.820764283821305,3.172325
148763445,Urbania,BARRANCO,150104,Barranco,Barranco,5661600.0,586.0,9661.433447098976,4,4,6,0.0,1,9299.0,5449214.0,-0.039,2555.56,,2,39,0.659,estable,0.526,0.434,0.820764283821305,3.172325
146768748,Urbania,BARRANCO,150104,"Malecon Grau, Barranco",Barranco,5920000.0,695.0,8517.98561151079,3,3,3,2000.0,1,9299.0,6462805.0,0.084,2555.56,,2,39,0.659,estable,0.526,0.434,0.820764283821305,3.172325
146995730,Urbania,BARRANCO,150104,Bresciani,Barranco,6195000.0,632.0,9802.215189873417,4,4,4,3169.0,1,9299.0,5876968.0,-0.054,2555.56,,2,39,0.659,estable,0.526,0.434,0.820764283821305,3.172325
146733931,Urbania,BARRANCO,150104,Malecon Bresciani,Barranco,6370000.0,615.0,10357.723577235773,3,3,4,2656.0,10,9299.0,5718885.0,-0.114,2555.56,,2,39,0.659,estable,0.526,0.434,0.820764283821305,3.172325
4674601,Urbania,BARRANCO,150104,JIRON 28 DE JULIO 450,Barranco,6421580.0,505.0,12716.0,3,3,3,1800.0,1,9299.0,4695995.0,-0.367,2555.56,,2,39,0.659,estable,0.526,0.434,0.820764283821305,3.172325
145171792,Urbania,BARRANCO,150104,Malecón Paul Harris,Barranco,6460000.0,560.0,11535.714285714286,3,4,3,1800.0,1,9299.0,5207440.0,-0.241,2555.56,,2,39,0.659,estable,0.526,0.434,0.820764283821305,3.172325
149021310,Urbania,BARRANCO,150104,Jirón Batalla de Junin 267,Barranco,7661400.0,787.0,9734.942820838627,4,6,4,3100.0,1,9299.0,7318313.0,-0.047,2555.56,,2,39,0.659,estable,0.526,0.434,0.820764283821305,3.172325
148857576,Urbania,BARRANCO,150104,Jr. Batalla de Junin,Barranco,7684000.0,786.0,9776.081424936387,4,5,4,3100.0,1,9299.0,7309014.0,-0.051,2555.56,,2,39,0.659,estable,0.526,0.434,0.820764283821305,3.172325
146961714,Urbania,BARRANCO,150104,PASAJE BRESCIANI N°153,Barranco,8092320.0,687.0,11779.213973799127,6,7,4,3200.0,10,9299.0,6388413.0,-0.267,2555.56,,2,39,0.659,estable,0.526,0.434,0.820764283821305,3.172325
60493936,Urbania,BREÑA,150105,Jr. Olmedo 179,Breña,103040.0,35.0,2944.0,1,1,0,0.0,1,5231.0,183085.0,0.437,,,7,559,0.421,estable,0.071,0.325,0.812114452742238,4.041467
149803570,Urbania,BREÑA,150105,Av Venezuela Nezuela  8XX Breña,Breña,199000.0,60.0,3316.6666666666665,1,1,0,0.0,1,5231.0,313860.0,0.366,,,7,559,0.421,estable,0.071,0.325,0.812114452742238,4.041467
148391958,Urbania,BREÑA,150105,"Av Bolivia , Breña",Breña,210000.0,40.0,5250.0,1,2,0,90.0,1,5231.0,209240.0,-0.004,,,7,559,0.421,estable,0.071,0.325,0.812114452742238,4.041467
149670869,Urbania,BREÑA,150105,Jr. Jorge Chávez 1549,Breña,242200.0,73.0,3317.8082191780823,3,1,0,140.0,1,5231.0,381863.0,0.366,,,7,559,0.421,estable,0.071,0.325,0.812114452742238,4.041467
149866169,Urbania,BREÑA,150105,Avenida Bolivia,Breña,265200.0,84.0,3157.1428571428573,2,1,0,0.0,10,5231.0,439404.0,0.396,,,7,559,0.421,estable,0.071,0.325,0.812114452742238,4.041467
147081871,Urbania,BREÑA,150105,Av. Bolivia,Breña,268440.0,45.0,5965.333333333333,2,2,0,130.0,10,5231.0,235395.0,-0.14,,,7,559,0.421,estable,0.071,0.325,0.812114452742238,4.041467
146450767,Urbania,BREÑA,150105,Jr. Restauración,Breña,268882.0,73.0,3683.3150684931506,3,1,0,0.0,1,5231.0,381863.0,0.296,,,7,559,0.421,estable,0.071,0.325,0.812114452742238,4.041467
149730644,Urbania,BREÑA,150105,Jirón Rebeca Oquendo 409,Breña,270000.0,55.0,4909.090909090909,2,3,0,0.0,1,5231.0,287705.0,0.062,,,7,559,0.421,estable,0.071,0.325,0.812114452742238,4.041467
149833172,Urbania,BREÑA,150105,Caravelí 1018,Breña,275000.0,61.0,4508.196721311476,2,2,0,120.0,1,5231.0,319091.0,0.138,,,7,559,0.421,estable,0.071,0.325,0.812114452742238,4.041467
149496659,Urbania,BREÑA,150105,Huancabamba,Breña,280400.0,71.0,3949.2957746478874,3,2,0,180.0,10,5231.0,371401.0,0.245,,,7,559,0.421,estable,0.071,0.325,0.812114452742238,4.041467
144994235,Urbania,BREÑA,150105,AV. General Felipe Varela Nº19xx Dpto 209 B AL 509 B,Breña,280830.0,41.0,6849.512195121952,1,1,0,0.0,1,5231.0,214471.0,-0.309,,,7,559,0.421,estable,0.071,0.325,0.812114452742238,4.041467
145949491,Urbania,BREÑA,150105,JIRON GENERAL VARELA 12XX,Breña,282000.0,50.0,5640.0,2,1,1,200.0,1,5231.0,261550.0,-0.078,,,7,559,0.421,estable,0.071,0.325,0.812114452742238,4.041467
148448129,Urbania,BREÑA,150105,Av Bolivia,Breña,283200.0,54.0,5244.444444444444,2,2,0,0.0,1,5231.0,282474.0,-0.003,,,7,559,0.421,estable,0.071,0.325,0.812114452742238,4.041467
147111416,Urbania,BREÑA,150105,Breña,Breña,288640.0,54.0,5345.185185185185,2,2,1,0.0,1,5231.0,282474.0,-0.022,,,7,559,0.421,estable,0.071,0.325,0.812114452742238,4.041467
148826711,Urbania,BREÑA,150105,Pucallpa 247,Batievski,303300.0,71.0,4271.830985915493,3,2,0,200.0,1,5231.0,371401.0,0.183,,,7,559,0.421,estable,0.071,0.325,0.812114452742238,4.041467
149079233,Urbania,BREÑA,150105,Av. España 711,Breña,305997.0,87.0,3517.206896551724,3,2,0,0.0,1,5231.0,455097.0,0.328,,,7,559,0.421,estable,0.071,0.325,0.812114452742238,4.041467
4648156,Urbania,BREÑA,150105,Calle Gral. Felipe Varela,Breña,307486.0,42.0,7321.0952380952385,1,1,1,0.0,1,5231.0,219702.0,-0.4,,,7,559,0.421,estable,0.071,0.325,0.812114452742238,4.041467
149177494,Urbania,BREÑA,150105,Jirón Huancabamba 1078,Azcona,310000.0,60.0,5166.666666666667,3,2,0,0.0,1,5231.0,313860.0,0.012,,,7,559,0.421,estable,0.071,0.325,0.812114452742238,4.041467
148640201,Urbania,BREÑA,150105,Jiron Castrovirreyna al 800,Breña,314500.0,115.0,2734.782608695652,3,2,0,0.0,1,5231.0,601565.0,0.477,,,7,559,0.421,estable,0.071,0.325,0.812114452742238,4.041467
149501814,Urbania,BREÑA,150105,JR Centenario  175,Breña,315000.0,57.0,5526.315789473684,2,2,0,150.0,1,5231.0,298167.0,-0.056,,,7,559,0.421,estable,0.071,0.325,0.812114452742238,4.041467
149581179,Urbania,BREÑA,150105,"Jirón Loreto N° 16xx, Dpto. 504 AL 804",Breña,316576.0,51.0,6207.3725490196075,2,2,0,0.0,1,5231.0,266781.0,-0.187,,,7,559,0.421,estable,0.071,0.325,0.812114452742238,4.041467
146835478,Urbania,BREÑA,150105,Av. Joaquin Orbegoso 740 Breña,San Luis Gonzaga,320000.0,63.0,5079.3650793650795,3,2,1,180.0,1,5231.0,329553.0,0.029,,,7,559,0.421,estable,0.071,0.325,0.812114452742238,4.041467
149450673,Urbania,BREÑA,150105,Av. Brasil 836,Breña,325000.0,61.0,5327.868852459016,2,2,1,250.0,1,5231.0,319091.0,-0.019,,,7,559,0.421,estable,0.071,0.325,0.812114452742238,4.041467
146601010,Urbania,BREÑA,150105,Jirón Napo 865,Breña,328700.0,103.0,3191.26213592233,2,1,0,70.0,1,5231.0,538793.0,0.39,,,7,559,0.421,estable,0.071,0.325,0.812114452742238,4.041467
149791298,Urbania,BREÑA,150105,General Orbegoso al 700,Breña,329000.0,63.0,5222.222222222223,3,2,0,0.0,1,5231.0,329553.0,0.002,,,7,559,0.421,estable,0.071,0.325,0.812114452742238,4.041467
149095835,Urbania,BREÑA,150105,Pucallpa,Breña,333200.0,90.0,3702.222222222222,3,2,0,0.0,1,5231.0,470790.0,0.292,,,7,559,0.421,estable,0.071,0.325,0.812114452742238,4.041467
146834020,Urbania,BREÑA,150105,"Av. General Orbegoso 740, Breña",San Luis Gonzaga,340000.0,61.0,5573.770491803279,3,2,1,180.0,1,5231.0,319091.0,-0.066,,,7,559,0.421,estable,0.071,0.325,0.812114452742238,4.041467
147694170,Urbania,BREÑA,150105,"Av. Arica 2200, Breña, Perú",Breña,345500.0,69.0,5007.246376811594,3,2,0,90.0,1,5231.0,360939.0,0.043,,,7,559,0.421,estable,0.071,0.325,0.812114452742238,4.041467
149581184,Urbania,BREÑA,150105,"Jirón Loreto N° 16xx, Dpto. 201 AL 501",Breña,348560.0,55.0,6337.454545454545,2,2,0,0.0,1,5231.0,287705.0,-0.212,,,7,559,0.421,estable,0.071,0.325,0.812114452742238,4.041467
148315925,Urbania,BREÑA,150105,Jr. Chavin,Breña,358800.0,177.0,2027.1186440677966,2,1,0,0.0,1,5231.0,925887.0,0.612,,,7,559,0.421,estable,0.071,0.325,0.812114452742238,4.041467
148834628,Urbania,BREÑA,150105,Jr. Jorge Chávez 1168,Breña,360500.0,66.0,5462.121212121212,3,2,0,0.0,1,5231.0,345246.0,-0.044,,,7,559,0.421,estable,0.071,0.325,0.812114452742238,4.041467
149086180,Urbania,BREÑA,150105,Jr Pilcomayo  al 900,Breña,367200.0,150.0,2448.0,5,4,0,100.0,1,5231.0,784650.0,0.532,,,7,559,0.421,estable,0.071,0.325,0.812114452742238,4.041467
148988771,Urbania,BREÑA,150105,Condominio vista verde  Jr Pucallpa 251 Breña,Breña,368500.0,78.0,4724.358974358975,4,2,0,0.0,1,5231.0,408018.0,0.097,,,7,559,0.421,estable,0.071,0.325,0.812114452742238,4.041467
147849476,Urbania,BREÑA,150105,Breña,Breña,370000.0,55.0,6727.272727272727,2,1,0,0.0,1,5231.0,287705.0,-0.286,,,7,559,0.421,estable,0.071,0.325,0.812114452742238,4.041467
149237331,Urbania,BREÑA,150105,Jr. Centenario 482,Breña,370000.0,64.0,5781.25,3,2,1,0.0,1,5231.0,334784.0,-0.105,,,7,559,0.421,estable,0.071,0.325,0.812114452742238,4.041467
148535659,Urbania,BREÑA,150105,AV Colonial al 2700,Breña,370000.0,76.0,4868.421052631579,3,3,0,0.0,1,5231.0,397556.0,0.069,,,7,559,0.421,estable,0.071,0.325,0.812114452742238,4.041467
144814619,Urbania,BREÑA,150105,"Av. General Felipe Varela N°19xx, Dpto. 201 A AL 1401 A",Breña,371202.0,58.0,6400.0344827586205,2,2,0,0.0,1,5231.0,303398.0,-0.223,,,7,559,0.421,estable,0.071,0.325,0.812114452742238,4.041467
147061687,Urbania,BREÑA,150105,Jr. Jorge Chávez,Breña,373803.0,75.0,4984.04,3,2,0,115.0,1,5231.0,392325.0,0.047,,,7,559,0.421,estable,0.071,0.325,0.812114452742238,4.041467
149567488,Urbania,BREÑA,150105,AGUARICO,Breña,374000.0,75.0,4986.666666666667,3,2,0,0.0,1,5231.0,392325.0,0.047,,,7,559,0.421,estable,0.071,0.325,0.812114452742238,4.041467
148925621,Urbania,BREÑA,150105,"JR Rebeca Oquendo 307 URB Graden City, Breña",Breña,374000.0,79.0,4734.177215189873,3,2,0,0.0,1,5231.0,413249.0,0.095,,,7,559,0.421,estable,0.071,0.325,0.812114452742238,4.041467
148942333,Urbania,BREÑA,150105,"Av Juan Pablo Fernandini N° 9xx, Dpto. 303 AL 1703",Breña,380000.0,58.0,6551.724137931034,2,2,0,0.0,10,5231.0,303398.0,-0.252,,,7,559,0.421,estable,0.071,0.325,0.812114452742238,4.041467
149636127,Urbania,BREÑA,150105,Avenida Juan Pablo Fernandini al 900,Breña,380000.0,58.0,6551.724137931034,2,2,0,0.0,1,5231.0,303398.0,-0.252,,,7,559,0.421,estable,0.071,0.325,0.812114452742238,4.041467
148234459,Urbania,BREÑA,150105,Jr. Loreto  Breña,28 De Julio,380000.0,45.0,8444.444444444445,2,1,0,200.0,1,5231.0,235395.0,-0.614,,,7,559,0.421,estable,0.071,0.325,0.812114452742238,4.041467
149495450,Urbania,BREÑA,150105,Castrovirreyna  130,Breña,380800.0,138.0,2759.4202898550725,3,1,0,30.0,1,5231.0,721878.0,0.472,,,7,559,0.421,estable,0.071,0.325,0.812114452742238,4.041467
147694722,Urbania,BREÑA,150105,Rambla,Breña,385200.0,74.0,5205.405405405405,3,2,0,0.0,1,5231.0,387094.0,0.005,,,7,559,0.421,estable,0.071,0.325,0.812114452742238,4.041467
149581528,Urbania,BREÑA,150105,"Jirón Loreto N° 16xx, Dpto. 805 AL 1405",Breña,385472.0,68.0,5668.705882352941,3,2,1,0.0,1,5231.0,355708.0,-0.084,,,7,559,0.421,estable,0.071,0.325,0.812114452742238,4.041467
146767071,Urbania,BREÑA,150105,Pedro Ruiz Gallo 2,Breña,387811.0,76.0,5102.776315789473,3,2,0,1.0,1,5231.0,397556.0,0.025,,,7,559,0.421,estable,0.071,0.325,0.812114452742238,4.041467
146767072,Urbania,BREÑA,150105,Pedro Ruiz Gallo 2,Breña,387811.0,76.0,5102.776315789473,3,2,0,0.0,1,5231.0,397556.0,0.025,,,7,559,0.421,estable,0.071,0.325,0.812114452742238,4.041467
148834630,Urbania,BREÑA,150105,AV. JUAN PABLO FERNANDINI 960,Breña,388066.0,57.0,6808.175438596491,2,2,0,200.0,1,5231.0,298167.0,-0.302,,,7,559,0.421,estable,0.071,0.325,0.812114452742238,4.041467
149225312,Urbania,BREÑA,150105,Jr. Centenario 175 Urb,Breña,390000.0,61.0,6393.44262295082,2,2,0,250.0,1,5231.0,319091.0,-0.222,,,7,559,0.421,estable,0.071,0.325,0.812114452742238,4.041467
144813398,Urbania,BREÑA,150105,Av. General Felipe Varela N°19xx Dpto 101 B,Breña,393299.0,56.0,7023.196428571428,1,1,0,0.0,1,5231.0,292936.0,-0.343,,,7,559,0.421,estable,0.071,0.325,0.812114452742238,4.041467
144814526,Urbania,BREÑA,150105,"Av. General Felipe Varela N°19xx, Dpto. 202 A  AL 802 A",Breña,393443.0,59.0,6668.525423728814,2,2,0,0.0,1,5231.0,308629.0,-0.275,,,7,559,0.421,estable,0.071,0.325,0.812114452742238,4.041467
148942407,Urbania,BREÑA,150105,"Av Juan Pablo Fernandini N° 9xx, Dpto. 306 AL 706",Breña,394555.0,61.0,6468.11475409836,2,2,0,0.0,1,5231.0,319091.0,-0.236,,,7,559,0.421,estable,0.071,0.325,0.812114452742238,4.041467
148978260,Urbania,BREÑA,150105,Jirón Huaraz 951,Garden City,403000.0,75.0,5373.333333333333,3,2,0,0.0,1,5231.0,392325.0,-0.027,,,7,559,0.421,estable,0.071,0.325,0.812114452742238,4.041467
149581198,Urbania,BREÑA,150105,"Jirón Loreto N° 16xx, Dpto. 303 AL 2003",Breña,404624.0,68.0,5950.35294117647,3,2,0,0.0,1,5231.0,355708.0,-0.138,,,7,559,0.421,estable,0.071,0.325,0.812114452742238,4.041467
149383289,Urbania,BREÑA,150105,Iquique Breña,Breña,410640.0,90.0,4562.666666666667,2,2,0,50.0,1,5231.0,470790.0,0.128,,,7,559,0.421,estable,0.071,0.325,0.812114452742238,4.041467
149233301,Urbania,BREÑA,150105,Jr. Iquique,Breña,417600.0,85.0,4912.941176470588,2,2,0,0.0,1,5231.0,444635.0,0.061,,,7,559,0.421,estable,0.071,0.325,0.812114452742238,4.041467
147657002,Urbania,BREÑA,150105,AV. VENEZUELA 1356,Breña,417600.0,87.0,4800.0,1,1,0,0.0,1,5231.0,455097.0,0.082,,,7,559,0.421,estable,0.071,0.325,0.812114452742238,4.041467
149061959,Urbania,BREÑA,150105,Jr. Pedro Ruiz Gallo 659,28 De Julio,420000.0,122.0,3442.622950819672,3,2,0,40.0,1,5231.0,638182.0,0.342,,,7,559,0.421,estable,0.071,0.325,0.812114452742238,4.041467
144814593,Urbania,BREÑA,150105,"Av. General Felipe Varela N°19xx, Dpto.206 B AL 1006b",Breña,424622.0,74.0,5738.135135135135,3,2,0,0.0,1,5231.0,387094.0,-0.097,,,7,559,0.421,estable,0.071,0.325,0.812114452742238,4.041467
149234043,Urbania,BREÑA,150105,Jirón Zorritos 499,Breña,425000.0,71.0,5985.915492957746,4,3,0,240.0,1,5231.0,371401.0,-0.144,,,7,559,0.421,estable,0.071,0.325,0.812114452742238,4.041467
149066347,Urbania,BREÑA,150105,Jiron Pedro Ruiz Gallo,Breña,428750.0,76.0,5641.4473684210525,3,2,0,0.0,1,5231.0,397556.0,-0.078,,,7,559,0.421,estable,0.071,0.325,0.812114452742238,4.041467
147532951,Urbania,BREÑA,150105,JR NAPO 238 BREÑA  149M2  4 HAB,Breña,429000.0,149.0,2879.1946308724832,4,2,0,0.0,10,5231.0,779419.0,0.45,,,7,559,0.421,estable,0.071,0.325,0.812114452742238,4.041467
148833536,Urbania,BREÑA,150105,AV. JUAN PABLO FERNANDINI,Breña,429454.0,69.0,6223.971014492754,3,2,0,250.0,1,5231.0,360939.0,-0.19,,,7,559,0.421,estable,0.071,0.325,0.812114452742238,4.041467
148323497,Urbania,BREÑA,150105,Avenida Brasil,Breña,433750.0,69.0,6286.231884057971,3,2,1,300.0,1,5231.0,360939.0,-0.202,,,7,559,0.421,estable,0.071,0.325,0.812114452742238,4.041467
144814516,Urbania,BREÑA,150105,"Av. General Felipe Varela N°19xx, Dpto. 305 B AL 1505 B",Breña,434798.0,80.0,5434.975,3,2,0,0.0,1,5231.0,418480.0,-0.039,,,7,559,0.421,estable,0.071,0.325,0.812114452742238,4.041467
148072326,Urbania,BREÑA,150105,General Felipe Varela al 1900,Breña,440000.0,80.0,5500.0,3,2,0,0.0,1,5231.0,418480.0,-0.051,,,7,559,0.421,estable,0.071,0.325,0.812114452742238,4.041467
144951300,Urbania,BREÑA,150105,Jr General Vidal,Breña,440000.0,90.0,4888.888888888889,3,2,0,150.0,1,5231.0,470790.0,0.065,,,7,559,0.421,estable,0.071,0.325,0.812114452742238,4.041467
144814609,Urbania,BREÑA,150105,"Av. General Felipe Varela N°19xx, Dpto.208 B AL 1408 B",Breña,443024.0,76.0,5829.263157894737,3,2,0,0.0,1,5231.0,397556.0,-0.114,,,7,559,0.421,estable,0.071,0.325,0.812114452742238,4.041467
144814567,Urbania,BREÑA,150105,"Av. General Felipe Varela N°19xx, Dpto. 1007 A AL 1507 A",Breña,448451.0,78.0,5749.371794871795,3,2,0,0.0,1,5231.0,408018.0,-0.099,,,7,559,0.421,estable,0.071,0.325,0.812114452742238,4.041467
144814554,Urbania,BREÑA,150105,"Av. General Felipe Varela N°19xx, Dpto. 806 A al 1506 A",Breña,450293.0,75.0,6003.906666666667,3,2,0,0.0,1,5231.0,392325.0,-0.148,,,7,559,0.421,estable,0.071,0.325,0.812114452742238,4.041467
148831622,Urbania,BREÑA,150105,Av. Brasil,Breña,469000.0,66.0,7106.060606060606,2,2,1,270.0,10,5231.0,345246.0,-0.358,,,7,559,0.421,estable,0.071,0.325,0.812114452742238,4.041467
145514180,Urbania,BREÑA,150105,Jr. Pastaza 692,Azcona,480000.0,123.0,3902.439024390244,4,3,0,100.0,1,5231.0,643413.0,0.254,,,7,559,0.421,estable,0.071,0.325,0.812114452742238,4.041467
148834741,Urbania,BREÑA,150105,AV. JUAN PABLO FERNANDINI,Breña,482795.0,71.0,6799.929577464789,3,2,0,290.0,1,5231.0,371401.0,-0.3,,,7,559,0.421,estable,0.071,0.325,0.812114452742238,4.041467
148942463,Urbania,BREÑA,150105,"Av Juan Pablo Fernandini N° 9xx, Dpto. 602",Breña,482795.0,71.0,6799.929577464789,3,2,0,0.0,1,5231.0,371401.0,-0.3,,,7,559,0.421,estable,0.071,0.325,0.812114452742238,4.041467
144814580,Urbania,BREÑA,150105,"Av. General Felipe Varela N°19xx, Dpto. 205 A AL 1505 A",Breña,488186.0,81.0,6026.9876543209875,3,2,0,0.0,1,5231.0,423711.0,-0.152,,,7,559,0.421,estable,0.071,0.325,0.812114452742238,4.041467
144814281,Urbania,BREÑA,150105,"Av. General Felipe Varela N°19xx, Dpto. 1609 B",Breña,490270.0,83.0,5906.8674698795185,1,2,0,0.0,1,5231.0,434173.0,-0.129,,,7,559,0.421,estable,0.071,0.325,0.812114452742238,4.041467
146767165,Urbania,BREÑA,150105,Pedro Ruiz Gallo 2,Breña,501311.0,91.0,5508.912087912088,3,2,0,1.0,1,5231.0,476021.0,-0.053,,,7,559,0.421,estable,0.071,0.325,0.812114452742238,4.041467
149383263,Urbania,BREÑA,150105,Jr. Iquique Breña,Breña,506250.0,154.0,3287.3376623376626,4,2,0,0.0,1,5231.0,805574.0,0.372,,,7,559,0.421,estable,0.071,0.325,0.812114452742238,4.041467
149703675,Urbania,BREÑA,150105,"Jiron Independencia, Cdra 4 Breña",Breña,510980.0,200.0,2554.9,3,2,0,0.0,1,5231.0,1046200.0,0.512,,,7,559,0.421,estable,0.071,0.325,0.812114452742238,4.041467
149111317,Urbania,BREÑA,150105,"JR. Huancabamba 1670,torre C al 1600",Batievski,519000.0,156.0,3326.923076923077,3,3,0,0.0,1,5231.0,816036.0,0.364,,,7,559,0.421,estable,0.071,0.325,0.812114452742238,4.041467
144814076,Urbania,BREÑA,150105,"Av. General Felipe Varela N°19xx, Dpto. 1603 B",Breña,523863.0,87.0,6021.413793103448,1,2,0,0.0,1,5231.0,455097.0,-0.151,,,7,559,0.421,estable,0.071,0.325,0.812114452742238,4.041467
149483059,Urbania,BREÑA,150105,Local Comercial y/o Oficina! Venta de Inmueble en Jirón Jorge Chávez -  Cerca A Metro DE Alfonso Ugarte Breña,Breña,543750.0,210.0,2589.285714285714,3,2,0,0.0,1,5231.0,1098510.0,0.505,,,7,559,0.421,estable,0.071,0.325,0.812114452742238,4.041467
149232782,Urbania,BREÑA,150105,Jr. Iquique,Breña,556800.0,160.0,3480.0,2,2,1,0.0,1,5231.0,836960.0,0.335,,,7,559,0.421,estable,0.071,0.325,0.812114452742238,4.041467
148886805,Urbania,BREÑA,150105,JR. Pucallpa al 251,Batievski,557600.0,156.0,3574.358974358974,3,3,1,250.0,1,5231.0,816036.0,0.317,,,7,559,0.421,estable,0.071,0.325,0.812114452742238,4.041467
149369812,Urbania,BREÑA,150105,Castro Virreyna al 821,Breña,586000.0,195.0,3005.128205128205,3,2,0,0.0,10,5231.0,1020045.0,0.426,,,7,559,0.421,estable,0.071,0.325,0.812114452742238,4.041467
149310376,Urbania,BREÑA,150105,Jr. General Varela  al 1900,Breña,600000.0,105.0,5714.285714285715,3,2,0,0.0,1,5231.0,549255.0,-0.092,,,7,559,0.421,estable,0.071,0.325,0.812114452742238,4.041467
144813420,Urbania,BREÑA,150105,"Av. General Felipe Varela N°19xx, Dpto.102 A",Breña,609700.0,105.0,5806.666666666667,3,2,0,0.0,1,5231.0,549255.0,-0.11,,,7,559,0.421,estable,0.071,0.325,0.812114452742238,4.041467
144814014,Urbania,BREÑA,150105,"Av. General Felipe Varela N°19xx, Dpto. 1602 A",Breña,610054.0,114.0,5351.350877192983,2,2,0,0.0,1,5231.0,596334.0,-0.023,,,7,559,0.421,estable,0.071,0.325,0.812114452742238,4.041467
144813471,Urbania,BREÑA,150105,"Av. General Felipe Varela N°19xx, Dpto. 1601 A",Breña,626132.0,113.0,5540.991150442478,3,2,0,0.0,1,5231.0,591103.0,-0.059,,,7,559,0.421,estable,0.071,0.325,0.812114452742238,4.041467
149874537,Urbania,BREÑA,150105,Jiron Oxapampa 274 Urbanizacion Nueva Azcona,Nueva Azcona,640500.0,173.0,3702.3121387283236,3,3,1,200.0,1,5231.0,904963.0,0.292,,,7,559,0.421,estable,0.071,0.325,0.812114452742238,4.041467
149271196,Urbania,BREÑA,150105,Jr. Alonso de Molina al 1300,Breña,653250.0,116.0,5631.4655172413795,3,3,1,0.0,1,5231.0,606796.0,-0.077,,,7,559,0.421,estable,0.071,0.325,0.812114452742238,4.041467
144814078,Urbania,BREÑA,150105,"Av. General Felipe Varela N°19xx, Dpto.1604 , 1606 A",Breña,687111.0,132.0,5205.386363636364,3,2,0,0.0,1,5231.0,690492.0,0.005,,,7,559,0.421,estable,0.071,0.325,0.812114452742238,4.041467
144813721,Urbania,BREÑA,150105,"Av. General Felipe Varela N°19xx, Dpto 1601, 1606 B",Breña,704997.0,140.0,5035.692857142857,3,2,0,0.0,1,5231.0,732340.0,0.037,,,7,559,0.421,estable,0.071,0.325,0.812114452742238,4.041467
148464086,Urbania,BREÑA,150105,Jr. Centenario 159 breña,Breña,710500.0,156.0,4554.48717948718,4,3,1,300.0,1,5231.0,816036.0,0.129,,,7,559,0.421,estable,0.071,0.325,0.812114452742238,4.041467
144814159,Urbania,BREÑA,150105,"Av. General Felipe Varela N°19xx, Dpto. 1604, 1608 B",Breña,730649.0,147.0,4970.401360544218,3,2,0,0.0,1,5231.0,768957.0,0.05,,,7,559,0.421,estable,0.071,0.325,0.812114452742238,4.041467
144814072,Urbania,BREÑA,150105,"Av. General Felipe Varela N°19xx, Dpto.1602 B",Breña,742800.0,142.0,5230.985915492958,3,2,0,0.0,1,5231.0,742802.0,0.0,,,7,559,0.421,estable,0.071,0.325,0.812114452742238,4.041467
144814234,Urbania,BREÑA,150105,"Av. General Felipe Varela N°19xx, Dpto 1605 A",Breña,745895.0,148.0,5039.831081081081,3,2,0,0.0,1,5231.0,774188.0,0.037,,,7,559,0.421,estable,0.071,0.325,0.812114452742238,4.041467
149383264,Urbania,BREÑA,150105,Jr. Iquique Breña,Breña,880500.0,200.0,4402.5,4,2,2,0.0,1,5231.0,1046200.0,0.158,,,7,559,0.421,estable,0.071,0.325,0.812114452742238,4.041467
149523036,Urbania,CHORRILLOS,150108,mz x lt x Aahh Simon Bolivar  Chorrillos,Chorrillos,160000.0,49.0,3265.3061224489797,2,1,0,80.0,1,5175.0,253575.0,0.369,,,11,1423,0.306,estable,0.252,0.473,0.75835539281644,11.60839
148900526,Urbania,CHORRILLOS,150108,Los Gorriones 466,Chorrillos,200670.0,45.0,4459.333333333333,2,2,0,0.0,1,5175.0,232875.0,0.138,,,11,1423,0.306,estable,0.252,0.473,0.75835539281644,11.60839
148163621,Urbania,CHORRILLOS,150108,"Av Paseo de la República, Chorrillos 15064",Las Gaviotas,203000.0,40.0,5075.0,3,2,1,0.0,10,5175.0,207000.0,0.019,,,11,1423,0.306,estable,0.252,0.473,0.75835539281644,11.60839
148426030,Urbania,CHORRILLOS,150108,Gaviotas,Chorrillos,203000.0,41.0,4951.219512195122,3,2,0,0.0,1,5175.0,212175.0,0.043,,,11,1423,0.306,estable,0.252,0.473,0.75835539281644,11.60839
146608768,Urbania,CHORRILLOS,150108,CHORRILLOS,Chorrillos,205000.0,29.0,7068.9655172413795,1,1,0,200.0,1,5175.0,150075.0,-0.366,,,11,1423,0.306,estable,0.252,0.473,0.75835539281644,11.60839
149404063,Urbania,CHORRILLOS,150108,Av. Las Gaviotas al 100,Chorrillos,206000.0,40.0,5150.0,1,1,0,0.0,1,5175.0,207000.0,0.005,,,11,1423,0.306,estable,0.252,0.473,0.75835539281644,11.60839
149845173,Urbania,CHORRILLOS,150108,Lo sauces 155,Chorrillos,210000.0,47.0,4468.085106382979,1,1,0,100.0,1,5175.0,243225.0,0.137,,,11,1423,0.306,estable,0.252,0.473,0.75835539281644,11.60839
145717534,Urbania,CHORRILLOS,150108,AV. LAS Gaviotas 1XX Dpto 207 T1,Chorrillos,210000.0,33.0,6363.636363636364,1,1,1,0.0,1,5175.0,170775.0,-0.23,,,11,1423,0.306,estable,0.252,0.473,0.75835539281644,11.60839
149742709,Urbania,CHORRILLOS,150108,AV EL SOL 1052 Piso 4,Chorrillos,219000.0,59.0,3711.864406779661,3,1,0,0.0,1,5175.0,305325.0,0.283,,,11,1423,0.306,estable,0.252,0.473,0.75835539281644,11.60839
149231390,Urbania,CHORRILLOS,150108,Residencial Orion,El Sol De Matellini,230000.0,64.0,3593.75,3,2,0,0.0,1,5175.0,331200.0,0.306,,,11,1423,0.306,estable,0.252,0.473,0.75835539281644,11.60839
145718136,Urbania,CHORRILLOS,150108,AV. LAS Gaviotas 1XX Dpto X03 T2,Chorrillos,234000.0,39.0,6000.0,1,1,1,0.0,1,5175.0,201825.0,-0.159,,,11,1423,0.306,estable,0.252,0.473,0.75835539281644,11.60839
149180982,Urbania,CHORRILLOS,150108,Electra  al 100,La Campiña,237350.0,61.0,3890.9836065573772,3,2,0,0.0,1,5175.0,315675.0,0.248,,,11,1423,0.306,estable,0.252,0.473,0.75835539281644,11.60839
149040164,Urbania,CHORRILLOS,150108,Chorrillos,Chorrillos,239000.0,66.0,3621.212121212121,3,2,1,150.0,1,5175.0,341550.0,0.3,,,11,1423,0.306,estable,0.252,0.473,0.75835539281644,11.60839
149803384,Urbania,CHORRILLOS,150108,"Calle Icaro N° 1xx, Dpto. 206 AL 1206 D",Chorrillos,243404.0,52.0,4680.846153846154,2,2,1,0.0,1,5175.0,269100.0,0.095,,,11,1423,0.306,estable,0.252,0.473,0.75835539281644,11.60839
145081219,Urbania,CHORRILLOS,150108,Av. Los Faisanes 485,Chorrillos,244000.0,38.0,6421.0526315789475,1,2,0,0.0,1,5175.0,196650.0,-0.241,,,11,1423,0.306,estable,0.252,0.473,0.75835539281644,11.60839
149436541,Urbania,CHORRILLOS,150108,Carlos Gil 547,Chorrillos,245000.0,54.0,4537.037037037037,1,1,1,55.0,1,5175.0,279450.0,0.123,,,11,1423,0.306,estable,0.252,0.473,0.75835539281644,11.60839
148583946,Urbania,CHORRILLOS,150108,Condominio Friendz,La Campiña,247900.0,46.0,5389.130434782609,2,2,0,0.0,10,5175.0,238050.0,-0.041,,,11,1423,0.306,estable,0.252,0.473,0.75835539281644,11.60839
146623777,Urbania,CHORRILLOS,150108,Av. José Olaya Cuadra 5 Cerca a Plaza Vea de Iglesias,Chorrillos,248336.0,36.0,6898.222222222223,1,1,0,0.0,1,5175.0,186300.0,-0.333,,,11,1423,0.306,estable,0.252,0.473,0.75835539281644,11.60839
149889961,Urbania,CHORRILLOS,150108,Jiron Julio Victor Aguirre 281,Chorrillos,250000.0,65.0,3846.153846153846,2,1,0,0.0,1,5175.0,336375.0,0.257,,,11,1423,0.306,estable,0.252,0.473,0.75835539281644,11.60839
149172693,Urbania,CHORRILLOS,150108,Antonio Olivera 440,Chorrillos,252000.0,70.0,3600.0,3,2,0,100.0,1,5175.0,362250.0,0.304,,,11,1423,0.306,estable,0.252,0.473,0.75835539281644,11.60839
148812760,Urbania,CHORRILLOS,150108,JR. Titanes 185,Chorrillos,255000.0,69.0,3695.6521739130435,3,2,0,0.0,1,5175.0,357075.0,0.286,,,11,1423,0.306,estable,0.252,0.473,0.75835539281644,11.60839
149688286,Urbania,CHORRILLOS,150108,Calle Ontario 156,La Campiña,258750.0,60.0,4312.5,3,2,0,0.0,1,5175.0,310500.0,0.167,,,11,1423,0.306,estable,0.252,0.473,0.75835539281644,11.60839
147622749,Urbania,CHORRILLOS,150108,Av. José Olaya - Departamento en Venta - A 1 Cuadra del Malecón Grau,Chorrillos,259092.0,37.0,7002.486486486487,1,1,0,0.0,1,5175.0,191475.0,-0.353,,,11,1423,0.306,estable,0.252,0.473,0.75835539281644,11.60839
149490799,Urbania,CHORRILLOS,150108,Jirón Juno 184 - a Minutos del Óvalo de la Curva,La Campiña,260000.0,65.0,4000.0,3,2,0,250.0,1,5175.0,336375.0,0.227,,,11,1423,0.306,estable,0.252,0.473,0.75835539281644,11.60839
149803389,Urbania,CHORRILLOS,150108,"Calle Icaro N° 1xx, Dpto. 202 AL 1302 C",Chorrillos,261255.0,56.0,4665.267857142857,3,2,1,0.0,1,5175.0,289800.0,0.098,,,11,1423,0.306,estable,0.252,0.473,0.75835539281644,11.60839
149408343,Urbania,CHORRILLOS,150108,JR. LOS Asteroides al 100,La Campiña,262960.0,70.0,3756.5714285714284,3,2,0,180.0,1,5175.0,362250.0,0.274,,,11,1423,0.306,estable,0.252,0.473,0.75835539281644,11.60839
149803412,Urbania,CHORRILLOS,150108,"Calle Icaro N° 1xx, Dpto. 204 AL 1204 D",Chorrillos,264617.0,58.0,4562.362068965517,3,2,1,0.0,1,5175.0,300150.0,0.118,,,11,1423,0.306,estable,0.252,0.473,0.75835539281644,11.60839
149006366,Urbania,CHORRILLOS,150108,"Av José Olaya N° 2xx, Dpto. Tipo 14",Chorrillos,265100.0,37.0,7164.864864864865,1,1,1,0.0,1,5175.0,191475.0,-0.385,,,11,1423,0.306,estable,0.252,0.473,0.75835539281644,11.60839
148658997,Urbania,CHORRILLOS,150108,Calle Victor Humareda  al 100,Chorrillos,270000.0,58.0,4655.172413793103,2,2,0,0.0,1,5175.0,300150.0,0.1,,,11,1423,0.306,estable,0.252,0.473,0.75835539281644,11.60839
147850623,Urbania,CHORRILLOS,150108,Av. 12 de Octubre Mz. A3 Lote 2,Chorrillos,270000.0,94.0,2872.340425531915,3,2,0,0.0,1,5175.0,486450.0,0.445,,,11,1423,0.306,estable,0.252,0.473,0.75835539281644,11.60839
143833502,Urbania,CHORRILLOS,150108,"Av LOS Faisanes N° 4xx, Dpto. 1307 AL 1707",Chorrillos,272000.0,53.0,5132.075471698113,2,2,0,0.0,1,5175.0,274275.0,0.008,,,11,1423,0.306,estable,0.252,0.473,0.75835539281644,11.60839
149105963,Urbania,CHORRILLOS,150108,Av La Costanera Chorrillos al 100,Chorrillos,272550.0,101.0,2698.5148514851485,2,2,0,0.0,1,5175.0,522675.0,0.479,,,11,1423,0.306,estable,0.252,0.473,0.75835539281644,11.60839
149688220,Urbania,CHORRILLOS,150108,Av. Oscar de La Barrera 322,Chorrillos,273000.0,79.0,3455.6962025316457,3,2,0,0.0,10,5175.0,408825.0,0.332,,,11,1423,0.306,estable,0.252,0.473,0.75835539281644,11.60839
149830432,Urbania,CHORRILLOS,150108,Palas Atenea,La Campiña,273880.0,71.0,3857.4647887323945,3,2,0,128.0,1,5175.0,367425.0,0.255,,,11,1423,0.306,estable,0.252,0.473,0.75835539281644,11.60839
143833523,Urbania,CHORRILLOS,150108,"Av LOS Faisanes N° 4xx, Dpto. 308 AL 1708",Chorrillos,274000.0,56.0,4892.857142857143,2,2,0,0.0,1,5175.0,289800.0,0.055,,,11,1423,0.306,estable,0.252,0.473,0.75835539281644,11.60839
148786941,Urbania,CHORRILLOS,150108,JR Juno al 100,Chorrillos,275000.0,67.0,4104.477611940299,2,1,1,0.0,1,5175.0,346725.0,0.207,,,11,1423,0.306,estable,0.252,0.473,0.75835539281644,11.60839
148715530,Urbania,CHORRILLOS,150108,Victor Humareda  al 100,Chorrillos,275000.0,63.0,4365.079365079365,3,2,0,0.0,1,5175.0,326025.0,0.157,,,11,1423,0.306,estable,0.252,0.473,0.75835539281644,11.60839
149046060,Urbania,CHORRILLOS,150108,Calle Córcega,Los Cedros De Villa,278000.0,55.0,5054.545454545455,2,2,0,90.0,10,5175.0,284625.0,0.023,,,11,1423,0.306,estable,0.252,0.473,0.75835539281644,11.60839
149874592,Urbania,CHORRILLOS,150108,Av. 12 de Octubre Mz. A3 Lote 2,Chorrillos,278512.0,98.0,2841.9591836734694,3,2,0,0.0,1,5175.0,507150.0,0.451,,,11,1423,0.306,estable,0.252,0.473,0.75835539281644,11.60839
149801279,Urbania,CHORRILLOS,150108,Jirón Ontario  275,Chorrillos,279300.0,76.0,3675.0,3,2,0,180.0,1,5175.0,393300.0,0.29,,,11,1423,0.306,estable,0.252,0.473,0.75835539281644,11.60839
90584028,Urbania,CHORRILLOS,150108,AV. EL SOL 120,Nuevo Chorrillos,282240.0,70.0,4032.0,2,2,0,28.0,1,5175.0,362250.0,0.221,,,11,1423,0.306,estable,0.252,0.473,0.75835539281644,11.60839
143649312,Urbania,CHORRILLOS,150108,Av Faisanes,La Campiña,283000.0,54.0,5240.740740740741,2,2,1,0.0,1,5175.0,279450.0,-0.013,,,11,1423,0.306,estable,0.252,0.473,0.75835539281644,11.60839
148604133,Urbania,CHORRILLOS,150108,Calle Los Quipus Mz G Lote 8,Chorrillos,283900.0,70.0,4055.714285714286,3,2,0,0.0,1,5175.0,362250.0,0.216,,,11,1423,0.306,estable,0.252,0.473,0.75835539281644,11.60839
149739222,Urbania,CHORRILLOS,150108,Av Alameda Sur & Avenida Alameda Los Cedros,Chorrillos,284750.0,90.0,3163.8888888888887,2,1,0,50.0,1,5175.0,465750.0,0.389,,,11,1423,0.306,estable,0.252,0.473,0.75835539281644,11.60839
148322491,Urbania,CHORRILLOS,150108,Jiron Viña Venturo  2xx - Vendo Dpto 3dorm Cerca a la av Guardia Civil,Chorrillos,285600.0,78.0,3661.5384615384614,3,2,0,100.0,1,5175.0,403650.0,0.292,,,11,1423,0.306,estable,0.252,0.473,0.75835539281644,11.60839
148251933,Urbania,CHORRILLOS,150108,LAS GAVIOTAS,Chorrillos,289000.0,65.0,4446.153846153846,2,2,0,180.0,1,5175.0,336375.0,0.141,,,11,1423,0.306,estable,0.252,0.473,0.75835539281644,11.60839
145717936,Urbania,CHORRILLOS,150108,AV. LAS Gaviotas 1XX Dpto X02 T1,Chorrillos,291000.0,55.0,5290.909090909091,2,2,1,0.0,1,5175.0,284625.0,-0.022,,,11,1423,0.306,estable,0.252,0.473,0.75835539281644,11.60839
149244632,Urbania,CHORRILLOS,150108,Jirón Tambo Real,Chorrillos,291500.0,65.0,4484.615384615385,2,2,1,0.0,1,5175.0,336375.0,0.133,,,11,1423,0.306,estable,0.252,0.473,0.75835539281644,11.60839
149253568,Urbania,CHORRILLOS,150108,Av. Los Faisanes  al 100,La Campiña,291550.0,64.0,4555.46875,3,2,0,0.0,1,5175.0,331200.0,0.12,,,11,1423,0.306,estable,0.252,0.473,0.75835539281644,11.60839
147910082,Urbania,CHORRILLOS,150108,Jr. Perseo Chorrillos,La Campiña,297000.0,60.0,4950.0,2,1,1,0.0,1,5175.0,310500.0,0.043,,,11,1423,0.306,estable,0.252,0.473,0.75835539281644,11.60839
149377978,Urbania,CHORRILLOS,150108,Depa de Estreno en Chorrillos con Gran Proyección y Excelente Conexión,Chorrillos,299358.0,40.0,7483.95,1,1,0,0.0,1,5175.0,207000.0,-0.446,,,11,1423,0.306,estable,0.252,0.473,0.75835539281644,11.60839
143647655,Urbania,CHORRILLOS,150108,Av Faisanes,La Campiña,300000.0,65.0,4615.384615384615,2,2,1,0.0,1,5175.0,336375.0,0.108,,,11,1423,0.306,estable,0.252,0.473,0.75835539281644,11.60839
149228484,Urbania,CHORRILLOS,150108,Calle Santa Teresa,Chorrillos,300150.0,76.0,3949.342105263158,3,1,0,180.0,1,5175.0,393300.0,0.237,,,11,1423,0.306,estable,0.252,0.473,0.75835539281644,11.60839
148699190,Urbania,CHORRILLOS,150108,Calle Perseo 100 Piso 3,La Campiña,302600.0,68.0,4450.0,3,2,0,150.0,1,5175.0,351900.0,0.14,,,11,1423,0.306,estable,0.252,0.473,0.75835539281644,11.60839
142947283,Urbania,CHORRILLOS,150108,Av. Faisanes,Chorrillos,303400.0,56.0,5417.857142857143,2,1,1,0.0,1,5175.0,289800.0,-0.047,,,11,1423,0.306,estable,0.252,0.473,0.75835539281644,11.60839
148719354,Urbania,CHORRILLOS,150108,"Jiron Teniente Legua Romero, La Campiña, Chorrillos",La Campiña,305000.0,92.0,3315.217391304348,3,2,0,37.0,1,5175.0,476100.0,0.359,,,11,1423,0.306,estable,0.252,0.473,0.75835539281644,11.60839
143646649,Urbania,CHORRILLOS,150108,Av Faisanes,Chorrillos,306000.0,53.0,5773.584905660377,2,2,1,0.0,1,5175.0,274275.0,-0.116,,,11,1423,0.306,estable,0.252,0.473,0.75835539281644,11.60839
147401840,Urbania,CHORRILLOS,150108,"Jirón Independencia N° 3xx, Dpto. 111 AL 1211 B",Chorrillos,308899.0,41.0,7534.121951219512,1,1,0,0.0,1,5175.0,212175.0,-0.456,,,11,1423,0.306,estable,0.252,0.473,0.75835539281644,11.60839
146887236,Urbania,CHORRILLOS,150108,Jr. Eleuthería 384,Los Cedros De Villa,309000.0,101.0,3059.4059405940593,4,2,0,0.0,1,5175.0,522675.0,0.409,,,11,1423,0.306,estable,0.252,0.473,0.75835539281644,11.60839
149874601,Urbania,CHORRILLOS,150108,Av. 12 De Octubre Mz.. A3 Lote 2 Las Delicias de Villa,Chorrillos,310000.0,110.0,2818.181818181818,3,2,0,0.0,1,5175.0,569250.0,0.455,,,11,1423,0.306,estable,0.252,0.473,0.75835539281644,11.60839
149317111,Urbania,CHORRILLOS,150108,Av. Defensores del Morro,Chorrillos,310610.0,71.0,4374.788732394366,3,2,0,0.0,1,5175.0,367425.0,0.155,,,11,1423,0.306,estable,0.252,0.473,0.75835539281644,11.60839
147315659,Urbania,CHORRILLOS,150108,AVENIDA EL SOL,La Campiña,314500.0,57.0,5517.543859649123,2,2,0,0.0,1,5175.0,294975.0,-0.066,,,11,1423,0.306,estable,0.252,0.473,0.75835539281644,11.60839
145717180,Urbania,CHORRILLOS,150108,"AV. LAS Gaviotas 1XX Dpto 101, 102, 204 - T1",Chorrillos,316000.0,58.0,5448.275862068966,2,2,1,0.0,1,5175.0,300150.0,-0.053,,,11,1423,0.306,estable,0.252,0.473,0.75835539281644,11.60839
146404573,Urbania,CHORRILLOS,150108,"Av LOS Faisanes N° 4xx, Dpto. 805 AL 1705",Chorrillos,316000.0,62.0,5096.774193548387,3,2,0,0.0,1,5175.0,320850.0,0.015,,,11,1423,0.306,estable,0.252,0.473,0.75835539281644,11.60839
149813937,Urbania,CHORRILLOS,150108,"Urb Alameda sur Villa Magisterial. Calle 4, Maz C - Lote 11",Chorrillos,319000.0,93.0,3430.1075268817203,3,2,0,0.0,1,5175.0,481275.0,0.337,,,11,1423,0.306,estable,0.252,0.473,0.75835539281644,11.60839
149097239,Urbania,CHORRILLOS,150108,Avenida Guardia Civil 665 Chorrillos,Chorrillos,319200.0,82.0,3892.682926829268,3,2,0,180.0,1,5175.0,424350.0,0.248,,,11,1423,0.306,estable,0.252,0.473,0.75835539281644,11.60839
149479367,Urbania,CHORRILLOS,150108,Los Gorriones 273,Chorrillos,320000.0,72.0,4444.444444444444,3,2,1,280.0,1,5175.0,372600.0,0.141,,,11,1423,0.306,estable,0.252,0.473,0.75835539281644,11.60839
149825772,Urbania,CHORRILLOS,150108,Jr. Arquimedes al 100,Chorrillos,324760.0,68.0,4775.882352941177,3,2,0,0.0,1,5175.0,351900.0,0.077,,,11,1423,0.306,estable,0.252,0.473,0.75835539281644,11.60839
148731758,Urbania,CHORRILLOS,150108,Calle Joan Miro 182,Santa Leonor,324900.0,140.0,2320.714285714286,2,1,0,180.0,10,5175.0,724500.0,0.552,,,11,1423,0.306,estable,0.252,0.473,0.75835539281644,11.60839
145717249,Urbania,CHORRILLOS,150108,AV. LAS Gaviotas 1XX Dpto 104 - T2,Chorrillos,325000.0,57.0,5701.754385964912,3,2,1,0.0,1,5175.0,294975.0,-0.102,,,11,1423,0.306,estable,0.252,0.473,0.75835539281644,11.60839
147788054,Urbania,CHORRILLOS,150108,"Calle Makaha, Urb. Los Cedros de Villa",Los Cedros De Villa,328500.0,76.0,4322.368421052632,3,2,0,0.0,1,5175.0,393300.0,0.165,,,11,1423,0.306,estable,0.252,0.473,0.75835539281644,11.60839
149555033,Urbania,CHORRILLOS,150108,Departamento en una Ubicación Estratégica Cerca del Malecón y las Playas de la Costa Verde,Chorrillos,328971.0,52.0,6326.365384615385,2,2,0,0.0,1,5175.0,269100.0,-0.222,,,11,1423,0.306,estable,0.252,0.473,0.75835539281644,11.60839
149700410,Urbania,CHORRILLOS,150108,Los Gorriones 235,Chorrillos,330000.0,72.0,4583.333333333333,3,2,0,0.0,1,5175.0,372600.0,0.114,,,11,1423,0.306,estable,0.252,0.473,0.75835539281644,11.60839
149661532,Urbania,CHORRILLOS,150108,Donald Douglas 100,Santa Maria De Villa,334900.0,70.0,4784.285714285715,2,2,0,120.0,1,5175.0,362250.0,0.076,,,11,1423,0.306,estable,0.252,0.473,0.75835539281644,11.60839
148309119,Urbania,CHORRILLOS,150108,"Manzana A, Lote 18 – Calle J, cruce con Av. Márquez",Los Incas,336000.0,108.0,3111.1111111111113,3,2,1,0.0,1,5175.0,558900.0,0.399,,,11,1423,0.306,estable,0.252,0.473,0.75835539281644,11.60839
149803421,Urbania,CHORRILLOS,150108,"Calle Icaro N° 1xx, Dpto. 102 D",Chorrillos,336507.0,74.0,4547.391891891892,3,2,1,0.0,1,5175.0,382950.0,0.121,,,11,1423,0.306,estable,0.252,0.473,0.75835539281644,11.60839
144540745,Urbania,CHORRILLOS,150108,"Calle Andromeda N° 88x, Dpto. Tipo 2",Chorrillos,338658.0,63.0,5375.523809523809,3,2,1,0.0,1,5175.0,326025.0,-0.039,,,11,1423,0.306,estable,0.252,0.473,0.75835539281644,11.60839
149278470,Urbania,CHORRILLOS,150108,C. Palmas Reales 111,Chorrillos,339000.0,87.0,3896.551724137931,3,1,0,50.0,1,5175.0,450225.0,0.247,,,11,1423,0.306,estable,0.252,0.473,0.75835539281644,11.60839
90550241,Urbania,CHORRILLOS,150108,Av. Los Faisanes,Chorrillos,340900.0,55.0,6198.181818181818,2,2,1,0.0,1,5175.0,284625.0,-0.198,,,11,1423,0.306,estable,0.252,0.473,0.75835539281644,11.60839
149461511,Urbania,CHORRILLOS,150108,Jirón  Perseo 100,Ariosto Matellini,341550.0,69.0,4950.0,3,2,1,220.0,1,5175.0,357075.0,0.043,,,11,1423,0.306,estable,0.252,0.473,0.75835539281644,11.60839
149750930,Urbania,CHORRILLOS,150108,Jr. Andrómeda O,Chorrillos,343980.0,86.0,3999.767441860465,3,2,1,300.0,1,5175.0,445050.0,0.227,,,11,1423,0.306,estable,0.252,0.473,0.75835539281644,11.60839
149637466,Urbania,CHORRILLOS,150108,Jiron Juno  al 100,La Campiña,350000.0,65.0,5384.615384615385,3,2,0,0.0,1,5175.0,336375.0,-0.041,,,11,1423,0.306,estable,0.252,0.473,0.75835539281644,11.60839
148911797,Urbania,CHORRILLOS,150108,Jr. Alameda Costa Norte Urbanización Las Brisas de Villa,Las Brisas De Villa,351900.0,90.0,3910.0,2,2,1,0.0,1,5175.0,465750.0,0.244,,,11,1423,0.306,estable,0.252,0.473,0.75835539281644,11.60839
149803430,Urbania,CHORRILLOS,150108,"Calle Icaro N° 1xx, Dpto. 104 D",Chorrillos,354854.0,78.0,4549.410256410257,3,2,1,0.0,1,5175.0,403650.0,0.121,,,11,1423,0.306,estable,0.252,0.473,0.75835539281644,11.60839
143833570,Urbania,CHORRILLOS,150108,"Av LOS Faisanes N° 4xx, Dpto. 203 AL 1703",Chorrillos,356000.0,64.0,5562.5,3,2,0,0.0,1,5175.0,331200.0,-0.075,,,11,1423,0.306,estable,0.252,0.473,0.75835539281644,11.60839
149561287,Urbania,CHORRILLOS,150108,AV. LAS Gaviotas 1XX Dpto X01 T1,Chorrillos,356000.0,67.0,5313.432835820896,3,2,1,0.0,1,5175.0,346725.0,-0.027,,,11,1423,0.306,estable,0.252,0.473,0.75835539281644,11.60839
149120154,Urbania,CHORRILLOS,150108,AV. EL SOL Y AV. LOS FAISANES,La Campiña,357000.0,70.0,5100.0,3,2,0,160.0,10,5175.0,362250.0,0.014,,,11,1423,0.306,estable,0.252,0.473,0.75835539281644,11.60839
149383275,Urbania,CHORRILLOS,150108,Jirón Teniente Carlos Jimenez Chavez Chorrillos,La Campiña,358000.0,76.0,4710.526315789473,3,2,1,80.0,1,5175.0,393300.0,0.09,,,11,1423,0.306,estable,0.252,0.473,0.75835539281644,11.60839
147668321,Urbania,CHORRILLOS,150108,Av. Alipio Ponce Vásquez 32,Chorrillos,358100.0,58.0,6174.137931034483,2,2,0,0.0,1,5175.0,300150.0,-0.193,,,11,1423,0.306,estable,0.252,0.473,0.75835539281644,11.60839
144716291,Urbania,CHORRILLOS,150108,"Av Faisanes N° 3xx, Dpto. 308 AL 808 B",Chorrillos,359000.0,65.0,5523.076923076923,2,2,1,0.0,1,5175.0,336375.0,-0.067,,,11,1423,0.306,estable,0.252,0.473,0.75835539281644,11.60839
148512108,Urbania,CHORRILLOS,150108,Av. El sol 145,Ariosto Matellini,362250.0,86.0,4212.209302325581,3,2,1,250.0,1,5175.0,445050.0,0.186,,,11,1423,0.306,estable,0.252,0.473,0.75835539281644,11.60839
149686191,Urbania,CHORRILLOS,150108,José Olaya,Chorrillos,362582.0,56.0,6474.678571428572,2,2,0,0.0,1,5175.0,289800.0,-0.251,,,11,1423,0.306,estable,0.252,0.473,0.75835539281644,11.60839
145860043,Urbania,CHORRILLOS,150108,Gaviotas,Chorrillos,364000.0,67.0,5432.835820895522,3,2,3,0.0,10,5175.0,346725.0,-0.05,,,11,1423,0.306,estable,0.252,0.473,0.75835539281644,11.60839
149687888,Urbania,CHORRILLOS,150108,Jr. Tambo Real,Chorrillos,365000.0,119.0,3067.2268907563025,2,2,1,0.0,1,5175.0,615825.0,0.407,,,11,1423,0.306,estable,0.252,0.473,0.75835539281644,11.60839
149134614,Urbania,CHORRILLOS,150108,Alameda Los Horizontes,Chorrillos,365150.0,140.0,2608.214285714286,3,2,0,150.0,1,5175.0,724500.0,0.496,,,11,1423,0.306,estable,0.252,0.473,0.75835539281644,11.60839
149437903,Urbania,CHORRILLOS,150108,Av. El Sol,Chorrillos,365453.0,62.0,5894.403225806452,3,2,0,165.0,1,5175.0,320850.0,-0.139,,,11,1423,0.306,estable,0.252,0.473,0.75835539281644,11.60839
149470833,Urbania,CHORRILLOS,150108,Tambo Real 236,Chorrillos,366000.0,120.0,3050.0,2,2,1,160.0,1,5175.0,621000.0,0.411,,,11,1423,0.306,estable,0.252,0.473,0.75835539281644,11.60839
145860835,Urbania,CHORRILLOS,150108,Gaviotas,Chorrillos,366000.0,66.0,5545.454545454545,3,2,1,0.0,1,5175.0,341550.0,-0.072,,,11,1423,0.306,estable,0.252,0.473,0.75835539281644,11.60839
149273120,Urbania,CHORRILLOS,150108,AV Jose Olaya  al 100,Chorrillos,367000.0,60.0,6116.666666666667,2,2,0,0.0,1,5175.0,310500.0,-0.182,,,11,1423,0.306,estable,0.252,0.473,0.75835539281644,11.60839
149299496,Urbania,CHORRILLOS,150108,Avenida Los Faisanes,La Campiña,367200.0,70.0,5245.714285714285,2,2,1,160.0,1,5175.0,362250.0,-0.014,,,11,1423,0.306,estable,0.252,0.473,0.75835539281644,11.60839
149506211,Urbania,CHORRILLOS,150108,Urbanización Rosario de Villa  al 700,Chorrillos,367500.0,92.0,3994.5652173913045,3,2,0,120.0,1,5175.0,476100.0,0.228,,,11,1423,0.306,estable,0.252,0.473,0.75835539281644,11.60839
149816048,Urbania,CHORRILLOS,150108,Las Tortugas,Chorrillos,368500.0,85.0,4335.294117647059,3,2,0,0.0,1,5175.0,439875.0,0.162,,,11,1423,0.306,estable,0.252,0.473,0.75835539281644,11.60839
149726762,Urbania,CHORRILLOS,150108,Calle Tobago,Los Cedros De Villa,370600.0,76.0,4876.315789473684,3,2,1,99.0,1,5175.0,393300.0,0.058,,,11,1423,0.306,estable,0.252,0.473,0.75835539281644,11.60839
143647308,Urbania,CHORRILLOS,150108,Av Faisanes,La Campiña,371000.0,65.0,5707.692307692308,3,2,1,0.0,1,5175.0,336375.0,-0.103,,,11,1423,0.306,estable,0.252,0.473,0.75835539281644,11.60839
144716203,Urbania,CHORRILLOS,150108,"Av Faisanes N° 3xx, Dpto. 209 AL 1209 B",Chorrillos,371400.0,65.0,5713.846153846154,3,2,1,0.0,1,5175.0,336375.0,-0.104,,,11,1423,0.306,estable,0.252,0.473,0.75835539281644,11.60839
149342999,Urbania,CHORRILLOS,150108,EQUIPADO | NO PAGA ALCABALA | Jr. Artemisa y Palas Atenea,Chorrillos,372500.0,56.0,6651.785714285715,2,2,0,0.0,1,5175.0,289800.0,-0.285,,,11,1423,0.306,estable,0.252,0.473,0.75835539281644,11.60839
147503713,Urbania,CHORRILLOS,150108,Trabajadores DEL Instituto Nacional DE Salud,Chorrillos,372750.0,101.0,3690.5940594059407,4,2,0,0.0,1,5175.0,522675.0,0.287,,,11,1423,0.306,estable,0.252,0.473,0.75835539281644,11.60839
144383508,Urbania,CHORRILLOS,150108,Av. Alejandro Iglesias,Santa Teresita De Chorrillos,373275.0,90.0,4147.5,3,1,1,150.0,1,5175.0,465750.0,0.199,,,11,1423,0.306,estable,0.252,0.473,0.75835539281644,11.60839
149178757,Urbania,CHORRILLOS,150108,Av. Los Faisanes 335,Chorrillos,375000.0,99.0,3787.878787878788,3,3,0,250.0,1,5175.0,512325.0,0.268,,,11,1423,0.306,estable,0.252,0.473,0.75835539281644,11.60839
149622602,Urbania,CHORRILLOS,150108,LOS Gorriones al 200,La Campiña,375000.0,72.0,5208.333333333333,3,2,1,250.0,1,5175.0,372600.0,-0.006,,,11,1423,0.306,estable,0.252,0.473,0.75835539281644,11.60839
149822052,Urbania,CHORRILLOS,150108,Calle Los Gorriones al 200,Chorrillos,375000.0,72.0,5208.333333333333,3,2,1,250.0,10,5175.0,372600.0,-0.006,,,11,1423,0.306,estable,0.252,0.473,0.75835539281644,11.60839
149479135,Urbania,CHORRILLOS,150108,Los Gorriones 273,La Campiña,377000.0,70.0,5385.714285714285,3,2,1,250.0,1,5175.0,362250.0,-0.041,,,11,1423,0.306,estable,0.252,0.473,0.75835539281644,11.60839
148347591,Urbania,CHORRILLOS,150108,"Jirón Daniel Urrea N° 2xx, Dpto. 203 AL 603",Chorrillos,377000.0,42.0,8976.190476190477,1,1,0,0.0,1,5175.0,217350.0,-0.735,,,11,1423,0.306,estable,0.252,0.473,0.75835539281644,11.60839
90844707,Urbania,CHORRILLOS,150108,Jr Juno 190,Chorrillos,378000.0,78.0,4846.153846153846,3,2,0,150.0,1,5175.0,403650.0,0.064,,,11,1423,0.306,estable,0.252,0.473,0.75835539281644,11.60839
149738786,Urbania,CHORRILLOS,150108,Amplia Terraza | Cocina Americana | 3 Dormitorios | No Incluye Cochera,La Campiña,379000.0,86.0,4406.976744186047,3,2,0,250.0,10,5175.0,445050.0,0.148,,,11,1423,0.306,estable,0.252,0.473,0.75835539281644,11.60839
147231320,Urbania,CHORRILLOS,150108,Av. José Olaya 225,Chorrillos,379000.0,56.0,6767.857142857143,2,2,0,0.0,1,5175.0,289800.0,-0.308,,,11,1423,0.306,estable,0.252,0.473,0.75835539281644,11.60839
146623792,Urbania,CHORRILLOS,150108,Av. José Olaya Cuadra 5 Cerca a Plaza Vea de Iglesias,Chorrillos,379321.0,50.0,7586.42,2,2,1,0.0,1,5175.0,258750.0,-0.466,,,11,1423,0.306,estable,0.252,0.473,0.75835539281644,11.60839
149176417,Urbania,CHORRILLOS,150108,Vicente Espantoso al 100,Chorrillos,380000.0,86.0,4418.604651162791,3,2,1,225.0,1,5175.0,445050.0,0.146,,,11,1423,0.306,estable,0.252,0.473,0.75835539281644,11.60839
148812770,Urbania,CHORRILLOS,150108,Av. Alameda Sur,Los Cedros De Villa Etapa Iii,380800.0,99.0,3846.4646464646466,3,2,0,0.0,1,5175.0,512325.0,0.257,,,11,1423,0.306,estable,0.252,0.473,0.75835539281644,11.60839
146623833,Urbania,CHORRILLOS,150108,Av. José Olaya Cuadra 5 Cerca a Plaza Vea de Iglesias,Chorrillos,383719.0,71.0,5404.492957746479,3,2,1,0.0,10,5175.0,367425.0,-0.044,,,11,1423,0.306,estable,0.252,0.473,0.75835539281644,11.60839
149620601,Urbania,CHORRILLOS,150108,Av. Las Gaviotas al 400,Chorrillos,387000.0,58.0,6672.413793103448,2,2,0,0.0,1,5175.0,300150.0,-0.289,,,11,1423,0.306,estable,0.252,0.473,0.75835539281644,11.60839
149855006,Urbania,CHORRILLOS,150108,Calle Andrómeda,Ariosto Matellini,388000.0,67.0,5791.044776119403,3,3,0,300.0,1,5175.0,346725.0,-0.119,,,11,1423,0.306,estable,0.252,0.473,0.75835539281644,11.60839
148988431,Urbania,CHORRILLOS,150108,Av. Los Faisanes 335,Chorrillos,389000.0,89.0,4370.786516853933,3,2,0,249.0,10,5175.0,460575.0,0.155,,,11,1423,0.306,estable,0.252,0.473,0.75835539281644,11.60839
148727946,Urbania,CHORRILLOS,150108,Marsella,Los Cedros De Villa,390000.0,99.0,3939.3939393939395,3,2,1,60.0,1,5175.0,512325.0,0.239,,,11,1423,0.306,estable,0.252,0.473,0.75835539281644,11.60839
149207300,Urbania,CHORRILLOS,150108,Av. Mariscal Castilla 565,Chorrillos,390000.0,57.0,6842.105263157895,2,2,1,300.0,1,5175.0,294975.0,-0.322,,,11,1423,0.306,estable,0.252,0.473,0.75835539281644,11.60839
149873858,Urbania,CHORRILLOS,150108,av.  Jose  Olaya,Chorrillos,393300.0,60.0,6555.0,2,2,0,50.0,1,5175.0,310500.0,-0.267,,,11,1423,0.306,estable,0.252,0.473,0.75835539281644,11.60839
149609697,Urbania,CHORRILLOS,150108,Marsella,Los Cedros De Villa,395000.0,98.0,4030.612244897959,3,2,1,65.0,1,5175.0,507150.0,0.221,,,11,1423,0.306,estable,0.252,0.473,0.75835539281644,11.60839
149874531,Urbania,CHORRILLOS,150108,Av. 12 de Octubre Mz. A3 Lote 12,Chorrillos,398840.0,147.0,2713.197278911565,3,2,0,0.0,1,5175.0,760725.0,0.476,,,11,1423,0.306,estable,0.252,0.473,0.75835539281644,11.60839
146944703,Urbania,CHORRILLOS,150108,"JIRON SANTA TERESA, CHORRILLOS",Chorrillos,399600.0,92.0,4343.478260869565,2,2,1,1.0,10,5175.0,476100.0,0.161,,,11,1423,0.306,estable,0.252,0.473,0.75835539281644,11.60839
149765584,Urbania,CHORRILLOS,150108,Los Gorriones al 200,Chorrillos,400000.0,72.0,5555.555555555556,3,2,1,250.0,1,5175.0,372600.0,-0.074,,,11,1423,0.306,estable,0.252,0.473,0.75835539281644,11.60839
149874599,Urbania,CHORRILLOS,150108,Av. 12 de Octubre Mz. A3 lt. 2,Chorrillos,400192.0,133.0,3008.9624060150377,3,2,0,0.0,1,5175.0,688275.0,0.419,,,11,1423,0.306,estable,0.252,0.473,0.75835539281644,11.60839
149031027,Urbania,CHORRILLOS,150108,URB Cedros DE Villa,Chorrillos,400800.0,202.0,1984.1584158415842,3,6,0,0.0,1,5175.0,1045350.0,0.617,,,11,1423,0.306,estable,0.252,0.473,0.75835539281644,11.60839
145081271,Urbania,CHORRILLOS,150108,Av. Los Faisanes 485,Chorrillos,401000.0,63.0,6365.079365079365,3,2,0,0.0,1,5175.0,326025.0,-0.23,,,11,1423,0.306,estable,0.252,0.473,0.75835539281644,11.60839
149662766,Urbania,CHORRILLOS,150108,Impecable - Bello Flat DE 3 Dormitorios - Cochera - Piso 3,Ariosto Matellini,401195.0,90.0,4457.722222222223,3,2,1,70.0,10,5175.0,465750.0,0.139,,,11,1423,0.306,estable,0.252,0.473,0.75835539281644,11.60839
149891346,Urbania,CHORRILLOS,150108,SE Vende Depto EN Condominio LAS Torres 3ER Piso SIN Ascensor CON Estacionamiento EN Calle Andromeda Chorrillos,Chorrillos,401200.0,90.0,4457.777777777777,3,2,1,0.0,1,5175.0,465750.0,0.139,,,11,1423,0.306,estable,0.252,0.473,0.75835539281644,11.60839
149827299,Urbania,CHORRILLOS,150108,Calle Alameda los Horizontes al 900,Chorrillos,402000.0,94.0,4276.595744680851,3,2,1,200.0,1,5175.0,486450.0,0.174,,,11,1423,0.306,estable,0.252,0.473,0.75835539281644,11.60839
145475710,Urbania,CHORRILLOS,150108,Jirón Eleuteria,Los Cedros De Villa,403200.0,130.0,3101.5384615384614,3,2,0,0.0,1,5175.0,672750.0,0.401,,,11,1423,0.306,estable,0.252,0.473,0.75835539281644,11.60839
148521547,Urbania,CHORRILLOS,150108,"Condominios ""Las Torres de Matellini""",Chorrillos,403200.0,99.0,4072.7272727272725,3,2,1,250.0,10,5175.0,512325.0,0.213,,,11,1423,0.306,estable,0.252,0.473,0.75835539281644,11.60839
149871607,Urbania,CHORRILLOS,150108,Av. Los Faisanes 335,Chorrillos,405000.0,80.0,5062.5,3,2,0,300.0,1,5175.0,414000.0,0.022,,,11,1423,0.306,estable,0.252,0.473,0.75835539281644,11.60839
149350601,Urbania,CHORRILLOS,150108,Chorrillos al 100,Chorrillos,405375.0,58.0,6989.224137931034,1,1,0,220.0,1,5175.0,300150.0,-0.351,,,11,1423,0.306,estable,0.252,0.473,0.75835539281644,11.60839
149134609,Urbania,CHORRILLOS,150108,"Jiron Juno 184, Chorrillos",La Campiña,407000.0,66.0,6166.666666666667,3,2,1,0.0,1,5175.0,341550.0,-0.192,,,11,1423,0.306,estable,0.252,0.473,0.75835539281644,11.60839
149641914,Urbania,CHORRILLOS,150108,Av Almirante Miguel Grau 1438,Chorrillos,408000.0,42.0,9714.285714285714,1,1,1,250.0,1,5175.0,217350.0,-0.877,,,11,1423,0.306,estable,0.252,0.473,0.75835539281644,11.60839
148926945,Urbania,CHORRILLOS,150108,Urb. Los Cedros de Villa - III Etapa Av. Alameda Sur Manzana P,Los Cedros De Villa,408000.0,106.0,3849.056603773585,3,2,0,0.0,1,5175.0,548550.0,0.256,,,11,1423,0.306,estable,0.252,0.473,0.75835539281644,11.60839
146607110,Urbania,CHORRILLOS,150108,Av. José Olaya Cuadra 5 Cerca a Plaza Vea de Iglesias,Chorrillos,408000.0,68.0,6000.0,3,2,1,0.0,1,5175.0,351900.0,-0.159,,,11,1423,0.306,estable,0.252,0.473,0.75835539281644,11.60839
146578416,Urbania,CHORRILLOS,150108,"Av. Los Faisanes 277, Chorrillos 15054",Chorrillos,408885.0,95.0,4304.0526315789475,3,2,1,250.0,1,5175.0,491625.0,0.168,,,11,1423,0.306,estable,0.252,0.473,0.75835539281644,11.60839
149897805,Urbania,CHORRILLOS,150108,Avenida Las Gaviotas,Chorrillos,409000.0,66.0,6196.969696969697,3,2,1,0.0,1,5175.0,341550.0,-0.197,,,11,1423,0.306,estable,0.252,0.473,0.75835539281644,11.60839
147164153,Urbania,CHORRILLOS,150108,"Av José Olaya N° 2xx, Dpto. Tipo 15",Chorrillos,409550.0,56.0,7313.392857142857,1,2,1,0.0,1,5175.0,289800.0,-0.413,,,11,1423,0.306,estable,0.252,0.473,0.75835539281644,11.60839
148750682,Urbania,CHORRILLOS,150108,Avenida El Sol,Paseo De La Republica,410000.0,80.0,5125.0,3,2,1,250.0,1,5175.0,414000.0,0.01,,,11,1423,0.306,estable,0.252,0.473,0.75835539281644,11.60839
149630809,Urbania,CHORRILLOS,150108,Jr. Alameda Costa Norte Urbanización Las Brisas de Villa,Las Brisas De Villa,413100.0,106.0,3897.169811320755,2,2,0,0.0,1,5175.0,548550.0,0.247,,,11,1423,0.306,estable,0.252,0.473,0.75835539281644,11.60839
149327190,Urbania,CHORRILLOS,150108,Jr. Pedro Solari 242,Chorrillos,413177.0,55.0,7512.309090909091,2,2,0,280.0,1,5175.0,284625.0,-0.452,,,11,1423,0.306,estable,0.252,0.473,0.75835539281644,11.60839
90564388,Urbania,CHORRILLOS,150108,Av. Los Faisanes,Chorrillos,413500.0,65.0,6361.538461538462,3,2,1,0.0,1,5175.0,336375.0,-0.229,,,11,1423,0.306,estable,0.252,0.473,0.75835539281644,11.60839
148784950,Urbania,CHORRILLOS,150108,Avenida Los Faisanes,Chorrillos,415800.0,65.0,6396.923076923077,3,2,0,0.0,1,5175.0,336375.0,-0.236,,,11,1423,0.306,estable,0.252,0.473,0.75835539281644,11.60839
149461456,Urbania,CHORRILLOS,150108,Calle Los Alarifes,Chorrillos,419000.0,86.0,4872.093023255814,3,2,1,180.0,1,5175.0,445050.0,0.059,,,11,1423,0.306,estable,0.252,0.473,0.75835539281644,11.60839
149897877,Urbania,CHORRILLOS,150108,Avenida Alejandro Iglesias 105,Chorrillos,419000.0,73.0,5739.726027397261,3,2,1,290.0,1,5175.0,377775.0,-0.109,,,11,1423,0.306,estable,0.252,0.473,0.75835539281644,11.60839
90580724,Urbania,CHORRILLOS,150108,Av. Los Faisanes,Chorrillos,423200.0,65.0,6510.7692307692305,2,2,1,0.0,1,5175.0,336375.0,-0.258,,,11,1423,0.306,estable,0.252,0.473,0.75835539281644,11.60839
147503294,Urbania,CHORRILLOS,150108,Av. Malecón Costa Sur Esq. con Calle Othon,Chorrillos,424800.0,44.0,9654.545454545454,3,1,0,0.0,1,5175.0,227700.0,-0.866,,,11,1423,0.306,estable,0.252,0.473,0.75835539281644,11.60839
149514842,Urbania,CHORRILLOS,150108,Calle Menorca 100,Chorrillos,425000.0,127.0,3346.4566929133857,3,3,1,200.0,1,5175.0,657225.0,0.353,,,11,1423,0.306,estable,0.252,0.473,0.75835539281644,11.60839
148621776,Urbania,CHORRILLOS,150108,CALLE JAMAICA,Los Cedros De Villa Etapa Ii,425000.0,110.0,3863.6363636363635,3,2,0,0.0,1,5175.0,569250.0,0.253,,,11,1423,0.306,estable,0.252,0.473,0.75835539281644,11.60839
149463274,Urbania,CHORRILLOS,150108,Avenida Faisanes al 300,Chorrillos,425900.0,64.0,6654.6875,3,2,0,0.0,10,5175.0,331200.0,-0.286,,,11,1423,0.306,estable,0.252,0.473,0.75835539281644,11.60839
145718285,Urbania,CHORRILLOS,150108,AV. LAS Gaviotas 1XX Dpto X08 T1,Chorrillos,428000.0,68.0,6294.117647058823,3,2,1,0.0,1,5175.0,351900.0,-0.216,,,11,1423,0.306,estable,0.252,0.473,0.75835539281644,11.60839
149006467,Urbania,CHORRILLOS,150108,"Av José Olaya N° 2xx, Dpto. Tipo 8",Chorrillos,428170.0,55.0,7784.909090909091,1,2,1,0.0,1,5175.0,284625.0,-0.504,,,11,1423,0.306,estable,0.252,0.473,0.75835539281644,11.60839
145860319,Urbania,CHORRILLOS,150108,Gaviotas,Chorrillos,432000.0,68.0,6352.941176470588,3,2,1,0.0,1,5175.0,351900.0,-0.228,,,11,1423,0.306,estable,0.252,0.473,0.75835539281644,11.60839
149282647,Urbania,CHORRILLOS,150108,Calle Isla Jamaica Mz.B9 - Lt.18,Los Cedros De Villa,435500.0,105.0,4147.619047619048,3,3,0,50.0,1,5175.0,543375.0,0.199,,,11,1423,0.306,estable,0.252,0.473,0.75835539281644,11.60839
149873949,Urbania,CHORRILLOS,150108,k,Chorrillos,435500.0,103.0,4228.155339805825,3,2,0,0.0,1,5175.0,533025.0,0.183,,,11,1423,0.306,estable,0.252,0.473,0.75835539281644,11.60839
149496711,Urbania,CHORRILLOS,150108,Calle Lanai,Los Cedros De Villa,438000.0,127.0,3448.818897637795,3,2,0,0.0,1,5175.0,657225.0,0.334,,,11,1423,0.306,estable,0.252,0.473,0.75835539281644,11.60839
148449843,Urbania,CHORRILLOS,150108,"DEMETRIO RUIZ 171 ,CHORRILLOS A0 267M2 AC 153M2 6 HAB 3 BAÑOS",Chorrillos,438100.0,267.0,1640.8239700374531,6,3,0,1.0,1,5175.0,1381725.0,0.683,,,11,1423,0.306,estable,0.252,0.473,0.75835539281644,11.60839
148878139,Urbania,CHORRILLOS,150108,"Urb. Los Cedros de Villa Chorrillos, Calle Lobos de Afuera S/N",Los Cedros De Villa,445000.0,109.0,4082.5688073394494,4,2,2,0.0,1,5175.0,564075.0,0.211,,,11,1423,0.306,estable,0.252,0.473,0.75835539281644,11.60839
147674226,Urbania,CHORRILLOS,150108,Av. Alipio Ponce Vásquez 32,Chorrillos,445300.0,72.0,6184.722222222223,3,2,0,0.0,1,5175.0,372600.0,-0.195,,,11,1423,0.306,estable,0.252,0.473,0.75835539281644,11.60839
149307459,Urbania,CHORRILLOS,150108,Amplio Depa con Balcón y 3dorm en Chorrillos,Chorrillos,446059.0,67.0,6657.5970149253735,3,2,0,0.0,1,5175.0,346725.0,-0.286,,,11,1423,0.306,estable,0.252,0.473,0.75835539281644,11.60839
149738837,Urbania,CHORRILLOS,150108,Jirón A. Olivera  al 400,Chorrillos,446355.0,160.0,2789.71875,7,4,2,120.0,1,5175.0,828000.0,0.461,,,11,1423,0.306,estable,0.252,0.473,0.75835539281644,11.60839
145746986,Urbania,CHORRILLOS,150108,LAS CANARIAS,Los Cedros De Villa Etapa Ii,448500.0,106.0,4231.132075471698,3,2,1,300.0,1,5175.0,548550.0,0.182,,,11,1423,0.306,estable,0.252,0.473,0.75835539281644,11.60839
145910209,Urbania,CHORRILLOS,150108,calle 3,Alameda Sur De Villa,449000.0,125.0,3592.0,3,2,1,60.0,1,5175.0,646875.0,0.306,,,11,1423,0.306,estable,0.252,0.473,0.75835539281644,11.60839
149191152,Urbania,CHORRILLOS,150108,Jr. Pedro Solari 228,Chorrillos,450000.0,66.0,6818.181818181818,2,2,1,350.0,1,5175.0,341550.0,-0.318,,,11,1423,0.306,estable,0.252,0.473,0.75835539281644,11.60839
4133278,Urbania,CHORRILLOS,150108,Malecon Grau,Chorrillos,455000.0,110.0,4136.363636363636,2,1,1,275.0,10,5175.0,569250.0,0.201,,,11,1423,0.306,estable,0.252,0.473,0.75835539281644,11.60839
149873950,Urbania,CHORRILLOS,150108,K,Chorrillos,455600.0,108.0,4218.518518518518,3,2,0,0.0,1,5175.0,558900.0,0.185,,,11,1423,0.306,estable,0.252,0.473,0.75835539281644,11.60839
148812747,Urbania,CHORRILLOS,150108,Av. Alameda Sur,Los Huertos De Villa,459000.0,99.0,4636.363636363636,3,2,0,0.0,1,5175.0,512325.0,0.104,,,11,1423,0.306,estable,0.252,0.473,0.75835539281644,11.60839
148809022,Urbania,CHORRILLOS,150108,Urb. Matellini - Tercera Etapa Jr. Los Poetas,Chorrillos,465000.0,102.0,4558.823529411765,3,2,1,70.0,1,5175.0,527850.0,0.119,,,11,1423,0.306,estable,0.252,0.473,0.75835539281644,11.60839
143173211,Urbania,CHORRILLOS,150108,"Av Malecon Costa SUR N° Xxx, Dpto. 204 AL 1304",Chorrillos,470820.0,44.0,10700.454545454546,1,1,1,0.0,1,5175.0,227700.0,-1.068,,,11,1423,0.306,estable,0.252,0.473,0.75835539281644,11.60839
148325906,Urbania,CHORRILLOS,150108,malecon costasur,Chorrillos,472000.0,46.0,10260.869565217392,1,1,1,0.0,1,5175.0,238050.0,-0.983,,,11,1423,0.306,estable,0.252,0.473,0.75835539281644,11.60839
149306316,Urbania,CHORRILLOS,150108,Av las gaviotas 284,La Campiña,472600.0,192.0,2461.4583333333335,4,2,1,75.0,1,5175.0,993600.0,0.524,,,11,1423,0.306,estable,0.252,0.473,0.75835539281644,11.60839
147790355,Urbania,CHORRILLOS,150108,"AV. COSTANERA 355, CHORRILLOS",Chorrillos,476000.0,123.0,3869.918699186992,3,2,2,100.0,1,5175.0,636525.0,0.252,,,11,1423,0.306,estable,0.252,0.473,0.75835539281644,11.60839
148865689,Urbania,CHORRILLOS,150108,Avenida Jose Olaya  al 200,Chorrillos,477000.0,67.0,7119.4029850746265,3,2,0,0.0,1,5175.0,346725.0,-0.376,,,11,1423,0.306,estable,0.252,0.473,0.75835539281644,11.60839
148347601,Urbania,CHORRILLOS,150108,"Jirón Daniel Urrea N° 2xx, Dpto. 205 AL 705",Chorrillos,479000.0,58.0,8258.620689655172,2,2,0,0.0,1,5175.0,300150.0,-0.596,,,11,1423,0.306,estable,0.252,0.473,0.75835539281644,11.60839
148383850,Urbania,CHORRILLOS,150108,guardia civil sur 108,Chorrillos,487200.0,100.0,4872.0,3,2,1,150.0,1,5175.0,517500.0,0.059,,,11,1423,0.306,estable,0.252,0.473,0.75835539281644,11.60839
147164166,Urbania,CHORRILLOS,150108,"Av José Olaya N° 2xx, Dpto. Tipo 12",Chorrillos,488900.0,64.0,7639.0625,2,2,1,0.0,1,5175.0,331200.0,-0.476,,,11,1423,0.306,estable,0.252,0.473,0.75835539281644,11.60839
148032309,Urbania,CHORRILLOS,150108,MADRE SELVA,Chorrillos,490000.0,65.0,7538.461538461538,1,1,0,0.0,1,5175.0,336375.0,-0.457,,,11,1423,0.306,estable,0.252,0.473,0.75835539281644,11.60839
147164186,Urbania,CHORRILLOS,150108,"Av José Olaya N° 2xx, Dpto.tipo 11",Chorrillos,499580.0,66.0,7569.393939393939,2,2,1,0.0,1,5175.0,341550.0,-0.463,,,11,1423,0.306,estable,0.252,0.473,0.75835539281644,11.60839
148347627,Urbania,CHORRILLOS,150108,"Jirón Daniel Urrea N° 2xx, Dpto. 202 AL 702",Chorrillos,511000.0,59.0,8661.016949152543,2,2,0,0.0,1,5175.0,305325.0,-0.674,,,11,1423,0.306,estable,0.252,0.473,0.75835539281644,11.60839
148347635,Urbania,CHORRILLOS,150108,"Jirón Daniel Urrea N° 2xx, Dpto. 803",Chorrillos,515000.0,59.0,8728.813559322034,3,2,0,0.0,10,5175.0,305325.0,-0.687,,,11,1423,0.306,estable,0.252,0.473,0.75835539281644,11.60839
148525224,Urbania,CHORRILLOS,150108,Juan A. Olivera al 400,Chorrillos,525000.0,288.0,1822.9166666666667,7,4,2,0.0,1,5175.0,1490400.0,0.648,,,11,1423,0.306,estable,0.252,0.473,0.75835539281644,11.60839
149290103,Urbania,CHORRILLOS,150108,Calle Waikiki 178,Los Cedros De Villa,534780.0,84.0,6366.428571428572,3,2,2,0.0,1,5175.0,434700.0,-0.23,,,11,1423,0.306,estable,0.252,0.473,0.75835539281644,11.60839
149476159,Urbania,CHORRILLOS,150108,Malecón Grau,Chorrillos,535153.0,56.0,9556.30357142857,2,2,0,350.0,1,5175.0,289800.0,-0.847,,,11,1423,0.306,estable,0.252,0.473,0.75835539281644,11.60839
149006511,Urbania,CHORRILLOS,150108,"Av José Olaya N° 2xx, Dpto.tipo 3",Chorrillos,536000.0,69.0,7768.115942028986,2,2,1,0.0,1,5175.0,357075.0,-0.501,,,11,1423,0.306,estable,0.252,0.473,0.75835539281644,11.60839
149334466,Urbania,CHORRILLOS,150108,Jr. Santa Teresa Cuadra 7 - con Jr. Viera-chorrillos-lima,Chorrillos,536500.0,75.0,7153.333333333333,2,2,1,0.0,10,5175.0,388125.0,-0.382,,,11,1423,0.306,estable,0.252,0.473,0.75835539281644,11.60839
147401946,Urbania,CHORRILLOS,150108,"Jirón Independencia N° 3xx, Dpto. 204 AL 1204 A",Chorrillos,539447.0,76.0,7097.986842105263,3,2,0,0.0,1,5175.0,393300.0,-0.372,,,11,1423,0.306,estable,0.252,0.473,0.75835539281644,11.60839
149327179,Urbania,CHORRILLOS,150108,Jr. Pedro Solari 242,Chorrillos,544896.0,76.0,7169.684210526316,3,2,0,280.0,1,5175.0,393300.0,-0.385,,,11,1423,0.306,estable,0.252,0.473,0.75835539281644,11.60839
149765574,Urbania,CHORRILLOS,150108,calle Carlos Mellet varga 849 Urbanizacion Rosario de Villa_Chorrillos,Chorrillos,550000.0,103.0,5339.805825242718,3,2,0,0.0,6,5175.0,533025.0,-0.032,,,11,1423,0.306,estable,0.252,0.473,0.75835539281644,11.60839
149873676,Urbania,CHORRILLOS,150108,Chorrillos Barranco,Chorrillos,550000.0,95.0,5789.473684210527,3,2,1,100.0,1,5175.0,491625.0,-0.119,,,11,1423,0.306,estable,0.252,0.473,0.75835539281644,11.60839
148936745,Urbania,CHORRILLOS,150108,Calle Donald Douglas 100,Chorrillos,560000.0,218.0,2568.8073394495414,3,5,0,200.0,1,5175.0,1128150.0,0.504,,,11,1423,0.306,estable,0.252,0.473,0.75835539281644,11.60839
145338635,Urbania,CHORRILLOS,150108,Jr costa azul 183,Chorrillos,570400.0,135.0,4225.185185185185,4,3,0,150.0,1,5175.0,698625.0,0.184,,,11,1423,0.306,estable,0.252,0.473,0.75835539281644,11.60839
149491204,Urbania,CHORRILLOS,150108,Calle los Tumbos al 300,Ariosto Matellini,577500.0,193.0,2992.2279792746112,3,3,0,0.0,1,5175.0,998775.0,0.422,,,11,1423,0.306,estable,0.252,0.473,0.75835539281644,11.60839
149617636,Urbania,CHORRILLOS,150108,Av. Chorrillos,Chorrillos,583010.0,70.0,8328.714285714286,2,2,1,1.0,1,5175.0,362250.0,-0.609,,,11,1423,0.306,estable,0.252,0.473,0.75835539281644,11.60839
149237603,Urbania,CHORRILLOS,150108,Nelson Guia N°395,Chorrillos,587000.0,173.0,3393.063583815029,3,2,1,240.0,1,5175.0,895275.0,0.344,,,11,1423,0.306,estable,0.252,0.473,0.75835539281644,11.60839
149617851,Urbania,CHORRILLOS,150108,Avenida Chorrillos 150,Chorrillos,588000.0,71.0,8281.69014084507,2,2,1,0.0,1,5175.0,367425.0,-0.6,,,11,1423,0.306,estable,0.252,0.473,0.75835539281644,11.60839
148653463,Urbania,CHORRILLOS,150108,Av. Chorrillos 150,Villa Militar Chorrillos Oeste,594903.0,70.0,8498.614285714286,2,2,1,0.0,1,5175.0,362250.0,-0.642,,,11,1423,0.306,estable,0.252,0.473,0.75835539281644,11.60839
143881744,Urbania,CHORRILLOS,150108,"Calle Daniel Urrea N° 3xx, Dpto. 101",Chorrillos,602140.0,90.0,6690.444444444444,2,2,0,0.0,1,5175.0,465750.0,-0.293,,,11,1423,0.306,estable,0.252,0.473,0.75835539281644,11.60839
148674860,Urbania,CHORRILLOS,150108,San Ignacio 175,Los Cedros De Villa,603000.0,250.0,2412.0,5,5,1,0.0,1,5175.0,1293750.0,0.534,,,11,1423,0.306,estable,0.252,0.473,0.75835539281644,11.60839
149802811,Urbania,CHORRILLOS,150108,Jirón Juno 191,La Campiña,621000.0,152.0,4085.5263157894738,4,4,1,220.0,1,5175.0,786600.0,0.211,,,11,1423,0.306,estable,0.252,0.473,0.75835539281644,11.60839
143792611,Urbania,CHORRILLOS,150108,Jr. Pedro Solari,Chorrillos,626323.0,87.0,7199.114942528736,3,2,1,0.0,1,5175.0,450225.0,-0.391,,,11,1423,0.306,estable,0.252,0.473,0.75835539281644,11.60839
148364668,Urbania,CHORRILLOS,150108,12 de Octubre 4to Piso,Las Delicias De Villa,640000.0,455.0,1406.5934065934066,2,4,0,100.0,1,5175.0,2354625.0,0.728,,,11,1423,0.306,estable,0.252,0.473,0.75835539281644,11.60839
148085600,Urbania,CHORRILLOS,150108,"Calle Alfredo Narvaes, Chorrillos",Chorrillos,642550.0,147.0,4371.088435374149,4,2,0,0.0,1,5175.0,760725.0,0.155,,,11,1423,0.306,estable,0.252,0.473,0.75835539281644,11.60839
148809014,Urbania,CHORRILLOS,150108,Santa Maria de Villa Chorrillos Calle B 116,Santa Maria De Villa,645000.0,218.0,2958.7155963302753,4,5,0,0.0,1,5175.0,1128150.0,0.428,,,11,1423,0.306,estable,0.252,0.473,0.75835539281644,11.60839
148347645,Urbania,CHORRILLOS,150108,"Jirón Daniel Urrea N° 2xx, Dpto. 201 AL 601",Chorrillos,657000.0,80.0,8212.5,3,2,0,0.0,1,5175.0,414000.0,-0.587,,,11,1423,0.306,estable,0.252,0.473,0.75835539281644,11.60839
149225249,Urbania,CHORRILLOS,150108,Lizandro de La Puente Cardenas 100,Santa Leonor,663300.0,152.0,4363.815789473684,4,3,1,0.0,1,5175.0,786600.0,0.157,,,11,1423,0.306,estable,0.252,0.473,0.75835539281644,11.60839
148511731,Urbania,CHORRILLOS,150108,Av Alameda Los Horizontes  al 700,Chorrillos,668640.0,320.0,2089.5,4,3,0,0.0,1,5175.0,1656000.0,0.596,,,11,1423,0.306,estable,0.252,0.473,0.75835539281644,11.60839
148033102,Urbania,CHORRILLOS,150108,MADRE SELVA,Chorrillos,687450.0,94.0,7313.297872340426,3,1,1,0.0,1,5175.0,486450.0,-0.413,,,11,1423,0.306,estable,0.252,0.473,0.75835539281644,11.60839
4613319,Urbania,CHORRILLOS,150108,Avenida Chorrillos,Chorrillos,702556.0,94.0,7474.0,3,2,1,0.0,1,5175.0,486450.0,-0.444,,,11,1423,0.306,estable,0.252,0.473,0.75835539281644,11.60839
148051296,Urbania,CHORRILLOS,150108,Av. Chorrillos,Chorrillos,707200.0,94.0,7523.404255319149,3,2,1,0.0,10,5175.0,486450.0,-0.454,,,11,1423,0.306,estable,0.252,0.473,0.75835539281644,11.60839
149716435,Urbania,CHORRILLOS,150108,Av. Chorrillos  al 600,Chorrillos,722000.0,135.0,5348.148148148148,2,2,1,400.0,1,5175.0,698625.0,-0.033,,,11,1423,0.306,estable,0.252,0.473,0.75835539281644,11.60839
149888037,Urbania,CHORRILLOS,150108,Malecon Grau Chorrillos,Chorrillos,748000.0,135.0,5540.740740740741,3,2,1,560.0,1,5175.0,698625.0,-0.071,,,11,1423,0.306,estable,0.252,0.473,0.75835539281644,11.60839
148347696,Urbania,CHORRILLOS,150108,"Jirón Daniel Urrea N° 2xx, Dpto. 805",Chorrillos,765000.0,114.0,6710.526315789473,3,2,0,0.0,1,5175.0,589950.0,-0.297,,,11,1423,0.306,estable,0.252,0.473,0.75835539281644,11.60839
145646878,Urbania,CHORRILLOS,150108,Av. José Olaya - Departamento en Venta - A 1 Cuadra de la Av. Malecón Grau,Chorrillos,777777.0,136.0,5718.948529411765,3,3,1,0.0,1,5175.0,703800.0,-0.105,,,11,1423,0.306,estable,0.252,0.473,0.75835539281644,11.60839
148347683,Urbania,CHORRILLOS,150108,"Jirón Daniel Urrea N° 2xx, Dpto. 802",Chorrillos,781000.0,102.0,7656.862745098039,3,2,0,0.0,10,5175.0,527850.0,-0.48,,,11,1423,0.306,estable,0.252,0.473,0.75835539281644,11.60839
149166775,Urbania,CHORRILLOS,150108,Dario Torres al 100,Costa Sur,789000.0,106.0,7443.396226415094,3,2,1,0.0,1,5175.0,548550.0,-0.438,,,11,1423,0.306,estable,0.252,0.473,0.75835539281644,11.60839
143112425,Urbania,CHORRILLOS,150108,Daniel Urrea,Chorrillos,810300.0,90.0,9003.333333333334,2,1,1,0.0,1,5175.0,465750.0,-0.74,,,11,1423,0.306,estable,0.252,0.473,0.75835539281644,11.60839
146637457,Urbania,CHORRILLOS,150108,Calle Dario Torres,Chorrillos,814000.0,127.0,6409.4488188976375,4,3,2,0.0,1,5175.0,657225.0,-0.239,,,11,1423,0.306,estable,0.252,0.473,0.75835539281644,11.60839
144548825,Urbania,CHORRILLOS,150108,Adolfo Viera,Chorrillos,816000.0,145.0,5627.586206896552,3,2,2,450.0,1,5175.0,750375.0,-0.087,,,11,1423,0.306,estable,0.252,0.473,0.75835539281644,11.60839
148698525,Urbania,CHORRILLOS,150108,JR Tambo Real  al 100,Chorrillos,822500.0,278.0,2958.63309352518,4,3,0,0.0,1,5175.0,1438650.0,0.428,,,11,1423,0.306,estable,0.252,0.473,0.75835539281644,11.60839
147803622,Urbania,CHORRILLOS,150108,Calle ADOLFO VIERA  236 - 201,Chorrillos,832800.0,145.0,5743.448275862069,3,2,2,450.0,1,5175.0,750375.0,-0.11,,,11,1423,0.306,estable,0.252,0.473,0.75835539281644,11.60839
143986447,Urbania,CHORRILLOS,150108,MALECON COSTA AZUL,Chorrillos,836000.0,95.0,8800.0,3,3,0,400.0,1,5175.0,491625.0,-0.7,,,11,1423,0.306,estable,0.252,0.473,0.75835539281644,11.60839
148347708,Urbania,CHORRILLOS,150108,"Jirón Daniel Urrea N° 2xx, Dpto. 801",Chorrillos,865000.0,118.0,7330.5084745762715,3,2,0,0.0,1,5175.0,610650.0,-0.417,,,11,1423,0.306,estable,0.252,0.473,0.75835539281644,11.60839
141960762,Urbania,CHORRILLOS,150108,OTHO GASTHAÑETA,Chorrillos,885600.0,87.0,10179.310344827587,1,1,1,0.0,1,5175.0,450225.0,-0.967,,,11,1423,0.306,estable,0.252,0.473,0.75835539281644,11.60839
144118325,Urbania,CHORRILLOS,150108,Malecón Costa Sur,Chorrillos,893342.0,96.0,9305.645833333334,3,2,1,0.0,1,5175.0,496800.0,-0.798,,,11,1423,0.306,estable,0.252,0.473,0.75835539281644,11.60839
147846633,Urbania,CHORRILLOS,150108,Dario Torres,Chorrillos,897000.0,132.0,6795.454545454545,3,2,2,0.0,1,5175.0,683100.0,-0.313,,,11,1423,0.306,estable,0.252,0.473,0.75835539281644,11.60839
146088596,Urbania,CHORRILLOS,150108,Malecón Grau 439,Chorrillos,901000.0,153.0,5888.888888888889,3,3,2,800.0,1,5175.0,791775.0,-0.138,,,11,1423,0.306,estable,0.252,0.473,0.75835539281644,11.60839
147466107,Urbania,CHORRILLOS,150108,"Malecón Grau N° 2xx, Dpto. 1101",Chorrillos,956529.0,114.0,8390.605263157895,3,2,1,0.0,1,5175.0,589950.0,-0.621,,,11,1423,0.306,estable,0.252,0.473,0.75835539281644,11.60839
4592982,Urbania,CHORRILLOS,150108,Darío Torres,Chorrillos,993600.0,140.0,7097.142857142857,3,2,2,450.0,1,5175.0,724500.0,-0.371,,,11,1423,0.306,estable,0.252,0.473,0.75835539281644,11.60839
149815235,Urbania,CHORRILLOS,150108,Pasaje Mirabel  125,Chorrillos,1013200.0,160.0,6332.5,2,2,1,0.0,10,5175.0,828000.0,-0.224,,,11,1423,0.306,estable,0.252,0.473,0.75835539281644,11.60839
148566356,Urbania,CHORRILLOS,150108,Malecón GRAU  -,Chorrillos,1061550.0,125.0,8492.4,2,2,2,650.0,1,5175.0,646875.0,-0.641,,,11,1423,0.306,estable,0.252,0.473,0.75835539281644,11.60839
149258809,Urbania,CHORRILLOS,150108,Malecón Grau,Chorrillos,1088000.0,156.0,6974.358974358975,3,2,2,900.0,1,5175.0,807300.0,-0.348,,,11,1423,0.306,estable,0.252,0.473,0.75835539281644,11.60839
146768490,Urbania,CHORRILLOS,150108,"Av Chorrillos 1, Urb Costa Sur, Chorrillos",Chorrillos,1258000.0,204.0,6166.666666666667,3,2,0,1.0,1,5175.0,1055700.0,-0.192,,,11,1423,0.306,estable,0.252,0.473,0.75835539281644,11.60839
145081276,Urbania,CHORRILLOS,150108,Mal. Costa Sur 356,Chorrillos,1280200.0,129.0,9924.031007751939,3,2,0,0.0,1,5175.0,667575.0,-0.918,,,11,1423,0.306,estable,0.252,0.473,0.75835539281644,11.60839
146616686,Urbania,CHORRILLOS,150108,"Av. Chorrillos 646, Uni. Inmob. 132, Dpto. 1407, Urb. Quebrada de Tenderini, Chorrillos",Chorrillos,1295000.0,146.0,8869.86301369863,3,3,1,0.0,1,5175.0,755550.0,-0.714,,,11,1423,0.306,estable,0.252,0.473,0.75835539281644,11.60839
146767277,Urbania,CHORRILLOS,150108,Av Chorrillos 1,Chorrillos,1322600.0,165.0,8015.757575757576,3,2,0,0.0,1,5175.0,853875.0,-0.549,,,11,1423,0.306,estable,0.252,0.473,0.75835539281644,11.60839
149538138,Urbania,CHORRILLOS,150108,Miguel Grau,Chorrillos,1500750.0,290.0,5175.0,4,3,2,900.0,1,5175.0,1500750.0,0.0,,,11,1423,0.306,estable,0.252,0.473,0.75835539281644,11.60839
146768718,Urbania,CHORRILLOS,150108,"Malecon Grau, Chorrillos",Chorrillos,1591000.0,204.0,7799.019607843137,3,2,2,1.0,1,5175.0,1055700.0,-0.507,,,11,1423,0.306,estable,0.252,0.473,0.75835539281644,11.60839
145081288,Urbania,CHORRILLOS,150108,Mal. Costa Sur 356,Chorrillos,1628000.0,146.0,11150.684931506848,3,2,0,0.0,1,5175.0,755550.0,-1.155,,,11,1423,0.306,estable,0.252,0.473,0.75835539281644,11.60839
149629257,Urbania,CHORRILLOS,150108,Malecón Grau,Chorrillos,2373200.0,294.0,8072.108843537415,3,3,3,1700.0,1,5175.0,1521450.0,-0.56,,,11,1423,0.306,estable,0.252,0.473,0.75835539281644,11.60839
145124808,Urbania,CHORRILLOS,150108,Malecón Grau,Chorrillos,2411200.0,412.0,5852.42718446602,4,4,2,1369.0,1,5175.0,2132100.0,-0.131,,,11,1423,0.306,estable,0.252,0.473,0.75835539281644,11.60839
148990127,Urbania,CHORRILLOS,150108,"Malecón Grau N 2, Piso 1, Chorrillos.",Chorrillos,2428750.0,294.0,8261.054421768707,3,5,3,0.0,1,5175.0,1521450.0,-0.596,,,11,1423,0.306,estable,0.252,0.473,0.75835539281644,11.60839
148976988,Urbania,CHORRILLOS,150108,"Calle Malecón Grau N 2, Piso 1, Chorrillos",Chorrillos,2512500.0,330.0,7613.636363636364,4,2,4,0.0,10,5175.0,1707750.0,-0.471,,,11,1423,0.306,estable,0.252,0.473,0.75835539281644,11.60839
147179347,Urbania,CHORRILLOS,150108,Malecón Grau,Chorrillos,2654225.0,390.0,6805.705128205128,3,3,3,0.0,1,5175.0,2018250.0,-0.315,,,11,1423,0.306,estable,0.252,0.473,0.75835539281644,11.60839
146197523,Urbania,CHORRILLOS,150108,Chorrillos,Chorrillos,2668000.0,293.0,9105.80204778157,3,3,3,0.0,1,5175.0,1516275.0,-0.76,,,11,1423,0.306,estable,0.252,0.473,0.75835539281644,11.60839
149316033,Urbania,CHORRILLOS,150108,Malecon Grau,Chorrillos,3738700.0,683.0,5473.93850658858,3,5,3,2469.0,1,5175.0,3534525.0,-0.058,,,11,1423,0.306,estable,0.252,0.473,0.75835539281644,11.60839
66161053,Urbania,CHORRILLOS,150108,MALECÓN GRAU 260,Chorrillos,4342000.0,770.0,5638.961038961039,3,4,3,2500.0,1,5175.0,3984750.0,-0.09,,,11,1423,0.306,estable,0.252,0.473,0.75835539281644,11.60839
148633271,Urbania,COMAS,150110,"Riva Aguero 257, Comas 15312, Perú",Comas,107184.0,40.0,2679.6,2,1,0,0.0,1,2880.0,115200.0,0.07,,,8,2236,0.317,estable,0.303,0.493,0.721892698840011,16.044523
148897541,Urbania,COMAS,150110,Pueblo Joven Pampa de Comas,Comas,123600.0,102.0,1211.764705882353,1,1,0,0.0,1,2880.0,293760.0,0.579,,,8,2236,0.317,estable,0.303,0.493,0.721892698840011,16.044523
149760604,Urbania,COMAS,150110,Jr. San Martín 350,Comas,123600.0,102.0,1211.764705882353,4,1,0,0.0,1,2880.0,293760.0,0.579,,,8,2236,0.317,estable,0.303,0.493,0.721892698840011,16.044523
149268996,Urbania,COMAS,150110,Jr. Las Américas,Comas,129906.0,50.0,2598.12,3,1,0,0.0,1,2880.0,144000.0,0.098,,,8,2236,0.317,estable,0.303,0.493,0.721892698840011,16.044523
149359769,Urbania,COMAS,150110,Micaela Bastidas,Comas,130000.0,55.0,2363.6363636363635,2,1,0,99.0,1,2880.0,158400.0,0.179,,,8,2236,0.317,estable,0.303,0.493,0.721892698840011,16.044523
149647129,Urbania,COMAS,150110,Manuel González Prada,Comas,135000.0,50.0,2700.0,3,1,0,100.0,1,2880.0,144000.0,0.062,,,8,2236,0.317,estable,0.303,0.493,0.721892698840011,16.044523
149703403,Urbania,COMAS,150110,condominio Los Girasoles,Comas,135000.0,50.0,2700.0,3,1,0,90.0,1,2880.0,144000.0,0.062,,,8,2236,0.317,estable,0.303,0.493,0.721892698840011,16.044523
148276027,Urbania,COMAS,150110,Felipe Pinglo Alva al 100,La Pascana,136000.0,71.0,1915.4929577464789,2,1,0,0.0,1,2880.0,204480.0,0.335,,,8,2236,0.317,estable,0.303,0.493,0.721892698840011,16.044523
149847300,Urbania,COMAS,150110,Sangarara  al 500,El Pinar,139000.0,49.0,2836.734693877551,1,1,0,100.0,1,2880.0,141120.0,0.015,,,8,2236,0.317,estable,0.303,0.493,0.721892698840011,16.044523
149028820,Urbania,COMAS,150110,Ca. 21 287-239,Comas,140000.0,54.0,2592.5925925925926,2,1,0,0.0,1,2880.0,155520.0,0.1,,,8,2236,0.317,estable,0.303,0.493,0.721892698840011,16.044523
147906614,Urbania,COMAS,150110,"Av. Micaela Bastidas 919, Comas 15",Comas,148750.0,51.0,2916.6666666666665,2,1,0,0.0,1,2880.0,146880.0,-0.013,,,8,2236,0.317,estable,0.303,0.493,0.721892698840011,16.044523
147969854,Urbania,COMAS,150110,"Av. Micaela Bastidas 919, Comas, Perú",El Retablo,149000.0,50.0,2980.0,2,1,0,0.0,1,2880.0,144000.0,-0.035,,,8,2236,0.317,estable,0.303,0.493,0.721892698840011,16.044523
148123857,Urbania,COMAS,150110,"C. 34 187, Comas 15316, Perú",Comas,149210.0,106.0,1407.6415094339623,3,1,0,0.0,1,2880.0,305280.0,0.511,,,8,2236,0.317,estable,0.303,0.493,0.721892698840011,16.044523
149548219,Urbania,COMAS,150110,Avenida Manuel Gonzalez Prada 1201,Comas,155000.0,50.0,3100.0,2,1,0,100.0,1,2880.0,144000.0,-0.076,,,8,2236,0.317,estable,0.303,0.493,0.721892698840011,16.044523
149456759,Urbania,COMAS,150110,Condominio Los Laureles 4ta Etapa,Comas,159000.0,51.0,3117.6470588235293,3,1,0,99.0,1,2880.0,146880.0,-0.083,,,8,2236,0.317,estable,0.303,0.493,0.721892698840011,16.044523
149844136,Urbania,COMAS,150110,Av. A N.° 790,Comas,160000.0,51.0,3137.2549019607845,3,1,0,100.0,10,2880.0,146880.0,-0.089,,,8,2236,0.317,estable,0.303,0.493,0.721892698840011,16.044523
149865196,Urbania,COMAS,150110,Av. A 790,Comas,160000.0,50.0,3200.0,3,1,0,100.0,1,2880.0,144000.0,-0.111,,,8,2236,0.317,estable,0.303,0.493,0.721892698840011,16.044523
149397338,Urbania,COMAS,150110,Micaela Bastidas,Comas,165000.0,55.0,3000.0,3,1,0,125.0,1,2880.0,158400.0,-0.042,,,8,2236,0.317,estable,0.303,0.493,0.721892698840011,16.044523
149358997,Urbania,COMAS,150110,Micaela Bastidas,Comas,165000.0,53.0,3113.2075471698113,3,1,0,125.0,1,2880.0,152640.0,-0.081,,,8,2236,0.317,estable,0.303,0.493,0.721892698840011,16.044523
143672582,Urbania,COMAS,150110,LOS GIRASOLES TERCERA ETAPA,Comas,170000.0,50.0,3400.0,3,1,0,150.0,1,2880.0,144000.0,-0.181,,,8,2236,0.317,estable,0.303,0.493,0.721892698840011,16.044523
149169432,Urbania,COMAS,150110,Condominio Los Laureles 4ta Etapa,Comas,170000.0,50.0,3400.0,3,1,0,0.0,1,2880.0,144000.0,-0.181,,,8,2236,0.317,estable,0.303,0.493,0.721892698840011,16.044523
149849734,Urbania,COMAS,150110,Yauyos 150,San Felipe,172500.0,74.0,2331.0810810810813,3,2,0,0.0,1,2880.0,213120.0,0.191,,,8,2236,0.317,estable,0.303,0.493,0.721892698840011,16.044523
149874542,Urbania,COMAS,150110,Residencial Villajacaranda,Comas,174000.0,62.0,2806.451612903226,3,1,0,110.0,1,2880.0,178560.0,0.026,,,8,2236,0.317,estable,0.303,0.493,0.721892698840011,16.044523
146741092,Urbania,COMAS,150110,jr Bosques de Huayllay Comas,Comas,174200.0,73.0,2386.301369863014,2,2,0,0.0,10,2880.0,210240.0,0.171,,,8,2236,0.317,estable,0.303,0.493,0.721892698840011,16.044523
148292288,Urbania,COMAS,150110,Felipe Pinglo Alva al 100,Comas,176490.0,71.0,2485.774647887324,2,1,0,0.0,1,2880.0,204480.0,0.137,,,8,2236,0.317,estable,0.303,0.493,0.721892698840011,16.044523
147948015,Urbania,COMAS,150110,"Jiron, Leon Pinelo 205 Urb, Huquillay 15312, Perú",Comas,181980.0,90.0,2022.0,3,1,0,0.0,1,2880.0,259200.0,0.298,,,8,2236,0.317,estable,0.303,0.493,0.721892698840011,16.044523
146724471,Urbania,COMAS,150110,Av. Victor Andrés Belaunde 1220,Manuel Gonzales Prada Zn.a,182000.0,60.0,3033.3333333333335,3,1,0,120.0,1,2880.0,172800.0,-0.053,,,8,2236,0.317,estable,0.303,0.493,0.721892698840011,16.044523
148541504,Urbania,COMAS,150110,Calle 17 URB EL Pinar MZ B2 Lote 42,Comas,187600.0,104.0,1803.8461538461538,3,1,0,0.0,10,2880.0,299520.0,0.374,,,8,2236,0.317,estable,0.303,0.493,0.721892698840011,16.044523
149568009,Urbania,COMAS,150110,Avenida Retablo,Comas,190000.0,110.0,1727.2727272727273,4,3,0,0.0,10,2880.0,316800.0,0.4,,,8,2236,0.317,estable,0.303,0.493,0.721892698840011,16.044523
149815444,Urbania,COMAS,150110,Manuel Gonzales Prada 123,Comas,190000.0,50.0,3800.0,3,1,1,0.0,1,2880.0,144000.0,-0.319,,,8,2236,0.317,estable,0.303,0.493,0.721892698840011,16.044523
149735570,Urbania,COMAS,150110,Condominio Torres las Praderas (Mz E),El Retablo,194000.0,55.0,3527.2727272727275,3,1,0,0.0,1,2880.0,158400.0,-0.225,,,8,2236,0.317,estable,0.303,0.493,0.721892698840011,16.044523
148010011,Urbania,COMAS,150110,"Juan Montoya 254, Comas 15326",Comas,194880.0,84.0,2320.0,2,1,0,0.0,1,2880.0,241920.0,0.194,,,8,2236,0.317,estable,0.303,0.493,0.721892698840011,16.044523
149775107,Urbania,COMAS,150110,Urb Chacra Cerro,Comas,195000.0,68.0,2867.6470588235293,3,2,0,0.0,1,2880.0,195840.0,0.004,,,8,2236,0.317,estable,0.303,0.493,0.721892698840011,16.044523
149115427,Urbania,COMAS,150110,Jr Cusco,Comas,197650.0,101.0,1956.930693069307,3,2,0,0.0,1,2880.0,290880.0,0.321,,,8,2236,0.317,estable,0.303,0.493,0.721892698840011,16.044523
147713266,Urbania,COMAS,150110,condominio los nogales,Comas,199999.0,72.0,2777.7638888888887,3,2,1,150.0,1,2880.0,207360.0,0.035,,,8,2236,0.317,estable,0.303,0.493,0.721892698840011,16.044523
149547998,Urbania,COMAS,150110,"Condominio Los Girasoles, Tercera Etapa",Chacra Cerro,202300.0,50.0,4046.0,2,1,1,120.0,10,2880.0,144000.0,-0.405,,,8,2236,0.317,estable,0.303,0.493,0.721892698840011,16.044523
147107047,Urbania,COMAS,150110,Av. Sangarara 546,Comas,203000.0,69.0,2942.0289855072465,3,1,0,0.0,1,2880.0,198720.0,-0.022,,,8,2236,0.317,estable,0.303,0.493,0.721892698840011,16.044523
149129518,Urbania,COMAS,150110,Pasaje Año Nuevo zona E  Comas,Comas,206400.0,70.0,2948.5714285714284,2,1,0,0.0,1,2880.0,201600.0,-0.024,,,8,2236,0.317,estable,0.303,0.493,0.721892698840011,16.044523
148541507,Urbania,COMAS,150110,Jr Mariano Necochea al 400,Comas,207000.0,83.0,2493.975903614458,2,2,0,45.0,10,2880.0,239040.0,0.134,,,8,2236,0.317,estable,0.303,0.493,0.721892698840011,16.044523
146291620,Urbania,COMAS,150110,Alameda del Pinar-cerca a Makro. Urb. Alameda DEL Pinar,Comas,207000.0,89.0,2325.8426966292136,3,2,0,0.0,1,2880.0,256320.0,0.192,,,8,2236,0.317,estable,0.303,0.493,0.721892698840011,16.044523
149459517,Urbania,COMAS,150110,Av. Micaela Bastidas 1246,Comas,209763.0,53.0,3957.7924528301887,3,1,0,0.0,1,2880.0,152640.0,-0.374,,,8,2236,0.317,estable,0.303,0.493,0.721892698840011,16.044523
149801945,Urbania,COMAS,150110,Condominio Torres las Praderas Mz E - Puerta E3,Comas,210000.0,56.0,3750.0,3,1,0,80.0,1,2880.0,161280.0,-0.302,,,8,2236,0.317,estable,0.303,0.493,0.721892698840011,16.044523
147503664,Urbania,COMAS,150110,Pasaje Trentiuno 300,Comas,218300.0,62.0,3520.967741935484,2,2,0,0.0,1,2880.0,178560.0,-0.223,,,8,2236,0.317,estable,0.303,0.493,0.721892698840011,16.044523
149496067,Urbania,COMAS,150110,Urb. Huaquillay 2da Etapa Comas,Comas,218880.0,76.0,2880.0,3,1,0,0.0,1,2880.0,218880.0,0.0,,,8,2236,0.317,estable,0.303,0.493,0.721892698840011,16.044523
149079777,Urbania,COMAS,150110,Av. Micaela Bastidas 919,Comas,220000.0,68.0,3235.294117647059,3,2,0,145.0,1,2880.0,195840.0,-0.123,,,8,2236,0.317,estable,0.303,0.493,0.721892698840011,16.044523
146607540,Urbania,COMAS,150110,3W7P+6M5 Comas,El Retablo Ii,220000.0,84.0,2619.0476190476193,2,1,0,0.0,1,2880.0,241920.0,0.091,,,8,2236,0.317,estable,0.303,0.493,0.721892698840011,16.044523
149898648,Urbania,COMAS,150110,Torres Del Campo,Comas,220000.0,70.0,3142.8571428571427,3,2,0,138.0,1,2880.0,201600.0,-0.091,,,8,2236,0.317,estable,0.303,0.493,0.721892698840011,16.044523
148045313,Urbania,COMAS,150110,Mateo Silva  Santa Luzmila Comas,Santa Luzmila,221000.0,97.0,2278.3505154639174,2,1,0,0.0,1,2880.0,279360.0,0.209,,,8,2236,0.317,estable,0.303,0.493,0.721892698840011,16.044523
148654312,Urbania,COMAS,150110,Arguedas 159,Comas,222300.0,83.0,2678.3132530120483,3,2,0,0.0,1,2880.0,239040.0,0.07,,,8,2236,0.317,estable,0.303,0.493,0.721892698840011,16.044523
147846630,Urbania,COMAS,150110,Ca. Mama Ocllo,Comas,227500.0,106.0,2146.2264150943397,3,1,0,0.0,1,2880.0,305280.0,0.255,,,8,2236,0.317,estable,0.303,0.493,0.721892698840011,16.044523
147090122,Urbania,COMAS,150110,Comas,Comas,234300.0,76.0,3082.8947368421054,3,1,0,0.0,1,2880.0,218880.0,-0.07,,,8,2236,0.317,estable,0.303,0.493,0.721892698840011,16.044523
147780004,Urbania,COMAS,150110,Torres del campo,Santa Luzmila,235000.0,83.0,2831.3253012048194,3,2,1,110.0,1,2880.0,239040.0,0.017,,,8,2236,0.317,estable,0.303,0.493,0.721892698840011,16.044523
148083166,Urbania,COMAS,150110,"Mariano Necochea 461, Comas",Comas,235000.0,86.0,2732.5581395348836,2,2,0,0.0,1,2880.0,247680.0,0.051,,,8,2236,0.317,estable,0.303,0.493,0.721892698840011,16.044523
149061879,Urbania,COMAS,150110,República de Israel Puerta Nª 5,Comas,235000.0,59.0,3983.0508474576272,3,2,0,115.0,1,2880.0,169920.0,-0.383,,,8,2236,0.317,estable,0.303,0.493,0.721892698840011,16.044523
146680126,Urbania,COMAS,150110,Calle Jose Baquijano Y Carrillo 107,Santa Luzmila,235200.0,80.0,2940.0,3,2,0,30.0,1,2880.0,230400.0,-0.021,,,8,2236,0.317,estable,0.303,0.493,0.721892698840011,16.044523
149902504,Urbania,COMAS,150110,La Alameda Del Pinar,Comas,239450.0,115.0,2082.1739130434785,3,2,0,0.0,1,2880.0,331200.0,0.277,,,8,2236,0.317,estable,0.303,0.493,0.721892698840011,16.044523
147092868,Urbania,COMAS,150110,Manuel González Prada 1521 Comas,Comas,240000.0,59.0,4067.7966101694915,3,1,0,130.0,1,2880.0,169920.0,-0.412,,,8,2236,0.317,estable,0.303,0.493,0.721892698840011,16.044523
147055420,Urbania,COMAS,150110,Jr Lima  - La Libertad - Comas,Comas,241920.0,68.0,3557.6470588235293,2,2,0,0.0,1,2880.0,195840.0,-0.235,,,8,2236,0.317,estable,0.303,0.493,0.721892698840011,16.044523
149537228,Urbania,COMAS,150110,Urb Santo Domingo Etapa 3,Comas,244300.0,78.0,3132.051282051282,3,1,0,0.0,1,2880.0,224640.0,-0.088,,,8,2236,0.317,estable,0.303,0.493,0.721892698840011,16.044523
148654156,Urbania,COMAS,150110,Arguedas 159,Comas,247900.0,101.0,2454.4554455445545,3,2,0,0.0,1,2880.0,290880.0,0.148,,,8,2236,0.317,estable,0.303,0.493,0.721892698840011,16.044523
149370486,Urbania,COMAS,150110,Av. Micaela Bastidas 1261,Comas,258750.0,83.0,3117.4698795180725,3,2,0,200.0,10,2880.0,239040.0,-0.082,,,8,2236,0.317,estable,0.303,0.493,0.721892698840011,16.044523
147503722,Urbania,COMAS,150110,Calle 6,Alameda Del Pinar,264056.0,99.0,2667.2323232323233,3,2,0,0.0,1,2880.0,285120.0,0.074,,,8,2236,0.317,estable,0.303,0.493,0.721892698840011,16.044523
144957985,Urbania,COMAS,150110,Jr. Puquio,Comas,265000.0,85.0,3117.6470588235293,2,2,0,0.0,1,2880.0,244800.0,-0.083,,,8,2236,0.317,estable,0.303,0.493,0.721892698840011,16.044523
144957993,Urbania,COMAS,150110,Jr Puquio,Comas,265000.0,82.0,3231.7073170731705,2,2,0,0.0,1,2880.0,236160.0,-0.122,,,8,2236,0.317,estable,0.303,0.493,0.721892698840011,16.044523
149308822,Urbania,COMAS,150110,Avenida Belaunde Oeste 1305,Comas,270000.0,73.0,3698.6301369863013,3,1,1,200.0,1,2880.0,210240.0,-0.284,,,8,2236,0.317,estable,0.303,0.493,0.721892698840011,16.044523
149508557,Urbania,COMAS,150110,Bolivar 160,Comas,273600.0,124.0,2206.451612903226,4,2,0,0.0,1,2880.0,357120.0,0.234,,,8,2236,0.317,estable,0.303,0.493,0.721892698840011,16.044523
147060419,Urbania,COMAS,150110,"CALLE 24 COMAS , urb el pinar",Comas,284000.0,123.0,2308.9430894308944,3,3,0,0.0,1,2880.0,354240.0,0.198,,,8,2236,0.317,estable,0.303,0.493,0.721892698840011,16.044523
149273466,Urbania,COMAS,150110,Av. Republica del Peru 1091,Huaquillay Et.1,285000.0,100.0,2850.0,3,1,0,0.0,1,2880.0,288000.0,0.01,,,8,2236,0.317,estable,0.303,0.493,0.721892698840011,16.044523
148984283,Urbania,COMAS,150110,"San Jorge 130, Comas",Comas,287000.0,101.0,2841.5841584158416,4,2,0,0.0,1,2880.0,290880.0,0.013,,,8,2236,0.317,estable,0.303,0.493,0.721892698840011,16.044523
148218524,Urbania,COMAS,150110,CONDOMINIO TORRES VISTA SOL,El Retablo,293000.0,73.0,4013.698630136986,3,2,1,0.0,1,2880.0,210240.0,-0.394,,,8,2236,0.317,estable,0.303,0.493,0.721892698840011,16.044523
149040079,Urbania,COMAS,150110,"Calle 9, Comas 15117",El Retablo,295000.0,86.0,3430.232558139535,3,2,0,175.0,1,2880.0,247680.0,-0.191,,,8,2236,0.317,estable,0.303,0.493,0.721892698840011,16.044523
149417536,Urbania,COMAS,150110,Jirón 9 N° 406,Comas,295000.0,83.0,3554.2168674698796,3,2,0,210.0,1,2880.0,239040.0,-0.234,,,8,2236,0.317,estable,0.303,0.493,0.721892698840011,16.044523
147364375,Urbania,COMAS,150110,Calle Bernardo Monteagudo,El Retablo,295000.0,73.0,4041.095890410959,3,2,0,150.0,1,2880.0,210240.0,-0.403,,,8,2236,0.317,estable,0.303,0.493,0.721892698840011,16.044523
147983614,Urbania,COMAS,150110,Condominio Alameda Algarrobos,Comas,297500.0,79.0,3765.8227848101264,3,2,1,0.0,1,2880.0,227520.0,-0.308,,,8,2236,0.317,estable,0.303,0.493,0.721892698840011,16.044523
149710995,Urbania,COMAS,150110,3WMX+2FJ,Comas,298350.0,116.0,2571.9827586206898,3,3,1,0.0,1,2880.0,334080.0,0.107,,,8,2236,0.317,estable,0.303,0.493,0.721892698840011,16.044523
149121128,Urbania,COMAS,150110,Jose Olaya,Comas,299040.0,124.0,2411.6129032258063,3,2,0,0.0,1,2880.0,357120.0,0.163,,,8,2236,0.317,estable,0.303,0.493,0.721892698840011,16.044523
149123442,Urbania,COMAS,150110,Jose Olaya,Comas,299040.0,124.0,2411.6129032258063,3,2,0,0.0,1,2880.0,357120.0,0.163,,,8,2236,0.317,estable,0.303,0.493,0.721892698840011,16.044523
149495852,Urbania,COMAS,150110,C. 19 de Julio 160,Comas,307800.0,91.0,3382.4175824175823,3,1,0,0.0,1,2880.0,262080.0,-0.174,,,8,2236,0.317,estable,0.303,0.493,0.721892698840011,16.044523
149532051,Urbania,COMAS,150110,C. 19 de Julio 149,Villa Hiper,320150.0,93.0,3442.47311827957,3,2,0,0.0,1,2880.0,267840.0,-0.195,,,8,2236,0.317,estable,0.303,0.493,0.721892698840011,16.044523
149636375,Urbania,COMAS,150110,Eucaliptos,Comas,345000.0,210.0,1642.857142857143,4,4,1,0.0,1,2880.0,604800.0,0.43,,,8,2236,0.317,estable,0.303,0.493,0.721892698840011,16.044523
149726863,Urbania,COMAS,150110,Ficus,Comas,349000.0,209.0,1669.8564593301435,3,4,1,0.0,10,2880.0,601920.0,0.42,,,8,2236,0.317,estable,0.303,0.493,0.721892698840011,16.044523
149439998,Urbania,COMAS,150110,Las Palmas,Comas,349999.0,89.0,3932.5730337078653,3,2,0,229.0,1,2880.0,256320.0,-0.365,,,8,2236,0.317,estable,0.303,0.493,0.721892698840011,16.044523
148764304,Urbania,COMAS,150110,"Jr. Francisco Alvariño, Urb. Retablo a Pocos Pasos de Metro",El Retablo,385250.0,121.0,3183.884297520661,4,2,1,0.0,1,2880.0,348480.0,-0.106,,,8,2236,0.317,estable,0.303,0.493,0.721892698840011,16.044523
149247182,Urbania,COMAS,150110,Condominio Top - Mambo Tress,Comas,390000.0,104.0,3750.0,4,2,0,0.0,1,2880.0,299520.0,-0.302,,,8,2236,0.317,estable,0.303,0.493,0.721892698840011,16.044523
149198260,Urbania,COMAS,150110,Azalias 198,Comas,415200.0,121.0,3431.404958677686,2,2,0,1.0,1,2880.0,348480.0,-0.191,,,8,2236,0.317,estable,0.303,0.493,0.721892698840011,16.044523
149087169,Urbania,JESUS MARIA,150113,Jr. Huáscar al 1400,Jesús María,250000.0,34.0,7352.941176470588,1,1,0,0.0,1,7389.0,251226.0,0.005,2102.95,,7,372,0.296,estable,0.512,0.608,0.837189592782548,0.519235
148946225,Urbania,JESUS MARIA,150113,Canterac al 300,Jesús María,251000.0,48.0,5229.166666666667,1,1,0,70.0,1,7389.0,354672.0,0.292,2102.95,,7,372,0.296,estable,0.512,0.608,0.837189592782548,0.519235
148997727,Urbania,JESUS MARIA,150113,Av. Mello Franco 372,Jesús María,276000.0,47.0,5872.340425531915,1,1,0,120.0,1,7389.0,347283.0,0.205,2102.95,,7,372,0.296,estable,0.512,0.608,0.837189592782548,0.519235
149905144,Urbania,JESUS MARIA,150113,Jirón Larrabure Y Unanue 200,Jesús María,285271.0,61.0,4676.573770491803,1,1,0,0.0,1,7389.0,450729.0,0.367,2102.95,,7,372,0.296,estable,0.512,0.608,0.837189592782548,0.519235
149730638,Urbania,JESUS MARIA,150113,Av. Brasil 1079,Jesús María,292800.0,42.0,6971.428571428572,1,1,0,0.0,1,7389.0,310338.0,0.057,2102.95,,7,372,0.296,estable,0.512,0.608,0.837189592782548,0.519235
148535098,Urbania,JESUS MARIA,150113,AV. BRASIL,Jesús María,306000.0,70.0,4371.428571428572,3,2,0,180.0,1,7389.0,517230.0,0.408,2102.95,,7,372,0.296,estable,0.512,0.608,0.837189592782548,0.519235
149251169,Urbania,JESUS MARIA,150113,Gregorio Escobedo,Jesús María,307000.0,40.0,7675.0,1,1,0,225.0,1,7389.0,295560.0,-0.039,2102.95,,7,372,0.296,estable,0.512,0.608,0.837189592782548,0.519235
148353089,Urbania,JESUS MARIA,150113,Avenida General Eugenio Garzón 1545,Jesús María,310000.0,40.0,7750.0,1,1,1,180.0,1,7389.0,295560.0,-0.049,2102.95,,7,372,0.296,estable,0.512,0.608,0.837189592782548,0.519235
149447237,Urbania,JESUS MARIA,150113,Av. Brasil,Jesús María,311000.0,42.0,7404.761904761905,1,1,0,200.0,1,7389.0,310338.0,-0.002,2102.95,,7,372,0.296,estable,0.512,0.608,0.837189592782548,0.519235
146304204,Urbania,JESUS MARIA,150113,Departamento Ubicado Cerca a la Av. Brasil y Avenidas Principales,Jesús María,312500.0,40.0,7812.5,1,1,0,0.0,1,7389.0,295560.0,-0.057,2102.95,,7,372,0.296,estable,0.512,0.608,0.837189592782548,0.519235
149889774,Urbania,JESUS MARIA,150113,"Av Husares DE Junin N° 6xx, Dpto. 309 AL 1009",Jesús María,320632.0,45.0,7125.155555555555,1,1,1,0.0,1,7389.0,332505.0,0.036,2102.95,,7,372,0.296,estable,0.512,0.608,0.837189592782548,0.519235
147873694,Urbania,JESUS MARIA,150113,Jr. Natalio Sánchez 287,Jesús María,322000.0,45.0,7155.555555555556,2,1,0,0.0,1,7389.0,332505.0,0.032,2102.95,,7,372,0.296,estable,0.512,0.608,0.837189592782548,0.519235
148813225,Urbania,JESUS MARIA,150113,Av. Brasil  al 800,Jesús María,326610.0,70.0,4665.857142857143,3,2,0,0.0,1,7389.0,517230.0,0.369,2102.95,,7,372,0.296,estable,0.512,0.608,0.837189592782548,0.519235
149100011,Urbania,JESUS MARIA,150113,Jr. Cnel Camilo Carrillo al 200 -pet Spa - Sauna - Fitness Center - Cine- Longe Bar-rooftop,Jesús María,327900.0,45.0,7286.666666666667,1,1,0,0.0,1,7389.0,332505.0,0.014,2102.95,,7,372,0.296,estable,0.512,0.608,0.837189592782548,0.519235
148735096,Urbania,JESUS MARIA,150113,Av Gral Garzón al 2000,Jesús María,330000.0,42.0,7857.142857142857,1,1,0,0.0,1,7389.0,310338.0,-0.063,2102.95,,7,372,0.296,estable,0.512,0.608,0.837189592782548,0.519235
149746015,Urbania,JESUS MARIA,150113,Av. Brasil,Jesús María,336600.0,56.0,6010.714285714285,2,1,0,150.0,1,7389.0,413784.0,0.187,2102.95,,7,372,0.296,estable,0.512,0.608,0.837189592782548,0.519235
149132085,Urbania,JESUS MARIA,150113,"AV. Gral. Eugenio Garzon, Jesus Maria",Jesús María,341714.0,42.0,8136.047619047619,1,1,0,0.0,1,7389.0,310338.0,-0.101,2102.95,,7,372,0.296,estable,0.512,0.608,0.837189592782548,0.519235
149031661,Urbania,JESUS MARIA,150113,Av Gral Garzón,Jesús María,342000.0,42.0,8142.857142857143,1,1,0,0.0,10,7389.0,310338.0,-0.102,2102.95,,7,372,0.296,estable,0.512,0.608,0.837189592782548,0.519235
149258760,Urbania,JESUS MARIA,150113,Av. Brasil  al 863,Jesús María,346500.0,57.0,6078.9473684210525,2,1,1,0.0,1,7389.0,421173.0,0.177,2102.95,,7,372,0.296,estable,0.512,0.608,0.837189592782548,0.519235
149888298,Urbania,JESUS MARIA,150113,Avenida República de Chile 490,Jesús María,348000.0,40.0,8700.0,1,1,0,0.0,1,7389.0,295560.0,-0.177,2102.95,,7,372,0.296,estable,0.512,0.608,0.837189592782548,0.519235
149502958,Urbania,JESUS MARIA,150113,Av. José María Plaza 429,Jesús María,348355.0,45.0,7741.222222222223,1,1,0,0.0,1,7389.0,332505.0,-0.048,2102.95,,7,372,0.296,estable,0.512,0.608,0.837189592782548,0.519235
149097691,Urbania,JESUS MARIA,150113,Av. Cuba cuadra 11 jesus maria,Jesús María,350000.0,56.0,6250.0,1,2,0,250.0,10,7389.0,413784.0,0.154,2102.95,,7,372,0.296,estable,0.512,0.608,0.837189592782548,0.519235
143350798,Urbania,JESUS MARIA,150113,Av. República de Chile,Jesús María,350000.0,40.0,8750.0,1,1,0,180.0,1,7389.0,295560.0,-0.184,2102.95,,7,372,0.296,estable,0.512,0.608,0.837189592782548,0.519235
149615943,Urbania,JESUS MARIA,150113,Pasaje Santiago 2380,Jesús María,350000.0,91.0,3846.153846153846,3,1,0,0.0,1,7389.0,672399.0,0.479,2102.95,,7,372,0.296,estable,0.512,0.608,0.837189592782548,0.519235
149157924,Urbania,JESUS MARIA,150113,Av. Brasil 861,Jesús María,350900.0,62.0,5659.677419354839,2,1,0,152.0,1,7389.0,458118.0,0.234,2102.95,,7,372,0.296,estable,0.512,0.608,0.837189592782548,0.519235
149684282,Urbania,JESUS MARIA,150113,Avenida Republica De Chile 664,Santa Beatriz,353000.0,85.0,4152.941176470588,2,2,0,0.0,1,7389.0,628065.0,0.438,2102.95,,7,372,0.296,estable,0.512,0.608,0.837189592782548,0.519235
148084358,Urbania,JESUS MARIA,150113,Pasaje Ideal al 100,Jesús María,353513.0,76.0,4651.486842105263,3,2,1,120.0,1,7389.0,561564.0,0.37,2102.95,,7,372,0.296,estable,0.512,0.608,0.837189592782548,0.519235
149121282,Urbania,JESUS MARIA,150113,Pumacahua,Jesús María,355000.0,34.0,10441.176470588236,1,1,0,0.0,1,7389.0,251226.0,-0.413,2102.95,,7,372,0.296,estable,0.512,0.608,0.837189592782548,0.519235
149087137,Urbania,JESUS MARIA,150113,Jr. Huáscar al 1400,Jesús María,356000.0,50.0,7120.0,2,2,0,0.0,1,7389.0,369450.0,0.036,2102.95,,7,372,0.296,estable,0.512,0.608,0.837189592782548,0.519235
149603869,Urbania,JESUS MARIA,150113,Av. San  Felipe 800,Jesús María,365000.0,57.0,6403.508771929824,2,1,0,260.0,1,7389.0,421173.0,0.133,2102.95,,7,372,0.296,estable,0.512,0.608,0.837189592782548,0.519235
149232587,Urbania,JESUS MARIA,150113,Jr Ramon Dagnino al 276,Jesús María,365000.0,42.0,8690.47619047619,1,1,0,180.0,1,7389.0,310338.0,-0.176,2102.95,,7,372,0.296,estable,0.512,0.608,0.837189592782548,0.519235
143170578,Urbania,JESUS MARIA,150113,San Felipe,Jesús María,367000.0,53.0,6924.528301886792,1,1,1,0.0,10,7389.0,391617.0,0.063,2102.95,,7,372,0.296,estable,0.512,0.608,0.837189592782548,0.519235
149273131,Urbania,JESUS MARIA,150113,Arnaldo Marquez al 600,Jesús María,370000.0,66.0,5606.060606060606,1,2,0,165.0,1,7389.0,487674.0,0.241,2102.95,,7,372,0.296,estable,0.512,0.608,0.837189592782548,0.519235
149760186,Urbania,JESUS MARIA,150113,Av. Faustino Sánchez Carrión 611,Residencial San Felipe,370000.0,53.0,6981.132075471698,2,2,0,0.0,10,7389.0,391617.0,0.055,2102.95,,7,372,0.296,estable,0.512,0.608,0.837189592782548,0.519235
146194994,Urbania,JESUS MARIA,150113,AV. GREGORIO ESCOBEDO,Jesús María,375000.0,41.0,9146.341463414634,1,1,0,210.0,1,7389.0,302949.0,-0.238,2102.95,,7,372,0.296,estable,0.512,0.608,0.837189592782548,0.519235
147419904,Urbania,JESUS MARIA,150113,GARIBALDI,Jesús María,376336.0,41.0,9178.926829268292,3,1,0,180.0,1,7389.0,302949.0,-0.242,2102.95,,7,372,0.296,estable,0.512,0.608,0.837189592782548,0.519235
149038929,Urbania,JESUS MARIA,150113,Jirón Rio de Janeiro 257,Jesús María,378398.0,47.0,8051.021276595745,1,1,0,0.0,1,7389.0,347283.0,-0.09,2102.95,,7,372,0.296,estable,0.512,0.608,0.837189592782548,0.519235
149857951,Urbania,JESUS MARIA,150113,San Felipe al 2200,Jesús María,384000.0,42.0,9142.857142857143,1,1,0,0.0,1,7389.0,310338.0,-0.237,2102.95,,7,372,0.296,estable,0.512,0.608,0.837189592782548,0.519235
149889732,Urbania,JESUS MARIA,150113,"Av Husares DE Junin N° 6xx, Dpto. 302 AL 1402",Jesús María,385654.0,55.0,7011.890909090909,2,2,1,0.0,1,7389.0,406395.0,0.051,2102.95,,7,372,0.296,estable,0.512,0.608,0.837189592782548,0.519235
147856825,Urbania,JESUS MARIA,150113,"Av. Salaverry 571, Jesús María",Jesús María,390000.0,40.0,9750.0,1,1,0,0.0,1,7389.0,295560.0,-0.32,2102.95,,7,372,0.296,estable,0.512,0.608,0.837189592782548,0.519235
149874648,Urbania,JESUS MARIA,150113,Av. San Felipe 787,Jesús María,390000.0,41.0,9512.19512195122,1,1,1,180.0,1,7389.0,302949.0,-0.287,2102.95,,7,372,0.296,estable,0.512,0.608,0.837189592782548,0.519235
149798033,Urbania,JESUS MARIA,150113,Av. Brasil al 600,Jesús María,396750.0,70.0,5667.857142857143,3,2,0,130.0,1,7389.0,517230.0,0.233,2102.95,,7,372,0.296,estable,0.512,0.608,0.837189592782548,0.519235
147164206,Urbania,JESUS MARIA,150113,"JR. Huascar N°17xx, Dpto 602",Jesús María,399000.0,44.0,9068.181818181818,1,1,1,0.0,1,7389.0,325116.0,-0.227,2102.95,,7,372,0.296,estable,0.512,0.608,0.837189592782548,0.519235
149642137,Urbania,JESUS MARIA,150113,Av. Arenales,Jesús María,400000.0,75.0,5333.333333333333,2,2,1,0.0,1,7389.0,554175.0,0.278,2102.95,,7,372,0.296,estable,0.512,0.608,0.837189592782548,0.519235
144819522,Urbania,JESUS MARIA,150113,Av. Brasil,Jesús María,400952.0,56.0,7159.857142857143,2,2,0,0.0,1,7389.0,413784.0,0.031,2102.95,,7,372,0.296,estable,0.512,0.608,0.837189592782548,0.519235
148420535,Urbania,JESUS MARIA,150113,Cuba  al 1000,Jesús María,401880.0,46.0,8736.521739130434,1,2,0,0.0,1,7389.0,339894.0,-0.182,2102.95,,7,372,0.296,estable,0.512,0.608,0.837189592782548,0.519235
149904079,Urbania,JESUS MARIA,150113,Av. Brasil 673,Jesús María,402500.0,70.0,5750.0,3,2,0,130.0,1,7389.0,517230.0,0.222,2102.95,,7,372,0.296,estable,0.512,0.608,0.837189592782548,0.519235
148846658,Urbania,JESUS MARIA,150113,Av. San Felipe,Jesús María,403560.0,62.0,6509.032258064516,2,2,0,0.0,1,7389.0,458118.0,0.119,2102.95,,7,372,0.296,estable,0.512,0.608,0.837189592782548,0.519235
144809370,Urbania,JESUS MARIA,150113,Av. Cuba,Jesús María,408200.0,52.0,7850.0,2,2,1,185.0,10,7389.0,384228.0,-0.062,2102.95,,7,372,0.296,estable,0.512,0.608,0.837189592782548,0.519235
149662390,Urbania,JESUS MARIA,150113,Av 28 de Julio  al 300,Jesús María,410000.0,56.0,7321.428571428572,2,2,1,0.0,1,7389.0,413784.0,0.009,2102.95,,7,372,0.296,estable,0.512,0.608,0.837189592782548,0.519235
149435498,Urbania,JESUS MARIA,150113,Calle Burgos 179,Residencial San Felipe,413000.0,57.0,7245.6140350877195,2,2,1,180.0,1,7389.0,421173.0,0.019,2102.95,,7,372,0.296,estable,0.512,0.608,0.837189592782548,0.519235
148827534,Urbania,JESUS MARIA,150113,Av. Brasil 23,Jesús María,413500.0,58.0,7129.310344827586,2,2,0,250.0,1,7389.0,428562.0,0.035,2102.95,,7,372,0.296,estable,0.512,0.608,0.837189592782548,0.519235
148820186,Urbania,JESUS MARIA,150113,Avenida Arnaldo Márquez 1053,Jesús María,415000.0,77.0,5389.61038961039,3,2,0,200.0,1,7389.0,568953.0,0.271,2102.95,,7,372,0.296,estable,0.512,0.608,0.837189592782548,0.519235
149904498,Urbania,JESUS MARIA,150113,"AV. Republica DE Chile 400, Dpto 1408",Jesús María,418800.0,60.0,6980.0,2,2,0,200.0,1,7389.0,443340.0,0.055,2102.95,,7,372,0.296,estable,0.512,0.608,0.837189592782548,0.519235
147781543,Urbania,JESUS MARIA,150113,republica de chile 490,Jesús María,420000.0,60.0,7000.0,2,2,0,200.0,1,7389.0,443340.0,0.053,2102.95,,7,372,0.296,estable,0.512,0.608,0.837189592782548,0.519235
149909656,Urbania,JESUS MARIA,150113,"Jesús María, Av. Brasil 1775",Jesús María,421200.0,61.0,6904.918032786885,3,2,0,200.0,1,7389.0,450729.0,0.066,2102.95,,7,372,0.296,estable,0.512,0.608,0.837189592782548,0.519235
147954891,Urbania,JESUS MARIA,150113,Av. Brasil 2363,Jesús María,425000.0,58.0,7327.586206896552,2,2,0,0.0,1,7389.0,428562.0,0.008,2102.95,,7,372,0.296,estable,0.512,0.608,0.837189592782548,0.519235
147050438,Urbania,JESUS MARIA,150113,Departamento de 2 Dormitorios en Jesús María Cerca a la Av. Brasil,Jesús María,430000.0,57.0,7543.859649122807,2,2,0,0.0,1,7389.0,421173.0,-0.021,2102.95,,7,372,0.296,estable,0.512,0.608,0.837189592782548,0.519235
149651547,Urbania,JESUS MARIA,150113,Av. Olavegoya 1855,Jesús María,431250.0,65.0,6634.615384615385,1,1,1,360.0,1,7389.0,480285.0,0.102,2102.95,,7,372,0.296,estable,0.512,0.608,0.837189592782548,0.519235
147164331,Urbania,JESUS MARIA,150113,"JR. Huascar N°17xx, Dpto 301",Jesús María,435000.0,53.0,8207.547169811322,1,1,1,0.0,1,7389.0,391617.0,-0.111,2102.95,,7,372,0.296,estable,0.512,0.608,0.837189592782548,0.519235
147615882,Urbania,JESUS MARIA,150113,AVENIDA CUBA,Jesús María,437400.0,51.0,8576.470588235294,2,2,0,0.0,1,7389.0,376839.0,-0.161,2102.95,,7,372,0.296,estable,0.512,0.608,0.837189592782548,0.519235
149720025,Urbania,JESUS MARIA,150113,Jirón Ramón Dagnino,Jesús María,440000.0,60.0,7333.333333333333,2,2,1,210.0,1,7389.0,443340.0,0.008,2102.95,,7,372,0.296,estable,0.512,0.608,0.837189592782548,0.519235
147905384,Urbania,JESUS MARIA,150113,av Cuba  al 500,Jesús María,442000.0,48.0,9208.333333333334,1,1,0,0.0,1,7389.0,354672.0,-0.246,2102.95,,7,372,0.296,estable,0.512,0.608,0.837189592782548,0.519235
147615820,Urbania,JESUS MARIA,150113,AVENIDA CUBA,Jesús María,442500.0,55.0,8045.454545454545,2,2,0,0.0,1,7389.0,406395.0,-0.089,2102.95,,7,372,0.296,estable,0.512,0.608,0.837189592782548,0.519235
149142383,Urbania,JESUS MARIA,150113,"Calle Rio De Janeiro N 1, Piso 4, Jesús María",Jesús María,445550.0,84.0,5304.166666666667,3,2,0,0.0,1,7389.0,620676.0,0.282,2102.95,,7,372,0.296,estable,0.512,0.608,0.837189592782548,0.519235
4648089,Urbania,JESUS MARIA,150113,Brasil,Jesús María,445804.0,60.0,7430.066666666667,2,2,1,0.0,1,7389.0,443340.0,-0.006,2102.95,,7,372,0.296,estable,0.512,0.608,0.837189592782548,0.519235
145847811,Urbania,JESUS MARIA,150113,Jr Pachacutec,Jesús María,446550.0,59.0,7568.64406779661,2,2,0,0.0,1,7389.0,435951.0,-0.024,2102.95,,7,372,0.296,estable,0.512,0.608,0.837189592782548,0.519235
149853441,Urbania,JESUS MARIA,150113,Av. Cuba cuadra 12,Jesús María,450000.0,58.0,7758.620689655172,2,2,0,0.0,1,7389.0,428562.0,-0.05,2102.95,,7,372,0.296,estable,0.512,0.608,0.837189592782548,0.519235
148850681,Urbania,JESUS MARIA,150113,Av. San Felipe 1190,Jesús María,450000.0,60.0,7500.0,2,2,0,260.0,1,7389.0,443340.0,-0.015,2102.95,,7,372,0.296,estable,0.512,0.608,0.837189592782548,0.519235
149352292,Urbania,JESUS MARIA,150113,Av. Arenales,Jesús María,452250.0,57.0,7934.210526315789,2,2,0,240.0,1,7389.0,421173.0,-0.074,2102.95,,7,372,0.296,estable,0.512,0.608,0.837189592782548,0.519235
145005421,Urbania,JESUS MARIA,150113,Av. Petit Thouars,Jesús María,453460.0,65.0,6976.307692307692,3,2,1,0.0,1,7389.0,480285.0,0.056,2102.95,,7,372,0.296,estable,0.512,0.608,0.837189592782548,0.519235
147022738,Urbania,JESUS MARIA,150113,Almirante Guisse,Jesús María,453570.0,69.0,6573.478260869565,2,2,0,150.0,1,7389.0,509841.0,0.11,2102.95,,7,372,0.296,estable,0.512,0.608,0.837189592782548,0.519235
149100030,Urbania,JESUS MARIA,150113,Jr. Cnel Camilo Carrillo al 200 -pet Spa - Sauna - Fitness Center - Cine- Longe Bar-rooftop,Jesús María,454500.0,65.0,6992.307692307692,2,2,0,0.0,1,7389.0,480285.0,0.054,2102.95,,7,372,0.296,estable,0.512,0.608,0.837189592782548,0.519235
147900797,Urbania,JESUS MARIA,150113,Av. San Felipe  al 400,Jesús María,455000.0,47.0,9680.851063829787,1,1,0,0.0,1,7389.0,347283.0,-0.31,2102.95,,7,372,0.296,estable,0.512,0.608,0.837189592782548,0.519235
149426067,Urbania,JESUS MARIA,150113,DOMINGO MILLAN 250,Oyague,455900.0,66.0,6907.575757575758,3,1,0,145.0,10,7389.0,487674.0,0.065,2102.95,,7,372,0.296,estable,0.512,0.608,0.837189592782548,0.519235
149042627,Urbania,JESUS MARIA,150113,Av. Mello Franco,Jesús María,456720.0,70.0,6524.571428571428,2,2,1,250.0,1,7389.0,517230.0,0.117,2102.95,,7,372,0.296,estable,0.512,0.608,0.837189592782548,0.519235
144994121,Urbania,JESUS MARIA,150113,AV. Brasil Nº 17xx Dpto 405,Jesús María,458730.0,60.0,7645.5,2,2,1,0.0,1,7389.0,443340.0,-0.035,2102.95,,7,372,0.296,estable,0.512,0.608,0.837189592782548,0.519235
147955413,Urbania,JESUS MARIA,150113,Av San Felipe 787,Jesús María,459800.0,56.0,8210.714285714286,2,2,0,0.0,1,7389.0,413784.0,-0.111,2102.95,,7,372,0.296,estable,0.512,0.608,0.837189592782548,0.519235
149153227,Urbania,JESUS MARIA,150113,Av. Republica de Chile al 700,Jesús María,460000.0,51.0,9019.607843137255,2,2,1,0.0,1,7389.0,376839.0,-0.221,2102.95,,7,372,0.296,estable,0.512,0.608,0.837189592782548,0.519235
143348955,Urbania,JESUS MARIA,150113,Jr. Estados Unidos N°135 Jesus Maria,Jesús María,460800.0,65.0,7089.2307692307695,2,2,1,0.0,1,7389.0,480285.0,0.041,2102.95,,7,372,0.296,estable,0.512,0.608,0.837189592782548,0.519235
148324204,Urbania,JESUS MARIA,150113,"Jirón Ramón Dagnino 287, Jesus Maria",Jesús María,468000.0,65.0,7200.0,3,2,0,0.0,1,7389.0,480285.0,0.026,2102.95,,7,372,0.296,estable,0.512,0.608,0.837189592782548,0.519235
149889783,Urbania,JESUS MARIA,150113,"Av Husares DE Junin N° 6xx, Dpto. 1807",Jesús María,469000.0,79.0,5936.708860759493,2,2,1,0.0,1,7389.0,583731.0,0.197,2102.95,,7,372,0.296,estable,0.512,0.608,0.837189592782548,0.519235
147363782,Urbania,JESUS MARIA,150113,Av Cuba,Jesús María,472000.0,60.0,7866.666666666667,2,2,0,200.0,1,7389.0,443340.0,-0.065,2102.95,,7,372,0.296,estable,0.512,0.608,0.837189592782548,0.519235
149522012,Urbania,JESUS MARIA,150113,Av. Brasil,Jesús María,475000.0,112.0,4241.071428571428,2,2,0,30.0,1,7389.0,827568.0,0.426,2102.95,,7,372,0.296,estable,0.512,0.608,0.837189592782548,0.519235
147993814,Urbania,JESUS MARIA,150113,Av. San Felipe,Jesús María,475500.0,60.0,7925.0,3,2,0,0.0,1,7389.0,443340.0,-0.073,2102.95,,7,372,0.296,estable,0.512,0.608,0.837189592782548,0.519235
148186960,Urbania,JESUS MARIA,150113,AV. SAN FELIPE  JESUS MARIA,Jesús María,479750.0,64.0,7496.09375,1,2,0,0.0,1,7389.0,472896.0,-0.014,2102.95,,7,372,0.296,estable,0.512,0.608,0.837189592782548,0.519235
146345629,Urbania,JESUS MARIA,150113,Arenales 9,Santa Beatriz,480000.0,65.0,7384.615384615385,3,2,1,250.0,1,7389.0,480285.0,0.001,2102.95,,7,372,0.296,estable,0.512,0.608,0.837189592782548,0.519235
144485582,Urbania,JESUS MARIA,150113,AVENIDA SAN FELIPE,Jesús María,482166.0,56.0,8610.107142857143,2,1,0,226.0,1,7389.0,413784.0,-0.165,2102.95,,7,372,0.296,estable,0.512,0.608,0.837189592782548,0.519235
147428575,Urbania,JESUS MARIA,150113,"Av José María Plaza N° 4xx, Dpto. 1006",Jesús María,482625.0,63.0,7660.714285714285,2,2,0,0.0,10,7389.0,465507.0,-0.037,2102.95,,7,372,0.296,estable,0.512,0.608,0.837189592782548,0.519235
147856743,Urbania,JESUS MARIA,150113,Av. San Felipe 787,Jesús María,484000.0,56.0,8642.857142857143,2,2,0,300.0,1,7389.0,413784.0,-0.17,2102.95,,7,372,0.296,estable,0.512,0.608,0.837189592782548,0.519235
149864211,Urbania,JESUS MARIA,150113,Avenida San Felipe  al 700,Jesús María,485000.0,57.0,8508.771929824561,2,2,1,0.0,1,7389.0,421173.0,-0.152,2102.95,,7,372,0.296,estable,0.512,0.608,0.837189592782548,0.519235
149266400,Urbania,JESUS MARIA,150113,Av. San Felipe,Jesús María,485000.0,66.0,7348.484848484848,2,2,0,0.0,1,7389.0,487674.0,0.005,2102.95,,7,372,0.296,estable,0.512,0.608,0.837189592782548,0.519235
66255324,Urbania,JESUS MARIA,150113,"Av. Cuba  , Jesús Maria",Jesús María,490000.0,84.0,5833.333333333333,3,2,0,200.0,10,7389.0,620676.0,0.211,2102.95,,7,372,0.296,estable,0.512,0.608,0.837189592782548,0.519235
144994147,Urbania,JESUS MARIA,150113,Av Brasil N° 17xx Dpto 208 Y 408,Jesús María,491817.0,66.0,7451.772727272727,2,2,1,0.0,1,7389.0,487674.0,-0.008,2102.95,,7,372,0.296,estable,0.512,0.608,0.837189592782548,0.519235
147503730,Urbania,JESUS MARIA,150113,Av. Brasil,Jesús María,493538.0,66.0,7477.848484848485,2,2,0,0.0,1,7389.0,487674.0,-0.012,2102.95,,7,372,0.296,estable,0.512,0.608,0.837189592782548,0.519235
149023807,Urbania,JESUS MARIA,150113,Av. San Felipe  al 400 Vista a Parque,Jesús María,494000.0,51.0,9686.274509803921,2,2,1,0.0,1,7389.0,376839.0,-0.311,2102.95,,7,372,0.296,estable,0.512,0.608,0.837189592782548,0.519235
149874661,Urbania,JESUS MARIA,150113,Av. Faustino Sánchez Carrión 397,Jesús María,495000.0,61.0,8114.754098360656,2,2,1,270.0,1,7389.0,450729.0,-0.098,2102.95,,7,372,0.296,estable,0.512,0.608,0.837189592782548,0.519235
147686291,Urbania,JESUS MARIA,150113,Av Cuba al 1100,Jesús María,497730.0,56.0,8888.035714285714,1,2,0,0.0,1,7389.0,413784.0,-0.203,2102.95,,7,372,0.296,estable,0.512,0.608,0.837189592782548,0.519235
146223247,Urbania,JESUS MARIA,150113,Departamento de 3 Dormitorios en Jesús María Cerca a la Av. Brasil,Jesús María,498000.0,67.0,7432.835820895522,3,2,0,0.0,10,7389.0,495063.0,-0.006,2102.95,,7,372,0.296,estable,0.512,0.608,0.837189592782548,0.519235
148200639,Urbania,JESUS MARIA,150113,Av. Republica de Chile 697 Jesús María,Jesús María,498000.0,66.0,7545.454545454545,3,2,0,220.0,1,7389.0,487674.0,-0.021,2102.95,,7,372,0.296,estable,0.512,0.608,0.837189592782548,0.519235
149907619,Urbania,JESUS MARIA,150113,Av. Brasil,Jesús María,499000.0,75.0,6653.333333333333,3,2,1,0.0,1,7389.0,554175.0,0.1,2102.95,,7,372,0.296,estable,0.512,0.608,0.837189592782548,0.519235
147243390,Urbania,JESUS MARIA,150113,San Felipe al 200,Jesús María,500100.0,55.0,9092.727272727272,2,2,0,0.0,1,7389.0,406395.0,-0.231,2102.95,,7,372,0.296,estable,0.512,0.608,0.837189592782548,0.519235
148948487,Urbania,JESUS MARIA,150113,Av San Felipe al 1000,Jesús María,503200.0,68.0,7400.0,2,2,1,230.0,1,7389.0,502452.0,-0.001,2102.95,,7,372,0.296,estable,0.512,0.608,0.837189592782548,0.519235
90792029,Urbania,JESUS MARIA,150113,San Felipe,Jesús María,505000.0,61.0,8278.688524590163,3,1,1,250.0,1,7389.0,450729.0,-0.12,2102.95,,7,372,0.296,estable,0.512,0.608,0.837189592782548,0.519235
143367654,Urbania,JESUS MARIA,150113,SAN FELIPE 1190,Jesús María,507000.0,59.0,8593.22033898305,2,2,0,350.0,1,7389.0,435951.0,-0.163,2102.95,,7,372,0.296,estable,0.512,0.608,0.837189592782548,0.519235
149697457,Urbania,JESUS MARIA,150113,"Av. Salaverry Limite con San Isidro.  2 Dorm. 2.5 Baños, Balcon Grande. NO Cochera",Jesús María,507500.0,79.0,6424.050632911392,2,2,0,290.0,1,7389.0,583731.0,0.131,2102.95,,7,372,0.296,estable,0.512,0.608,0.837189592782548,0.519235
149826033,Urbania,JESUS MARIA,150113,Av. Cuba al 1000,Jesús María,513858.0,83.0,6191.060240963855,3,2,1,0.0,1,7389.0,613287.0,0.162,2102.95,,7,372,0.296,estable,0.512,0.608,0.837189592782548,0.519235
149496506,Urbania,JESUS MARIA,150113,Av. Salaverry 1806 Jesús María,Jesús María,515000.0,56.0,9196.42857142857,2,2,0,0.0,1,7389.0,413784.0,-0.245,2102.95,,7,372,0.296,estable,0.512,0.608,0.837189592782548,0.519235
61467274,Urbania,JESUS MARIA,150113,AVENIDA SAN FELIPE,Jesús María,515000.0,57.0,9035.087719298246,2,2,1,250.0,1,7389.0,421173.0,-0.223,2102.95,,7,372,0.296,estable,0.512,0.608,0.837189592782548,0.519235
149356956,Urbania,JESUS MARIA,150113,Calle Estados Unidos 135,Residencial San Felipe,516000.0,68.0,7588.235294117647,2,2,1,250.0,1,7389.0,502452.0,-0.027,2102.95,,7,372,0.296,estable,0.512,0.608,0.837189592782548,0.519235
149602461,Urbania,JESUS MARIA,150113,Av. Brasil al 600,Jesús María,517000.0,85.0,6082.35294117647,3,2,0,0.0,1,7389.0,628065.0,0.177,2102.95,,7,372,0.296,estable,0.512,0.608,0.837189592782548,0.519235
149781190,Urbania,JESUS MARIA,150113,"Jr. Huiracocha 1735 Cerca A AV SAN Felipe, Salaverry, Brasil",Jesús María,520000.0,75.0,6933.333333333333,3,2,0,250.0,10,7389.0,554175.0,0.062,2102.95,,7,372,0.296,estable,0.512,0.608,0.837189592782548,0.519235
148787982,Urbania,JESUS MARIA,150113,Av Gral Garzón al 2000,Jesús María,520000.0,73.0,7123.287671232877,3,2,0,0.0,1,7389.0,539397.0,0.036,2102.95,,7,372,0.296,estable,0.512,0.608,0.837189592782548,0.519235
149347944,Urbania,JESUS MARIA,150113,Av. Mello Franco 103,Jesús María,520000.0,84.0,6190.476190476191,3,2,1,300.0,1,7389.0,620676.0,0.162,2102.95,,7,372,0.296,estable,0.512,0.608,0.837189592782548,0.519235
149642075,Urbania,JESUS MARIA,150113,Jr. Huiracocha 1735 Jesus Maria,Jesús María,522000.0,75.0,6960.0,3,2,0,228.0,1,7389.0,554175.0,0.058,2102.95,,7,372,0.296,estable,0.512,0.608,0.837189592782548,0.519235
149420890,Urbania,JESUS MARIA,150113,Jirón Huiracocha 1735,Jesús María,522000.0,75.0,6960.0,3,2,0,250.0,1,7389.0,554175.0,0.058,2102.95,,7,372,0.296,estable,0.512,0.608,0.837189592782548,0.519235
143264456,Urbania,JESUS MARIA,150113,"Av. SAN Felipe N°11xx, Dpto. 102",Jesús María,523000.0,61.0,8573.77049180328,1,1,0,0.0,1,7389.0,450729.0,-0.16,2102.95,,7,372,0.296,estable,0.512,0.608,0.837189592782548,0.519235
147180176,Urbania,JESUS MARIA,150113,Av. Cuba 300,Jesús María,526600.0,70.0,7522.857142857143,3,2,1,150.0,1,7389.0,517230.0,-0.018,2102.95,,7,372,0.296,estable,0.512,0.608,0.837189592782548,0.519235
148420667,Urbania,JESUS MARIA,150113,Avenida Cuba al 1100,Jesús María,528050.0,62.0,8516.935483870968,2,2,0,0.0,1,7389.0,458118.0,-0.153,2102.95,,7,372,0.296,estable,0.512,0.608,0.837189592782548,0.519235
64272467,Urbania,JESUS MARIA,150113,AVENIDA SAN FELIPE,Jesús María,530000.0,60.0,8833.333333333334,2,2,1,269.0,1,7389.0,443340.0,-0.195,2102.95,,7,372,0.296,estable,0.512,0.608,0.837189592782548,0.519235
149278242,Urbania,JESUS MARIA,150113,Avenida Salaverry  al 1800,Salaverry Et.2,530000.0,60.0,8833.333333333334,2,2,0,0.0,1,7389.0,443340.0,-0.195,2102.95,,7,372,0.296,estable,0.512,0.608,0.837189592782548,0.519235
149496571,Urbania,JESUS MARIA,150113,Av. Salaverry 1806 Jesus Maria,Jesús María,530000.0,60.0,8833.333333333334,2,2,0,0.0,1,7389.0,443340.0,-0.195,2102.95,,7,372,0.296,estable,0.512,0.608,0.837189592782548,0.519235
149130652,Urbania,JESUS MARIA,150113,Jirón Huiracocha 1735,Residencial San Felipe,530000.0,75.0,7066.666666666667,3,2,0,250.0,1,7389.0,554175.0,0.044,2102.95,,7,372,0.296,estable,0.512,0.608,0.837189592782548,0.519235
149734804,Urbania,JESUS MARIA,150113,Jr. Huiracocha 1735,Jesús María,530000.0,75.0,7066.666666666667,3,2,0,220.0,10,7389.0,554175.0,0.044,2102.95,,7,372,0.296,estable,0.512,0.608,0.837189592782548,0.519235
90792973,Urbania,JESUS MARIA,150113,San Felipe,Jesús María,530000.0,56.0,9464.285714285714,2,2,1,250.0,1,7389.0,413784.0,-0.281,2102.95,,7,372,0.296,estable,0.512,0.608,0.837189592782548,0.519235
149483466,Urbania,JESUS MARIA,150113,Av. Gral. Eugenio Garzón al 2000,Jesús María,532000.0,72.0,7388.888888888889,3,2,0,0.0,1,7389.0,532008.0,0.0,2102.95,,7,372,0.296,estable,0.512,0.608,0.837189592782548,0.519235
149481523,Urbania,JESUS MARIA,150113,Jirón Cahuide,Jesús María,533000.0,115.0,4634.782608695652,2,2,0,0.0,1,7389.0,849735.0,0.373,2102.95,,7,372,0.296,estable,0.512,0.608,0.837189592782548,0.519235
149323478,Urbania,JESUS MARIA,150113,Avenida San Felipe,Jesús María,533000.0,66.0,8075.757575757576,2,2,0,0.0,1,7389.0,487674.0,-0.093,2102.95,,7,372,0.296,estable,0.512,0.608,0.837189592782548,0.519235
147990442,Urbania,JESUS MARIA,150113,Av. San Felipe 720,Jesús María,533500.0,66.0,8083.333333333333,3,2,0,0.0,10,7389.0,487674.0,-0.094,2102.95,,7,372,0.296,estable,0.512,0.608,0.837189592782548,0.519235
90788449,Urbania,JESUS MARIA,150113,San Felipe,Jesús María,534000.0,62.0,8612.90322580645,1,1,1,250.0,1,7389.0,458118.0,-0.166,2102.95,,7,372,0.296,estable,0.512,0.608,0.837189592782548,0.519235
149781373,Urbania,JESUS MARIA,150113,"Av Brasil, Jesus Maria",Jesús María,535000.0,73.0,7328.767123287671,3,2,0,0.0,1,7389.0,539397.0,0.008,2102.95,,7,372,0.296,estable,0.512,0.608,0.837189592782548,0.519235
149874676,Urbania,JESUS MARIA,150113,Cuba 1142,Jesús María,538400.0,62.0,8683.870967741936,2,2,1,250.0,10,7389.0,458118.0,-0.175,2102.95,,7,372,0.296,estable,0.512,0.608,0.837189592782548,0.519235
149038905,Urbania,JESUS MARIA,150113,Jirón Rio de Janeiro,Jesús María,539002.0,69.0,7811.623188405797,3,2,0,0.0,10,7389.0,509841.0,-0.057,2102.95,,7,372,0.296,estable,0.512,0.608,0.837189592782548,0.519235
149767147,Urbania,JESUS MARIA,150113,Avenida Talara,Jesús María,540000.0,82.0,6585.365853658536,3,2,1,300.0,1,7389.0,605898.0,0.109,2102.95,,7,372,0.296,estable,0.512,0.608,0.837189592782548,0.519235
148306554,Urbania,JESUS MARIA,150113,Av. Maximo Abril 538,Jesús María,540000.0,89.0,6067.4157303370785,2,1,0,250.0,10,7389.0,657621.0,0.179,2102.95,,7,372,0.296,estable,0.512,0.608,0.837189592782548,0.519235
149591778,Urbania,JESUS MARIA,150113,Av. 28 de Julio Cdra. 3,Jesús María,540000.0,79.0,6835.443037974684,3,2,1,250.0,1,7389.0,583731.0,0.075,2102.95,,7,372,0.296,estable,0.512,0.608,0.837189592782548,0.519235
149087084,Urbania,JESUS MARIA,150113,Jr. Huáscar al 1400,Jesús María,540000.0,76.0,7105.263157894737,3,3,0,0.0,1,7389.0,561564.0,0.038,2102.95,,7,372,0.296,estable,0.512,0.608,0.837189592782548,0.519235
149790266,Urbania,JESUS MARIA,150113,jr Huascar  al 1900,Jesús María,541000.0,81.0,6679.0123456790125,3,2,1,0.0,1,7389.0,598509.0,0.096,2102.95,,7,372,0.296,estable,0.512,0.608,0.837189592782548,0.519235
148978028,Urbania,JESUS MARIA,150113,Departamento de 1 Dormitorio en Jesús María Av. San Felipe Cerca Real Plaza Salaverry,Jesús María,545000.0,52.0,10480.76923076923,1,1,0,300.0,1,7389.0,384228.0,-0.418,2102.95,,7,372,0.296,estable,0.512,0.608,0.837189592782548,0.519235
148147763,Urbania,JESUS MARIA,150113,AVENIDA CUBA,Jesús María,545000.0,69.0,7898.550724637681,3,2,0,0.0,1,7389.0,509841.0,-0.069,2102.95,,7,372,0.296,estable,0.512,0.608,0.837189592782548,0.519235
3928098,Urbania,JESUS MARIA,150113,Av Brasil,Jesús María,545087.0,86.0,6338.220930232558,3,2,1,0.0,1,7389.0,635454.0,0.142,2102.95,,7,372,0.296,estable,0.512,0.608,0.837189592782548,0.519235
144994175,Urbania,JESUS MARIA,150113,"Av Brasil N° 17xx, Dpto 2007",Jesús María,547826.0,78.0,7023.410256410257,3,2,1,0.0,1,7389.0,576342.0,0.049,2102.95,,7,372,0.296,estable,0.512,0.608,0.837189592782548,0.519235
149241208,Urbania,JESUS MARIA,150113,Av. Húsares de Junín 980,Jesús María,548340.0,103.0,5323.689320388349,3,1,0,300.0,1,7389.0,761067.0,0.28,2102.95,,7,372,0.296,estable,0.512,0.608,0.837189592782548,0.519235
149701643,Urbania,JESUS MARIA,150113,Av Eugenio Garzon al 800,Portada De Jesus Maria,550000.0,77.0,7142.857142857143,3,2,0,0.0,1,7389.0,568953.0,0.033,2102.95,,7,372,0.296,estable,0.512,0.608,0.837189592782548,0.519235
149219084,Urbania,JESUS MARIA,150113,Avenida Brasil  al 1300,Jesús María,550000.0,81.0,6790.123456790124,3,2,1,0.0,1,7389.0,598509.0,0.081,2102.95,,7,372,0.296,estable,0.512,0.608,0.837189592782548,0.519235
149543975,Urbania,JESUS MARIA,150113,Av Gral Garzón 742,Jesús María,550400.0,84.0,6552.380952380952,2,2,1,250.0,1,7389.0,620676.0,0.113,2102.95,,7,372,0.296,estable,0.512,0.608,0.837189592782548,0.519235
149234361,Urbania,JESUS MARIA,150113,Jr. Cnel Camilo Carrillo al 200 -pet Spa - Sauna - Fitness Center - Cine- Longe Bar-rooftop,Jesús María,551000.0,77.0,7155.8441558441555,3,2,0,0.0,1,7389.0,568953.0,0.032,2102.95,,7,372,0.296,estable,0.512,0.608,0.837189592782548,0.519235
149494657,Urbania,JESUS MARIA,150113,Avenida General Santa Cruz 130,Portada De Jesus Maria,558250.0,136.0,4104.779411764706,3,2,0,0.0,1,7389.0,1004904.0,0.444,2102.95,,7,372,0.296,estable,0.512,0.608,0.837189592782548,0.519235
149862472,Urbania,JESUS MARIA,150113,Av San Felipe al 600,Residencial San Felipe,560000.0,88.0,6363.636363636364,3,3,1,250.0,1,7389.0,650232.0,0.139,2102.95,,7,372,0.296,estable,0.512,0.608,0.837189592782548,0.519235
146996414,Urbania,JESUS MARIA,150113,Jiron Luis N Saenz,Jesús María,560000.0,75.0,7466.666666666667,2,2,1,330.0,1,7389.0,554175.0,-0.011,2102.95,,7,372,0.296,estable,0.512,0.608,0.837189592782548,0.519235
149728102,Urbania,JESUS MARIA,150113,Av. Brasil 1387 al 1300,Jesús María,561600.0,87.0,6455.172413793103,3,2,1,250.0,1,7389.0,642843.0,0.126,2102.95,,7,372,0.296,estable,0.512,0.608,0.837189592782548,0.519235
147164158,Urbania,JESUS MARIA,150113,"JR. Huascar N°17xx, Dpto 401 AL 1001",Jesús María,565000.0,68.0,8308.823529411764,3,2,1,0.0,10,7389.0,502452.0,-0.124,2102.95,,7,372,0.296,estable,0.512,0.608,0.837189592782548,0.519235
149811870,Urbania,JESUS MARIA,150113,Jirón Cahuide,Jesús María,566696.0,96.0,5903.083333333333,3,3,1,240.0,1,7389.0,709344.0,0.201,2102.95,,7,372,0.296,estable,0.512,0.608,0.837189592782548,0.519235
149575006,Urbania,JESUS MARIA,150113,Jr Huiracocha,Jesús María,567600.0,65.0,8732.307692307691,2,2,0,170.0,1,7389.0,480285.0,-0.182,2102.95,,7,372,0.296,estable,0.512,0.608,0.837189592782548,0.519235
147552954,Urbania,JESUS MARIA,150113,Av San Felipe,Jesús María,568000.0,74.0,7675.675675675676,2,2,1,250.0,1,7389.0,546786.0,-0.039,2102.95,,7,372,0.296,estable,0.512,0.608,0.837189592782548,0.519235
149502244,Urbania,JESUS MARIA,150113,Av. José María Plaza 429,Jesús María,568430.0,75.0,7579.066666666667,3,2,0,0.0,1,7389.0,554175.0,-0.026,2102.95,,7,372,0.296,estable,0.512,0.608,0.837189592782548,0.519235
143781552,Urbania,JESUS MARIA,150113,"Av. Brasil N°6xx, Dpto. 1904",Jesús María,572369.0,92.0,6221.402173913043,3,3,0,0.0,1,7389.0,679788.0,0.158,2102.95,,7,372,0.296,estable,0.512,0.608,0.837189592782548,0.519235
149363511,Urbania,JESUS MARIA,150113,Avenida Brasil al 600,Jesús María,572369.0,92.0,6221.402173913043,3,3,0,0.0,1,7389.0,679788.0,0.158,2102.95,,7,372,0.296,estable,0.512,0.608,0.837189592782548,0.519235
149775970,Urbania,JESUS MARIA,150113,Av. Brasil,Jesús María,575850.0,74.0,7781.756756756757,3,2,1,220.0,1,7389.0,546786.0,-0.053,2102.95,,7,372,0.296,estable,0.512,0.608,0.837189592782548,0.519235
149640609,Urbania,JESUS MARIA,150113,Av Cuba  500 a 1 Cdra de Av. Salaverry,Jesús María,576000.0,72.0,8000.0,3,2,0,0.0,1,7389.0,532008.0,-0.083,2102.95,,7,372,0.296,estable,0.512,0.608,0.837189592782548,0.519235
149722377,Urbania,JESUS MARIA,150113,Jr. Los Mogaburos 197,Jesús María,577500.0,80.0,7218.75,3,2,1,250.0,10,7389.0,591120.0,0.023,2102.95,,7,372,0.296,estable,0.512,0.608,0.837189592782548,0.519235
145655176,Urbania,JESUS MARIA,150113,CC Salaverry,Jesús María,578000.0,92.0,6282.608695652174,3,2,1,150.0,1,7389.0,679788.0,0.15,2102.95,,7,372,0.296,estable,0.512,0.608,0.837189592782548,0.519235
90795086,Urbania,JESUS MARIA,150113,San Felipe,Jesús María,578000.0,64.0,9031.25,2,2,1,250.0,1,7389.0,472896.0,-0.222,2102.95,,7,372,0.296,estable,0.512,0.608,0.837189592782548,0.519235
144994889,Urbania,JESUS MARIA,150113,"Av Brasil N° 17xx, Dpto 306",Jesús María,579706.0,76.0,7627.710526315789,3,2,1,0.0,1,7389.0,561564.0,-0.032,2102.95,,7,372,0.296,estable,0.512,0.608,0.837189592782548,0.519235
148198588,Urbania,JESUS MARIA,150113,jesus maria,Jesús María,580000.0,71.0,8169.014084507042,3,2,0,0.0,1,7389.0,524619.0,-0.106,2102.95,,7,372,0.296,estable,0.512,0.608,0.837189592782548,0.519235
147856778,Urbania,JESUS MARIA,150113,"Av. Salaverry 571, Jesús María",Jesús María,581000.0,57.0,10192.982456140351,2,2,0,0.0,1,7389.0,421173.0,-0.379,2102.95,,7,372,0.296,estable,0.512,0.608,0.837189592782548,0.519235
144789377,Urbania,JESUS MARIA,150113,San Felipe,Jesús María,582220.0,60.0,9703.666666666666,2,2,1,0.0,1,7389.0,443340.0,-0.313,2102.95,,7,372,0.296,estable,0.512,0.608,0.837189592782548,0.519235
149730667,Urbania,JESUS MARIA,150113,Av. Brasil 1079,Jesús María,584000.0,80.0,7300.0,3,2,0,0.0,1,7389.0,591120.0,0.012,2102.95,,7,372,0.296,estable,0.512,0.608,0.837189592782548,0.519235
149664170,Urbania,JESUS MARIA,150113,Av. Brasil,Jesús María,588597.0,91.0,6468.0989010989015,3,2,0,320.0,1,7389.0,672399.0,0.125,2102.95,,7,372,0.296,estable,0.512,0.608,0.837189592782548,0.519235
143172043,Urbania,JESUS MARIA,150113,"Av. Brasil N°6xx, Dpto. 1801, 1901",Jesús María,588597.0,91.0,6468.0989010989015,3,2,0,0.0,1,7389.0,672399.0,0.125,2102.95,,7,372,0.296,estable,0.512,0.608,0.837189592782548,0.519235
149790479,Urbania,JESUS MARIA,150113,Jr. General Luis Sanchez Cerro,Jesús María,589608.0,111.0,5311.783783783784,3,2,1,249.0,1,7389.0,820179.0,0.281,2102.95,,7,372,0.296,estable,0.512,0.608,0.837189592782548,0.519235
149034028,Urbania,JESUS MARIA,150113,Jirón Huiracocha 2359,Jesús María,589900.0,100.0,5899.0,2,2,0,350.0,1,7389.0,738900.0,0.202,2102.95,,7,372,0.296,estable,0.512,0.608,0.837189592782548,0.519235
149497430,Urbania,JESUS MARIA,150113,Jr. Huiracocha 2300,Jesús María,589900.0,99.0,5958.585858585859,2,2,0,350.0,1,7389.0,731511.0,0.194,2102.95,,7,372,0.296,estable,0.512,0.608,0.837189592782548,0.519235
149561130,Urbania,JESUS MARIA,150113,"Av. Francisco Mariategui 558 | Doble Balcón con Vista al Sunset, Dorm Principal Cama King, 2 Depósitos, Piscina y Parrillas",Jesús María,590000.0,78.0,7564.102564102564,3,2,1,420.0,10,7389.0,576342.0,-0.024,2102.95,,7,372,0.296,estable,0.512,0.608,0.837189592782548,0.519235
144737603,Urbania,JESUS MARIA,150113,Av. Brasil,Jesús María,590000.0,92.0,6413.04347826087,3,2,1,0.0,1,7389.0,679788.0,0.132,2102.95,,7,372,0.296,estable,0.512,0.608,0.837189592782548,0.519235
148874469,Urbania,JESUS MARIA,150113,Avenida Brasil al 600,Jesús María,590545.0,92.0,6418.967391304348,3,2,0,0.0,1,7389.0,679788.0,0.131,2102.95,,7,372,0.296,estable,0.512,0.608,0.837189592782548,0.519235
149303127,Urbania,JESUS MARIA,150113,Avenida Salaverry al 500,Jesús María,591000.0,67.0,8820.89552238806,2,2,0,0.0,1,7389.0,495063.0,-0.194,2102.95,,7,372,0.296,estable,0.512,0.608,0.837189592782548,0.519235
149125802,Urbania,JESUS MARIA,150113,JR Natalio Sanchez  al 200,Jesús María,592037.0,120.0,4933.641666666666,4,4,0,250.0,1,7389.0,886680.0,0.332,2102.95,,7,372,0.296,estable,0.512,0.608,0.837189592782548,0.519235
149796562,Urbania,JESUS MARIA,150113,Av San Felipe al 600,Portada De Jesus Maria,594000.0,92.0,6456.521739130435,3,3,0,270.0,1,7389.0,679788.0,0.126,2102.95,,7,372,0.296,estable,0.512,0.608,0.837189592782548,0.519235
149241869,Urbania,JESUS MARIA,150113,Av. República de Chile 500,Jesús María,595000.0,125.0,4760.0,3,1,0,150.0,1,7389.0,923625.0,0.356,2102.95,,7,372,0.296,estable,0.512,0.608,0.837189592782548,0.519235
148176337,Urbania,JESUS MARIA,150113,av san felipe 720,Jesús María,595000.0,79.0,7531.645569620253,2,2,0,300.0,1,7389.0,583731.0,-0.019,2102.95,,7,372,0.296,estable,0.512,0.608,0.837189592782548,0.519235
149224404,Urbania,JESUS MARIA,150113,Av. San Felipe 720,Jesús María,595000.0,80.0,7437.5,2,2,0,450.0,1,7389.0,591120.0,-0.007,2102.95,,7,372,0.296,estable,0.512,0.608,0.837189592782548,0.519235
149444157,Urbania,JESUS MARIA,150113,Av. San Felipe,Jesús María,595000.0,79.0,7531.645569620253,2,2,0,0.0,1,7389.0,583731.0,-0.019,2102.95,,7,372,0.296,estable,0.512,0.608,0.837189592782548,0.519235
149366938,Urbania,JESUS MARIA,150113,Avenida Salaverry  al 1800,Salaverry Et.2,596000.0,79.0,7544.303797468355,3,2,0,0.0,1,7389.0,583731.0,-0.021,2102.95,,7,372,0.296,estable,0.512,0.608,0.837189592782548,0.519235
149433418,Urbania,JESUS MARIA,150113,Av. Salaverry 1806 Jesús María,Jesús María,596000.0,79.0,7544.303797468355,3,2,0,0.0,1,7389.0,583731.0,-0.021,2102.95,,7,372,0.296,estable,0.512,0.608,0.837189592782548,0.519235
61467432,Urbania,JESUS MARIA,150113,AVENIDA SAN FELIPE,Jesús María,596000.0,80.0,7450.0,3,2,0,300.0,1,7389.0,591120.0,-0.008,2102.95,,7,372,0.296,estable,0.512,0.608,0.837189592782548,0.519235
144406857,Urbania,JESUS MARIA,150113,Av Salaverry N° 18xx Dpto 2801,Jesús María,596000.0,79.0,7544.303797468355,3,2,1,0.0,1,7389.0,583731.0,-0.021,2102.95,,7,372,0.296,estable,0.512,0.608,0.837189592782548,0.519235
147548540,Urbania,JESUS MARIA,150113,Av. Salaverry - Conexión a Todos los Puntos de Lima.,Jesús María,597000.0,57.0,10473.684210526315,2,2,0,0.0,1,7389.0,421173.0,-0.417,2102.95,,7,372,0.296,estable,0.512,0.608,0.837189592782548,0.519235
149026881,Urbania,JESUS MARIA,150113,San Felipe  720 Estilo Mariposa 2 Dorm 2 Baños 1 Cochera | SAN Felipe,Jesús María,599000.0,71.0,8436.61971830986,2,2,1,180.0,1,7389.0,524619.0,-0.142,2102.95,,7,372,0.296,estable,0.512,0.608,0.837189592782548,0.519235
149620964,Urbania,JESUS MARIA,150113,Av. San Felipe 955,Jesús María,600000.0,97.0,6185.567010309278,3,3,1,300.0,1,7389.0,716733.0,0.163,2102.95,,7,372,0.296,estable,0.512,0.608,0.837189592782548,0.519235
149032003,Urbania,JESUS MARIA,150113,Avenida Francisco Javier Mariategui  5,Jesús María,606263.0,127.0,4773.724409448819,4,2,0,0.0,1,7389.0,938403.0,0.354,2102.95,,7,372,0.296,estable,0.512,0.608,0.837189592782548,0.519235
147300298,Urbania,JESUS MARIA,150113,GARIBALDI,Jesús María,608511.0,75.0,8113.48,3,2,0,250.0,1,7389.0,554175.0,-0.098,2102.95,,7,372,0.296,estable,0.512,0.608,0.837189592782548,0.519235
149362199,Urbania,JESUS MARIA,150113,Jr Huascar al 2100,Jesús María,611700.0,75.0,8156.0,3,2,0,0.0,1,7389.0,554175.0,-0.104,2102.95,,7,372,0.296,estable,0.512,0.608,0.837189592782548,0.519235
148420370,Urbania,JESUS MARIA,150113,Talara al 800,Jesús María,615867.0,57.0,10804.684210526315,2,2,0,0.0,1,7389.0,421173.0,-0.462,2102.95,,7,372,0.296,estable,0.512,0.608,0.837189592782548,0.519235
149173353,Urbania,JESUS MARIA,150113,Jr. Huiracocha 2359,Jesús María,619000.0,99.0,6252.525252525253,2,3,1,450.0,1,7389.0,731511.0,0.154,2102.95,,7,372,0.296,estable,0.512,0.608,0.837189592782548,0.519235
149750070,Urbania,JESUS MARIA,150113,Jr. Brigadier Mateo Pumacahua al 1000 Cerca a Parque,Jesús María,622000.0,68.0,9147.058823529413,3,2,1,0.0,1,7389.0,502452.0,-0.238,2102.95,,7,372,0.296,estable,0.512,0.608,0.837189592782548,0.519235
148051683,Urbania,JESUS MARIA,150113,Huascar,Jesús María,622340.0,75.0,8297.866666666667,3,2,1,0.0,1,7389.0,554175.0,-0.123,2102.95,,7,372,0.296,estable,0.512,0.608,0.837189592782548,0.519235
148054287,Urbania,JESUS MARIA,150113,Huiracocha  al 2300 3D 106m2,Jesús María,628660.0,106.0,5930.754716981132,3,2,0,450.0,1,7389.0,783234.0,0.197,2102.95,,7,372,0.296,estable,0.512,0.608,0.837189592782548,0.519235
147799751,Urbania,JESUS MARIA,150113,Jr. Huiracocha,Oyague,630000.0,103.0,6116.504854368932,2,2,0,0.0,1,7389.0,761067.0,0.172,2102.95,,7,372,0.296,estable,0.512,0.608,0.837189592782548,0.519235
149383348,Urbania,JESUS MARIA,150113,Av. Talara  Jesús María,Jesús María,630000.0,75.0,8400.0,3,2,1,220.0,1,7389.0,554175.0,-0.137,2102.95,,7,372,0.296,estable,0.512,0.608,0.837189592782548,0.519235
149242013,Urbania,JESUS MARIA,150113,Residencial San Felipe,Residencial San Felipe,632880.0,137.0,4619.56204379562,3,2,0,100.0,1,7389.0,1012293.0,0.375,2102.95,,7,372,0.296,estable,0.512,0.608,0.837189592782548,0.519235
146375886,Urbania,JESUS MARIA,150113,Jr Huiracocha,Residencial San Felipe,637500.0,103.0,6189.320388349514,2,2,0,300.0,1,7389.0,761067.0,0.162,2102.95,,7,372,0.296,estable,0.512,0.608,0.837189592782548,0.519235
143183790,Urbania,JESUS MARIA,150113,Av. República de Chile,Jesús María,640000.0,77.0,8311.688311688311,3,2,1,0.0,1,7389.0,568953.0,-0.125,2102.95,,7,372,0.296,estable,0.512,0.608,0.837189592782548,0.519235
148214147,Urbania,JESUS MARIA,150113,"Av. Salaverry 5xx, Dpto 2005",Santa Beatriz,640000.0,70.0,9142.857142857143,2,2,0,0.0,1,7389.0,517230.0,-0.237,2102.95,,7,372,0.296,estable,0.512,0.608,0.837189592782548,0.519235
147927376,Urbania,JESUS MARIA,150113,Av. Salaverry al 5,Jesús María,640000.0,70.0,9142.857142857143,2,2,1,0.0,1,7389.0,517230.0,-0.237,2102.95,,7,372,0.296,estable,0.512,0.608,0.837189592782548,0.519235
147791166,Urbania,JESUS MARIA,150113,Av. Gral. Salaverry 579 al 500,Portada De Jesus Maria,642600.0,101.0,6362.376237623763,3,3,1,0.0,1,7389.0,746289.0,0.139,2102.95,,7,372,0.296,estable,0.512,0.608,0.837189592782548,0.519235
147999317,Urbania,JESUS MARIA,150113,Av. San Felipe 720,Jesús María,643250.0,79.0,8142.405063291139,2,2,0,0.0,1,7389.0,583731.0,-0.102,2102.95,,7,372,0.296,estable,0.512,0.608,0.837189592782548,0.519235
147788577,Urbania,JESUS MARIA,150113,AV. Maximo Abril 538,Santa Beatriz,643500.0,156.0,4125.0,6,3,1,150.0,1,7389.0,1152684.0,0.442,2102.95,,7,372,0.296,estable,0.512,0.608,0.837189592782548,0.519235
148850950,Urbania,JESUS MARIA,150113,Av San Felipe 1190,Jesús María,644000.0,77.0,8363.636363636364,3,2,0,220.0,1,7389.0,568953.0,-0.132,2102.95,,7,372,0.296,estable,0.512,0.608,0.837189592782548,0.519235
145683424,Urbania,JESUS MARIA,150113,Av. Gregorio Escobedo,Jesús María,647500.0,79.0,8196.20253164557,3,2,1,0.0,1,7389.0,583731.0,-0.109,2102.95,,7,372,0.296,estable,0.512,0.608,0.837189592782548,0.519235
149665580,Urbania,JESUS MARIA,150113,Parque Pedro la Rosa 119,Jesús María,650000.0,102.0,6372.549019607844,3,2,1,0.0,1,7389.0,753678.0,0.138,2102.95,,7,372,0.296,estable,0.512,0.608,0.837189592782548,0.519235
149739040,Urbania,JESUS MARIA,150113,Jr. Huascar  al 1900,Jesús María,650000.0,107.0,6074.7663551401865,3,3,1,0.0,1,7389.0,790623.0,0.178,2102.95,,7,372,0.296,estable,0.512,0.608,0.837189592782548,0.519235
148909728,Urbania,JESUS MARIA,150113,Jirón Caracas al 2400,Jesús María,653250.0,142.0,4600.352112676056,2,2,0,0.0,1,7389.0,1049238.0,0.377,2102.95,,7,372,0.296,estable,0.512,0.608,0.837189592782548,0.519235
149280706,Urbania,JESUS MARIA,150113,Avenida San Felipe 1090,Jesús María,657000.0,78.0,8423.076923076924,3,2,1,280.0,1,7389.0,576342.0,-0.14,2102.95,,7,372,0.296,estable,0.512,0.608,0.837189592782548,0.519235
145777515,Urbania,JESUS MARIA,150113,"Av. SAN Felipe N°11xx, Dpto. 2403 AL 2503",Jesús María,657000.0,77.0,8532.467532467532,3,2,0,0.0,1,7389.0,568953.0,-0.155,2102.95,,7,372,0.296,estable,0.512,0.608,0.837189592782548,0.519235
149590206,Urbania,JESUS MARIA,150113,Jirón Lloque Yupanqui,Jesús María,663000.0,145.0,4572.413793103448,5,2,1,0.0,1,7389.0,1071405.0,0.381,2102.95,,7,372,0.296,estable,0.512,0.608,0.837189592782548,0.519235
90792773,Urbania,JESUS MARIA,150113,San Felipe,Jesús María,665000.0,78.0,8525.641025641025,3,2,1,250.0,1,7389.0,576342.0,-0.154,2102.95,,7,372,0.296,estable,0.512,0.608,0.837189592782548,0.519235
145630680,Urbania,JESUS MARIA,150113,"Av. SAN Felipe N°11xx, Dpto. 2202 AL 2502",Jesús María,667000.0,78.0,8551.28205128205,3,2,0,0.0,1,7389.0,576342.0,-0.157,2102.95,,7,372,0.296,estable,0.512,0.608,0.837189592782548,0.519235
148092841,Urbania,JESUS MARIA,150113,Av. Husares de Junin cdra,Jesús María,670000.0,133.0,5037.5939849624065,3,2,1,0.0,1,7389.0,982737.0,0.318,2102.95,,7,372,0.296,estable,0.512,0.608,0.837189592782548,0.519235
149233567,Urbania,JESUS MARIA,150113,Av. Arnaldo Márquez,Jesús María,670000.0,120.0,5583.333333333333,3,2,1,0.0,1,7389.0,886680.0,0.244,2102.95,,7,372,0.296,estable,0.512,0.608,0.837189592782548,0.519235
149260965,Urbania,JESUS MARIA,150113,AV. Salaverry   1800,Jesús María,670000.0,75.0,8933.333333333334,3,2,1,0.0,1,7389.0,554175.0,-0.209,2102.95,,7,372,0.296,estable,0.512,0.608,0.837189592782548,0.519235
146909459,Urbania,JESUS MARIA,150113,Av. San Felipe 10,Jesús María,678000.0,77.0,8805.194805194806,3,2,1,200.0,1,7389.0,568953.0,-0.192,2102.95,,7,372,0.296,estable,0.512,0.608,0.837189592782548,0.519235
149510012,Urbania,JESUS MARIA,150113,Jr. Pachacutec  al 1484,Jesús María,681751.0,117.0,5826.931623931624,3,3,0,400.0,1,7389.0,864513.0,0.211,2102.95,,7,372,0.296,estable,0.512,0.608,0.837189592782548,0.519235
149313047,Urbania,JESUS MARIA,150113,Inca Ripac,Jesús María,684000.0,110.0,6218.181818181818,3,2,1,400.0,1,7389.0,812790.0,0.158,2102.95,,7,372,0.296,estable,0.512,0.608,0.837189592782548,0.519235
144384654,Urbania,JESUS MARIA,150113,AVENIDA SAN FELIPE,Jesús María,688000.0,77.0,8935.064935064935,3,2,0,0.0,1,7389.0,568953.0,-0.209,2102.95,,7,372,0.296,estable,0.512,0.608,0.837189592782548,0.519235
145848192,Urbania,JESUS MARIA,150113,Jr. Pachacutec,Jesús María,690200.0,116.0,5950.0,3,3,0,0.0,1,7389.0,857124.0,0.195,2102.95,,7,372,0.296,estable,0.512,0.608,0.837189592782548,0.519235
143264442,Urbania,JESUS MARIA,150113,"Av. SAN Felipe N°11xx, Dpto.  701",Jesús María,692000.0,76.0,9105.263157894737,3,2,0,0.0,1,7389.0,561564.0,-0.232,2102.95,,7,372,0.296,estable,0.512,0.608,0.837189592782548,0.519235
149262686,Urbania,JESUS MARIA,150113,Av. Mariátegui,Jesús María,697732.0,116.0,6014.931034482759,2,3,0,0.0,1,7389.0,857124.0,0.186,2102.95,,7,372,0.296,estable,0.512,0.608,0.837189592782548,0.519235
149471781,Urbania,JESUS MARIA,150113,Av. San Felipe,Jesús María,698000.0,90.0,7755.555555555556,2,2,0,0.0,1,7389.0,665010.0,-0.05,2102.95,,7,372,0.296,estable,0.512,0.608,0.837189592782548,0.519235
149608079,Urbania,JESUS MARIA,150113,Clínica San Felipe,Jesús María,698900.0,85.0,8222.35294117647,3,2,1,0.0,1,7389.0,628065.0,-0.113,2102.95,,7,372,0.296,estable,0.512,0.608,0.837189592782548,0.519235
148981246,Urbania,JESUS MARIA,150113,Avenida Cuba 1100,Jesús María,700000.0,83.0,8433.734939759037,3,2,1,0.0,1,7389.0,613287.0,-0.141,2102.95,,7,372,0.296,estable,0.512,0.608,0.837189592782548,0.519235
149037867,Urbania,JESUS MARIA,150113,"Av Cuba N° 11xx, Dpto. 2206",Jesús María,700000.0,83.0,8433.734939759037,3,2,1,0.0,1,7389.0,613287.0,-0.141,2102.95,,7,372,0.296,estable,0.512,0.608,0.837189592782548,0.519235
148304509,Urbania,JESUS MARIA,150113,Jr. Inca Ripac 245,Jesús María,700000.0,91.0,7692.307692307692,3,2,0,350.0,1,7389.0,672399.0,-0.041,2102.95,,7,372,0.296,estable,0.512,0.608,0.837189592782548,0.519235
147249371,Urbania,JESUS MARIA,150113,Av. Cuba,Jesús María,700000.0,83.0,8433.734939759037,3,2,0,0.0,1,7389.0,613287.0,-0.141,2102.95,,7,372,0.296,estable,0.512,0.608,0.837189592782548,0.519235
148292584,Urbania,JESUS MARIA,150113,Av Cuba al 1100,Jesús María,704000.0,83.0,8481.927710843374,2,2,0,0.0,1,7389.0,613287.0,-0.148,2102.95,,7,372,0.296,estable,0.512,0.608,0.837189592782548,0.519235
149262623,Urbania,JESUS MARIA,150113,Jirón Coronel Zegarra,Jesús María,717800.0,116.0,6187.931034482759,2,3,0,0.0,1,7389.0,857124.0,0.163,2102.95,,7,372,0.296,estable,0.512,0.608,0.837189592782548,0.519235
146585071,Urbania,JESUS MARIA,150113,"Gregorio Escobedo al 500-alquiler o Venta Departamento 03 Dormitorios 01 Cochera y 01 Depósito, Cerca la CCL Universidades y Centros Comerciales",Jesús María,720000.0,94.0,7659.574468085107,3,2,1,250.0,1,7389.0,694566.0,-0.037,2102.95,,7,372,0.296,estable,0.512,0.608,0.837189592782548,0.519235
147903404,Urbania,JESUS MARIA,150113,Av. San Felipe  al 400 Vista a Parque,Jesús María,722000.0,78.0,9256.410256410256,3,2,1,0.0,1,7389.0,576342.0,-0.253,2102.95,,7,372,0.296,estable,0.512,0.608,0.837189592782548,0.519235
148999518,Urbania,JESUS MARIA,150113,Av. Pershing (Faustino Sanchez Carrion),Jesús María,724000.0,98.0,7387.755102040816,3,2,1,0.0,10,7389.0,724122.0,0.0,2102.95,,7,372,0.296,estable,0.512,0.608,0.837189592782548,0.519235
148884410,Urbania,JESUS MARIA,150113,Av. Salaverry,Jesús María,728000.0,75.0,9706.666666666666,3,2,1,0.0,1,7389.0,554175.0,-0.314,2102.95,,7,372,0.296,estable,0.512,0.608,0.837189592782548,0.519235
146976149,Urbania,JESUS MARIA,150113,Av. Salaverry 500,Jesús María,728000.0,75.0,9706.666666666666,3,2,0,0.0,1,7389.0,554175.0,-0.314,2102.95,,7,372,0.296,estable,0.512,0.608,0.837189592782548,0.519235
149341692,Urbania,JESUS MARIA,150113,Avenida Olavegoya 1918,Jesús María,730000.0,108.0,6759.259259259259,3,3,1,600.0,1,7389.0,798012.0,0.085,2102.95,,7,372,0.296,estable,0.512,0.608,0.837189592782548,0.519235
148604263,Urbania,JESUS MARIA,150113,Av. San Felipe 720,Jesús María,741000.0,89.0,8325.842696629214,3,2,0,300.0,1,7389.0,657621.0,-0.127,2102.95,,7,372,0.296,estable,0.512,0.608,0.837189592782548,0.519235
149143835,Urbania,JESUS MARIA,150113,Av. San Felipe 700,Residencial San Felipe,741000.0,89.0,8325.842696629214,3,2,0,450.0,10,7389.0,657621.0,-0.127,2102.95,,7,372,0.296,estable,0.512,0.608,0.837189592782548,0.519235
149548027,Urbania,JESUS MARIA,150113,Av. San Felipe,Jesús María,741000.0,89.0,8325.842696629214,3,2,0,0.0,1,7389.0,657621.0,-0.127,2102.95,,7,372,0.296,estable,0.512,0.608,0.837189592782548,0.519235
144789513,Urbania,JESUS MARIA,150113,San Felipe,Jesús María,749790.0,79.0,9491.012658227848,3,2,1,0.0,1,7389.0,583731.0,-0.284,2102.95,,7,372,0.296,estable,0.512,0.608,0.837189592782548,0.519235
149210391,Urbania,JESUS MARIA,150113,Av. Gregorio Escobedo 560,Los Patricios,765000.0,97.0,7886.59793814433,3,2,1,0.0,10,7389.0,716733.0,-0.067,2102.95,,7,372,0.296,estable,0.512,0.608,0.837189592782548,0.519235
149846510,Urbania,JESUS MARIA,150113,San Felipe  al 4400,Jesús María,773000.0,85.0,9094.117647058823,3,2,0,0.0,1,7389.0,628065.0,-0.231,2102.95,,7,372,0.296,estable,0.512,0.608,0.837189592782548,0.519235
145428094,Urbania,JESUS MARIA,150113,Estados Unidos 1275,Jesús María,777000.0,140.0,5550.0,3,1,1,130.0,10,7389.0,1034460.0,0.249,2102.95,,7,372,0.296,estable,0.512,0.608,0.837189592782548,0.519235
147856818,Urbania,JESUS MARIA,150113,"Av. Salaverry 571, Jesús María",Jesús María,778000.0,74.0,10513.513513513513,3,2,0,0.0,1,7389.0,546786.0,-0.423,2102.95,,7,372,0.296,estable,0.512,0.608,0.837189592782548,0.519235
148496591,Urbania,JESUS MARIA,150113,Av. Gregorio Escobedo 560 al 500,Jesús María,798000.0,97.0,8226.80412371134,3,2,1,500.0,1,7389.0,716733.0,-0.113,2102.95,,7,372,0.296,estable,0.512,0.608,0.837189592782548,0.519235
148043528,Urbania,JESUS MARIA,150113,Inca Ripac 326,Jesús María,800000.0,85.0,9411.764705882353,3,2,0,0.0,1,7389.0,628065.0,-0.274,2102.95,,7,372,0.296,estable,0.512,0.608,0.837189592782548,0.519235
148165554,Urbania,JESUS MARIA,150113,Av. Horacio Urteaga,Jesús María,808779.0,203.0,3984.1330049261082,7,3,0,0.0,1,7389.0,1499967.0,0.461,2102.95,,7,372,0.296,estable,0.512,0.608,0.837189592782548,0.519235
149687491,Urbania,JESUS MARIA,150113,Avenida General Felipe Salaverry al 500,Jesús María,819000.0,168.0,4875.0,3,2,1,280.0,1,7389.0,1241352.0,0.34,2102.95,,7,372,0.296,estable,0.512,0.608,0.837189592782548,0.519235
148316063,Urbania,JESUS MARIA,150113,Jirón Costa Rica 145,Jesús María,825000.0,90.0,9166.666666666666,3,2,1,350.0,1,7389.0,665010.0,-0.241,2102.95,,7,372,0.296,estable,0.512,0.608,0.837189592782548,0.519235
149747102,Urbania,JESUS MARIA,150113,Av. San Felipe al 900 Jesus Maria,Jesús María,826000.0,147.0,5619.047619047619,3,3,1,300.0,1,7389.0,1086183.0,0.24,2102.95,,7,372,0.296,estable,0.512,0.608,0.837189592782548,0.519235
149037858,Urbania,JESUS MARIA,150113,"Av Cuba N° 11xx, Dpto. 2201",Jesús María,850000.0,122.0,6967.213114754099,3,3,1,0.0,1,7389.0,901458.0,0.057,2102.95,,7,372,0.296,estable,0.512,0.608,0.837189592782548,0.519235
149298522,Urbania,JESUS MARIA,150113,Vendo Departamento EN Jesus Maria - Excelente Acabados,Jesús María,864894.0,96.0,9009.3125,3,2,0,0.0,1,7389.0,709344.0,-0.219,2102.95,,7,372,0.296,estable,0.512,0.608,0.837189592782548,0.519235
149666500,Urbania,JESUS MARIA,150113,Jirón Estados Unidos 135,Jesús María,871750.0,158.0,5517.405063291139,3,3,2,250.0,1,7389.0,1167462.0,0.253,2102.95,,7,372,0.296,estable,0.512,0.608,0.837189592782548,0.519235
147029690,Urbania,JESUS MARIA,150113,coronel zegarra,Salaverry Et.2,887500.0,122.0,7274.5901639344265,4,2,1,350.0,1,7389.0,901458.0,0.015,2102.95,,7,372,0.296,estable,0.512,0.608,0.837189592782548,0.519235
149682838,Urbania,JESUS MARIA,150113,Jr. Daniel Olaechea 175 Piso 8,Jesús María,889665.0,150.0,5931.1,2,2,2,495.0,1,7389.0,1108350.0,0.197,2102.95,,7,372,0.296,estable,0.512,0.608,0.837189592782548,0.519235
145599949,Urbania,JESUS MARIA,150113,Duplex de Estreno con Exelente Distribucion y Luminosidad -av. Cuba - Departamento en Venta - A 3 Cdras de la Av. Salaverry,Jesús María,909000.0,122.0,7450.819672131148,3,3,1,0.0,1,7389.0,901458.0,-0.008,2102.95,,7,372,0.296,estable,0.512,0.608,0.837189592782548,0.519235
149687573,Urbania,JESUS MARIA,150113,"Dúplex de Alto Nivel en Av. San Felipe, 116 m², muy Luminoso y Bien Ubicado",Jesús María,913540.0,116.0,7875.3448275862065,3,2,0,0.0,1,7389.0,857124.0,-0.066,2102.95,,7,372,0.296,estable,0.512,0.608,0.837189592782548,0.519235
149037861,Urbania,JESUS MARIA,150113,"Av Cuba N° 11xx, Dpto. 2202",Jesús María,945000.0,134.0,7052.238805970149,4,3,1,0.0,10,7389.0,990126.0,0.046,2102.95,,7,372,0.296,estable,0.512,0.608,0.837189592782548,0.519235
149266339,Urbania,JESUS MARIA,150113,Residencial San Felipe,Residencial San Felipe,949200.0,274.0,3464.2335766423357,5,3,0,150.0,1,7389.0,2024586.0,0.531,2102.95,,7,372,0.296,estable,0.512,0.608,0.837189592782548,0.519235
146769107,Urbania,JESUS MARIA,150113,"Avenida 6 de Agosto 7, Jesus Maria",Jesús María,999000.0,180.0,5550.0,5,3,0,0.0,1,7389.0,1330020.0,0.249,2102.95,,7,372,0.296,estable,0.512,0.608,0.837189592782548,0.519235
148292753,Urbania,JESUS MARIA,150113,Av Cuba al 1100,Jesús María,1022000.0,135.0,7570.37037037037,4,3,0,0.0,1,7389.0,997515.0,-0.025,2102.95,,7,372,0.296,estable,0.512,0.608,0.837189592782548,0.519235
148052307,Urbania,JESUS MARIA,150113,Huascar,Jesús María,1036596.0,150.0,6910.64,3,2,1,0.0,10,7389.0,1108350.0,0.065,2102.95,,7,372,0.296,estable,0.512,0.608,0.837189592782548,0.519235
149411676,Urbania,JESUS MARIA,150113,Calle Santo Domingo Cuadra 2,Jesús María,1055000.0,162.0,6512.3456790123455,4,3,1,0.0,10,7389.0,1197018.0,0.119,2102.95,,7,372,0.296,estable,0.512,0.608,0.837189592782548,0.519235
146138058,Urbania,JESUS MARIA,150113,"Jirón Huascar N° 21xx, Dpto. 803",Jesús María,1063830.0,132.0,8059.318181818182,3,2,1,0.0,1,7389.0,975348.0,-0.091,2102.95,,7,372,0.296,estable,0.512,0.608,0.837189592782548,0.519235
149316634,Urbania,JESUS MARIA,150113,SANTO DOMINGO,Jesús María,1065000.0,148.0,7195.945945945946,4,4,0,300.0,1,7389.0,1093572.0,0.026,2102.95,,7,372,0.296,estable,0.512,0.608,0.837189592782548,0.519235
149846278,Urbania,JESUS MARIA,150113,JR. Santo Domingo,Jesús María,1075000.0,147.0,7312.925170068027,4,4,0,0.0,1,7389.0,1086183.0,0.01,2102.95,,7,372,0.296,estable,0.512,0.608,0.837189592782548,0.519235
148792399,Urbania,JESUS MARIA,150113,Av. San Felipe,Jesús María,1090000.0,142.0,7676.056338028169,3,4,1,300.0,1,7389.0,1049238.0,-0.039,2102.95,,7,372,0.296,estable,0.512,0.608,0.837189592782548,0.519235
147889980,Urbania,JESUS MARIA,150113,"Av. Olavegoya 2026, Jesús María",Jesús María,1100000.0,204.0,5392.156862745098,4,4,1,700.0,1,7389.0,1507356.0,0.27,2102.95,,7,372,0.296,estable,0.512,0.608,0.837189592782548,0.519235
149611737,Urbania,JESUS MARIA,150113,Calle Daniel Olaechea 136 - Dpto. 908 Jesus Maria,Jesús María,1100000.0,153.0,7189.5424836601305,2,3,0,0.0,1,7389.0,1130517.0,0.027,2102.95,,7,372,0.296,estable,0.512,0.608,0.837189592782548,0.519235
148369536,Urbania,JESUS MARIA,150113,AVENIDA DE LA POLICIA,Jesús María,1135000.0,162.0,7006.172839506173,3,3,0,0.0,1,7389.0,1197018.0,0.052,2102.95,,7,372,0.296,estable,0.512,0.608,0.837189592782548,0.519235
148712304,Urbania,JESUS MARIA,150113,Av. Gregorio Escobedo,Residencial San Felipe,1145000.0,162.0,7067.901234567901,4,4,1,550.0,1,7389.0,1197018.0,0.043,2102.95,,7,372,0.296,estable,0.512,0.608,0.837189592782548,0.519235
149392655,Urbania,JESUS MARIA,150113,Av. Gregorio Escobedo,Jesús María,1145000.0,162.0,7067.901234567901,4,3,1,400.0,1,7389.0,1197018.0,0.043,2102.95,,7,372,0.296,estable,0.512,0.608,0.837189592782548,0.519235
148427765,Urbania,JESUS MARIA,150113,Jesús María,Jesús María,1182550.0,245.0,4826.734693877551,8,5,1,350.0,1,7389.0,1810305.0,0.347,2102.95,,7,372,0.296,estable,0.512,0.608,0.837189592782548,0.519235
149855138,Urbania,JESUS MARIA,150113,Av. San Felipe,Jesús María,1260000.0,190.0,6631.578947368421,4,2,2,0.0,1,7389.0,1403910.0,0.103,2102.95,,7,372,0.296,estable,0.512,0.608,0.837189592782548,0.519235
148147707,Urbania,JESUS MARIA,150113,Jr. Huáscar al 2100,Jesús María,1303191.0,157.0,8300.579617834395,3,2,0,0.0,1,7389.0,1160073.0,-0.123,2102.95,,7,372,0.296,estable,0.512,0.608,0.837189592782548,0.519235
149905134,Urbania,JESUS MARIA,150113,Av. San Felipe Torre A al 600,Jesús María,1350000.0,190.0,7105.263157894737,3,2,0,600.0,10,7389.0,1403910.0,0.038,2102.95,,7,372,0.296,estable,0.512,0.608,0.837189592782548,0.519235
147300198,Urbania,JESUS MARIA,150113,GARIBALDI,Jesús María,1356383.0,181.0,7493.828729281768,3,4,0,250.0,1,7389.0,1337409.0,-0.014,2102.95,,7,372,0.296,estable,0.512,0.608,0.837189592782548,0.519235
148052242,Urbania,JESUS MARIA,150113,Huascar,Jesús María,1361702.0,182.0,7481.879120879121,3,3,1,0.0,1,7389.0,1344798.0,-0.013,2102.95,,7,372,0.296,estable,0.512,0.608,0.837189592782548,0.519235
148571594,Urbania,JESUS MARIA,150113,Avenida Dos de Mayo al 1400,Jesús María,1713000.0,206.0,8315.533980582524,3,2,2,0.0,1,7389.0,1522134.0,-0.125,2102.95,,7,372,0.296,estable,0.512,0.608,0.837189592782548,0.519235
149855145,Urbania,JESUS MARIA,150113,"Av. San Felipe N° 1079, Jesús Maria",Jesús María,1735000.0,300.0,5783.333333333333,4,6,1,700.0,1,7389.0,2216700.0,0.217,2102.95,,7,372,0.296,estable,0.512,0.608,0.837189592782548,0.519235
149517554,Urbania,JESUS MARIA,150113,Av. San Felipe 1079,Salaverry Et.2,1750000.0,300.0,5833.333333333333,4,6,1,700.0,1,7389.0,2216700.0,0.211,2102.95,,7,372,0.296,estable,0.512,0.608,0.837189592782548,0.519235
149793231,Urbania,JESUS MARIA,150113,Av. San Felipe 1079,Jesús María,1750000.0,300.0,5833.333333333333,4,6,1,700.0,1,7389.0,2216700.0,0.211,2102.95,,7,372,0.296,estable,0.512,0.608,0.837189592782548,0.519235
149541815,Urbania,JESUS MARIA,150113,Av. San Felipe 1079,Jesús María,1751000.0,300.0,5836.666666666667,4,7,1,0.0,1,7389.0,2216700.0,0.21,2102.95,,7,372,0.296,estable,0.512,0.608,0.837189592782548,0.519235
65737336,Urbania,LA MOLINA,150114,Pasaje Los Condes 1500,La Molina,225000.0,41.0,5487.804878048781,1,1,1,10.0,1,4943.0,202663.0,-0.11,1510.42,,1,6,0.227,estable,0.08,0.426,0.845216614825386,1.168268
91416266,Urbania,LA MOLINA,150114,JIRON. LURIN,Las Laderas De La Molina,265500.0,98.0,2709.183673469388,3,2,0,1.0,1,4943.0,484414.0,0.452,1510.42,,1,6,0.227,estable,0.08,0.426,0.845216614825386,1.168268
147376404,Urbania,LA MOLINA,150114,Castilla la Vieja  al 100,La Molina,290700.0,110.0,2642.7272727272725,2,2,0,0.0,1,4943.0,543730.0,0.465,1510.42,,1,6,0.227,estable,0.08,0.426,0.845216614825386,1.168268
149645929,Urbania,LA MOLINA,150114,AV. Separadora Industrial  Urb. Covima - LA Molina,La Molina,293000.0,91.0,3219.78021978022,2,1,0,0.0,1,4943.0,449813.0,0.349,1510.42,,1,6,0.227,estable,0.08,0.426,0.845216614825386,1.168268
148920716,Urbania,LA MOLINA,150114,Madre de Dios,Santa Patricia Etapa Ii,306000.0,68.0,4500.0,2,1,0,20.0,1,4943.0,336124.0,0.09,1510.42,,1,6,0.227,estable,0.08,0.426,0.845216614825386,1.168268
149323258,Urbania,LA MOLINA,150114,Madre De Dios 265,La Molina,306000.0,72.0,4250.0,2,1,0,150.0,1,4943.0,355896.0,0.14,1510.42,,1,6,0.227,estable,0.08,0.426,0.845216614825386,1.168268
149758934,Urbania,LA MOLINA,150114,Los Sauces 500,La Molina,314000.0,102.0,3078.4313725490197,2,2,1,0.0,1,4943.0,504186.0,0.377,1510.42,,1,6,0.227,estable,0.08,0.426,0.845216614825386,1.168268
148801623,Urbania,LA MOLINA,150114,Río Danubio,La Molina,335160.0,53.0,6323.773584905661,2,1,1,0.0,10,4943.0,261979.0,-0.279,1510.42,,1,6,0.227,estable,0.08,0.426,0.845216614825386,1.168268
148229728,Urbania,LA MOLINA,150114,Calla Galileo Galilei 111 La Molina,La Molina,342720.0,96.0,3570.0,3,2,0,0.0,1,4943.0,474528.0,0.278,1510.42,,1,6,0.227,estable,0.08,0.426,0.845216614825386,1.168268
149232937,Urbania,LA MOLINA,150114,LA MOLINA-MAYORAZGO-CERCA CONSTRUCTORES-DPTO. 4to. PISO-4D-3 BAÑOS- VISTA CALLE- 95 MIL $,Mayorazgo,355000.0,90.0,3944.4444444444443,4,3,0,200.0,1,4943.0,444870.0,0.202,1510.42,,1,6,0.227,estable,0.08,0.426,0.845216614825386,1.168268
149880119,Urbania,LA MOLINA,150114,Armatambo 180,La Molina,360000.0,100.0,3600.0,3,2,1,0.0,1,4943.0,494300.0,0.272,1510.42,,1,6,0.227,estable,0.08,0.426,0.845216614825386,1.168268
147781258,Urbania,LA MOLINA,150114,Jirón Huaca de la Luna La Molina,La Molina,364000.0,85.0,4282.35294117647,3,2,0,0.0,1,4943.0,420155.0,0.134,1510.42,,1,6,0.227,estable,0.08,0.426,0.845216614825386,1.168268
145624692,Urbania,LA MOLINA,150114,AV FLORA TRISTAN 333 LA MOLINA,Santa Patricia,370000.0,110.0,3363.6363636363635,3,3,0,0.0,1,4943.0,543730.0,0.32,1510.42,,1,6,0.227,estable,0.08,0.426,0.845216614825386,1.168268
148547393,Urbania,LA MOLINA,150114,"C. Vilcabamba, La Molina",La Molina,373000.0,85.0,4388.235294117647,3,2,1,0.0,1,4943.0,420155.0,0.112,1510.42,,1,6,0.227,estable,0.08,0.426,0.845216614825386,1.168268
149470750,Urbania,LA MOLINA,150114,Jiron Segovia  100,La Capilla,378000.0,94.0,4021.276595744681,2,2,0,0.0,1,4943.0,464642.0,0.186,1510.42,,1,6,0.227,estable,0.08,0.426,0.845216614825386,1.168268
149176874,Urbania,LA MOLINA,150114,Calle Río Cauca 156,La Pradera,379350.0,94.0,4035.6382978723404,2,2,0,0.0,1,4943.0,464642.0,0.184,1510.42,,1,6,0.227,estable,0.08,0.426,0.845216614825386,1.168268
149318773,Urbania,LA MOLINA,150114,Colmenares  - La Molina al 100,Las Colinas De La Molina,380254.0,84.0,4526.833333333333,3,2,0,80.0,1,4943.0,415212.0,0.084,1510.42,,1,6,0.227,estable,0.08,0.426,0.845216614825386,1.168268
148448852,Urbania,LA MOLINA,150114,Venta De Departamento en La Molina en Avenida Separadora,La Molina,385000.0,100.0,3850.0,3,2,0,0.0,1,4943.0,494300.0,0.221,1510.42,,1,6,0.227,estable,0.08,0.426,0.845216614825386,1.168268
148709481,Urbania,LA MOLINA,150114,Portada del Sol,Portada Del Sol Etapa I,391950.0,96.0,4082.8125,3,2,0,80.0,1,4943.0,474528.0,0.174,1510.42,,1,6,0.227,estable,0.08,0.426,0.845216614825386,1.168268
148230086,Urbania,LA MOLINA,150114,"Jr. Machu Picchu 295, La Molina",Portada Del Sol Etapa Ii,402000.0,82.0,4902.4390243902435,3,2,1,0.0,10,4943.0,405326.0,0.008,1510.42,,1,6,0.227,estable,0.08,0.426,0.845216614825386,1.168268
146506054,Urbania,LA MOLINA,150114,"Calle Máncora Urb. San Remo, La Molina",San Remo,402000.0,99.0,4060.6060606060605,2,2,0,120.0,1,4943.0,489357.0,0.179,1510.42,,1,6,0.227,estable,0.08,0.426,0.845216614825386,1.168268
147556571,Urbania,LA MOLINA,150114,Altura Corregidor CON Fresnos - Portada DEL SOL,La Molina,403300.0,68.0,5930.882352941177,2,2,0,0.0,1,4943.0,336124.0,-0.2,1510.42,,1,6,0.227,estable,0.08,0.426,0.845216614825386,1.168268
149245916,Urbania,LA MOLINA,150114,Jr. Junín al 100,La Molina,406680.0,115.0,3536.3478260869565,3,2,0,50.0,1,4943.0,568445.0,0.285,1510.42,,1,6,0.227,estable,0.08,0.426,0.845216614825386,1.168268
149462126,Urbania,LA MOLINA,150114,La Molina,Las Praderas De La Molina,407660.0,97.0,4202.680412371134,3,3,1,100.0,1,4943.0,479471.0,0.15,1510.42,,1,6,0.227,estable,0.08,0.426,0.845216614825386,1.168268
146767407,Urbania,LA MOLINA,150114,Jirón Los Incas 1,La Molina,408000.0,63.0,6476.190476190476,3,2,1,150.0,1,4943.0,311409.0,-0.31,1510.42,,1,6,0.227,estable,0.08,0.426,0.845216614825386,1.168268
149751169,Urbania,LA MOLINA,150114,Calle Colmenares,La Molina,414000.0,92.0,4500.0,3,2,1,100.0,1,4943.0,454756.0,0.09,1510.42,,1,6,0.227,estable,0.08,0.426,0.845216614825386,1.168268
149645389,Urbania,LA MOLINA,150114,Río Indo,Las Praderas De La Molina,419700.0,107.0,3922.429906542056,4,3,1,150.0,1,4943.0,528901.0,0.206,1510.42,,1,6,0.227,estable,0.08,0.426,0.845216614825386,1.168268
149703524,Urbania,LA MOLINA,150114,Calle Paseo de los Condes 180,Las Lomas De La Molina Vieja,420000.0,116.0,3620.689655172414,3,2,1,100.0,1,4943.0,573388.0,0.268,1510.42,,1,6,0.227,estable,0.08,0.426,0.845216614825386,1.168268
4545470,Urbania,LA MOLINA,150114,Rio Sena,La Pradera,420900.0,84.0,5010.714285714285,3,2,0,0.0,1,4943.0,415212.0,-0.014,1510.42,,1,6,0.227,estable,0.08,0.426,0.845216614825386,1.168268
147571470,Urbania,LA MOLINA,150114,ANDALUCIA 221,La Capilla,423000.0,70.0,6042.857142857143,3,1,0,85.0,1,4943.0,346010.0,-0.223,1510.42,,1,6,0.227,estable,0.08,0.426,0.845216614825386,1.168268
148952905,Urbania,LA MOLINA,150114,Jr. Las Vascongadas,La Molina,435005.0,90.0,4833.388888888889,3,2,1,0.0,1,4943.0,444870.0,0.022,1510.42,,1,6,0.227,estable,0.08,0.426,0.845216614825386,1.168268
147985071,Urbania,LA MOLINA,150114,Av. La Fontana,La Molina,438600.0,121.0,3624.793388429752,3,2,0,100.0,1,4943.0,598103.0,0.267,1510.42,,1,6,0.227,estable,0.08,0.426,0.845216614825386,1.168268
149574172,Urbania,LA MOLINA,150114,Jr. Valladolid 450,La Capilla,446000.0,97.0,4597.938144329897,3,3,1,100.0,1,4943.0,479471.0,0.07,1510.42,,1,6,0.227,estable,0.08,0.426,0.845216614825386,1.168268
146940355,Urbania,LA MOLINA,150114,Calle Rio Ganges 105,La Pradera,450000.0,95.0,4736.8421052631575,2,2,1,0.0,1,4943.0,469585.0,0.042,1510.42,,1,6,0.227,estable,0.08,0.426,0.845216614825386,1.168268
149383552,Urbania,LA MOLINA,150114,Río Rin,La Molina,450000.0,90.0,5000.0,3,3,2,160.0,1,4943.0,444870.0,-0.012,1510.42,,1,6,0.227,estable,0.08,0.426,0.845216614825386,1.168268
147118689,Urbania,LA MOLINA,150114,Villareal de los infantes La Molina,Las Lomas De La Molina Vieja E Ii,451840.0,74.0,6105.945945945946,3,2,1,1.0,1,4943.0,365782.0,-0.235,1510.42,,1,6,0.227,estable,0.08,0.426,0.845216614825386,1.168268
149850109,Urbania,LA MOLINA,150114,Huaca Del Sol 359,La Molina,459000.0,107.0,4289.719626168225,3,3,1,0.0,1,4943.0,528901.0,0.132,1510.42,,1,6,0.227,estable,0.08,0.426,0.845216614825386,1.168268
148514869,Urbania,LA MOLINA,150114,Calle Santa Cruz de Tenerife 256,La Capilla,459000.0,97.0,4731.958762886598,3,2,1,0.0,1,4943.0,479471.0,0.043,1510.42,,1,6,0.227,estable,0.08,0.426,0.845216614825386,1.168268
148549904,Urbania,LA MOLINA,150114,LAS LOMAS -DUPLEX-3 DORM.- MAS AMPLIA TERRAZA- FINOS ACABADOS-PARKE GRANDE- OPC: COCHERA- 135 MIL $,Las Lomas De La Molina Vieja,465000.0,110.0,4227.272727272727,3,2,1,130.0,1,4943.0,543730.0,0.145,1510.42,,1,6,0.227,estable,0.08,0.426,0.845216614825386,1.168268
149653629,Urbania,LA MOLINA,150114,Calle Marcahuasi 174,Portada Del Sol Etapa Iii,465750.0,106.0,4393.867924528302,3,2,1,0.0,1,4943.0,523958.0,0.111,1510.42,,1,6,0.227,estable,0.08,0.426,0.845216614825386,1.168268
146767097,Urbania,LA MOLINA,150114,Jirón Machu Picchu 6,La Molina,466800.0,136.0,3432.3529411764707,2,1,1,0.0,9,4943.0,672248.0,0.306,1510.42,,1,6,0.227,estable,0.08,0.426,0.845216614825386,1.168268
149147283,Urbania,LA MOLINA,150114,Chavin,La Molina,470000.0,121.0,3884.2975206611573,3,2,1,0.0,1,4943.0,598103.0,0.214,1510.42,,1,6,0.227,estable,0.08,0.426,0.845216614825386,1.168268
149159849,Urbania,LA MOLINA,150114,Programa de Vivienda Las Viñas de La Molina II Ca. La Península,La Molina,479400.0,86.0,5574.418604651163,3,1,1,100.0,1,4943.0,425098.0,-0.128,1510.42,,1,6,0.227,estable,0.08,0.426,0.845216614825386,1.168268
145080459,Urbania,LA MOLINA,150114,Calle Rio Danubio Urb. Las Praderas,La Molina,480000.0,227.0,2114.5374449339206,3,2,0,0.0,10,4943.0,1122061.0,0.572,1510.42,,1,6,0.227,estable,0.08,0.426,0.845216614825386,1.168268
148008656,Urbania,LA MOLINA,150114,Amplio Espacio y 20m2 Extras- 2 Estacionamientos - 4 Habitaciones. 2.5 Baños. sin Gastos de Mantenimiento,Portada Del Sol,482000.0,125.0,3856.0,3,2,0,0.0,1,4943.0,617875.0,0.22,1510.42,,1,6,0.227,estable,0.08,0.426,0.845216614825386,1.168268
149772802,Urbania,LA MOLINA,150114,Jirón Nevado Alpamayo 157,La Molina,485110.0,89.0,5450.6741573033705,3,3,0,0.0,1,4943.0,439927.0,-0.103,1510.42,,1,6,0.227,estable,0.08,0.426,0.845216614825386,1.168268
147789180,Urbania,LA MOLINA,150114,Av. El Corregidor N°1575  Dpto. 203,Sirius,485750.0,90.0,5397.222222222223,3,2,1,200.0,1,4943.0,444870.0,-0.092,1510.42,,1,6,0.227,estable,0.08,0.426,0.845216614825386,1.168268
146377688,Urbania,LA MOLINA,150114,Calle Huaca Media Luna,Portada Del Sol Etapa Iii,485750.0,164.0,2961.890243902439,3,3,1,0.0,10,4943.0,810652.0,0.401,1510.42,,1,6,0.227,estable,0.08,0.426,0.845216614825386,1.168268
149898942,Urbania,LA MOLINA,150114,Calle Sta Margarita,La Molina,490000.0,140.0,3500.0,2,2,0,100.0,1,4943.0,692020.0,0.292,1510.42,,1,6,0.227,estable,0.08,0.426,0.845216614825386,1.168268
149730433,Urbania,LA MOLINA,150114,Aprovisa,Aprovisa,493000.0,116.0,4250.0,3,2,1,0.0,1,4943.0,573388.0,0.14,1510.42,,1,6,0.227,estable,0.08,0.426,0.845216614825386,1.168268
149257055,Urbania,LA MOLINA,150114,Av. Alameda Del Corregidor al 1500,Sirius,493000.0,90.0,5477.777777777777,3,3,1,175.0,1,4943.0,444870.0,-0.108,1510.42,,1,6,0.227,estable,0.08,0.426,0.845216614825386,1.168268
148383948,Urbania,LA MOLINA,150114,calle colmenares 232,La Molina,493000.0,151.0,3264.900662251656,6,3,0,0.0,1,4943.0,746393.0,0.339,1510.42,,1,6,0.227,estable,0.08,0.426,0.845216614825386,1.168268
148091915,Urbania,LA MOLINA,150114,Avenida Alameda del Corregidor 1575	 al 1500,Sirius,499150.0,91.0,5485.1648351648355,3,3,1,0.0,10,4943.0,449813.0,-0.11,1510.42,,1,6,0.227,estable,0.08,0.426,0.845216614825386,1.168268
147060294,Urbania,LA MOLINA,150114,"FRUTICULTORES, 205",La Molina,500000.0,102.0,4901.9607843137255,3,2,1,170.0,1,4943.0,504186.0,0.008,1510.42,,1,6,0.227,estable,0.08,0.426,0.845216614825386,1.168268
149513869,Urbania,LA MOLINA,150114,Calle la Cordillera 565,La Ensenada,500250.0,123.0,4067.0731707317073,3,2,0,60.0,1,4943.0,607989.0,0.177,1510.42,,1,6,0.227,estable,0.08,0.426,0.845216614825386,1.168268
149401447,Urbania,LA MOLINA,150114,Micaela Bastidas  al 100,La Molina,502500.0,79.0,6360.7594936708865,3,2,1,0.0,1,4943.0,390497.0,-0.287,1510.42,,1,6,0.227,estable,0.08,0.426,0.845216614825386,1.168268
148629619,Urbania,LA MOLINA,150114,Los Mochicas  al 100,Alameda De Los Corregidores,502500.0,84.0,5982.142857142857,3,2,1,230.0,1,4943.0,415212.0,-0.21,1510.42,,1,6,0.227,estable,0.08,0.426,0.845216614825386,1.168268
149151788,Urbania,LA MOLINA,150114,Ishpingos al 200,La Molina,503200.0,104.0,4838.461538461538,2,2,0,80.0,10,4943.0,514072.0,0.021,1510.42,,1,6,0.227,estable,0.08,0.426,0.845216614825386,1.168268
149276189,Urbania,LA MOLINA,150114,Jirón Lurín 591,La Molina,504000.0,107.0,4710.280373831775,2,2,1,0.0,1,4943.0,528901.0,0.047,1510.42,,1,6,0.227,estable,0.08,0.426,0.845216614825386,1.168268
148378882,Urbania,LA MOLINA,150114,El Mástil,La Molina,504000.0,90.0,5600.0,3,3,1,0.0,10,4943.0,444870.0,-0.133,1510.42,,1,6,0.227,estable,0.08,0.426,0.845216614825386,1.168268
148699157,Urbania,LA MOLINA,150114,Calle Máncora al 200,El Sol De La Molina Et.1,509365.0,115.0,4429.260869565217,3,3,1,250.0,1,4943.0,568445.0,0.104,1510.42,,1,6,0.227,estable,0.08,0.426,0.845216614825386,1.168268
149273014,Urbania,LA MOLINA,150114,Jr. Alameda de los Virreyes al 300,La Molina,510000.0,116.0,4396.551724137931,3,2,1,160.0,1,4943.0,573388.0,0.111,1510.42,,1,6,0.227,estable,0.08,0.426,0.845216614825386,1.168268
148834481,Urbania,LA MOLINA,150114,Teruel,La Capilla,512560.0,135.0,3796.740740740741,3,3,0,0.0,1,4943.0,667305.0,0.232,1510.42,,1,6,0.227,estable,0.08,0.426,0.845216614825386,1.168268
146746251,Urbania,LA MOLINA,150114,Calle río. Mapocho 178,Las Praderas De La Molina,518000.0,116.0,4465.517241379311,3,3,1,60.0,1,4943.0,573388.0,0.097,1510.42,,1,6,0.227,estable,0.08,0.426,0.845216614825386,1.168268
147210598,Urbania,LA MOLINA,150114,"Alameda del Corregidor 15, 2, Urb Sirius, La Molina",Sirius,522000.0,96.0,5437.5,3,2,1,175.0,1,4943.0,474528.0,-0.1,1510.42,,1,6,0.227,estable,0.08,0.426,0.845216614825386,1.168268
148771706,Urbania,LA MOLINA,150114,muy cerca a parque,Las Lomas De La Molina Vieja,525000.0,110.0,4772.727272727273,3,2,1,250.0,1,4943.0,543730.0,0.034,1510.42,,1,6,0.227,estable,0.08,0.426,0.845216614825386,1.168268
146767625,Urbania,LA MOLINA,150114,"Jr. José Antonio 2, La Molina",La Molina,525000.0,92.0,5706.521739130435,3,3,1,110.0,1,4943.0,454756.0,-0.154,1510.42,,1,6,0.227,estable,0.08,0.426,0.845216614825386,1.168268
149334775,Urbania,LA MOLINA,150114,Miami 10,El Sol De La Molina Et.1,527000.0,120.0,4391.666666666667,4,2,1,140.0,1,4943.0,593160.0,0.112,1510.42,,1,6,0.227,estable,0.08,0.426,0.845216614825386,1.168268
147528103,Urbania,LA MOLINA,150114,Cruz de tenerife,La Capilla,533800.0,110.0,4852.727272727273,3,2,2,0.0,1,4943.0,543730.0,0.018,1510.42,,1,6,0.227,estable,0.08,0.426,0.845216614825386,1.168268
149862995,Urbania,LA MOLINA,150114,"Calle LAS Palmas  104, Urb. LA Capilla",La Capilla,534405.0,107.0,4994.439252336449,3,2,0,0.0,1,4943.0,528901.0,-0.01,1510.42,,1,6,0.227,estable,0.08,0.426,0.845216614825386,1.168268
148814983,Urbania,LA MOLINA,150114,Av. Javier Prado Este,Covima,534750.0,105.0,5092.857142857143,3,2,1,180.0,1,4943.0,519015.0,-0.03,1510.42,,1,6,0.227,estable,0.08,0.426,0.845216614825386,1.168268
148955329,Urbania,LA MOLINA,150114,Los Aromos 531,El Remanso,536000.0,93.0,5763.440860215053,2,1,0,0.0,1,4943.0,459699.0,-0.166,1510.42,,1,6,0.227,estable,0.08,0.426,0.845216614825386,1.168268
148207383,Urbania,LA MOLINA,150114,"Jr. Cusco 199, La Molina 15024",La Molina,537600.0,145.0,3707.5862068965516,3,2,0,0.0,1,4943.0,716735.0,0.25,1510.42,,1,6,0.227,estable,0.08,0.426,0.845216614825386,1.168268
149484106,Urbania,LA MOLINA,150114,Av. Los Fresnos 804,La Molina,543000.0,139.0,3906.4748201438847,2,3,1,0.0,1,4943.0,687077.0,0.21,1510.42,,1,6,0.227,estable,0.08,0.426,0.845216614825386,1.168268
148481402,Urbania,LA MOLINA,150114,detras de Facultad de ingenieria de la Univ San Martin,Santa Patricia Etapa Ii,548550.0,108.0,5079.166666666667,3,2,1,120.0,1,4943.0,533844.0,-0.028,1510.42,,1,6,0.227,estable,0.08,0.426,0.845216614825386,1.168268
149312371,Urbania,LA MOLINA,150114,Alameda del Corregidor 1575,Sirius,550000.0,98.0,5612.244897959184,3,3,1,200.0,1,4943.0,484414.0,-0.135,1510.42,,1,6,0.227,estable,0.08,0.426,0.845216614825386,1.168268
149452694,Urbania,LA MOLINA,150114,Calle Montevideo,Santa Patricia I-etapa,552000.0,98.0,5632.65306122449,3,2,1,110.0,1,4943.0,484414.0,-0.14,1510.42,,1,6,0.227,estable,0.08,0.426,0.845216614825386,1.168268
149871592,Urbania,LA MOLINA,150114,CALLE SAN MARTIN  290,Santa Patricia Ii-etapa,552000.0,88.0,6272.727272727273,3,2,0,50.0,1,4943.0,434984.0,-0.269,1510.42,,1,6,0.227,estable,0.08,0.426,0.845216614825386,1.168268
148492467,Urbania,LA MOLINA,150114,Río Amarillo,La Molina,553000.0,183.0,3021.8579234972676,4,3,1,0.0,1,4943.0,904569.0,0.389,1510.42,,1,6,0.227,estable,0.08,0.426,0.845216614825386,1.168268
143776550,Urbania,LA MOLINA,150114,"JR RICARDO PALMA 131, LA MOLINA",La Molina,555000.0,90.0,6166.666666666667,3,3,1,56.0,1,4943.0,444870.0,-0.248,1510.42,,1,6,0.227,estable,0.08,0.426,0.845216614825386,1.168268
148210635,Urbania,LA MOLINA,150114,Av LA ARBOLEDA xxx - 2xx,Remanso,556800.0,92.0,6052.173913043478,2,2,1,250.0,1,4943.0,454756.0,-0.224,1510.42,,1,6,0.227,estable,0.08,0.426,0.845216614825386,1.168268
149360065,Urbania,LA MOLINA,150114,La Molina,La Molina,561000.0,67.0,8373.134328358208,2,1,2,390.0,1,4943.0,331181.0,-0.694,1510.42,,1,6,0.227,estable,0.08,0.426,0.845216614825386,1.168268
148678613,Urbania,LA MOLINA,150114,Calle Río Misuri,Las Praderas De La Molina,561000.0,114.0,4921.0526315789475,3,2,0,30.0,1,4943.0,563502.0,0.004,1510.42,,1,6,0.227,estable,0.08,0.426,0.845216614825386,1.168268
149408071,Urbania,LA MOLINA,150114,Jr. Las Higueras 175,La Molina,562650.0,92.0,6115.760869565217,3,2,1,350.0,1,4943.0,454756.0,-0.237,1510.42,,1,6,0.227,estable,0.08,0.426,0.845216614825386,1.168268
147907590,Urbania,LA MOLINA,150114,"Alameda del Corregidor 15, Piso 1, Urb Sirius, La Molina",Sirius,569250.0,102.0,5580.882352941177,3,2,1,0.0,1,4943.0,504186.0,-0.129,1510.42,,1,6,0.227,estable,0.08,0.426,0.845216614825386,1.168268
148597513,Urbania,LA MOLINA,150114,calle Los Bananos N°140 Dpto .20X,Los Cactus,569500.0,99.0,5752.525252525253,3,2,2,400.0,1,4943.0,489357.0,-0.164,1510.42,,1,6,0.227,estable,0.08,0.426,0.845216614825386,1.168268
4561220,Urbania,LA MOLINA,150114,Calle Los Bambues  440,Sirius,570000.0,104.0,5480.7692307692305,3,2,1,100.0,1,4943.0,514072.0,-0.109,1510.42,,1,6,0.227,estable,0.08,0.426,0.845216614825386,1.168268
147146236,Urbania,LA MOLINA,150114,Jr. Valladolid 175,La Capilla,570000.0,101.0,5643.564356435643,3,2,0,0.0,1,4943.0,499243.0,-0.142,1510.42,,1,6,0.227,estable,0.08,0.426,0.845216614825386,1.168268
145885915,Urbania,LA MOLINA,150114,Jr. Tacna 180,La Molina,572360.0,83.0,6895.903614457831,3,2,1,0.0,1,4943.0,410269.0,-0.395,1510.42,,1,6,0.227,estable,0.08,0.426,0.845216614825386,1.168268
149351743,Urbania,LA MOLINA,150114,Avenida Corregidor al 2100,Alameda De Los Corregidores,572880.0,101.0,5672.079207920792,4,4,1,0.0,1,4943.0,499243.0,-0.147,1510.42,,1,6,0.227,estable,0.08,0.426,0.845216614825386,1.168268
149608673,Urbania,LA MOLINA,150114,Jr. de Los Conquistadores,Las Lomas De La Molina Vieja,574600.0,102.0,5633.333333333333,3,2,1,120.0,1,4943.0,504186.0,-0.14,1510.42,,1,6,0.227,estable,0.08,0.426,0.845216614825386,1.168268
149297132,Urbania,LA MOLINA,150114,Avenida Flora Tristán 215,La Molina,577473.0,118.0,4893.838983050848,3,3,1,0.0,1,4943.0,583274.0,0.01,1510.42,,1,6,0.227,estable,0.08,0.426,0.845216614825386,1.168268
147053511,Urbania,LA MOLINA,150114,muy cerca a parque,Las Lomas De La Molina Vieja,582960.0,110.0,5299.636363636364,3,2,2,200.0,1,4943.0,543730.0,-0.072,1510.42,,1,6,0.227,estable,0.08,0.426,0.845216614825386,1.168268
149898948,Urbania,LA MOLINA,150114,Calle Vegas del Condado,La Molina,584500.0,102.0,5730.392156862745,3,3,1,350.0,1,4943.0,504186.0,-0.159,1510.42,,1,6,0.227,estable,0.08,0.426,0.845216614825386,1.168268
149050472,Urbania,LA MOLINA,150114,"Avenida Raul Ferrero N 2, Piso 3,  Urb. La Estancia, La Molina",La Estancia,586250.0,120.0,4885.416666666667,4,4,2,0.0,1,4943.0,593160.0,0.012,1510.42,,1,6,0.227,estable,0.08,0.426,0.845216614825386,1.168268
148623345,Urbania,LA MOLINA,150114,Calle Andalucia,La Molina,586500.0,135.0,4344.444444444444,5,4,0,0.0,1,4943.0,667305.0,0.121,1510.42,,1,6,0.227,estable,0.08,0.426,0.845216614825386,1.168268
148825617,Urbania,LA MOLINA,150114,Segovia,La Molina,589000.0,200.0,2945.0,4,4,1,0.0,1,4943.0,988600.0,0.404,1510.42,,1,6,0.227,estable,0.08,0.426,0.845216614825386,1.168268
146767672,Urbania,LA MOLINA,150114,"Jose Antonio 270, Parque Monterrico La Molina",La Molina,592000.0,96.0,6166.666666666667,3,3,1,130.0,1,4943.0,474528.0,-0.248,1510.42,,1,6,0.227,estable,0.08,0.426,0.845216614825386,1.168268
149773328,Urbania,LA MOLINA,150114,calle Leon 185,La Molina,593300.0,99.0,5992.929292929293,3,3,1,0.0,1,4943.0,489357.0,-0.212,1510.42,,1,6,0.227,estable,0.08,0.426,0.845216614825386,1.168268
149830701,Urbania,LA MOLINA,150114,"Urb. LA Capilla , Jr.segovia 100, LA Molina",La Molina,594000.0,230.0,2582.608695652174,4,3,1,25.0,1,4943.0,1136890.0,0.478,1510.42,,1,6,0.227,estable,0.08,0.426,0.845216614825386,1.168268
149791091,Urbania,LA MOLINA,150114,Jirón Paseo de los Condes  al 100,La Molina,595000.0,205.0,2902.439024390244,3,2,1,0.0,10,4943.0,1013315.0,0.413,1510.42,,1,6,0.227,estable,0.08,0.426,0.845216614825386,1.168268
149516781,Urbania,LA MOLINA,150114,Av. La Molina cdra. 33,Las Lagunas De La Molina,595000.0,95.0,6263.1578947368425,2,3,2,350.0,1,4943.0,469585.0,-0.267,1510.42,,1,6,0.227,estable,0.08,0.426,0.845216614825386,1.168268
146768025,Urbania,LA MOLINA,150114,"Calle Jose de la Torre Ugarte 1, La Molina",La Molina,597600.0,142.0,4208.450704225352,3,2,1,1.0,1,4943.0,701906.0,0.149,1510.42,,1,6,0.227,estable,0.08,0.426,0.845216614825386,1.168268
149490134,Urbania,LA MOLINA,150114,LOS Mecanicos  100,La Molina,599650.0,92.0,6517.934782608696,1,2,1,0.0,10,4943.0,454756.0,-0.319,1510.42,,1,6,0.227,estable,0.08,0.426,0.845216614825386,1.168268
149580038,Urbania,LA MOLINA,150114,Río Don 178,Las Praderas De La Molina,600000.0,208.0,2884.6153846153848,4,2,2,100.0,1,4943.0,1028144.0,0.416,1510.42,,1,6,0.227,estable,0.08,0.426,0.845216614825386,1.168268
149559759,Urbania,LA MOLINA,150114,CALLE EL MOLINO 159,La Ensenada,601300.0,121.0,4969.421487603306,3,3,1,0.0,1,4943.0,598103.0,-0.005,1510.42,,1,6,0.227,estable,0.08,0.426,0.845216614825386,1.168268
149834711,Urbania,LA MOLINA,150114,Calle Cuba,Santa Patricia I-etapa,603750.0,148.0,4079.391891891892,3,2,0,0.0,1,4943.0,731564.0,0.175,1510.42,,1,6,0.227,estable,0.08,0.426,0.845216614825386,1.168268
149859018,Urbania,LA MOLINA,150114,Av LA Molina  al 3300,Las Lagunas,604000.0,95.0,6357.894736842105,2,2,2,320.0,1,4943.0,469585.0,-0.286,1510.42,,1,6,0.227,estable,0.08,0.426,0.845216614825386,1.168268
145932090,Urbania,LA MOLINA,150114,av la molina,El Mastil De La Laguna,608400.0,107.0,5685.981308411215,2,2,1,270.0,1,4943.0,528901.0,-0.15,1510.42,,1,6,0.227,estable,0.08,0.426,0.845216614825386,1.168268
149826738,Urbania,LA MOLINA,150114,Antunez de Mayolo  al 300,La Fontana,610000.0,188.0,3244.68085106383,3,2,2,0.0,1,4943.0,929284.0,0.344,1510.42,,1,6,0.227,estable,0.08,0.426,0.845216614825386,1.168268
149905014,Urbania,LA MOLINA,150114,AV Alameda DE LA PAZ 471 Piso 3 LA Molina,La Molina,610750.0,99.0,6169.19191919192,3,2,1,1.0,1,4943.0,489357.0,-0.248,1510.42,,1,6,0.227,estable,0.08,0.426,0.845216614825386,1.168268
149228377,Urbania,LA MOLINA,150114,Av. La Molina al 3300,El Mastil De La Laguna,612000.0,106.0,5773.584905660377,2,2,1,300.0,1,4943.0,523958.0,-0.168,1510.42,,1,6,0.227,estable,0.08,0.426,0.845216614825386,1.168268
149628896,Urbania,LA MOLINA,150114,Jr. José Antonio 255,La Molina,617400.0,91.0,6784.615384615385,3,2,1,0.0,1,4943.0,449813.0,-0.373,1510.42,,1,6,0.227,estable,0.08,0.426,0.845216614825386,1.168268
149737557,Urbania,LA MOLINA,150114,Av. la Molina,La Molina,619500.0,100.0,6195.0,2,2,2,0.0,1,4943.0,494300.0,-0.253,1510.42,,1,6,0.227,estable,0.08,0.426,0.845216614825386,1.168268
146845608,Urbania,LA MOLINA,150114,Jirón los cerezos,Residencial Monterrico,620000.0,104.0,5961.538461538462,3,2,1,1.0,1,4943.0,514072.0,-0.206,1510.42,,1,6,0.227,estable,0.08,0.426,0.845216614825386,1.168268
149682920,Urbania,LA MOLINA,150114,Calle Paseo de Los Condes 124,Las Lomas De La Molina Vieja,628250.0,120.0,5235.416666666667,3,2,2,250.0,1,4943.0,593160.0,-0.059,1510.42,,1,6,0.227,estable,0.08,0.426,0.845216614825386,1.168268
148755724,Urbania,LA MOLINA,150114,Portada Del Sol,Portada Del Sol,630000.0,169.0,3727.810650887574,3,3,1,0.0,1,4943.0,835367.0,0.246,1510.42,,1,6,0.227,estable,0.08,0.426,0.845216614825386,1.168268
147616344,Urbania,LA MOLINA,150114,C. Oviedo Cdra. 1,La Capilla,630000.0,195.0,3230.769230769231,5,3,1,0.0,1,4943.0,963885.0,0.346,1510.42,,1,6,0.227,estable,0.08,0.426,0.845216614825386,1.168268
146768068,Urbania,LA MOLINA,150114,"Calle Texcoco, Rinconada del Lago, La Molina",La Molina,635040.0,107.0,5934.953271028037,3,2,1,250.0,1,4943.0,528901.0,-0.201,1510.42,,1,6,0.227,estable,0.08,0.426,0.845216614825386,1.168268
149731817,Urbania,LA MOLINA,150114,Cerca del Colegio Altair,Sirius,638250.0,128.0,4986.328125,3,2,1,260.0,1,4943.0,632704.0,-0.009,1510.42,,1,6,0.227,estable,0.08,0.426,0.845216614825386,1.168268
146767732,Urbania,LA MOLINA,150114,"Jiron Jose Antonio 2, La Molina",La Molina,640000.0,92.0,6956.521739130435,3,2,1,130.0,10,4943.0,454756.0,-0.407,1510.42,,1,6,0.227,estable,0.08,0.426,0.845216614825386,1.168268
149730420,Urbania,LA MOLINA,150114,Valencia,La Capilla,641000.0,157.0,4082.8025477707006,3,3,1,100.0,1,4943.0,776051.0,0.174,1510.42,,1,6,0.227,estable,0.08,0.426,0.845216614825386,1.168268
149451865,Urbania,LA MOLINA,150114,Calle Vegas del Condado,Las Lomas De La Molina Vieja,646000.0,102.0,6333.333333333333,3,3,1,0.0,1,4943.0,504186.0,-0.281,1510.42,,1,6,0.227,estable,0.08,0.426,0.845216614825386,1.168268
149315489,Urbania,LA MOLINA,150114,La Libertad,La Molina,646000.0,116.0,5568.9655172413795,3,3,0,250.0,1,4943.0,573388.0,-0.127,1510.42,,1,6,0.227,estable,0.08,0.426,0.845216614825386,1.168268
147557337,Urbania,LA MOLINA,150114,SOL DE LA Molina  2DA  Etapa,La Molina,646000.0,165.0,3915.151515151515,3,2,1,0.0,1,4943.0,815595.0,0.208,1510.42,,1,6,0.227,estable,0.08,0.426,0.845216614825386,1.168268
147592157,Urbania,LA MOLINA,150114,Jr. Cuba al 200,Santa Patricia,647500.0,170.0,3808.823529411765,3,2,0,0.0,1,4943.0,840310.0,0.229,1510.42,,1,6,0.227,estable,0.08,0.426,0.845216614825386,1.168268
147557805,Urbania,LA MOLINA,150114,"Altura de Cuadra 4 de Av. Flora Tristan, Ovalo Cáceres",La Molina,652750.0,171.0,3817.251461988304,3,2,0,0.0,1,4943.0,845253.0,0.228,1510.42,,1,6,0.227,estable,0.08,0.426,0.845216614825386,1.168268
149140980,Urbania,LA MOLINA,150114,RIO LA Plata 200 alt Cdra 20 av. Los Fresnos,Las Praderas De La Molina,653100.0,273.0,2392.3076923076924,3,3,1,0.0,1,4943.0,1349439.0,0.516,1510.42,,1,6,0.227,estable,0.08,0.426,0.845216614825386,1.168268
147556788,Urbania,LA MOLINA,150114,Altura Lima Cdra. 18 - SOL DE LA Molina,La Molina,656250.0,180.0,3645.8333333333335,3,2,1,0.0,1,4943.0,889740.0,0.262,1510.42,,1,6,0.227,estable,0.08,0.426,0.845216614825386,1.168268
149161547,Urbania,LA MOLINA,150114,Paralela a la Cuadra 6 de Av. Las Lomas de la Molina Vi,Las Lomas De La Molina Vieja E Ii,660000.0,127.0,5196.850393700787,3,3,1,255.0,1,4943.0,627761.0,-0.051,1510.42,,1,6,0.227,estable,0.08,0.426,0.845216614825386,1.168268
149233147,Urbania,LA MOLINA,150114,Chimues 104,La Molina,661200.0,162.0,4081.4814814814813,3,2,1,0.0,1,4943.0,800766.0,0.174,1510.42,,1,6,0.227,estable,0.08,0.426,0.845216614825386,1.168268
149611317,Urbania,LA MOLINA,150114,Jirón CEDRONES 220 - 201,Sirius,667260.0,126.0,5295.714285714285,2,2,1,200.0,1,4943.0,622818.0,-0.071,1510.42,,1,6,0.227,estable,0.08,0.426,0.845216614825386,1.168268
149525478,Urbania,LA MOLINA,150114,jr Los Cedros,Sirius,669000.0,126.0,5309.523809523809,2,2,1,350.0,1,4943.0,622818.0,-0.074,1510.42,,1,6,0.227,estable,0.08,0.426,0.845216614825386,1.168268
149357767,Urbania,LA MOLINA,150114,Calle Valparaíso 110,La Molina,670000.0,136.0,4926.470588235294,3,2,1,0.0,1,4943.0,672248.0,0.003,1510.42,,1,6,0.227,estable,0.08,0.426,0.845216614825386,1.168268
149066318,Urbania,LA MOLINA,150114,Calle Los Biólogos 160,La Molina,670000.0,158.0,4240.506329113924,3,3,1,140.0,1,4943.0,780994.0,0.142,1510.42,,1,6,0.227,estable,0.08,0.426,0.845216614825386,1.168268
147022130,Urbania,LA MOLINA,150114,"CERCA COLEGIO ALTAIR, WONG, PLAZA VEA",Sirius,671000.0,119.0,5638.655462184874,3,2,1,70.0,1,4943.0,588217.0,-0.141,1510.42,,1,6,0.227,estable,0.08,0.426,0.845216614825386,1.168268
145321962,Urbania,LA MOLINA,150114,Jirón Centenario 150,La Molina,672000.0,126.0,5333.333333333333,3,3,1,300.0,10,4943.0,622818.0,-0.079,1510.42,,1,6,0.227,estable,0.08,0.426,0.845216614825386,1.168268
149727262,Urbania,LA MOLINA,150114,Secoyas  al 100,La Molina,677400.0,91.0,7443.956043956044,3,1,1,200.0,1,4943.0,449813.0,-0.506,1510.42,,1,6,0.227,estable,0.08,0.426,0.845216614825386,1.168268
149611468,Urbania,LA MOLINA,150114,Calle Toulon 155,La Riviera De Monterrico,680000.0,105.0,6476.190476190476,3,2,1,300.0,1,4943.0,519015.0,-0.31,1510.42,,1,6,0.227,estable,0.08,0.426,0.845216614825386,1.168268
149315166,Urbania,LA MOLINA,150114,Avenida los Fresnos,El Remanso,682570.0,121.0,5641.074380165289,3,3,2,0.0,1,4943.0,598103.0,-0.141,1510.42,,1,6,0.227,estable,0.08,0.426,0.845216614825386,1.168268
147429303,Urbania,LA MOLINA,150114,COLEGIO ALTAIR,La Molina,684000.0,108.0,6333.333333333333,3,3,1,350.0,1,4943.0,533844.0,-0.281,1510.42,,1,6,0.227,estable,0.08,0.426,0.845216614825386,1.168268
149812215,Urbania,LA MOLINA,150114,"Rinconada del Lago, 1era,.etapa,",Rinconada Del Lago,686550.0,130.0,5281.153846153846,3,3,2,0.0,1,4943.0,642590.0,-0.068,1510.42,,1,6,0.227,estable,0.08,0.426,0.845216614825386,1.168268
149403376,Urbania,LA MOLINA,150114,Jirón los Geofisicos,Los Ingenieros,689500.0,130.0,5303.846153846154,3,3,1,0.0,9,4943.0,642590.0,-0.073,1510.42,,1,6,0.227,estable,0.08,0.426,0.845216614825386,1.168268
149518867,Urbania,LA MOLINA,150114,Duplex Vista Externa en Alameda de la Paz,El Remanso,690100.0,197.0,3503.0456852791876,3,5,2,180.0,1,4943.0,973771.0,0.291,1510.42,,1,6,0.227,estable,0.08,0.426,0.845216614825386,1.168268
148851164,Urbania,LA MOLINA,150114,Los Huertos de La Molina 1,Los Huertos De La Molina,690781.0,250.0,2763.124,3,4,0,200.0,1,4943.0,1235750.0,0.441,1510.42,,1,6,0.227,estable,0.08,0.426,0.845216614825386,1.168268
149416233,Urbania,LA MOLINA,150114,Av. Rinconada del Lago 652,La Molina,695000.0,130.0,5346.153846153846,3,2,2,350.0,1,4943.0,642590.0,-0.082,1510.42,,1,6,0.227,estable,0.08,0.426,0.845216614825386,1.168268
63610809,Urbania,LA MOLINA,150114,Dirección no informada,La Capilla,703000.0,130.0,5407.692307692308,3,3,1,80.0,1,4943.0,642590.0,-0.094,1510.42,,1,6,0.227,estable,0.08,0.426,0.845216614825386,1.168268
148327220,Urbania,LA MOLINA,150114,Av LOS FRESNOS 150 - 201,El Remanso,707700.0,120.0,5897.5,3,3,2,170.0,1,4943.0,593160.0,-0.193,1510.42,,1,6,0.227,estable,0.08,0.426,0.845216614825386,1.168268
148932953,Urbania,LA MOLINA,150114,Av. Los Fresnos 740,La Molina,715000.0,200.0,3575.0,4,4,2,0.0,1,4943.0,988600.0,0.277,1510.42,,1,6,0.227,estable,0.08,0.426,0.845216614825386,1.168268
149562291,Urbania,LA MOLINA,150114,Avenida Los Fresnos 150 La Molina,La Molina,725000.0,120.0,6041.666666666667,3,2,2,170.0,1,4943.0,593160.0,-0.222,1510.42,,1,6,0.227,estable,0.08,0.426,0.845216614825386,1.168268
146258796,Urbania,LA MOLINA,150114,Av. Del Parque 544,La Molina,725760.0,273.0,2658.4615384615386,3,3,1,0.0,1,4943.0,1349439.0,0.462,1510.42,,1,6,0.227,estable,0.08,0.426,0.845216614825386,1.168268
148672711,Urbania,LA MOLINA,150114,Av. los Fresnos 150,El Remanso,730000.0,120.0,6083.333333333333,3,2,2,170.0,1,4943.0,593160.0,-0.231,1510.42,,1,6,0.227,estable,0.08,0.426,0.845216614825386,1.168268
145843461,Urbania,LA MOLINA,150114,Jr. Segovia,La Molina,730329.0,230.0,3175.3434782608697,4,3,1,100.0,10,4943.0,1136890.0,0.358,1510.42,,1,6,0.227,estable,0.08,0.426,0.845216614825386,1.168268
147703680,Urbania,LA MOLINA,150114,"Avenida Del Parque  al 500, Urb. La Planicie, La Molina",La Planicie,731916.0,137.0,5342.4525547445255,3,2,1,100.0,1,4943.0,677191.0,-0.081,1510.42,,1,6,0.227,estable,0.08,0.426,0.845216614825386,1.168268
149753845,Urbania,LA MOLINA,150114,Los Higos 123,La Molina,735000.0,172.0,4273.2558139534885,4,3,0,150.0,10,4943.0,850196.0,0.135,1510.42,,1,6,0.227,estable,0.08,0.426,0.845216614825386,1.168268
148053244,Urbania,LA MOLINA,150114,CALLE BADAJOS,La Capilla,735000.0,280.0,2625.0,3,1,1,0.0,1,4943.0,1384040.0,0.469,1510.42,,1,6,0.227,estable,0.08,0.426,0.845216614825386,1.168268
148521388,Urbania,LA MOLINA,150114,Av. Rinconada del Lago,Rinconada Del Lago Etapa Ii,740395.0,162.0,4570.33950617284,4,2,1,0.0,1,4943.0,800766.0,0.075,1510.42,,1,6,0.227,estable,0.08,0.426,0.845216614825386,1.168268
148131733,Urbania,LA MOLINA,150114,Jirón Libertad,Santa Patricia Etapa Ii,752100.0,135.0,5571.111111111111,3,3,2,50.0,1,4943.0,667305.0,-0.127,1510.42,,1,6,0.227,estable,0.08,0.426,0.845216614825386,1.168268
60703739,Urbania,LA MOLINA,150114,Av. Rinconada del Lago,Rinconada Del Lago,756000.0,162.0,4666.666666666667,4,2,1,0.0,1,4943.0,800766.0,0.056,1510.42,,1,6,0.227,estable,0.08,0.426,0.845216614825386,1.168268
146767094,Urbania,LA MOLINA,150114,Av Raul Ferrero 2,La Molina,758550.0,120.0,6321.25,3,2,2,350.0,7,4943.0,593160.0,-0.279,1510.42,,1,6,0.227,estable,0.08,0.426,0.845216614825386,1.168268
148192097,Urbania,LA MOLINA,150114,C. Palma Real 134,La Molina,770000.0,121.0,6363.636363636364,3,2,1,0.0,1,4943.0,598103.0,-0.287,1510.42,,1,6,0.227,estable,0.08,0.426,0.845216614825386,1.168268
149724510,Urbania,LA MOLINA,150114,calle los higos 123,La Molina,770000.0,173.0,4450.867052023122,4,3,0,0.0,1,4943.0,855139.0,0.1,1510.42,,1,6,0.227,estable,0.08,0.426,0.845216614825386,1.168268
4386708,Urbania,LA MOLINA,150114,LOS ALBARICOQUES,Residencial Monterrico,782000.0,152.0,5144.736842105263,3,2,2,300.0,1,4943.0,751336.0,-0.041,1510.42,,1,6,0.227,estable,0.08,0.426,0.845216614825386,1.168268
149575828,Urbania,LA MOLINA,150114,Calle toulon 135,La Riviera De Monterrico,782040.0,117.0,6684.102564102564,3,2,2,350.0,1,4943.0,578331.0,-0.352,1510.42,,1,6,0.227,estable,0.08,0.426,0.845216614825386,1.168268
146768040,Urbania,LA MOLINA,150114,Calle LAS Poncianas S/N,La Molina Vieja,786900.0,199.0,3954.2713567839196,3,2,1,200.0,1,4943.0,983657.0,0.2,1510.42,,1,6,0.227,estable,0.08,0.426,0.845216614825386,1.168268
144943977,Urbania,LA MOLINA,150114,"Calle Santa Margarita 114, Lima, Perú",La Molina,791700.0,164.0,4827.4390243902435,4,3,1,0.0,10,4943.0,810652.0,0.023,1510.42,,1,6,0.227,estable,0.08,0.426,0.845216614825386,1.168268
144101332,Urbania,LA MOLINA,150114,calle los higos 157,La Molina,799500.0,175.0,4568.571428571428,4,2,0,200.0,1,4943.0,865025.0,0.076,1510.42,,1,6,0.227,estable,0.08,0.426,0.845216614825386,1.168268
147224611,Urbania,LA MOLINA,150114,CALLE LOS ALBARICOQUES 363,Camacho,800000.0,157.0,5095.541401273886,3,2,2,450.0,1,4943.0,776051.0,-0.031,1510.42,,1,6,0.227,estable,0.08,0.426,0.845216614825386,1.168268
147859616,Urbania,LA MOLINA,150114,Calle Los Albaricoques al 300,La Molina,805000.0,157.0,5127.388535031847,4,3,2,0.0,1,4943.0,776051.0,-0.037,1510.42,,1,6,0.227,estable,0.08,0.426,0.845216614825386,1.168268
146626540,Urbania,LA MOLINA,150114,Calle Los Albaricoques xxx,Residencial Monterrico,811200.0,157.0,5166.87898089172,3,2,2,400.0,1,4943.0,776051.0,-0.045,1510.42,,1,6,0.227,estable,0.08,0.426,0.845216614825386,1.168268
147210657,Urbania,LA MOLINA,150114,LA VERTIENTE,Ensenada,831900.0,296.0,2810.472972972973,4,3,0,50.0,1,4943.0,1463128.0,0.431,1510.42,,1,6,0.227,estable,0.08,0.426,0.845216614825386,1.168268
149271629,Urbania,LA MOLINA,150114,Los Bambues 180,La Molina Vieja,835000.0,151.0,5529.801324503312,3,2,2,200.0,1,4943.0,746393.0,-0.119,1510.42,,1,6,0.227,estable,0.08,0.426,0.845216614825386,1.168268
149854636,Urbania,LA MOLINA,150114,Calle Las Mohenas 154,La Molina,840000.0,202.0,4158.415841584158,3,2,1,200.0,1,4943.0,998486.0,0.159,1510.42,,1,6,0.227,estable,0.08,0.426,0.845216614825386,1.168268
3780065,Urbania,LA MOLINA,150114,"Calle los  Granados No 2xx,  La molina",Molina Vieja,843200.0,214.0,3940.1869158878503,3,3,1,250.0,1,4943.0,1057802.0,0.203,1510.42,,1,6,0.227,estable,0.08,0.426,0.845216614825386,1.168268
149661116,Urbania,LA MOLINA,150114,Calle Montevideo,Sta.patricia,850900.0,156.0,5454.48717948718,3,2,1,0.0,1,4943.0,771108.0,-0.103,1510.42,,1,6,0.227,estable,0.08,0.426,0.845216614825386,1.168268
148574859,Urbania,LA MOLINA,150114,LOS ALBARICOQUES,La Molina,867500.0,158.0,5490.506329113924,3,2,2,450.0,1,4943.0,780994.0,-0.111,1510.42,,1,6,0.227,estable,0.08,0.426,0.845216614825386,1.168268
149869868,Urbania,LA MOLINA,150114,"Psj.  El Monarca 110, Lomas de La Molina, La Molina",Las Lomas De La Molina Vieja E I,879000.0,213.0,4126.760563380281,3,3,1,0.0,1,4943.0,1052859.0,0.165,1510.42,,1,6,0.227,estable,0.08,0.426,0.845216614825386,1.168268
148607654,Urbania,LA MOLINA,150114,Manuel Prado Ugarteche 518,La Estancia,882555.0,187.0,4719.545454545455,2,3,2,500.0,1,4943.0,924341.0,0.045,1510.42,,1,6,0.227,estable,0.08,0.426,0.845216614825386,1.168268
142772530,Urbania,LA MOLINA,150114,Los Saucos 149,El Remanso,887750.0,354.0,2507.768361581921,3,3,2,225.0,8,4943.0,1749822.0,0.493,1510.42,,1,6,0.227,estable,0.08,0.426,0.845216614825386,1.168268
149674291,Urbania,LA MOLINA,150114,El Remanso,El Remanso,890000.0,176.0,5056.818181818182,4,3,2,0.0,1,4943.0,869968.0,-0.023,1510.42,,1,6,0.227,estable,0.08,0.426,0.845216614825386,1.168268
149179540,Urbania,LA MOLINA,150114,Av. Los Fresnos,El Remanso,890960.0,131.0,6801.221374045802,3,2,2,0.0,1,4943.0,647533.0,-0.376,1510.42,,1,6,0.227,estable,0.08,0.426,0.845216614825386,1.168268
148252984,Urbania,LA MOLINA,150114,Jirón de Los Conquistadores,Las Lomas De La Molina Vieja,892500.0,187.0,4772.727272727273,3,3,1,0.0,1,4943.0,924341.0,0.034,1510.42,,1,6,0.227,estable,0.08,0.426,0.845216614825386,1.168268
148847231,Urbania,LA MOLINA,150114,Los Aromos 644,La Molina,897800.0,196.0,4580.6122448979595,3,3,1,0.0,1,4943.0,968828.0,0.073,1510.42,,1,6,0.227,estable,0.08,0.426,0.845216614825386,1.168268
149614107,Urbania,LA MOLINA,150114,Jr. los Tulipanes,Sirius,899500.0,193.0,4660.621761658031,3,3,2,630.0,1,4943.0,953999.0,0.057,1510.42,,1,6,0.227,estable,0.08,0.426,0.845216614825386,1.168268
147038550,Urbania,LA MOLINA,150114,CALLE LOS CASTAÑOS,El Remanso,901500.0,105.0,8585.714285714286,3,2,2,250.0,1,4943.0,519015.0,-0.737,1510.42,,1,6,0.227,estable,0.08,0.426,0.845216614825386,1.168268
144944353,Urbania,LA MOLINA,150114,"Calle Santa Margarita 114, Lima, Perú, La Molina, Lima",La Molina,904800.0,259.0,3493.4362934362935,3,3,1,0.0,1,4943.0,1280237.0,0.293,1510.42,,1,6,0.227,estable,0.08,0.426,0.845216614825386,1.168268
148454205,Urbania,LA MOLINA,150114,Av: La Molina al 3600,El Sol De La Molina Et.1,907200.0,289.0,3139.100346020761,4,4,2,500.0,1,4943.0,1428527.0,0.365,1510.42,,1,6,0.227,estable,0.08,0.426,0.845216614825386,1.168268
147612412,Urbania,LA MOLINA,150114,Jr. Santiago Antúnez de Mayolo 122,La Molina,908000.0,135.0,6725.925925925926,4,4,1,0.0,1,4943.0,667305.0,-0.361,1510.42,,1,6,0.227,estable,0.08,0.426,0.845216614825386,1.168268
147209460,Urbania,LA MOLINA,150114,C. Los Ishpingos 180,El Remanso,909900.0,231.0,3938.961038961039,3,2,1,0.0,1,4943.0,1141833.0,0.203,1510.42,,1,6,0.227,estable,0.08,0.426,0.845216614825386,1.168268
149827091,Urbania,LA MOLINA,150114,Dirección no informada,El Remanso,914250.0,177.0,5165.254237288135,3,2,2,225.0,10,4943.0,874911.0,-0.045,1510.42,,1,6,0.227,estable,0.08,0.426,0.845216614825386,1.168268
148571388,Urbania,LA MOLINA,150114,Clemente X,Camacho,915000.0,302.0,3029.801324503311,3,2,1,0.0,1,4943.0,1492786.0,0.387,1510.42,,1,6,0.227,estable,0.08,0.426,0.845216614825386,1.168268
148014441,Urbania,LA MOLINA,150114,los ishpingos 197,El Remanso,918000.0,206.0,4456.310679611651,3,2,2,360.0,1,4943.0,1018258.0,0.098,1510.42,,1,6,0.227,estable,0.08,0.426,0.845216614825386,1.168268
146411737,Urbania,LA MOLINA,150114,"LOS TULIPANES , La Molina",La Molina,918000.0,214.0,4289.719626168225,3,2,2,190.0,1,4943.0,1057802.0,0.132,1510.42,,1,6,0.227,estable,0.08,0.426,0.845216614825386,1.168268
145103283,Urbania,LA MOLINA,150114,AV EL CORREGIDOR 1418,Sirius,918480.0,210.0,4373.714285714285,4,3,2,250.0,1,4943.0,1038030.0,0.115,1510.42,,1,6,0.227,estable,0.08,0.426,0.845216614825386,1.168268
148799519,Urbania,LA MOLINA,150114,"Av. Javier Prado, Surco  al 200",La Fontana,928000.0,123.0,7544.715447154472,3,3,2,350.0,1,4943.0,607989.0,-0.526,1510.42,,1,6,0.227,estable,0.08,0.426,0.845216614825386,1.168268
148825998,Urbania,LA MOLINA,150114,Calle LOS ISHPINGOS 197 - 301,El Remanso,931500.0,220.0,4234.090909090909,3,2,2,360.0,1,4943.0,1087460.0,0.143,1510.42,,1,6,0.227,estable,0.08,0.426,0.845216614825386,1.168268
148472554,Urbania,LA MOLINA,150114,Calle Las Copaibas al 144,El Remanso,933800.0,255.0,3661.9607843137255,3,2,1,0.0,10,4943.0,1260465.0,0.259,1510.42,,1,6,0.227,estable,0.08,0.426,0.845216614825386,1.168268
145761753,Urbania,LA MOLINA,150114,Urb. El Remanso,La Molina,943250.0,252.0,3743.0555555555557,3,3,2,0.0,1,4943.0,1245636.0,0.243,1510.42,,1,6,0.227,estable,0.08,0.426,0.845216614825386,1.168268
147556819,Urbania,LA MOLINA,150114,Altura DE  Cdra.24 DEL Corregidor - Urb. LA Capilla,La Molina,971250.0,230.0,4222.826086956522,5,5,1,0.0,1,4943.0,1136890.0,0.146,1510.42,,1,6,0.227,estable,0.08,0.426,0.845216614825386,1.168268
146767197,Urbania,LA MOLINA,150114,Av Raúl Ferrero 2,La Molina,972500.0,140.0,6946.428571428572,3,1,2,350.0,9,4943.0,692020.0,-0.405,1510.42,,1,6,0.227,estable,0.08,0.426,0.845216614825386,1.168268
146735168,Urbania,LA MOLINA,150114,Ca Los Cedrones,La Molina,982395.0,172.0,5711.5988372093025,3,3,1,0.0,1,4943.0,850196.0,-0.155,1510.42,,1,6,0.227,estable,0.08,0.426,0.845216614825386,1.168268
148932913,Urbania,LA MOLINA,150114,Urb El sol de La Molina III Etapa Jr. Samoa,La Molina,986000.0,142.0,6943.661971830986,3,5,2,0.0,1,4943.0,701906.0,-0.405,1510.42,,1,6,0.227,estable,0.08,0.426,0.845216614825386,1.168268
147906363,Urbania,LA MOLINA,150114,jiron Samoa 291,El Sol De La Molina Et.3,988250.0,277.0,3567.6895306859205,3,4,2,0.0,1,4943.0,1369211.0,0.278,1510.42,,1,6,0.227,estable,0.08,0.426,0.845216614825386,1.168268
147866542,Urbania,LA MOLINA,150114,Samoa al 200,El Sol De La Molina Et.3,990905.0,278.0,3564.406474820144,3,3,2,0.0,1,4943.0,1374154.0,0.279,1510.42,,1,6,0.227,estable,0.08,0.426,0.845216614825386,1.168268
145157539,Urbania,LA MOLINA,150114,Los castaños,El Remanso,994700.0,181.0,5495.580110497238,3,3,2,400.0,1,4943.0,894683.0,-0.112,1510.42,,1,6,0.227,estable,0.08,0.426,0.845216614825386,1.168268
149635350,Urbania,LA MOLINA,150114,Jr. los Cipreses 102,El Remanso,1000210.0,181.0,5526.022099447514,3,3,2,400.0,10,4943.0,894683.0,-0.118,1510.42,,1,6,0.227,estable,0.08,0.426,0.845216614825386,1.168268
147077472,Urbania,LA MOLINA,150114,LOS Cipreses  al 100,El Remanso,1003000.0,181.0,5541.436464088398,3,3,2,350.0,1,4943.0,894683.0,-0.121,1510.42,,1,6,0.227,estable,0.08,0.426,0.845216614825386,1.168268
149812739,Urbania,LA MOLINA,150114,"Ca. Los Robles , La Molina , Perú",La Molina,1017360.0,160.0,6358.5,3,2,1,0.0,1,4943.0,790880.0,-0.286,1510.42,,1,6,0.227,estable,0.08,0.426,0.845216614825386,1.168268
147285819,Urbania,LA MOLINA,150114,Av Manuel Prado Ugarteche,La Estancia,1020000.0,202.0,5049.504950495049,3,2,2,415.0,1,4943.0,998486.0,-0.022,1510.42,,1,6,0.227,estable,0.08,0.426,0.845216614825386,1.168268
149782626,Urbania,LA MOLINA,150114,Avenida Corregidor al 2100,Alameda De Los Corregidores,1031550.0,130.5,7904.597701149425,7,9,0,0.0,1,4943.0,645062.0,-0.599,1510.42,,1,6,0.227,estable,0.08,0.426,0.845216614825386,1.168268
146265466,Urbania,LA MOLINA,150114,JR. LOS Cipreses 1XX DPT 203,El Remanso,1049800.0,217.0,4837.78801843318,3,2,2,260.0,1,4943.0,1072631.0,0.021,1510.42,,1,6,0.227,estable,0.08,0.426,0.845216614825386,1.168268
147610355,Urbania,LA MOLINA,150114,Molina Vieja,La Molina Vieja,1050000.0,253.0,4150.197628458498,4,3,1,0.0,1,4943.0,1250579.0,0.16,1510.42,,1,6,0.227,estable,0.08,0.426,0.845216614825386,1.168268
147754843,Urbania,LA MOLINA,150114,Alameda del Corregidor,La Molina,1069500.0,242.0,4419.421487603306,3,4,2,200.0,1,4943.0,1196206.0,0.106,1510.42,,1,6,0.227,estable,0.08,0.426,0.845216614825386,1.168268
148119264,Urbania,LA MOLINA,150114,Avenida Alameda del Corregidor al 1200,La Molina,1070000.0,241.0,4439.834024896266,3,3,2,200.0,1,4943.0,1191263.0,0.102,1510.42,,1,6,0.227,estable,0.08,0.426,0.845216614825386,1.168268
149539729,Urbania,LA MOLINA,150114,"Avenida La Laguna Grande N 1, Urb, Las Lagunas, La Molina",Las Lagunas,1072000.0,197.0,5441.624365482234,2,1,4,0.0,1,4943.0,973771.0,-0.101,1510.42,,1,6,0.227,estable,0.08,0.426,0.845216614825386,1.168268
149173776,Urbania,LA MOLINA,150114,"Calle Los Escribanos N 1, Piso 2, La Molina.",La Molina,1088000.0,255.0,4266.666666666667,4,4,4,0.0,10,4943.0,1260465.0,0.137,1510.42,,1,6,0.227,estable,0.08,0.426,0.845216614825386,1.168268
149539511,Urbania,LA MOLINA,150114,Calle Amazonas 118,La Molina,1135600.0,256.0,4435.9375,4,3,1,0.0,1,4943.0,1265408.0,0.103,1510.42,,1,6,0.227,estable,0.08,0.426,0.845216614825386,1.168268
149871891,Urbania,LA MOLINA,150114,Camacho,Camacho,1137000.0,230.0,4943.478260869565,4,3,2,0.0,1,4943.0,1136890.0,-0.0,1510.42,,1,6,0.227,estable,0.08,0.426,0.845216614825386,1.168268
146767716,Urbania,LA MOLINA,150114,Jirón Bartolome Herrera 1,La Molina,1167000.0,181.0,6447.513812154696,4,5,2,350.0,1,4943.0,894683.0,-0.304,1510.42,,1,6,0.227,estable,0.08,0.426,0.845216614825386,1.168268
146768423,Urbania,LA MOLINA,150114,"Alcanfores 1, Urb El Remanso, La Molina",La Molina,1184000.0,178.0,6651.685393258427,3,2,2,500.0,1,4943.0,879854.0,-0.346,1510.42,,1,6,0.227,estable,0.08,0.426,0.845216614825386,1.168268
146767233,Urbania,LA MOLINA,150114,Tahiti 1,La Molina,1205900.0,177.0,6812.994350282486,3,1,1,350.0,1,4943.0,874911.0,-0.378,1510.42,,1,6,0.227,estable,0.08,0.426,0.845216614825386,1.168268
149178962,Urbania,LA MOLINA,150114,Jirón Los Diáconos 122,La Molina,1207500.0,427.0,2827.8688524590166,6,6,3,0.0,1,4943.0,2110661.0,0.428,1510.42,,1,6,0.227,estable,0.08,0.426,0.845216614825386,1.168268
145252303,Urbania,LA MOLINA,150114,las lagunas,Las Lagunas,1229085.0,151.0,8139.635761589404,3,3,0,0.0,9,4943.0,746393.0,-0.647,1510.42,,1,6,0.227,estable,0.08,0.426,0.845216614825386,1.168268
145018189,Urbania,LA MOLINA,150114,Av Alameda de La Paz,La Ensenada,1230000.0,212.0,5801.88679245283,4,3,1,0.0,1,4943.0,1047916.0,-0.174,1510.42,,1,6,0.227,estable,0.08,0.426,0.845216614825386,1.168268
149055323,Urbania,LA MOLINA,150114,"Calle Tahiti N 1, Piso 3, Urb. La Planicie, La Molina.",La Planicie,1239500.0,170.0,7291.176470588235,3,3,4,0.0,1,4943.0,840310.0,-0.475,1510.42,,1,6,0.227,estable,0.08,0.426,0.845216614825386,1.168268
146767616,Urbania,LA MOLINA,150114,"Calle Las Cedrelas 1, La Molina",La Molina,1293750.0,300.0,4312.5,3,2,2,260.0,9,4943.0,1482900.0,0.128,1510.42,,1,6,0.227,estable,0.08,0.426,0.845216614825386,1.168268
149403517,Urbania,LA MOLINA,150114,Av. Manuel Prado Ugarteche 500,La Estancia,1311000.0,153.0,8568.627450980392,3,3,2,0.0,1,4943.0,756279.0,-0.733,1510.42,,1,6,0.227,estable,0.08,0.426,0.845216614825386,1.168268
146768692,Urbania,LA MOLINA,150114,"Av Laguna Grande, Urbanizacion Las Lagunas De La Molina, La Molina",Las Lagunas De La Molina,1350500.0,288.0,4689.236111111111,3,2,0,420.0,1,4943.0,1423584.0,0.051,1510.42,,1,6,0.227,estable,0.08,0.426,0.845216614825386,1.168268
142999142,Urbania,LA MOLINA,150114,JIRON EL MASTIL,Las Lagunas De La Molina,1411200.0,230.0,6135.652173913043,3,2,2,430.0,10,4943.0,1136890.0,-0.241,1510.42,,1,6,0.227,estable,0.08,0.426,0.845216614825386,1.168268
146767682,Urbania,LA MOLINA,150114,Av. El Golf De Los Incas 1,La Molina,1419850.0,237.0,5990.9282700421945,4,3,2,420.0,1,4943.0,1171491.0,-0.212,1510.42,,1,6,0.227,estable,0.08,0.426,0.845216614825386,1.168268
147694185,Urbania,LA MOLINA,150114,Calle Teruel 145,La Capilla,1421250.0,282.0,5039.893617021276,6,6,2,0.0,1,4943.0,1393926.0,-0.02,1510.42,,1,6,0.227,estable,0.08,0.426,0.845216614825386,1.168268
146768613,Urbania,LA MOLINA,150114,"Av El Mastil, Urbanizacion Las Lagunas De La Molina, La Molina",La Molina,1517000.0,230.0,6595.652173913043,3,2,2,1.0,9,4943.0,1136890.0,-0.334,1510.42,,1,6,0.227,estable,0.08,0.426,0.845216614825386,1.168268
143468723,Urbania,LA MOLINA,150114,Los Cedrones,Sirius,1600000.0,341.0,4692.08211143695,3,2,1,250.0,1,4943.0,1685563.0,0.051,1510.42,,1,6,0.227,estable,0.08,0.426,0.845216614825386,1.168268
149330993,Urbania,LA MOLINA,150114,Jr. El Mastil al 200,El Mastil De La Laguna,1683000.0,296.0,5685.810810810811,3,3,2,800.0,1,4943.0,1463128.0,-0.15,1510.42,,1,6,0.227,estable,0.08,0.426,0.845216614825386,1.168268
149380412,Urbania,LA MOLINA,150114,El Mástil 200,Las Lagunas,1718000.0,300.0,5726.666666666667,3,4,2,800.0,1,4943.0,1482900.0,-0.159,1510.42,,1,6,0.227,estable,0.08,0.426,0.845216614825386,1.168268
141473034,Urbania,LA MOLINA,150114,las lagunas,Las Lagunas De La Molina,1794000.0,374.0,4796.791443850268,5,6,4,0.0,1,4943.0,1848682.0,0.03,1510.42,,1,6,0.227,estable,0.08,0.426,0.845216614825386,1.168268
4311566,Urbania,LA MOLINA,150114,CERROS DE CAMACHO,La Molina,1830000.0,300.0,6100.0,3,3,3,1184.0,1,4943.0,1482900.0,-0.234,1510.42,,1,6,0.227,estable,0.08,0.426,0.845216614825386,1.168268
148788317,Urbania,LA MOLINA,150114,"Avenida Laguna Grande N 1, Urb. Las Terrazas De La Laguna, La Molina",Las Terrazas De La Laguna,1842500.0,270.0,6824.074074074074,4,2,4,0.0,1,4943.0,1334610.0,-0.381,1510.42,,1,6,0.227,estable,0.08,0.426,0.845216614825386,1.168268
149847777,Urbania,LA MOLINA,150114,Alameda del Corregidor,La Molina,1870000.0,237.0,7890.295358649789,3,2,2,600.0,1,4943.0,1171491.0,-0.596,1510.42,,1,6,0.227,estable,0.08,0.426,0.845216614825386,1.168268
147834596,Urbania,LA MOLINA,150114,La Molina,La Molina,2082000.0,510.0,4082.3529411764707,4,6,3,0.0,1,4943.0,2520930.0,0.174,1510.42,,1,6,0.227,estable,0.08,0.426,0.845216614825386,1.168268
145643525,Urbania,LA MOLINA,150114,Calle 3,La Molina,2109000.0,300.0,7030.0,4,4,3,800.0,1,4943.0,1482900.0,-0.422,1510.42,,1,6,0.227,estable,0.08,0.426,0.845216614825386,1.168268
149831702,Urbania,LA MOLINA,150114,Cerros de Camacho,Camacho,2233000.0,420.0,5316.666666666667,4,4,3,2400.0,1,4943.0,2076060.0,-0.076,1510.42,,1,6,0.227,estable,0.08,0.426,0.845216614825386,1.168268
146495860,Urbania,LA MOLINA,150114,"Prolongación Islas Vírgenes  al 100, La Portada de La Planicie",Portada De La Planicie,2257000.0,431.0,5236.658932714618,4,4,2,0.0,1,4943.0,2130433.0,-0.059,1510.42,,1,6,0.227,estable,0.08,0.426,0.845216614825386,1.168268
146767632,Urbania,LA MOLINA,150114,"Calle El Mastil, Urb Las Lagunas de La Molina, La Molina",La Molina,2400000.0,640.0,3750.0,4,4,2,450.0,1,4943.0,3163520.0,0.241,1510.42,,1,6,0.227,estable,0.08,0.426,0.845216614825386,1.168268
146767645,Urbania,LA MOLINA,150114,"Calle El Mastil 5, Dpto 1, La Molina",La Molina,2432000.0,640.0,3800.0,4,3,2,100.0,1,4943.0,3163520.0,0.231,1510.42,,1,6,0.227,estable,0.08,0.426,0.845216614825386,1.168268
147668130,Urbania,LA MOLINA,150114,Av Manuel Prado Ugarteche al 400,Rinconada Baja,2680000.0,400.0,6700.0,4,2,2,1800.0,10,4943.0,1977200.0,-0.355,1510.42,,1,6,0.227,estable,0.08,0.426,0.845216614825386,1.168268
147407002,Urbania,LA MOLINA,150114,av. Raul Ferrero y Ugarteche La Molina,La Molina,2700000.0,424.0,6367.924528301887,4,3,2,850.0,1,4943.0,2095832.0,-0.288,1510.42,,1,6,0.227,estable,0.08,0.426,0.845216614825386,1.168268
146741304,Urbania,LA MOLINA,150114,MANUEL PRADO UGARTECHE,La Molina,2715000.0,400.0,6787.5,4,3,2,1760.0,1,4943.0,1977200.0,-0.373,1510.42,,1,6,0.227,estable,0.08,0.426,0.845216614825386,1.168268
144702566,Urbania,LA MOLINA,150114,Calle Los Castaños,El Remanso,2812000.0,396.0,7101.010101010101,3,4,2,0.0,7,4943.0,1957428.0,-0.437,1510.42,,1,6,0.227,estable,0.08,0.426,0.845216614825386,1.168268
149661594,Urbania,LA MOLINA,150114,Cerros DE Camacho al 200,Camacho,2940000.0,475.0,6189.473684210527,10,7,3,1465.0,10,4943.0,2347925.0,-0.252,1510.42,,1,6,0.227,estable,0.08,0.426,0.845216614825386,1.168268
149580974,Urbania,LA MOLINA,150114,Avenida Circunvalación del Golf Los Inkas 1047,Golf Los Inkas,2940000.0,525.0,5600.0,4,7,4,1500.0,1,4943.0,2595075.0,-0.133,1510.42,,1,6,0.227,estable,0.08,0.426,0.845216614825386,1.168268
149830066,Urbania,LA VICTORIA,150115,Prol. Huamanga 758,La Victoria,161680.0,40.0,4042.0,1,1,0,0.0,1,6965.0,278600.0,0.42,,,11,630,0.354,mejorando,0.304,0.475,0.7141594849782829,11.057018
149303646,Urbania,LA VICTORIA,150115,JR ABTAO 1313,La Victoria,185085.0,58.0,3191.1206896551726,3,1,0,0.0,1,6965.0,403970.0,0.542,,,11,630,0.354,mejorando,0.304,0.475,0.7141594849782829,11.057018
149247495,Urbania,LA VICTORIA,150115,AV Parinacochas  al 900,La Victoria,185515.0,43.0,4314.302325581395,1,1,0,0.0,1,6965.0,299495.0,0.381,,,11,630,0.354,mejorando,0.304,0.475,0.7141594849782829,11.057018
145474977,Urbania,LA VICTORIA,150115,Jr. Evaristo San Cristobal 1751 Urb San Pablo Interior N°308 Piso3,San Pablo,188000.0,49.0,3836.734693877551,1,1,0,0.0,1,6965.0,341285.0,0.449,,,11,630,0.354,mejorando,0.304,0.475,0.7141594849782829,11.057018
148000669,Urbania,LA VICTORIA,150115,Carlos Gutierrez 450,La Victoria,193200.0,61.0,3167.2131147540986,1,1,0,0.0,1,6965.0,424865.0,0.545,,,11,630,0.354,mejorando,0.304,0.475,0.7141594849782829,11.057018
144881475,Urbania,LA VICTORIA,150115,J. Prado este con Av. N. Arriola,La Victoria,194908.0,25.0,7796.32,1,1,1,0.0,1,6965.0,174125.0,-0.119,,,11,630,0.354,mejorando,0.304,0.475,0.7141594849782829,11.057018
149873449,Urbania,LA VICTORIA,150115,Jr. Raymundo Carcamo Urb. Santa Catalina al 1000,Santa Catalina,225000.0,30.0,7500.0,1,1,0,120.0,1,6965.0,208950.0,-0.077,,,11,630,0.354,mejorando,0.304,0.475,0.7141594849782829,11.057018
147504462,Urbania,LA VICTORIA,150115,JR. Saenz Peña N°641,La Victoria,235843.0,76.0,3103.1973684210525,1,2,0,0.0,1,6965.0,529340.0,0.554,,,11,630,0.354,mejorando,0.304,0.475,0.7141594849782829,11.057018
149397401,Urbania,LA VICTORIA,150115,Calle Topacio al 100,La Victoria,240000.0,39.0,6153.846153846154,2,1,0,0.0,1,6965.0,271635.0,0.116,,,11,630,0.354,mejorando,0.304,0.475,0.7141594849782829,11.057018
149237516,Urbania,LA VICTORIA,150115,"Av. Iquitos 546, Dpto. 303, La Victoria",La Victoria,245000.0,59.0,4152.542372881356,1,1,0,0.0,1,6965.0,410935.0,0.404,,,11,630,0.354,mejorando,0.304,0.475,0.7141594849782829,11.057018
148195601,Urbania,LA VICTORIA,150115,Isabel La Catolica 390,La Victoria,251250.0,80.0,3140.625,2,1,0,80.0,1,6965.0,557200.0,0.549,,,11,630,0.354,mejorando,0.304,0.475,0.7141594849782829,11.057018
148907325,Urbania,LA VICTORIA,150115,Psje. Francisco Pizarro N° 0103 Dpto. 18 Piso 04 Urb. El Porvenir,El Porvenir,252000.0,69.0,3652.1739130434785,2,1,0,0.0,1,6965.0,480585.0,0.476,,,11,630,0.354,mejorando,0.304,0.475,0.7141594849782829,11.057018
149328184,Urbania,LA VICTORIA,150115,Jr. Abtao,La Victoria,255000.0,64.0,3984.375,2,1,0,80.0,1,6965.0,445760.0,0.428,,,11,630,0.354,mejorando,0.304,0.475,0.7141594849782829,11.057018
145197225,Urbania,LA VICTORIA,150115,"Av Nicolas Arriola N° 1xx, Dpto. 305 AL 3605 A",Santa Catalina,261568.0,27.0,9687.703703703704,1,1,0,0.0,1,6965.0,188055.0,-0.391,,,11,630,0.354,mejorando,0.304,0.475,0.7141594849782829,11.057018
149760811,Urbania,LA VICTORIA,150115,Av. Parinacochas 2008,Monte Carmelo,272000.0,67.0,4059.7014925373132,2,1,0,0.0,1,6965.0,466655.0,0.417,,,11,630,0.354,mejorando,0.304,0.475,0.7141594849782829,11.057018
146740278,Urbania,LA VICTORIA,150115,av.Canada,La Victoria,282000.0,36.0,7833.333333333333,1,1,0,0.0,1,6965.0,250740.0,-0.125,,,11,630,0.354,mejorando,0.304,0.475,0.7141594849782829,11.057018
146099608,Urbania,LA VICTORIA,150115,Av. Paseo de la República 2199 - La Victoria,La Victoria,283158.0,34.0,8328.176470588236,1,1,0,90.0,1,6965.0,236810.0,-0.196,,,11,630,0.354,mejorando,0.304,0.475,0.7141594849782829,11.057018
146221441,Urbania,LA VICTORIA,150115,"Av Canada N° 1xx, Dpto. 307 AL 2407 C",La Victoria,284215.0,40.0,7105.375,1,1,0,0.0,1,6965.0,278600.0,-0.02,,,11,630,0.354,mejorando,0.304,0.475,0.7141594849782829,11.057018
146408258,Urbania,LA VICTORIA,150115,"Av Esteban Campodonico N° 5xx, Dpto. 601 AL 2201",Santa Catalina,286000.0,41.0,6975.609756097561,1,1,1,0.0,1,6965.0,285565.0,-0.002,,,11,630,0.354,mejorando,0.304,0.475,0.7141594849782829,11.057018
148179290,Urbania,LA VICTORIA,150115,Jr. Manuel Cisneros 11xx,La Victoria,289000.0,85.0,3400.0,3,1,0,0.0,1,6965.0,592025.0,0.512,,,11,630,0.354,mejorando,0.304,0.475,0.7141594849782829,11.057018
148086628,Urbania,LA VICTORIA,150115,Departamento de 1 Dormitorio en Santa Catalina a un Paso del Centro Financiero en San Isidro,Santa Catalina,289000.0,41.0,7048.780487804878,1,1,0,0.0,10,6965.0,285565.0,-0.012,,,11,630,0.354,mejorando,0.304,0.475,0.7141594849782829,11.057018
149870609,Urbania,LA VICTORIA,150115,"-12., -77.",La Victoria,290700.0,75.0,3876.0,3,1,0,100.0,1,6965.0,522375.0,0.444,,,11,630,0.354,mejorando,0.304,0.475,0.7141594849782829,11.057018
149662631,Urbania,LA VICTORIA,150115,Jr. Andahuaylas,La Victoria,294100.0,73.0,4028.7671232876714,3,1,0,100.0,1,6965.0,508445.0,0.422,,,11,630,0.354,mejorando,0.304,0.475,0.7141594849782829,11.057018
147504461,Urbania,LA VICTORIA,150115,JR. Saenz Peña N°641,La Victoria,294804.0,68.0,4335.35294117647,2,2,0,0.0,1,6965.0,473620.0,0.378,,,11,630,0.354,mejorando,0.304,0.475,0.7141594849782829,11.057018
149712877,Urbania,LA VICTORIA,150115,Av. Javier Prado Este 1501 Santa Catalina al 1500,Santa Catalina,299000.0,43.0,6953.488372093023,1,1,0,0.0,1,6965.0,299495.0,0.002,,,11,630,0.354,mejorando,0.304,0.475,0.7141594849782829,11.057018
146064630,Urbania,LA VICTORIA,150115,Av. Canadá - Departamento de Estreno - Frente a Paseo de la Republica,Santa Catalina,303000.0,40.0,7575.0,1,1,0,0.0,1,6965.0,278600.0,-0.088,,,11,630,0.354,mejorando,0.304,0.475,0.7141594849782829,11.057018
149641705,Urbania,LA VICTORIA,150115,José Bazzochi 355,La Victoria,305270.0,48.0,6359.791666666667,1,1,1,0.0,1,6965.0,334320.0,0.087,,,11,630,0.354,mejorando,0.304,0.475,0.7141594849782829,11.057018
145197247,Urbania,LA VICTORIA,150115,"Av Nicolas Arriola N° 1xx, Dpto. 320 AL 3520 A",Santa Catalina,308824.0,45.0,6862.7555555555555,1,1,0,0.0,1,6965.0,313425.0,0.015,,,11,630,0.354,mejorando,0.304,0.475,0.7141594849782829,11.057018
149261479,Urbania,LA VICTORIA,150115,Prolongación La Mar 463,La Victoria,310500.0,95.0,3268.4210526315787,4,1,0,70.0,1,6965.0,661675.0,0.531,,,11,630,0.354,mejorando,0.304,0.475,0.7141594849782829,11.057018
148420733,Urbania,LA VICTORIA,150115,"Avenida Paseo de la República 2199, La Victoria",La Victoria,312000.0,53.0,5886.792452830188,1,2,0,250.0,1,6965.0,369145.0,0.155,,,11,630,0.354,mejorando,0.304,0.475,0.7141594849782829,11.057018
148276284,Urbania,LA VICTORIA,150115,Av. P.º De La República 2099,La Victoria,320000.0,41.0,7804.878048780488,1,1,0,0.0,1,6965.0,285565.0,-0.121,,,11,630,0.354,mejorando,0.304,0.475,0.7141594849782829,11.057018
146034207,Urbania,LA VICTORIA,150115,Ca. Fermín Tangüis - Departamento de Estreno - A una Cdra. de la Av. Canadá,Santa Catalina,323059.0,37.0,8731.324324324325,1,1,0,0.0,1,6965.0,257705.0,-0.254,,,11,630,0.354,mejorando,0.304,0.475,0.7141594849782829,11.057018
143173394,Urbania,LA VICTORIA,150115,"Av Javier Prado Este N° 10xx, Dpto. 1208, 2808",Santa Catalina,323429.0,39.0,8293.051282051281,1,1,0,0.0,1,6965.0,271635.0,-0.191,,,11,630,0.354,mejorando,0.304,0.475,0.7141594849782829,11.057018
149159765,Urbania,LA VICTORIA,150115,"Av Carlos Villaran N° 8xx, Dpto. 309 AL 1709",La Victoria,324000.0,40.0,8100.0,1,1,1,0.0,1,6965.0,278600.0,-0.163,,,11,630,0.354,mejorando,0.304,0.475,0.7141594849782829,11.057018
149033921,Urbania,LA VICTORIA,150115,Luis Chiappe  al 380,Mexico,328451.0,88.0,3732.3977272727275,3,2,0,80.0,1,6965.0,612920.0,0.464,,,11,630,0.354,mejorando,0.304,0.475,0.7141594849782829,11.057018
148150506,Urbania,LA VICTORIA,150115,los diamantes,Balconcillo,330960.0,85.0,3893.6470588235293,3,2,0,80.0,1,6965.0,592025.0,0.441,,,11,630,0.354,mejorando,0.304,0.475,0.7141594849782829,11.057018
145156727,Urbania,LA VICTORIA,150115,AV. Santa Catalina 6XX Dpto 602,Santa Catalina,338000.0,39.0,8666.666666666666,1,1,0,250.0,1,6965.0,271635.0,-0.244,,,11,630,0.354,mejorando,0.304,0.475,0.7141594849782829,11.057018
145197239,Urbania,LA VICTORIA,150115,"Av Nicolas Arriola N° 1xx, Dpto. 304 AL 3604 A",Santa Catalina,338576.0,43.0,7873.860465116279,1,1,0,0.0,1,6965.0,299495.0,-0.13,,,11,630,0.354,mejorando,0.304,0.475,0.7141594849782829,11.057018
148208254,Urbania,LA VICTORIA,150115,Jiron Garcia Naranjo 323,La Victoria,338628.0,80.0,4232.85,2,1,0,0.0,1,6965.0,557200.0,0.392,,,11,630,0.354,mejorando,0.304,0.475,0.7141594849782829,11.057018
149552723,Urbania,LA VICTORIA,150115,Av Javier Prado Este 1035,La Victoria,340000.0,39.0,8717.948717948719,1,1,0,0.0,1,6965.0,271635.0,-0.252,,,11,630,0.354,mejorando,0.304,0.475,0.7141594849782829,11.057018
149663186,Urbania,LA VICTORIA,150115,Av. Javier Prado - Departamento en Venta -  Frente a la vía Expresa,Santa Catalina,344216.0,39.0,8826.051282051281,1,1,0,0.0,1,6965.0,271635.0,-0.267,,,11,630,0.354,mejorando,0.304,0.475,0.7141594849782829,11.057018
149168103,Urbania,LA VICTORIA,150115,AV JAVIER PRADO ESTE 1501,La Victoria,345000.0,43.0,8023.2558139534885,1,1,0,155.0,1,6965.0,299495.0,-0.152,,,11,630,0.354,mejorando,0.304,0.475,0.7141594849782829,11.057018
149470209,Urbania,LA VICTORIA,150115,"Av. Canadá 1290, Dpto 1404",La Victoria,345000.0,70.0,4928.571428571428,3,2,0,0.0,10,6965.0,487550.0,0.292,,,11,630,0.354,mejorando,0.304,0.475,0.7141594849782829,11.057018
149159815,Urbania,LA VICTORIA,150115,"Av Carlos Villaran N° 8xx, Dpto. 310 AL 1710",La Victoria,345400.0,47.0,7348.936170212766,2,1,1,0.0,1,6965.0,327355.0,-0.055,,,11,630,0.354,mejorando,0.304,0.475,0.7141594849782829,11.057018
146408272,Urbania,LA VICTORIA,150115,"Av Esteban Campodonico N° 5xx, Dpto. 206 AL 2206",Santa Catalina,350000.0,50.0,7000.0,2,2,1,0.0,1,6965.0,348250.0,-0.005,,,11,630,0.354,mejorando,0.304,0.475,0.7141594849782829,11.057018
145499165,Urbania,LA VICTORIA,150115,"Av Carlos Villaran N° 3xx, Dpto. 308 AL 1008",Santa Catalina,352000.0,40.0,8800.0,1,1,0,0.0,1,6965.0,278600.0,-0.263,,,11,630,0.354,mejorando,0.304,0.475,0.7141594849782829,11.057018
149605564,Urbania,LA VICTORIA,150115,Calle Manuel Arrisueño  al 600,Santa Catalina,353000.0,43.0,8209.302325581395,2,2,0,0.0,1,6965.0,299495.0,-0.179,,,11,630,0.354,mejorando,0.304,0.475,0.7141594849782829,11.057018
149372451,Urbania,LA VICTORIA,150115,Jirón Juan Castro 156 La Victoria,Balconcillo,354000.0,105.0,3371.4285714285716,3,1,0,0.0,1,6965.0,731325.0,0.516,,,11,630,0.354,mejorando,0.304,0.475,0.7141594849782829,11.057018
145326477,Urbania,LA VICTORIA,150115,Departamento de 1 Dormitorio en Santa Catalina Cerca al Centro Financiero en San Isidro,Santa Catalina,354000.0,40.0,8850.0,1,1,0,0.0,1,6965.0,278600.0,-0.271,,,11,630,0.354,mejorando,0.304,0.475,0.7141594849782829,11.057018
149159836,Urbania,LA VICTORIA,150115,"Av Carlos Villaran N° 8xx, Dpto. 305 AL 1605",La Victoria,355100.0,49.0,7246.938775510204,2,2,1,0.0,1,6965.0,341285.0,-0.04,,,11,630,0.354,mejorando,0.304,0.475,0.7141594849782829,11.057018
149407761,Urbania,LA VICTORIA,150115,Av. Nicolás Arriola al 100,Santa Catalina,355117.0,58.0,6122.706896551724,2,2,0,0.0,1,6965.0,403970.0,0.121,,,11,630,0.354,mejorando,0.304,0.475,0.7141594849782829,11.057018
149407440,Urbania,LA VICTORIA,150115,Av. Nicolás Arriola al 100,Santa Catalina,356817.0,53.0,6732.396226415094,2,2,0,0.0,1,6965.0,369145.0,0.033,,,11,630,0.354,mejorando,0.304,0.475,0.7141594849782829,11.057018
145197263,Urbania,LA VICTORIA,150115,"Av Nicolas Arriola N° 1xx, Dpto. 2008 AL 3608 A",Santa Catalina,356817.0,53.0,6732.396226415094,2,2,0,0.0,1,6965.0,369145.0,0.033,,,11,630,0.354,mejorando,0.304,0.475,0.7141594849782829,11.057018
146650299,Urbania,LA VICTORIA,150115,Av. Paseo de la República N° 2119 - La Vitoria,La Victoria,356842.0,41.0,8703.463414634147,1,1,0,160.0,1,6965.0,285565.0,-0.25,,,11,630,0.354,mejorando,0.304,0.475,0.7141594849782829,11.057018
149126669,Urbania,LA VICTORIA,150115,Miguel Dasso n,Balconcillo,359000.0,90.0,3988.8888888888887,3,1,0,0.0,10,6965.0,626850.0,0.427,,,11,630,0.354,mejorando,0.304,0.475,0.7141594849782829,11.057018
148511971,Urbania,LA VICTORIA,150115,Javier Prado Este al 1000,La Victoria,360000.0,52.0,6923.076923076923,1,1,1,450.0,1,6965.0,362180.0,0.006,,,11,630,0.354,mejorando,0.304,0.475,0.7141594849782829,11.057018
145326537,Urbania,LA VICTORIA,150115,Departamento de 2 Dormitorios en Santa Catalina Cerca al Centro Financiero en San Isidro,Santa Catalina,368000.0,55.0,6690.909090909091,2,2,0,0.0,1,6965.0,383075.0,0.039,,,11,630,0.354,mejorando,0.304,0.475,0.7141594849782829,11.057018
145197367,Urbania,LA VICTORIA,150115,Av Nicolas Arriola N° 1XX Dpto. 322 AL 3622 A,Santa Catalina,370483.0,58.0,6387.637931034483,2,2,0,0.0,1,6965.0,403970.0,0.083,,,11,630,0.354,mejorando,0.304,0.475,0.7141594849782829,11.057018
149159857,Urbania,LA VICTORIA,150115,"Av Carlos Villaran N° 8xx, Dpto. 307 AL 1207",La Victoria,370700.0,50.0,7414.0,2,2,1,0.0,1,6965.0,348250.0,-0.064,,,11,630,0.354,mejorando,0.304,0.475,0.7141594849782829,11.057018
148859433,Urbania,LA VICTORIA,150115,Av. De las Américas 636,Balconcillo,375000.0,137.0,2737.2262773722628,3,2,0,0.0,10,6965.0,954205.0,0.607,,,11,630,0.354,mejorando,0.304,0.475,0.7141594849782829,11.057018
149611405,Urbania,LA VICTORIA,150115,Jr. León García 447,La Victoria,376000.0,85.0,4423.529411764706,2,1,0,0.0,1,6965.0,592025.0,0.365,,,11,630,0.354,mejorando,0.304,0.475,0.7141594849782829,11.057018
149843409,Urbania,LA VICTORIA,150115,Av. Aviación 2080,La Victoria,376200.0,85.0,4425.882352941177,3,2,0,0.0,1,6965.0,592025.0,0.365,,,11,630,0.354,mejorando,0.304,0.475,0.7141594849782829,11.057018
146408299,Urbania,LA VICTORIA,150115,"Av Esteban Campodonico N° 5xx, Dpto. 403 AL 2203",Santa Catalina,378000.0,55.0,6872.727272727273,2,2,1,0.0,1,6965.0,383075.0,0.013,,,11,630,0.354,mejorando,0.304,0.475,0.7141594849782829,11.057018
146408326,Urbania,LA VICTORIA,150115,"Av Esteban Campodonico N° 5xx, Dpto. 204 AL 2204",Santa Catalina,381000.0,56.0,6803.571428571428,2,2,1,0.0,1,6965.0,390040.0,0.023,,,11,630,0.354,mejorando,0.304,0.475,0.7141594849782829,11.057018
143173069,Urbania,LA VICTORIA,150115,"Calle Alberto Barton N°2xx, DPT Tipo 7",Santa Catalina,385622.0,47.0,8204.72340425532,2,2,0,0.0,1,6965.0,327355.0,-0.178,,,11,630,0.354,mejorando,0.304,0.475,0.7141594849782829,11.057018
149734044,Urbania,LA VICTORIA,150115,"Jr. Luis Giribaldi 379, La Victoria 15018, Perú",La Victoria,386100.0,45.0,8580.0,1,1,0,0.0,1,6965.0,313425.0,-0.232,,,11,630,0.354,mejorando,0.304,0.475,0.7141594849782829,11.057018
147999280,Urbania,LA VICTORIA,150115,Jr. Fermin Tanguis,Santa Catalina,389000.0,51.0,7627.450980392156,2,2,0,1.0,1,6965.0,355215.0,-0.095,,,11,630,0.354,mejorando,0.304,0.475,0.7141594849782829,11.057018
149042220,Urbania,LA VICTORIA,150115,"Jirón Huánuco 1737, en Pleno Emporio de Gamarra",La Victoria,392300.0,56.0,7005.357142857143,2,1,0,0.0,1,6965.0,390040.0,-0.006,,,11,630,0.354,mejorando,0.304,0.475,0.7141594849782829,11.057018
143173415,Urbania,LA VICTORIA,150115,"Av Javier Prado Este N° 10xx, Dpto. 402 AL 3302",Santa Catalina,393138.0,57.0,6897.1578947368425,2,2,0,0.0,1,6965.0,397005.0,0.01,,,11,630,0.354,mejorando,0.304,0.475,0.7141594849782829,11.057018
149369101,Urbania,LA VICTORIA,150115,Av. P. de la República 2199 - La Victoria,Santa Catalina,395000.0,61.0,6475.4098360655735,2,2,0,0.0,1,6965.0,424865.0,0.07,,,11,630,0.354,mejorando,0.304,0.475,0.7141594849782829,11.057018
149255373,Urbania,LA VICTORIA,150115,Ca. los Topacios 142,La Victoria,395000.0,59.0,6694.9152542372885,2,2,0,0.0,1,6965.0,410935.0,0.039,,,11,630,0.354,mejorando,0.304,0.475,0.7141594849782829,11.057018
147453536,Urbania,LA VICTORIA,150115,Av. Canadá,Santa Catalina,395528.0,54.0,7324.592592592592,2,2,1,0.0,1,6965.0,376110.0,-0.052,,,11,630,0.354,mejorando,0.304,0.475,0.7141594849782829,11.057018
146029615,Urbania,LA VICTORIA,150115,Jr. Francisco Graña - Departamento de Estreno - Frente a la av. Nicolás Arriola,Santa Catalina,396000.0,53.0,7471.698113207547,2,2,0,0.0,1,6965.0,369145.0,-0.073,,,11,630,0.354,mejorando,0.304,0.475,0.7141594849782829,11.057018
149362191,Urbania,LA VICTORIA,150115,Ca. Fermín Tangüis - Departamento de Estreno - A una Cdra. de la Av. Canadá,Santa Catalina,397608.0,51.0,7796.235294117647,2,2,0,0.0,1,6965.0,355215.0,-0.119,,,11,630,0.354,mejorando,0.304,0.475,0.7141594849782829,11.057018
148954193,Urbania,LA VICTORIA,150115,"Calle Fermin Tanguis Cdra 1, Frente a un Parque de más de 12mil m2. Ubicado en la Mejor Zona de Santa Catalina a Sólo 5 Minutos del Centro Empresarial de San Isidro",La Victoria,398902.0,56.0,7123.25,2,2,0,0.0,1,6965.0,390040.0,-0.023,,,11,630,0.354,mejorando,0.304,0.475,0.7141594849782829,11.057018
145807243,Urbania,LA VICTORIA,150115,VILLARAN,La Victoria,399000.0,56.0,7125.0,2,2,1,200.0,1,6965.0,390040.0,-0.023,,,11,630,0.354,mejorando,0.304,0.475,0.7141594849782829,11.057018
147279970,Urbania,LA VICTORIA,150115,Jr. Francisco Graña - Departamento de Estreno - Frente a la av. Nicolás Arriola,Santa Catalina,402000.0,49.0,8204.081632653062,2,2,0,0.0,1,6965.0,341285.0,-0.178,,,11,630,0.354,mejorando,0.304,0.475,0.7141594849782829,11.057018
149538636,Urbania,LA VICTORIA,150115,Av. Palermo,Balconcillo,402000.0,97.0,4144.329896907217,3,2,0,250.0,1,6965.0,675605.0,0.405,,,11,630,0.354,mejorando,0.304,0.475,0.7141594849782829,11.057018
149458781,Urbania,LA VICTORIA,150115,Carrillo,La Victoria,402045.0,134.0,3000.3358208955224,3,2,0,0.0,1,6965.0,933310.0,0.569,,,11,630,0.354,mejorando,0.304,0.475,0.7141594849782829,11.057018
149261191,Urbania,LA VICTORIA,150115,Av. Canadá 1276,La Victoria,405000.0,65.0,6230.7692307692305,2,2,0,200.0,1,6965.0,452725.0,0.105,,,11,630,0.354,mejorando,0.304,0.475,0.7141594849782829,11.057018
145499200,Urbania,LA VICTORIA,150115,"Av Carlos Villaran N° 3xx, Dpto.410 AL 910",Santa Catalina,408000.0,58.0,7034.482758620689,2,2,0,0.0,10,6965.0,403970.0,-0.01,,,11,630,0.354,mejorando,0.304,0.475,0.7141594849782829,11.057018
148713385,Urbania,LA VICTORIA,150115,Av. Sta. Catalina,Santa Catalina,409000.0,83.0,4927.710843373494,3,2,1,160.0,1,6965.0,578095.0,0.293,,,11,630,0.354,mejorando,0.304,0.475,0.7141594849782829,11.057018
149290916,Urbania,LA VICTORIA,150115,Nicolás Arriola Cuadra 2,Santa Catalina,414120.0,67.0,6180.895522388059,2,1,0,70.0,1,6965.0,466655.0,0.113,,,11,630,0.354,mejorando,0.304,0.475,0.7141594849782829,11.057018
143173061,Urbania,LA VICTORIA,150115,"Calle Alberto Barton N°2xx, DPT Tipo 8",Santa Catalina,417650.0,51.0,8189.21568627451,2,2,0,0.0,1,6965.0,355215.0,-0.176,,,11,630,0.354,mejorando,0.304,0.475,0.7141594849782829,11.057018
149280435,Urbania,LA VICTORIA,150115,Av. Javier Prado Este  al 1000,La Victoria,419000.0,55.0,7618.181818181818,3,2,0,0.0,1,6965.0,383075.0,-0.094,,,11,630,0.354,mejorando,0.304,0.475,0.7141594849782829,11.057018
149237031,Urbania,LA VICTORIA,150115,Av Javier Prado Este  al 1000,La Victoria,419505.0,55.0,7627.363636363636,2,2,1,0.0,1,6965.0,383075.0,-0.095,,,11,630,0.354,mejorando,0.304,0.475,0.7141594849782829,11.057018
147788002,Urbania,LA VICTORIA,150115,Humbolt 1458 La Victoria,La Victoria,420000.0,67.0,6268.6567164179105,1,1,0,0.0,1,6965.0,466655.0,0.1,,,11,630,0.354,mejorando,0.304,0.475,0.7141594849782829,11.057018
149238282,Urbania,LA VICTORIA,150115,"Av. Palermo 322, Dpto. 702, Urb. Balconcillo, La Victoria",La Victoria,420000.0,97.0,4329.896907216495,3,2,0,0.0,1,6965.0,675605.0,0.378,,,11,630,0.354,mejorando,0.304,0.475,0.7141594849782829,11.057018
147184469,Urbania,LA VICTORIA,150115,AVENIDA NICOLAS ARRIOLA 284,Santa Catalina,420000.0,67.0,6268.6567164179105,2,1,0,70.0,1,6965.0,466655.0,0.1,,,11,630,0.354,mejorando,0.304,0.475,0.7141594849782829,11.057018
146033533,Urbania,LA VICTORIA,150115,Av. Canadá - Departamento de Estreno - Frente a Paseo de la Republica,Santa Catalina,423404.0,55.0,7698.254545454545,2,2,0,0.0,1,6965.0,383075.0,-0.105,,,11,630,0.354,mejorando,0.304,0.475,0.7141594849782829,11.057018
143173645,Urbania,LA VICTORIA,150115,"Calle Alberto Barton N°2xx, DPT Tipo 9",Santa Catalina,424989.0,47.0,9042.31914893617,1,1,0,0.0,1,6965.0,327355.0,-0.298,,,11,630,0.354,mejorando,0.304,0.475,0.7141594849782829,11.057018
149379946,Urbania,LA VICTORIA,150115,"Vive en Javier Prado, Cerca de San Isidro, al Centro Financiero y La Rambla",La Victoria,427700.0,57.0,7503.508771929824,2,2,0,0.0,1,6965.0,397005.0,-0.077,,,11,630,0.354,mejorando,0.304,0.475,0.7141594849782829,11.057018
149704779,Urbania,LA VICTORIA,150115,Av. Javier Prado Este,La Victoria,429999.0,62.0,6935.467741935484,2,2,0,200.0,1,6965.0,431830.0,0.004,,,11,630,0.354,mejorando,0.304,0.475,0.7141594849782829,11.057018
148657503,Urbania,LA VICTORIA,150115,Los Rubíes al 420,Balconcillo,437760.0,102.0,4291.764705882353,5,2,0,0.0,1,6965.0,710430.0,0.384,,,11,630,0.354,mejorando,0.304,0.475,0.7141594849782829,11.057018
145499188,Urbania,LA VICTORIA,150115,"Av Carlos Villaran N° 3xx, Dpto. 215 AL 1315",Santa Catalina,438000.0,57.0,7684.210526315789,2,2,0,0.0,1,6965.0,397005.0,-0.103,,,11,630,0.354,mejorando,0.304,0.475,0.7141594849782829,11.057018
148936910,Urbania,LA VICTORIA,150115,Jirón los Brillantes  al 500,La Victoria,440000.0,70.0,6285.714285714285,3,2,1,270.0,1,6965.0,487550.0,0.098,,,11,630,0.354,mejorando,0.304,0.475,0.7141594849782829,11.057018
145197372,Urbania,LA VICTORIA,150115,"Av Nicolas Arriola N° 1xx, Dpto. 2407 AL 3607 A",Santa Catalina,445836.0,60.0,7430.6,2,2,0,0.0,1,6965.0,417900.0,-0.067,,,11,630,0.354,mejorando,0.304,0.475,0.7141594849782829,11.057018
146408360,Urbania,LA VICTORIA,150115,"Av Esteban Campodonico N° 5xx, Dpto. 1105 AL 2205",Santa Catalina,446000.0,67.0,6656.7164179104475,3,2,1,0.0,1,6965.0,466655.0,0.044,,,11,630,0.354,mejorando,0.304,0.475,0.7141594849782829,11.057018
148086823,Urbania,LA VICTORIA,150115,Departamento de 3 Dormitorios en Santa Catalina a un Paso del Centro Financiero en San Isidro,Santa Catalina,447000.0,69.0,6478.260869565217,3,2,0,0.0,10,6965.0,480585.0,0.07,,,11,630,0.354,mejorando,0.304,0.475,0.7141594849782829,11.057018
147787994,Urbania,LA VICTORIA,150115,Humbolt 1458 La Victoria,La Victoria,455000.0,75.0,6066.666666666667,1,1,0,0.0,1,6965.0,522375.0,0.129,,,11,630,0.354,mejorando,0.304,0.475,0.7141594849782829,11.057018
145399037,Urbania,LA VICTORIA,150115,Departamento de 3 Dormitorios en Santa Catalina Cerca al Centro Financiero en San Isidro,Santa Catalina,457000.0,65.0,7030.7692307692305,3,2,0,0.0,10,6965.0,452725.0,-0.009,,,11,630,0.354,mejorando,0.304,0.475,0.7141594849782829,11.057018
145499212,Urbania,LA VICTORIA,150115,"Av Carlos Villaran N° 3xx, Dpto.211 AL 1711",Santa Catalina,457000.0,66.0,6924.242424242424,3,2,0,0.0,1,6965.0,459690.0,0.006,,,11,630,0.354,mejorando,0.304,0.475,0.7141594849782829,11.057018
149574478,Urbania,LA VICTORIA,150115,Avenida José de Rivadeneyra al 1089,Santa Catalina,462500.0,68.0,6801.470588235294,3,2,1,0.0,1,6965.0,473620.0,0.023,,,11,630,0.354,mejorando,0.304,0.475,0.7141594849782829,11.057018
148287702,Urbania,LA VICTORIA,150115,Av. Paseo de la República,Santa Catalina,470000.0,62.0,7580.645161290323,2,2,0,350.0,1,6965.0,431830.0,-0.088,,,11,630,0.354,mejorando,0.304,0.475,0.7141594849782829,11.057018
145197209,Urbania,LA VICTORIA,150115,"Av Nicolas Arriola N° 1xx, Dpto. 302 AL 3602a",Santa Catalina,473095.0,72.0,6570.763888888889,3,2,0,0.0,1,6965.0,501480.0,0.057,,,11,630,0.354,mejorando,0.304,0.475,0.7141594849782829,11.057018
143173417,Urbania,LA VICTORIA,150115,"Av Javier Prado Este N° 10xx, Dpto. 206 AL 1506",Santa Catalina,476080.0,62.0,7678.709677419355,2,2,0,0.0,1,6965.0,431830.0,-0.102,,,11,630,0.354,mejorando,0.304,0.475,0.7141594849782829,11.057018
149003929,Urbania,LA VICTORIA,150115,Torre LA Merced 100,Santa Catalina,478601.0,72.0,6647.236111111111,3,2,0,0.0,10,6965.0,501480.0,0.046,,,11,630,0.354,mejorando,0.304,0.475,0.7141594849782829,11.057018
147908103,Urbania,LA VICTORIA,150115,Avenida Arequipa 1441,Santa Beatriz,479000.0,66.0,7257.575757575758,3,2,0,0.0,1,6965.0,459690.0,-0.042,,,11,630,0.354,mejorando,0.304,0.475,0.7141594849782829,11.057018
149635840,Urbania,LA VICTORIA,150115,AV. SOLIDARIDAD 103 SANTA CATALINA,La Victoria,479000.0,80.0,5987.5,2,2,0,250.0,1,6965.0,557200.0,0.14,,,11,630,0.354,mejorando,0.304,0.475,0.7141594849782829,11.057018
146764392,Urbania,LA VICTORIA,150115,av. canada  la victoria,La Victoria,480080.0,68.0,7060.0,3,2,0,0.0,1,6965.0,473620.0,-0.014,,,11,630,0.354,mejorando,0.304,0.475,0.7141594849782829,11.057018
146408419,Urbania,LA VICTORIA,150115,"Av Esteban Campodonico N° 5xx, Dpto. 207 AL 2207",Santa Catalina,485000.0,72.0,6736.111111111111,3,2,1,0.0,1,6965.0,501480.0,0.033,,,11,630,0.354,mejorando,0.304,0.475,0.7141594849782829,11.057018
149309352,Urbania,LA VICTORIA,150115,Vista a Parque. Segundo Uso,La Victoria,486990.0,60.0,8116.5,2,2,0,0.0,1,6965.0,417900.0,-0.165,,,11,630,0.354,mejorando,0.304,0.475,0.7141594849782829,11.057018
146972681,Urbania,LA VICTORIA,150115,"Calle Fermín Tanguis N° 1xx, Dpto. 601 AL 2501 C",Santa Catalina,497872.0,69.0,7215.536231884058,3,2,0,0.0,1,6965.0,480585.0,-0.036,,,11,630,0.354,mejorando,0.304,0.475,0.7141594849782829,11.057018
149172828,Urbania,LA VICTORIA,150115,Urbana Perú Tempo,La Victoria,507870.0,81.0,6270.0,3,2,0,0.0,1,6965.0,564165.0,0.1,,,11,630,0.354,mejorando,0.304,0.475,0.7141594849782829,11.057018
146034412,Urbania,LA VICTORIA,150115,Ca. Fermín Tangüis - Departamento de Estreno - A una Cdra. de la Av. Canadá,Santa Catalina,511247.0,61.0,8381.098360655738,3,2,0,0.0,1,6965.0,424865.0,-0.203,,,11,630,0.354,mejorando,0.304,0.475,0.7141594849782829,11.057018
149663203,Urbania,LA VICTORIA,150115,Av. Javier Prado - Departamento en Venta -  Frente a la vía Expresa,Santa Catalina,513000.0,62.0,8274.193548387097,2,2,0,0.0,1,6965.0,431830.0,-0.188,,,11,630,0.354,mejorando,0.304,0.475,0.7141594849782829,11.057018
149303241,Urbania,LA VICTORIA,150115,Avenida Paseo de la República 2199,La Victoria,515000.0,60.0,8583.333333333334,2,2,1,350.0,1,6965.0,417900.0,-0.232,,,11,630,0.354,mejorando,0.304,0.475,0.7141594849782829,11.057018
149278134,Urbania,LA VICTORIA,150115,Av. José Gálvez Barrenechea,La Victoria,524000.0,73.0,7178.082191780822,2,2,0,250.0,1,6965.0,508445.0,-0.031,,,11,630,0.354,mejorando,0.304,0.475,0.7141594849782829,11.057018
149689057,Urbania,LA VICTORIA,150115,Av. Paseo de la República Cdra. 21,La Victoria,525000.0,72.0,7291.666666666667,3,2,1,400.0,1,6965.0,501480.0,-0.047,,,11,630,0.354,mejorando,0.304,0.475,0.7141594849782829,11.057018
147694596,Urbania,LA VICTORIA,150115,Paseo de la Republica 2199,La Victoria,525000.0,60.0,8750.0,2,2,1,300.0,1,6965.0,417900.0,-0.256,,,11,630,0.354,mejorando,0.304,0.475,0.7141594849782829,11.057018
146685166,Urbania,LA VICTORIA,150115,Av. Paseo de la republica,Santa Catalina,526744.0,60.0,8779.066666666668,2,2,0,0.0,1,6965.0,417900.0,-0.26,,,11,630,0.354,mejorando,0.304,0.475,0.7141594849782829,11.057018
147596079,Urbania,LA VICTORIA,150115,Jose Galvez Barnechea  200  Urb.Santa Catalina,Santa Catalina,539106.0,74.0,7285.216216216216,3,2,0,265.0,1,6965.0,515410.0,-0.046,,,11,630,0.354,mejorando,0.304,0.475,0.7141594849782829,11.057018
149846031,Urbania,LA VICTORIA,150115,Santa Catalina,Santa Catalina,540000.0,92.0,5869.565217391304,3,2,0,0.0,1,6965.0,640780.0,0.157,,,11,630,0.354,mejorando,0.304,0.475,0.7141594849782829,11.057018
149244691,Urbania,LA VICTORIA,150115,Av Javier Prado Este al 1000,La Victoria,540824.0,67.0,8072.0,3,2,0,0.0,1,6965.0,466655.0,-0.159,,,11,630,0.354,mejorando,0.304,0.475,0.7141594849782829,11.057018
149701682,Urbania,LA VICTORIA,150115,Av Carlos Villaran,Santa Catalina,542900.0,84.0,6463.0952380952385,3,2,1,0.0,1,6965.0,585060.0,0.072,,,11,630,0.354,mejorando,0.304,0.475,0.7141594849782829,11.057018
149079933,Urbania,LA VICTORIA,150115,Calle Juan José Mostajo al 100,Santa Catalina,544000.0,86.0,6325.581395348837,3,2,1,160.0,1,6965.0,598990.0,0.092,,,11,630,0.354,mejorando,0.304,0.475,0.7141594849782829,11.057018
143173426,Urbania,LA VICTORIA,150115,"Av Javier Prado Este N° 10xx, Dpto. 904 AL 2804",Santa Catalina,545234.0,72.0,7572.694444444444,3,2,0,0.0,1,6965.0,501480.0,-0.087,,,11,630,0.354,mejorando,0.304,0.475,0.7141594849782829,11.057018
145499249,Urbania,LA VICTORIA,150115,"Av Carlos Villaran N° 3xx, Dpto. 1005 AL 1505",Santa Catalina,550000.0,74.0,7432.4324324324325,3,2,0,0.0,1,6965.0,515410.0,-0.067,,,11,630,0.354,mejorando,0.304,0.475,0.7141594849782829,11.057018
148697067,Urbania,LA VICTORIA,150115,José de Rivadeneyra,La Victoria,550000.0,133.0,4135.338345864661,4,3,0,0.0,1,6965.0,926345.0,0.406,,,11,630,0.354,mejorando,0.304,0.475,0.7141594849782829,11.057018
148776223,Urbania,LA VICTORIA,150115,Av Javier Prado Este 1095 al 1000,Santa Catalina,553000.0,70.0,7900.0,2,2,1,250.0,1,6965.0,487550.0,-0.134,,,11,630,0.354,mejorando,0.304,0.475,0.7141594849782829,11.057018
149279930,Urbania,LA VICTORIA,150115,Av. Javier Prado Este  al 1000,La Victoria,563209.0,73.0,7715.191780821918,3,2,0,0.0,1,6965.0,508445.0,-0.108,,,11,630,0.354,mejorando,0.304,0.475,0.7141594849782829,11.057018
149288385,Urbania,LA VICTORIA,150115,Francisco Terry 127 al 100,Santa Catalina,563364.0,73.0,7717.315068493151,3,2,1,0.0,1,6965.0,508445.0,-0.108,,,11,630,0.354,mejorando,0.304,0.475,0.7141594849782829,11.057018
149104384,Urbania,LA VICTORIA,150115,Av. Javier Prado Este 1501,La Victoria,567000.0,64.0,8859.375,2,2,0,0.0,1,6965.0,445760.0,-0.272,,,11,630,0.354,mejorando,0.304,0.475,0.7141594849782829,11.057018
149264394,Urbania,LA VICTORIA,150115,Av. Javier Prado Este 1035 al 1000,La Victoria,575000.0,71.0,8098.591549295775,3,2,1,0.0,1,6965.0,494515.0,-0.163,,,11,630,0.354,mejorando,0.304,0.475,0.7141594849782829,11.057018
149490177,Urbania,LA VICTORIA,150115,Esteban Campodónico,Santa Catalina,580000.0,120.0,4833.333333333333,5,5,1,0.0,1,6965.0,835800.0,0.306,,,11,630,0.354,mejorando,0.304,0.475,0.7141594849782829,11.057018
149905118,Urbania,LA VICTORIA,150115,"Venta DE Departamento EN AV. Calle Juan Jose Mostajo, Lavictoria.",La Victoria,580000.0,86.0,6744.186046511628,3,2,1,0.0,1,6965.0,598990.0,0.032,,,11,630,0.354,mejorando,0.304,0.475,0.7141594849782829,11.057018
143023058,Urbania,LA VICTORIA,150115,PASAJE SIMON BOLIVAR 161 LA VICTORIA,El Porvenir,581000.0,81.0,7172.83950617284,2,1,0,0.0,8,6965.0,564165.0,-0.03,,,11,630,0.354,mejorando,0.304,0.475,0.7141594849782829,11.057018
148583204,Urbania,LA VICTORIA,150115,Av. Javier Prado - Departamento en Venta -  Frente a la vía Expresa,Santa Catalina,582000.0,77.0,7558.441558441558,3,2,0,0.0,1,6965.0,536305.0,-0.085,,,11,630,0.354,mejorando,0.304,0.475,0.7141594849782829,11.057018
148771846,Urbania,LA VICTORIA,150115,Valderrama 174,Santa Catalina,583500.0,94.0,6207.446808510638,3,2,0,0.0,1,6965.0,654710.0,0.109,,,11,630,0.354,mejorando,0.304,0.475,0.7141594849782829,11.057018
149790106,Urbania,LA VICTORIA,150115,Avenida Javier Prado Este 1501,La Victoria,590000.0,78.0,7564.102564102564,3,2,1,0.0,1,6965.0,543270.0,-0.086,,,11,630,0.354,mejorando,0.304,0.475,0.7141594849782829,11.057018
147560130,Urbania,LA VICTORIA,150115,AV JAVIER PRADO ESTE,La Victoria,591533.0,72.0,8215.736111111111,3,2,0,1.0,1,6965.0,501480.0,-0.18,,,11,630,0.354,mejorando,0.304,0.475,0.7141594849782829,11.057018
146684100,Urbania,LA VICTORIA,150115,Av. Paseo de la Republica,Santa Catalina,596135.0,75.0,7948.466666666666,2,2,0,0.0,1,6965.0,522375.0,-0.141,,,11,630,0.354,mejorando,0.304,0.475,0.7141594849782829,11.057018
147856812,Urbania,LA VICTORIA,150115,Av. Paseo de la Republica 2099,La Victoria,610000.0,75.0,8133.333333333333,3,2,1,210.0,1,6965.0,522375.0,-0.168,,,11,630,0.354,mejorando,0.304,0.475,0.7141594849782829,11.057018
149079747,Urbania,LA VICTORIA,150115,Torre de La Merced al 200,Santa Catalina,610000.0,100.0,6100.0,3,2,1,250.0,10,6965.0,696500.0,0.124,,,11,630,0.354,mejorando,0.304,0.475,0.7141594849782829,11.057018
149908093,Urbania,LA VICTORIA,150115,"Departamento 201 - Segundo Piso - Marcelino Varela 135 Urbanizacion Santa Catalina, La Victoria,",La Victoria,615600.0,113.0,5447.787610619469,3,2,0,0.0,1,6965.0,787045.0,0.218,,,11,630,0.354,mejorando,0.304,0.475,0.7141594849782829,11.057018
149310168,Urbania,LA VICTORIA,150115,Av Javier Prado Este  al 1000,La Victoria,616392.0,75.0,8218.56,3,2,0,0.0,1,6965.0,522375.0,-0.18,,,11,630,0.354,mejorando,0.304,0.475,0.7141594849782829,11.057018
148920685,Urbania,LA VICTORIA,150115,Mariano Pacheco,La Victoria,620000.0,110.0,5636.363636363636,2,2,1,250.0,1,6965.0,766150.0,0.191,,,11,630,0.354,mejorando,0.304,0.475,0.7141594849782829,11.057018
143173080,Urbania,LA VICTORIA,150115,"Calle Alberto Barton N°2xx, DPT Tipo 17",Santa Catalina,626848.0,89.0,7043.23595505618,3,2,0,0.0,1,6965.0,619885.0,-0.011,,,11,630,0.354,mejorando,0.304,0.475,0.7141594849782829,11.057018
147663890,Urbania,LA VICTORIA,150115,Paseo de La Republica,Santa Catalina,643000.0,87.0,7390.80459770115,3,2,1,210.0,1,6965.0,605955.0,-0.061,,,11,630,0.354,mejorando,0.304,0.475,0.7141594849782829,11.057018
145499226,Urbania,LA VICTORIA,150115,"Av Carlos Villaran N° 3xx, Dpto. 406",Santa Catalina,660000.0,79.0,8354.430379746835,3,2,0,0.0,1,6965.0,550235.0,-0.199,,,11,630,0.354,mejorando,0.304,0.475,0.7141594849782829,11.057018
148939301,Urbania,LA VICTORIA,150115,"Mariano Pacheco, Urb. Santa Catalina, La Victoria",Santa Catalina,666900.0,148.0,4506.081081081081,4,4,1,400.0,10,6965.0,1030820.0,0.353,,,11,630,0.354,mejorando,0.304,0.475,0.7141594849782829,11.057018
146255298,Urbania,LA VICTORIA,150115,Mariano Pacheco 786,La Victoria,680000.0,200.0,3400.0,4,2,1,100.0,1,6965.0,1393000.0,0.512,,,11,630,0.354,mejorando,0.304,0.475,0.7141594849782829,11.057018
149773744,Urbania,LA VICTORIA,150115,Jr. Cangallo 323,La Victoria,698000.0,133.0,5248.12030075188,5,2,0,0.0,1,6965.0,926345.0,0.247,,,11,630,0.354,mejorando,0.304,0.475,0.7141594849782829,11.057018
148749508,Urbania,LA VICTORIA,150115,Urb. SANTA CATALINA - LA VICTORIA - altura av. Nicolas Arriola cdra.7 & av. Canadá cdra.10,Santa Catalina,759000.0,188.0,4037.2340425531916,3,2,2,0.0,1,6965.0,1309420.0,0.42,,,11,630,0.354,mejorando,0.304,0.475,0.7141594849782829,11.057018
146933082,Urbania,LA VICTORIA,150115,"Jr Raymundo Cárcamo 1058, La Victoria",La Victoria,875000.0,99.0,8838.38383838384,4,4,2,0.0,10,6965.0,689535.0,-0.269,,,11,630,0.354,mejorando,0.304,0.475,0.7141594849782829,11.057018
147503487,Urbania,LA VICTORIA,150115,Jr. Luis Espejo 1050,La Victoria,977940.0,163.0,5999.631901840491,5,3,0,250.0,1,6965.0,1135295.0,0.139,,,11,630,0.354,mejorando,0.304,0.475,0.7141594849782829,11.057018
149846636,Urbania,LA VICTORIA,150115,Av. Solidaridad 105,La Victoria,1071750.0,157.0,6826.4331210191085,3,3,1,550.0,1,6965.0,1093505.0,0.02,,,11,630,0.354,mejorando,0.304,0.475,0.7141594849782829,11.057018
146777003,Urbania,LA VICTORIA,150115,Vive rodeado de parques!,Santa Catalina,1118000.0,164.0,6817.073170731707,5,4,1,0.0,1,6965.0,1142260.0,0.021,,,11,630,0.354,mejorando,0.304,0.475,0.7141594849782829,11.057018
144855239,Urbania,LINCE,150116,Av. Arequipa,Lince,219189.0,21.0,10437.57142857143,1,1,0,0.0,1,7352.0,154392.0,-0.42,1893.95,,8,327,0.275,mejorando,0.445,0.585,0.842427736545257,1.452933
149455631,Urbania,LINCE,150116,Jirón Bartolomé Herrera 719,Lince,224400.0,36.0,6233.333333333333,1,1,0,0.0,1,7352.0,264672.0,0.152,1893.95,,8,327,0.275,mejorando,0.445,0.585,0.842427736545257,1.452933
149898758,Urbania,LINCE,150116,Jirón Pedro Conde 514,Lince,229810.0,50.0,4596.2,1,1,0,0.0,1,7352.0,367600.0,0.375,1893.95,,8,327,0.275,mejorando,0.445,0.585,0.842427736545257,1.452933
149863194,Urbania,LINCE,150116,Calle Pedro Conde  al 500,Lince,235000.0,50.0,4700.0,1,1,0,80.0,1,7352.0,367600.0,0.361,1893.95,,8,327,0.275,mejorando,0.445,0.585,0.842427736545257,1.452933
149412706,Urbania,LINCE,150116,"BELLO, Completamente REMODELADO, como NUEVO | Cerca, entre 2 a 4 cuadras de la AV AREQUIPA, AV JAVIER PRADO, VIA EXPRESA Metropolitano, AV CANEVARO | Jr. Pedro Conde",Lince,236000.0,50.0,4720.0,1,1,0,80.0,1,7352.0,367600.0,0.358,1893.95,,8,327,0.275,mejorando,0.445,0.585,0.842427736545257,1.452933
149766872,Urbania,LINCE,150116,Jirón Pedro Conde,Lince,236000.0,50.0,4720.0,1,1,0,80.0,1,7352.0,367600.0,0.358,1893.95,,8,327,0.275,mejorando,0.445,0.585,0.842427736545257,1.452933
149501604,Urbania,LINCE,150116,"A solo pasos (entre 2 a 4 cuadras) de la AV AREQUIPA, AV JAVIER PRADO, VIA EXPRESA| Bello Dpto REMODELADO toda la cocina, piso, paredes, luminaria, etc",Lince,237000.0,50.0,4740.0,1,1,0,79.0,1,7352.0,367600.0,0.355,1893.95,,8,327,0.275,mejorando,0.445,0.585,0.842427736545257,1.452933
149607560,Urbania,LINCE,150116,Avenida José Galvez al 1700,Lince,237187.0,50.0,4743.74,3,1,0,0.0,1,7352.0,367600.0,0.355,1893.95,,8,327,0.275,mejorando,0.445,0.585,0.842427736545257,1.452933
149833676,Urbania,LINCE,150116,Jirón Pedro Conde  s/n,S/n,238000.0,50.0,4760.0,1,1,0,80.0,1,7352.0,367600.0,0.353,1893.95,,8,327,0.275,mejorando,0.445,0.585,0.842427736545257,1.452933
149709617,Urbania,LINCE,150116,Jr. General José María Córdova Lince al 2000,Lince,271140.0,65.0,4171.384615384615,2,1,0,70.0,1,7352.0,477880.0,0.433,1893.95,,8,327,0.275,mejorando,0.445,0.585,0.842427736545257,1.452933
149736448,Urbania,LINCE,150116,Avenida Julio César Tello,Lince,273780.0,60.0,4563.0,2,1,0,130.0,1,7352.0,441120.0,0.379,1893.95,,8,327,0.275,mejorando,0.445,0.585,0.842427736545257,1.452933
149714998,Urbania,LINCE,150116,"Avenida Iquitos al 1500 Tu Primer Depa en el Corazón de Lima: Moderno, Conectado y Listo Para ser Tuyo",Lince,274000.0,51.0,5372.549019607844,2,1,0,200.0,10,7352.0,374952.0,0.269,1893.95,,8,327,0.275,mejorando,0.445,0.585,0.842427736545257,1.452933
146633217,Urbania,LINCE,150116,Av. Petit Thouars 1300,Meliton Carvajal,275000.0,45.0,6111.111111111111,2,1,0,100.0,1,7352.0,330840.0,0.169,1893.95,,8,327,0.275,mejorando,0.445,0.585,0.842427736545257,1.452933
63194320,Urbania,LINCE,150116,Jr Prolongacion Iquitos,S/n,281400.0,45.0,6253.333333333333,1,1,0,0.0,1,7352.0,330840.0,0.149,1893.95,,8,327,0.275,mejorando,0.445,0.585,0.842427736545257,1.452933
149517798,Urbania,LINCE,150116,General Cordova  al 2200,Risso,291550.0,65.0,4485.384615384615,2,2,0,0.0,1,7352.0,477880.0,0.39,1893.95,,8,327,0.275,mejorando,0.445,0.585,0.842427736545257,1.452933
149683279,Urbania,LINCE,150116,AV. Paseo DE LA Republica - Lince,Lince,305760.0,68.0,4496.470588235294,2,1,0,0.0,10,7352.0,499936.0,0.388,1893.95,,8,327,0.275,mejorando,0.445,0.585,0.842427736545257,1.452933
149547711,Urbania,LINCE,150116,"Altura del Parque Pedro Ruiz Gallo, Municipalidad de Lince",Lince,306000.0,58.0,5275.862068965517,2,1,0,60.0,1,7352.0,426416.0,0.282,1893.95,,8,327,0.275,mejorando,0.445,0.585,0.842427736545257,1.452933
145872945,Urbania,LINCE,150116,Av. merino 1700,Lince,309494.0,45.0,6877.644444444444,1,1,0,200.0,1,7352.0,330840.0,0.065,1893.95,,8,327,0.275,mejorando,0.445,0.585,0.842427736545257,1.452933
149501899,Urbania,LINCE,150116,Avenida Arenales 2278,Lince,310040.0,87.0,3563.67816091954,3,1,0,50.0,10,7352.0,639624.0,0.515,1893.95,,8,327,0.275,mejorando,0.445,0.585,0.842427736545257,1.452933
145812090,Urbania,LINCE,150116,Calle Ignacio Merino  LINCE,Lince,315000.0,51.0,6176.470588235294,1,1,0,200.0,1,7352.0,374952.0,0.16,1893.95,,8,327,0.275,mejorando,0.445,0.585,0.842427736545257,1.452933
144733199,Urbania,LINCE,150116,Calle Ignacio Merino,Lince,315000.0,45.0,7000.0,1,1,0,200.0,1,7352.0,330840.0,0.048,1893.95,,8,327,0.275,mejorando,0.445,0.585,0.842427736545257,1.452933
149421068,Urbania,LINCE,150116,"Av Arequipa N° 23xx, Dpto. 904 AL 1904",Lince,321000.0,40.0,8025.0,1,1,1,0.0,1,7352.0,294080.0,-0.092,1893.95,,8,327,0.275,mejorando,0.445,0.585,0.842427736545257,1.452933
149474512,Urbania,LINCE,150116,Jirón Coronel Joaquín Bernal 434,Lince,323000.0,109.0,2963.302752293578,2,1,0,0.0,1,7352.0,801368.0,0.597,1893.95,,8,327,0.275,mejorando,0.445,0.585,0.842427736545257,1.452933
149372029,Urbania,LINCE,150116,"Av Prolongación Iquitos N° 18xx, Dpto. 2004",Lince,327000.0,45.0,7266.666666666667,1,2,0,120.0,10,7352.0,330840.0,0.012,1893.95,,8,327,0.275,mejorando,0.445,0.585,0.842427736545257,1.452933
145812450,Urbania,LINCE,150116,CALLE IGNACIO MERINO,Lince,328000.0,56.0,5857.142857142857,2,1,0,200.0,10,7352.0,411712.0,0.203,1893.95,,8,327,0.275,mejorando,0.445,0.585,0.842427736545257,1.452933
146354937,Urbania,LINCE,150116,Jr. José Gálvez 1534,Lince,331857.0,61.0,5440.2786885245905,1,1,0,0.0,1,7352.0,448472.0,0.26,1893.95,,8,327,0.275,mejorando,0.445,0.585,0.842427736545257,1.452933
149519320,Urbania,LINCE,150116,Av. Arequipa 1492,Lince,337540.0,56.0,6027.5,2,2,0,170.0,1,7352.0,411712.0,0.18,1893.95,,8,327,0.275,mejorando,0.445,0.585,0.842427736545257,1.452933
149750357,Urbania,LINCE,150116,Av. Prol. Iquitos,Lince,339500.0,45.0,7544.444444444444,1,1,0,330.0,1,7352.0,330840.0,-0.026,1893.95,,8,327,0.275,mejorando,0.445,0.585,0.842427736545257,1.452933
149258762,Urbania,LINCE,150116,Avenida Juan Pardo de Zela al 600,S/n,340000.0,92.0,3695.6521739130435,2,2,0,0.0,1,7352.0,676384.0,0.497,1893.95,,8,327,0.275,mejorando,0.445,0.585,0.842427736545257,1.452933
149177900,Urbania,LINCE,150116,Jr. Mariscal William Miller,Lince,342000.0,106.0,3226.4150943396226,3,2,0,0.0,1,7352.0,779312.0,0.561,1893.95,,8,327,0.275,mejorando,0.445,0.585,0.842427736545257,1.452933
149868408,Urbania,LINCE,150116,Jirón Pedro Conde  al 100,Risso,344000.0,43.0,8000.0,1,1,0,150.0,1,7352.0,316136.0,-0.088,1893.95,,8,327,0.275,mejorando,0.445,0.585,0.842427736545257,1.452933
149483258,Urbania,LINCE,150116,Av. Arequipa 1736,Lince,345000.0,86.0,4011.6279069767443,2,1,0,150.0,1,7352.0,632272.0,0.454,1893.95,,8,327,0.275,mejorando,0.445,0.585,0.842427736545257,1.452933
147428804,Urbania,LINCE,150116,"Jirón Domingo Casanova N° 5xx, Dpto. 703",Lince,349500.0,43.0,8127.906976744186,1,1,1,0.0,1,7352.0,316136.0,-0.106,1893.95,,8,327,0.275,mejorando,0.445,0.585,0.842427736545257,1.452933
149539373,Urbania,LINCE,150116,Av. Petit Thouars 1598,Lince,350001.0,39.0,8974.384615384615,1,1,0,150.0,1,7352.0,286728.0,-0.221,1893.95,,8,327,0.275,mejorando,0.445,0.585,0.842427736545257,1.452933
4255117,Urbania,LINCE,150116,Av. Manuel Villavicencio 853,Lince,351500.0,47.0,7478.723404255319,2,1,0,200.0,1,7352.0,345544.0,-0.017,1893.95,,8,327,0.275,mejorando,0.445,0.585,0.842427736545257,1.452933
149098258,Urbania,LINCE,150116,Calle Los Geranios 248 Lince,Lince,355000.0,30.0,11833.333333333334,1,1,0,0.0,1,7352.0,220560.0,-0.61,1893.95,,8,327,0.275,mejorando,0.445,0.585,0.842427736545257,1.452933
149575018,Urbania,LINCE,150116,Av. Paseo de la República  al 2490,Lince,355000.0,60.0,5916.666666666667,1,1,1,100.0,10,7352.0,441120.0,0.195,1893.95,,8,327,0.275,mejorando,0.445,0.585,0.842427736545257,1.452933
149303740,Urbania,LINCE,150116,"Jr. Belisario Flores - Limite Jesus Maria, A UN Paso DE UPC Y Hosp. Rebagliati - Vista Panoramica",Lince,357000.0,52.0,6865.384615384615,2,2,0,250.0,1,7352.0,382304.0,0.066,1893.95,,8,327,0.275,mejorando,0.445,0.585,0.842427736545257,1.452933
143946178,Urbania,LINCE,150116,Jr. Belisario Flores 283 285 Lince,S/n,360000.0,135.0,2666.6666666666665,2,2,0,0.0,1,7352.0,992520.0,0.637,1893.95,,8,327,0.275,mejorando,0.445,0.585,0.842427736545257,1.452933
146892701,Urbania,LINCE,150116,Jr. Carlos Alayza y Roel al 1900,Lince,361000.0,44.0,8204.545454545454,1,1,0,150.0,1,7352.0,323488.0,-0.116,1893.95,,8,327,0.275,mejorando,0.445,0.585,0.842427736545257,1.452933
149147959,Urbania,LINCE,150116,Av. Petit Thouars 1598,Lince,361000.0,39.0,9256.410256410256,1,1,0,130.0,1,7352.0,286728.0,-0.259,1893.95,,8,327,0.275,mejorando,0.445,0.585,0.842427736545257,1.452933
149368748,Urbania,LINCE,150116,Av. Arequipa al 1900,Lince,361183.0,54.0,6688.574074074074,2,2,0,0.0,1,7352.0,397008.0,0.09,1893.95,,8,327,0.275,mejorando,0.445,0.585,0.842427736545257,1.452933
147920065,Urbania,LINCE,150116,Jiron Pedro conde 157,Lince,365000.0,45.0,8111.111111111111,2,1,0,200.0,1,7352.0,330840.0,-0.103,1893.95,,8,327,0.275,mejorando,0.445,0.585,0.842427736545257,1.452933
144738293,Urbania,LINCE,150116,"Av Petit Thouars N° 17xx, Dpto. 306 AL 1506",Lince,369000.0,53.0,6962.264150943396,2,2,0,0.0,1,7352.0,389656.0,0.053,1893.95,,8,327,0.275,mejorando,0.445,0.585,0.842427736545257,1.452933
149222573,Urbania,LINCE,150116,lince,Lince,370000.0,66.0,5606.060606060606,3,1,0,120.0,10,7352.0,485232.0,0.237,1893.95,,8,327,0.275,mejorando,0.445,0.585,0.842427736545257,1.452933
149796173,Urbania,LINCE,150116,Jirón Comandante Manuel Villavicencio,Lince,372117.0,37.0,10057.216216216217,1,1,1,0.0,1,7352.0,272024.0,-0.368,1893.95,,8,327,0.275,mejorando,0.445,0.585,0.842427736545257,1.452933
147672881,Urbania,LINCE,150116,Manuel castañeda,Lince,372300.0,85.0,4380.0,3,2,0,220.0,1,7352.0,624920.0,0.404,1893.95,,8,327,0.275,mejorando,0.445,0.585,0.842427736545257,1.452933
149098413,Urbania,LINCE,150116,Calle Los Geranios 248 Lince,Lince,373500.0,43.0,8686.046511627907,1,1,0,0.0,1,7352.0,316136.0,-0.181,1893.95,,8,327,0.275,mejorando,0.445,0.585,0.842427736545257,1.452933
148118884,Urbania,LINCE,150116,manuel villavicencio lince,Lince,375795.0,36.0,10438.75,1,1,0,0.0,1,7352.0,264672.0,-0.42,1893.95,,8,327,0.275,mejorando,0.445,0.585,0.842427736545257,1.452933
146661410,Urbania,LINCE,150116,"Calle LOS Tulipanes N° 2xx, Dpto. 1002",Lince,378000.0,50.0,7560.0,2,2,0,0.0,1,7352.0,367600.0,-0.028,1893.95,,8,327,0.275,mejorando,0.445,0.585,0.842427736545257,1.452933
148337220,Urbania,LINCE,150116,Frente al Parque Castilla - Lince,Lince,378738.0,36.0,10520.5,1,1,0,0.0,1,7352.0,264672.0,-0.431,1893.95,,8,327,0.275,mejorando,0.445,0.585,0.842427736545257,1.452933
149655218,Urbania,LINCE,150116,Jirón General José María Córdova 2090,Risso,380000.0,90.0,4222.222222222223,3,2,0,110.0,1,7352.0,661680.0,0.426,1893.95,,8,327,0.275,mejorando,0.445,0.585,0.842427736545257,1.452933
148891805,Urbania,LINCE,150116,Calle Los Geranios 310,Lince,383900.0,49.0,7834.693877551021,1,1,0,250.0,1,7352.0,360248.0,-0.066,1893.95,,8,327,0.275,mejorando,0.445,0.585,0.842427736545257,1.452933
149416743,Urbania,LINCE,150116,Jr. Comandante Manuel Villavicencio 929,Lince,395000.0,40.0,9875.0,1,1,0,0.0,1,7352.0,294080.0,-0.343,1893.95,,8,327,0.275,mejorando,0.445,0.585,0.842427736545257,1.452933
148767820,Urbania,LINCE,150116,Jose de la Torre Ugarte Lince,Lince,395790.0,47.0,8421.063829787234,1,1,0,0.0,10,7352.0,345544.0,-0.145,1893.95,,8,327,0.275,mejorando,0.445,0.585,0.842427736545257,1.452933
149796232,Urbania,LINCE,150116,Jirón Comandante Manuel Villavicencio,Lince,395801.0,40.0,9895.025,1,1,1,0.0,1,7352.0,294080.0,-0.346,1893.95,,8,327,0.275,mejorando,0.445,0.585,0.842427736545257,1.452933
149775897,Urbania,LINCE,150116,Geranios 310  - Depa 1hab A 2 Cdras del Centro Financiero San Isidro. Limite con Lince,Lince,396000.0,44.0,9000.0,1,1,0,200.0,10,7352.0,323488.0,-0.224,1893.95,,8,327,0.275,mejorando,0.445,0.585,0.842427736545257,1.452933
149735490,Urbania,LINCE,150116,Av. Arequipa 1501,Lince,399000.0,66.0,6045.454545454545,2,2,0,200.0,1,7352.0,485232.0,0.178,1893.95,,8,327,0.275,mejorando,0.445,0.585,0.842427736545257,1.452933
147251517,Urbania,LINCE,150116,Lince,Lobaton,400000.0,52.0,7692.307692307692,2,2,0,200.0,1,7352.0,382304.0,-0.046,1893.95,,8,327,0.275,mejorando,0.445,0.585,0.842427736545257,1.452933
148662209,Urbania,LINCE,150116,Risso al 500,Lince,400325.0,88.0,4549.147727272727,2,2,0,150.0,1,7352.0,646976.0,0.381,1893.95,,8,327,0.275,mejorando,0.445,0.585,0.842427736545257,1.452933
147547855,Urbania,LINCE,150116,Prolongación Iquitos al 1500,Lince,401000.0,74.0,5418.918918918919,3,2,1,250.0,1,7352.0,544048.0,0.263,1893.95,,8,327,0.275,mejorando,0.445,0.585,0.842427736545257,1.452933
59135902,Urbania,LINCE,150116,Av. Juan Pardo de Zela N° al 570  ( Dpto 201) – Lince,Lince,401545.0,58.0,6923.189655172414,1,1,2,330.0,1,7352.0,426416.0,0.058,1893.95,,8,327,0.275,mejorando,0.445,0.585,0.842427736545257,1.452933
149455643,Urbania,LINCE,150116,Jr. Comandante Manuel Villavicencio 7,Lince,402000.0,40.0,10050.0,1,1,1,200.0,1,7352.0,294080.0,-0.367,1893.95,,8,327,0.275,mejorando,0.445,0.585,0.842427736545257,1.452933
148993830,Urbania,LINCE,150116,"Calle Manuel Villavicencio N° 9xx, Dpto. 605 AL 2005",Lince,405050.0,40.0,10126.25,1,1,0,0.0,1,7352.0,294080.0,-0.377,1893.95,,8,327,0.275,mejorando,0.445,0.585,0.842427736545257,1.452933
149244987,Urbania,LINCE,150116,Avenida General César Canevaro,Lince,407660.0,43.0,9480.46511627907,1,1,0,0.0,1,7352.0,316136.0,-0.29,1893.95,,8,327,0.275,mejorando,0.445,0.585,0.842427736545257,1.452933
149719465,Urbania,LINCE,150116,Iquitos,San Eugenio,413000.0,72.0,5736.111111111111,3,2,1,220.0,1,7352.0,529344.0,0.22,1893.95,,8,327,0.275,mejorando,0.445,0.585,0.842427736545257,1.452933
149908707,Urbania,LINCE,150116,Av. Gral. Juan Antonio Álvarez de Arenales 2357,Lince,417240.0,100.0,4172.4,3,2,0,0.0,10,7352.0,735200.0,0.432,1893.95,,8,327,0.275,mejorando,0.445,0.585,0.842427736545257,1.452933
149086287,Urbania,LINCE,150116,Pezet y Monel al 2100,Lince,417500.0,86.0,4854.6511627906975,3,1,0,120.0,10,7352.0,632272.0,0.34,1893.95,,8,327,0.275,mejorando,0.445,0.585,0.842427736545257,1.452933
144868545,Urbania,LINCE,150116,Sinchi Roca 2576,Lince,419000.0,48.0,8729.166666666666,1,1,1,200.0,1,7352.0,352896.0,-0.187,1893.95,,8,327,0.275,mejorando,0.445,0.585,0.842427736545257,1.452933
148323828,Urbania,LINCE,150116,Casanova al 100-¡departamento Amoblado  Exclusivo y Moderno con 1 Dorm – Linsidro,Lince,420000.0,43.0,9767.441860465116,1,1,1,180.0,1,7352.0,316136.0,-0.329,1893.95,,8,327,0.275,mejorando,0.445,0.585,0.842427736545257,1.452933
148532206,Urbania,LINCE,150116,"Risso, Lince",Risso,420000.0,57.0,7368.421052631579,2,2,1,0.0,1,7352.0,419064.0,-0.002,1893.95,,8,327,0.275,mejorando,0.445,0.585,0.842427736545257,1.452933
149866700,Urbania,LINCE,150116,Av. General César Canevaro,Lince,425000.0,101.0,4207.920792079208,3,1,0,180.0,1,7352.0,742552.0,0.428,1893.95,,8,327,0.275,mejorando,0.445,0.585,0.842427736545257,1.452933
148670676,Urbania,LINCE,150116,Av. Petit Thouars,Lince,425000.0,80.0,5312.5,3,2,0,250.0,10,7352.0,588160.0,0.277,1893.95,,8,327,0.275,mejorando,0.445,0.585,0.842427736545257,1.452933
149554007,Urbania,LINCE,150116,Parque Castilla,Lince,426400.0,108.0,3948.1481481481483,2,1,0,0.0,1,7352.0,794016.0,0.463,1893.95,,8,327,0.275,mejorando,0.445,0.585,0.842427736545257,1.452933
149527408,Urbania,LINCE,150116,Av. José Galvez,Lince,427990.0,97.0,4412.268041237114,3,2,0,0.0,1,7352.0,713144.0,0.4,1893.95,,8,327,0.275,mejorando,0.445,0.585,0.842427736545257,1.452933
149635268,Urbania,LINCE,150116,Jirón Bartolomé Herrera,Lince,430000.0,65.0,6615.384615384615,3,2,0,180.0,1,7352.0,477880.0,0.1,1893.95,,8,327,0.275,mejorando,0.445,0.585,0.842427736545257,1.452933
148662301,Urbania,LINCE,150116,Risso  al 500,Lince,433825.0,107.0,4054.4392523364486,2,2,0,0.0,1,7352.0,786664.0,0.449,1893.95,,8,327,0.275,mejorando,0.445,0.585,0.842427736545257,1.452933
149421113,Urbania,LINCE,150116,"Av Arequipa N° 23xx, Dpto. 203 AL 2203",Lince,434000.0,58.0,7482.758620689655,1,2,1,0.0,1,7352.0,426416.0,-0.018,1893.95,,8,327,0.275,mejorando,0.445,0.585,0.842427736545257,1.452933
149802441,Urbania,LINCE,150116,AV Iquitos 1570,Lince,434700.0,75.0,5796.0,3,2,1,0.0,1,7352.0,551400.0,0.212,1893.95,,8,327,0.275,mejorando,0.445,0.585,0.842427736545257,1.452933
148377029,Urbania,LINCE,150116,Calle Las Margaritas 171,Lince,435537.0,51.0,8539.941176470587,1,1,0,0.0,1,7352.0,374952.0,-0.162,1893.95,,8,327,0.275,mejorando,0.445,0.585,0.842427736545257,1.452933
146767076,Urbania,LINCE,150116,Jirón Manuel De Pino 6,Lince,435681.0,68.0,6407.073529411765,2,2,0,1.0,1,7352.0,499936.0,0.129,1893.95,,8,327,0.275,mejorando,0.445,0.585,0.842427736545257,1.452933
146524175,Urbania,LINCE,150116,av militar,Lince,437000.0,57.0,7666.666666666667,2,2,0,250.0,1,7352.0,419064.0,-0.043,1893.95,,8,327,0.275,mejorando,0.445,0.585,0.842427736545257,1.452933
148662435,Urbania,LINCE,150116,Risso,Risso,437500.0,83.0,5271.084337349397,3,3,0,150.0,1,7352.0,610216.0,0.283,1893.95,,8,327,0.275,mejorando,0.445,0.585,0.842427736545257,1.452933
149702226,Urbania,LINCE,150116,Av. Arenales 1475,Lince,439000.0,71.0,6183.098591549296,3,2,1,280.0,1,7352.0,521992.0,0.159,1893.95,,8,327,0.275,mejorando,0.445,0.585,0.842427736545257,1.452933
149887604,Urbania,LINCE,150116,Av. Crnel Jose Leal,Lince,440000.0,105.0,4190.476190476191,3,2,0,0.0,1,7352.0,771960.0,0.43,1893.95,,8,327,0.275,mejorando,0.445,0.585,0.842427736545257,1.452933
147450699,Urbania,LINCE,150116,Calle FRANCISCO DE ZELA N° 2047,Lince,443750.0,86.0,5159.883720930233,3,1,0,150.0,1,7352.0,632272.0,0.298,1893.95,,8,327,0.275,mejorando,0.445,0.585,0.842427736545257,1.452933
148449582,Urbania,LINCE,150116,"Jirón Risso N° 6xx, Dpto. 201, 401",Lince,444545.0,66.0,6735.530303030303,3,2,1,0.0,1,7352.0,485232.0,0.084,1893.95,,8,327,0.275,mejorando,0.445,0.585,0.842427736545257,1.452933
146718777,Urbania,LINCE,150116,jr manuel candamo 820,Lince,445000.0,65.0,6846.153846153846,3,2,1,250.0,1,7352.0,477880.0,0.069,1893.95,,8,327,0.275,mejorando,0.445,0.585,0.842427736545257,1.452933
148178202,Urbania,LINCE,150116,"los geranios 310, lince",San Eugenio,445000.0,45.0,9888.888888888889,1,1,0,235.0,1,7352.0,330840.0,-0.345,1893.95,,8,327,0.275,mejorando,0.445,0.585,0.842427736545257,1.452933
149458895,Urbania,LINCE,150116,Avenida Julio César Tello 875,Lince,448800.0,88.0,5100.0,2,2,0,160.0,10,7352.0,646976.0,0.306,1893.95,,8,327,0.275,mejorando,0.445,0.585,0.842427736545257,1.452933
149288675,Urbania,LINCE,150116,Jirón Coronel Joaquín Bernal 708,Lince,450000.0,49.0,9183.673469387755,1,1,0,250.0,1,7352.0,360248.0,-0.249,1893.95,,8,327,0.275,mejorando,0.445,0.585,0.842427736545257,1.452933
145954039,Urbania,LINCE,150116,LINCE,Lince,450000.0,50.0,9000.0,2,2,0,0.0,1,7352.0,367600.0,-0.224,1893.95,,8,327,0.275,mejorando,0.445,0.585,0.842427736545257,1.452933
148449586,Urbania,LINCE,150116,"Jirón Risso N° 6xx, Dpto. 202",Lince,452384.0,67.0,6752.0,3,2,1,0.0,1,7352.0,492584.0,0.082,1893.95,,8,327,0.275,mejorando,0.445,0.585,0.842427736545257,1.452933
148449596,Urbania,LINCE,150116,"Jirón Risso N° 6xx, Dpto. 501, 701",Lince,460826.0,68.0,6776.85294117647,3,2,1,0.0,1,7352.0,499936.0,0.078,1893.95,,8,327,0.275,mejorando,0.445,0.585,0.842427736545257,1.452933
149650853,Urbania,LINCE,150116,Av Iquito  al 1500,Lince,462000.0,81.0,5703.7037037037035,3,2,0,200.0,1,7352.0,595512.0,0.224,1893.95,,8,327,0.275,mejorando,0.445,0.585,0.842427736545257,1.452933
148449604,Urbania,LINCE,150116,"Jirón Risso N° 6xx, Dpto. 402, 602",Lince,462702.0,69.0,6705.826086956522,3,2,1,0.0,1,7352.0,507288.0,0.088,1893.95,,8,327,0.275,mejorando,0.445,0.585,0.842427736545257,1.452933
149864954,Urbania,LINCE,150116,Avenida Arequipa al 2300,Lince,475000.0,59.0,8050.847457627118,2,2,0,0.0,1,7352.0,433768.0,-0.095,1893.95,,8,327,0.275,mejorando,0.445,0.585,0.842427736545257,1.452933
149579807,Urbania,LINCE,150116,Avenida Paseo de la República,Lince,477000.0,55.0,8672.727272727272,2,2,0,0.0,1,7352.0,404360.0,-0.18,1893.95,,8,327,0.275,mejorando,0.445,0.585,0.842427736545257,1.452933
145817860,Urbania,LINCE,150116,Jr. José Gálvez 1534,Lince,478982.0,91.0,5263.538461538462,2,2,0,0.0,1,7352.0,669032.0,0.284,1893.95,,8,327,0.275,mejorando,0.445,0.585,0.842427736545257,1.452933
147473770,Urbania,LINCE,150116,Lince,Lince,479000.0,67.0,7149.253731343284,2,2,0,200.0,1,7352.0,492584.0,0.028,1893.95,,8,327,0.275,mejorando,0.445,0.585,0.842427736545257,1.452933
149868772,Urbania,LINCE,150116,Rivera Navarrete  al 2800,Lince,479500.0,45.0,10655.555555555555,1,1,1,180.0,10,7352.0,330840.0,-0.449,1893.95,,8,327,0.275,mejorando,0.445,0.585,0.842427736545257,1.452933
149003496,Urbania,LINCE,150116,Alberto Alexander  al 2200,Lince,484029.0,80.0,6050.3625,3,2,0,0.0,1,7352.0,588160.0,0.177,1893.95,,8,327,0.275,mejorando,0.445,0.585,0.842427736545257,1.452933
149352318,Urbania,LINCE,150116,Francisco de Zela 2677,Lince,485000.0,90.0,5388.888888888889,2,1,0,200.0,1,7352.0,661680.0,0.267,1893.95,,8,327,0.275,mejorando,0.445,0.585,0.842427736545257,1.452933
149645700,Urbania,LINCE,150116,Manuel Castañeda al 300,Lince,485000.0,120.0,4041.6666666666665,3,2,0,250.0,1,7352.0,882240.0,0.45,1893.95,,8,327,0.275,mejorando,0.445,0.585,0.842427736545257,1.452933
148972057,Urbania,LINCE,150116,Av. Petit Thouars 1940,Lince,485000.0,65.0,7461.538461538462,2,2,1,258.0,1,7352.0,477880.0,-0.015,1893.95,,8,327,0.275,mejorando,0.445,0.585,0.842427736545257,1.452933
148393553,Urbania,LINCE,150116,Jr. Manuel del Pino 6XX - Dpto 1507,Lince,488000.0,81.0,6024.691358024691,2,2,1,0.0,1,7352.0,595512.0,0.181,1893.95,,8,327,0.275,mejorando,0.445,0.585,0.842427736545257,1.452933
142747743,Urbania,LINCE,150116,AVENIDA ARENALES,Lince,488200.0,65.0,7510.7692307692305,3,2,0,196.0,1,7352.0,477880.0,-0.022,1893.95,,8,327,0.275,mejorando,0.445,0.585,0.842427736545257,1.452933
149675191,Urbania,LINCE,150116,Jirón Belisario Flores 100,Lince,490000.0,73.0,6712.328767123287,2,2,0,200.0,1,7352.0,536696.0,0.087,1893.95,,8,327,0.275,mejorando,0.445,0.585,0.842427736545257,1.452933
149118545,Urbania,LINCE,150116,Joaquin Bernal al 700,Lince,490000.0,49.0,10000.0,1,1,0,0.0,1,7352.0,360248.0,-0.36,1893.95,,8,327,0.275,mejorando,0.445,0.585,0.842427736545257,1.452933
149014605,Urbania,LINCE,150116,Av. Julio César Tello,Lince,498114.0,108.0,4612.166666666667,3,1,0,80.0,1,7352.0,794016.0,0.373,1893.95,,8,327,0.275,mejorando,0.445,0.585,0.842427736545257,1.452933
149049610,Urbania,LINCE,150116,Av. Prol. Iquitos 2230,Lince,499000.0,71.0,7028.169014084507,3,2,0,290.0,1,7352.0,521992.0,0.044,1893.95,,8,327,0.275,mejorando,0.445,0.585,0.842427736545257,1.452933
145779165,Urbania,LINCE,150116,LINCE,Lince,500000.0,69.0,7246.376811594203,3,3,0,0.0,1,7352.0,507288.0,0.014,1893.95,,8,327,0.275,mejorando,0.445,0.585,0.842427736545257,1.452933
147755003,Urbania,LINCE,150116,Jr. Mama Ocllo,Lince,504975.0,79.0,6392.088607594937,3,3,1,0.0,1,7352.0,580808.0,0.131,1893.95,,8,327,0.275,mejorando,0.445,0.585,0.842427736545257,1.452933
149622849,Urbania,LINCE,150116,Jirón General José María Córdova 2233,Lince,507500.0,111.0,4572.072072072072,3,1,0,150.0,1,7352.0,816072.0,0.378,1893.95,,8,327,0.275,mejorando,0.445,0.585,0.842427736545257,1.452933
148658261,Urbania,LINCE,150116,Av. Jose Leal 1470 Lince,Lince,509760.0,84.0,6068.571428571428,3,2,0,250.0,1,7352.0,617568.0,0.175,1893.95,,8,327,0.275,mejorando,0.445,0.585,0.842427736545257,1.452933
148918548,Urbania,LINCE,150116,Jirón Pedro Conde 176,Lince,511000.0,64.0,7984.375,2,2,1,270.0,1,7352.0,470528.0,-0.086,1893.95,,8,327,0.275,mejorando,0.445,0.585,0.842427736545257,1.452933
145777442,Urbania,LINCE,150116,Jr. José Gálvez 1532,Lince,512012.0,95.0,5389.6,2,2,0,0.0,1,7352.0,698440.0,0.267,1893.95,,8,327,0.275,mejorando,0.445,0.585,0.842427736545257,1.452933
145758234,Urbania,LINCE,150116,Jr. José Gálvez 1532,Lince,512012.0,45.0,11378.044444444444,1,1,0,0.0,1,7352.0,330840.0,-0.548,1893.95,,8,327,0.275,mejorando,0.445,0.585,0.842427736545257,1.452933
149447526,Urbania,LINCE,150116,Jirón Pedro Conde 169,Lince,514000.0,58.0,8862.068965517241,2,2,1,350.0,1,7352.0,426416.0,-0.205,1893.95,,8,327,0.275,mejorando,0.445,0.585,0.842427736545257,1.452933
147428819,Urbania,LINCE,150116,"Jirón Domingo Casanova N° 5xx, Dpto. 502",Lince,514270.0,68.0,7562.794117647059,3,2,1,0.0,1,7352.0,499936.0,-0.029,1893.95,,8,327,0.275,mejorando,0.445,0.585,0.842427736545257,1.452933
148060638,Urbania,LINCE,150116,Av. César Vallejo,Lince,514500.0,65.0,7915.384615384615,3,2,0,10.0,1,7352.0,477880.0,-0.077,1893.95,,8,327,0.275,mejorando,0.445,0.585,0.842427736545257,1.452933
148896348,Urbania,LINCE,150116,"Av César Vallejo al 1400 | 2 Dormitorios, gas Natural, Límite con San Isidro",Lince,515000.0,65.0,7923.076923076923,2,2,0,0.0,1,7352.0,477880.0,-0.078,1893.95,,8,327,0.275,mejorando,0.445,0.585,0.842427736545257,1.452933
149486567,Urbania,LINCE,150116,JR Pedro Conde - Lince,Lince,515970.0,58.0,8896.034482758621,2,2,1,0.0,1,7352.0,426416.0,-0.21,1893.95,,8,327,0.275,mejorando,0.445,0.585,0.842427736545257,1.452933
149418447,Urbania,LINCE,150116,Avenida César Vallejo 335,Lince,517155.0,61.0,8477.95081967213,2,2,1,320.0,1,7352.0,448472.0,-0.153,1893.95,,8,327,0.275,mejorando,0.445,0.585,0.842427736545257,1.452933
149032837,Urbania,LINCE,150116,Jirón Almirante Guisse,Lince,517500.0,98.0,5280.6122448979595,3,2,0,0.0,1,7352.0,720496.0,0.282,1893.95,,8,327,0.275,mejorando,0.445,0.585,0.842427736545257,1.452933
147503542,Urbania,LINCE,150116,Pachacutec 2120,Lince,517711.0,78.0,6637.320512820513,3,2,0,0.0,1,7352.0,573456.0,0.097,1893.95,,8,327,0.275,mejorando,0.445,0.585,0.842427736545257,1.452933
148932180,Urbania,LINCE,150116,Capac Yupanqui,Capacyupanqui,519250.0,78.0,6657.051282051282,2,2,1,450.0,1,7352.0,573456.0,0.095,1893.95,,8,327,0.275,mejorando,0.445,0.585,0.842427736545257,1.452933
149001608,Urbania,LINCE,150116,Jirón Pedro Conde 178,Lince,519900.0,64.0,8123.4375,2,2,0,240.0,10,7352.0,470528.0,-0.105,1893.95,,8,327,0.275,mejorando,0.445,0.585,0.842427736545257,1.452933
149540937,Urbania,LINCE,150116,Av. César Vallejo,Lince,519900.0,64.0,8123.4375,2,2,0,240.0,10,7352.0,470528.0,-0.105,1893.95,,8,327,0.275,mejorando,0.445,0.585,0.842427736545257,1.452933
149048020,Urbania,LINCE,150116,Av Cesar Vallejo 1445,Lince,520000.0,62.0,8387.09677419355,2,2,0,0.0,1,7352.0,455824.0,-0.141,1893.95,,8,327,0.275,mejorando,0.445,0.585,0.842427736545257,1.452933
149168961,Urbania,LINCE,150116,Calle Carlos Alayza Y Roel  al  2100,Risso,522000.0,110.0,4745.454545454545,2,1,0,20.0,1,7352.0,808720.0,0.355,1893.95,,8,327,0.275,mejorando,0.445,0.585,0.842427736545257,1.452933
149854760,Urbania,LINCE,150116,Av. César Vallejo 1445,Lince,522000.0,61.0,8557.377049180328,2,2,0,0.0,1,7352.0,448472.0,-0.164,1893.95,,8,327,0.275,mejorando,0.445,0.585,0.842427736545257,1.452933
148703263,Urbania,LINCE,150116,Jirón Pedro Conde,Lince,527000.0,64.0,8234.375,2,2,0,0.0,1,7352.0,470528.0,-0.12,1893.95,,8,327,0.275,mejorando,0.445,0.585,0.842427736545257,1.452933
149811021,Urbania,LINCE,150116,Jirón Comandante Manuel Villavicencio,Lince,530563.0,56.0,9474.339285714286,2,2,1,0.0,1,7352.0,411712.0,-0.289,1893.95,,8,327,0.275,mejorando,0.445,0.585,0.842427736545257,1.452933
149634666,Urbania,LINCE,150116,Jr. Almte. Martín Guisse 1800,Lince,531300.0,76.0,6990.789473684211,2,2,1,240.0,1,7352.0,558752.0,0.049,1893.95,,8,327,0.275,mejorando,0.445,0.585,0.842427736545257,1.452933
147022869,Urbania,LINCE,150116,"Calle Manuel Villavicencio N° 9xx, Dpto. 808 AL 2108",Lince,537448.0,55.0,9771.781818181818,1,2,0,0.0,1,7352.0,404360.0,-0.329,1893.95,,8,327,0.275,mejorando,0.445,0.585,0.842427736545257,1.452933
148916905,Urbania,LINCE,150116,Jirón Cápac Yupanqui 1839,Lince,539000.0,78.0,6910.25641025641,2,2,1,0.0,1,7352.0,573456.0,0.06,1893.95,,8,327,0.275,mejorando,0.445,0.585,0.842427736545257,1.452933
149631705,Urbania,LINCE,150116,Jirón Almirante Martín Guisse 1700,Lince,540600.0,76.0,7113.1578947368425,2,1,1,0.0,1,7352.0,558752.0,0.032,1893.95,,8,327,0.275,mejorando,0.445,0.585,0.842427736545257,1.452933
148013692,Urbania,LINCE,150116,Av. Cesar Vallejo   Lince,Lince,541000.0,65.0,8323.076923076924,2,2,0,1.0,1,7352.0,477880.0,-0.132,1893.95,,8,327,0.275,mejorando,0.445,0.585,0.842427736545257,1.452933
149126146,Urbania,LINCE,150116,Mariscal Mateo Pumacahua al 2500,Risso,542500.0,76.0,7138.1578947368425,1,2,1,200.0,1,7352.0,558752.0,0.029,1893.95,,8,327,0.275,mejorando,0.445,0.585,0.842427736545257,1.452933
148747916,Urbania,LINCE,150116,Lince Cerca al Parque Castilla,Capacyupanqui,545000.0,78.0,6987.179487179487,2,2,1,260.0,1,7352.0,573456.0,0.05,1893.95,,8,327,0.275,mejorando,0.445,0.585,0.842427736545257,1.452933
145343291,Urbania,LINCE,150116,Manuel Castañeda 329,Lince,545000.0,69.0,7898.550724637681,2,2,0,0.0,1,7352.0,507288.0,-0.074,1893.95,,8,327,0.275,mejorando,0.445,0.585,0.842427736545257,1.452933
148442149,Urbania,LINCE,150116,Av. Arequipa 2651,Lince,545000.0,58.0,9396.551724137931,2,2,1,0.0,1,7352.0,426416.0,-0.278,1893.95,,8,327,0.275,mejorando,0.445,0.585,0.842427736545257,1.452933
149573974,Urbania,LINCE,150116,Rivera Navarrete al 2800,San Eugenio,547000.0,66.0,8287.878787878788,2,2,1,250.0,1,7352.0,485232.0,-0.127,1893.95,,8,327,0.275,mejorando,0.445,0.585,0.842427736545257,1.452933
149904419,Urbania,LINCE,150116,Lince CON  San Isidro - Departamento de 2 Dormitorios con Balcón  y Cochera,Lince,550000.0,55.0,10000.0,2,2,1,0.0,1,7352.0,404360.0,-0.36,1893.95,,8,327,0.275,mejorando,0.445,0.585,0.842427736545257,1.452933
149846896,Urbania,LINCE,150116,AV. Arequipa  al 2600,Lobaton,550000.0,76.0,7236.8421052631575,2,2,1,300.0,1,7352.0,558752.0,0.016,1893.95,,8,327,0.275,mejorando,0.445,0.585,0.842427736545257,1.452933
149695835,Urbania,LINCE,150116,Av. César Vallejo,Lince,553000.0,64.0,8640.625,2,2,1,300.0,1,7352.0,470528.0,-0.175,1893.95,,8,327,0.275,mejorando,0.445,0.585,0.842427736545257,1.452933
149671426,Urbania,LINCE,150116,Avenida Coronel Jose Leal,Lince,556800.0,118.0,4718.64406779661,2,2,1,400.0,1,7352.0,867536.0,0.358,1893.95,,8,327,0.275,mejorando,0.445,0.585,0.842427736545257,1.452933
144243185,Urbania,LINCE,150116,JOSE DE LA TORRE UGARTE LINCE,Lince,558000.0,170.0,3282.3529411764707,4,3,0,160.0,1,7352.0,1249840.0,0.554,1893.95,,8,327,0.275,mejorando,0.445,0.585,0.842427736545257,1.452933
149501834,Urbania,LINCE,150116,Jr. Coronel Domingo Casanova 568,Lince,569925.0,72.0,7915.625,3,2,0,0.0,1,7352.0,529344.0,-0.077,1893.95,,8,327,0.275,mejorando,0.445,0.585,0.842427736545257,1.452933
149476520,Urbania,LINCE,150116,"Jirón Domingo Casanova N° 5xx, Dpto. 701 AL 1001",Lince,569925.0,72.0,7915.625,3,2,1,0.0,1,7352.0,529344.0,-0.077,1893.95,,8,327,0.275,mejorando,0.445,0.585,0.842427736545257,1.452933
148003369,Urbania,LINCE,150116,calle Las Margaritas,San Eugenio,577500.0,109.0,5298.165137614679,3,2,0,180.0,1,7352.0,801368.0,0.279,1893.95,,8,327,0.275,mejorando,0.445,0.585,0.842427736545257,1.452933
146830194,Urbania,LINCE,150116,JR VELARDE 825,Risso,580000.0,74.0,7837.8378378378375,2,2,1,300.0,1,7352.0,544048.0,-0.066,1893.95,,8,327,0.275,mejorando,0.445,0.585,0.842427736545257,1.452933
147368101,Urbania,LINCE,150116,jiron leon velarde,Lince,580000.0,83.0,6987.951807228916,3,2,1,170.0,1,7352.0,610216.0,0.05,1893.95,,8,327,0.275,mejorando,0.445,0.585,0.842427736545257,1.452933
145991656,Urbania,LINCE,150116,Jr. Capac Yupanqui 1839,Lince,580400.0,78.0,7441.025641025641,2,2,1,0.0,1,7352.0,573456.0,-0.012,1893.95,,8,327,0.275,mejorando,0.445,0.585,0.842427736545257,1.452933
149421128,Urbania,LINCE,150116,Manco Segundo 2590,Lince,581000.0,78.0,7448.717948717948,1,1,1,0.0,1,7352.0,573456.0,-0.013,1893.95,,8,327,0.275,mejorando,0.445,0.585,0.842427736545257,1.452933
148378163,Urbania,LINCE,150116,Calle Las Margaritas 171,Lince,582585.0,64.0,9102.890625,2,2,0,0.0,1,7352.0,470528.0,-0.238,1893.95,,8,327,0.275,mejorando,0.445,0.585,0.842427736545257,1.452933
149604274,Urbania,LINCE,150116,Jr. Joaquin Bernal al 900,Lince,583100.0,106.0,5500.943396226415,3,2,0,0.0,1,7352.0,779312.0,0.252,1893.95,,8,327,0.275,mejorando,0.445,0.585,0.842427736545257,1.452933
148292791,Urbania,LINCE,150116,Av. Cesar Canevaro al 1400,Lince,584000.0,78.0,7487.179487179487,3,2,1,0.0,1,7352.0,573456.0,-0.018,1893.95,,8,327,0.275,mejorando,0.445,0.585,0.842427736545257,1.452933
149652610,Urbania,LINCE,150116,Joaquin Bernal al 1000,S/n,586000.0,79.0,7417.721518987341,3,2,0,250.0,10,7352.0,580808.0,-0.009,1893.95,,8,327,0.275,mejorando,0.445,0.585,0.842427736545257,1.452933
149829657,Urbania,LINCE,150116,Condominio Ambassador,Lince,590000.0,76.0,7763.1578947368425,2,2,1,0.0,1,7352.0,558752.0,-0.056,1893.95,,8,327,0.275,mejorando,0.445,0.585,0.842427736545257,1.452933
149662019,Urbania,LINCE,150116,Calle Los Geranios,San Eugenio,593300.0,66.0,8989.39393939394,2,2,1,350.0,1,7352.0,485232.0,-0.223,1893.95,,8,327,0.275,mejorando,0.445,0.585,0.842427736545257,1.452933
149495426,Urbania,LINCE,150116,Jr. Coronel Domingo Casanova 568,Lince,593865.0,73.0,8135.13698630137,3,2,0,0.0,1,7352.0,536696.0,-0.107,1893.95,,8,327,0.275,mejorando,0.445,0.585,0.842427736545257,1.452933
147429049,Urbania,LINCE,150116,"Jirón Domingo Casanova N° 5xx, Dpto. 205 AL 505",Lince,593865.0,73.0,8135.13698630137,3,2,1,0.0,1,7352.0,536696.0,-0.107,1893.95,,8,327,0.275,mejorando,0.445,0.585,0.842427736545257,1.452933
149421206,Urbania,LINCE,150116,"Av Arequipa N° 23xx, Dpto. 2206",Lince,595000.0,81.0,7345.679012345679,2,2,1,0.0,1,7352.0,595512.0,0.001,1893.95,,8,327,0.275,mejorando,0.445,0.585,0.842427736545257,1.452933
4483022,Urbania,LINCE,150116,Calle las Margaritas 170,San Eugenio,596000.0,109.0,5467.8899082568805,3,2,0,260.0,1,7352.0,801368.0,0.256,1893.95,,8,327,0.275,mejorando,0.445,0.585,0.842427736545257,1.452933
147429072,Urbania,LINCE,150116,"Jirón Domingo Casanova N° 5xx, Dpto.  1005, 1008",Lince,596355.0,76.0,7846.776315789473,2,1,1,0.0,1,7352.0,558752.0,-0.067,1893.95,,8,327,0.275,mejorando,0.445,0.585,0.842427736545257,1.452933
147429101,Urbania,LINCE,150116,"Jirón Domingo Casanova N° 5xx, Dpto. 504 AL 904",Lince,596650.0,77.0,7748.701298701299,3,2,1,0.0,1,7352.0,566104.0,-0.054,1893.95,,8,327,0.275,mejorando,0.445,0.585,0.842427736545257,1.452933
148501291,Urbania,LINCE,150116,PEDRO CONDE,Lince,599000.0,72.0,8319.444444444445,1,1,0,0.0,1,7352.0,529344.0,-0.132,1893.95,,8,327,0.275,mejorando,0.445,0.585,0.842427736545257,1.452933
149159793,Urbania,LINCE,150116,"Departamento en Venta de Estreno Frente a Parque, muy Luminoso - Joaquín de Bernal al 700",Lince,600000.0,58.0,10344.827586206897,2,2,0,0.0,1,7352.0,426416.0,-0.407,1893.95,,8,327,0.275,mejorando,0.445,0.585,0.842427736545257,1.452933
148774206,Urbania,LINCE,150116,"Avenida Cesar Vallejo N1, Urb. Risso, Lince",Risso,603000.0,133.0,4533.834586466165,4,1,2,0.0,10,7352.0,977816.0,0.383,1893.95,,8,327,0.275,mejorando,0.445,0.585,0.842427736545257,1.452933
149815516,Urbania,LINCE,150116,Jr. Manuel Villavicencio 1137 - Frente a Parque Castilla,Lince,603750.0,82.0,7362.804878048781,2,2,1,0.0,10,7352.0,602864.0,-0.001,1893.95,,8,327,0.275,mejorando,0.445,0.585,0.842427736545257,1.452933
148203267,Urbania,LINCE,150116,Av. Arequipa,Lince,605000.0,85.0,7117.64705882353,3,2,1,320.0,1,7352.0,624920.0,0.032,1893.95,,8,327,0.275,mejorando,0.445,0.585,0.842427736545257,1.452933
147866502,Urbania,LINCE,150116,Jiron Pedro Conde 157,Lince,610000.0,72.0,8472.222222222223,1,2,0,205.0,1,7352.0,529344.0,-0.152,1893.95,,8,327,0.275,mejorando,0.445,0.585,0.842427736545257,1.452933
143668862,Urbania,LINCE,150116,Jr. Manuel Villavicencio,Lince,610500.0,82.0,7445.121951219512,2,2,1,300.0,10,7352.0,602864.0,-0.013,1893.95,,8,327,0.275,mejorando,0.445,0.585,0.842427736545257,1.452933
149610612,Urbania,LINCE,150116,Av. Arequipa 2465,Lince,612000.0,216.0,2833.3333333333335,3,1,0,125.0,10,7352.0,1588032.0,0.615,1893.95,,8,327,0.275,mejorando,0.445,0.585,0.842427736545257,1.452933
147066995,Urbania,LINCE,150116,Av. Ignacio Merino 1691,Lince,612500.0,200.0,3062.5,4,2,0,0.0,1,7352.0,1470400.0,0.583,1893.95,,8,327,0.275,mejorando,0.445,0.585,0.842427736545257,1.452933
149501929,Urbania,LINCE,150116,Jr. Coronel Domingo Casanova 568,Lince,612650.0,77.0,7956.493506493506,3,2,0,0.0,1,7352.0,566104.0,-0.082,1893.95,,8,327,0.275,mejorando,0.445,0.585,0.842427736545257,1.452933
144658066,Urbania,LINCE,150116,Avenida Trinidad y Moran 1294,Lince,613644.0,59.0,10400.745762711864,1,2,1,0.0,1,7352.0,433768.0,-0.415,1893.95,,8,327,0.275,mejorando,0.445,0.585,0.842427736545257,1.452933
144881297,Urbania,LINCE,150116,Av. César Vallejo,Lince,615781.0,79.0,7794.696202531645,1,1,1,0.0,1,7352.0,580808.0,-0.06,1893.95,,8,327,0.275,mejorando,0.445,0.585,0.842427736545257,1.452933
149871581,Urbania,LINCE,150116,Av. Salaverry,Lince,618000.0,77.0,8025.974025974026,3,2,1,300.0,1,7352.0,566104.0,-0.092,1893.95,,8,327,0.275,mejorando,0.445,0.585,0.842427736545257,1.452933
147694390,Urbania,LINCE,150116,Pasaje Conococha  Lince,Lince,620000.0,80.0,7750.0,3,3,0,70.0,1,7352.0,588160.0,-0.054,1893.95,,8,327,0.275,mejorando,0.445,0.585,0.842427736545257,1.452933
148292930,Urbania,LINCE,150116,Av. Cesar Canevaro al 1400,Lince,623000.0,83.0,7506.024096385542,3,2,0,0.0,1,7352.0,610216.0,-0.021,1893.95,,8,327,0.275,mejorando,0.445,0.585,0.842427736545257,1.452933
147952489,Urbania,LINCE,150116,villavicencio 900,Lince,641959.0,60.0,10699.316666666668,2,2,1,200.0,1,7352.0,441120.0,-0.455,1893.95,,8,327,0.275,mejorando,0.445,0.585,0.842427736545257,1.452933
149150928,Urbania,LINCE,150116,Jirón Coronel Domingo Casanova,Lince,645510.0,95.0,6794.8421052631575,3,2,2,350.0,1,7352.0,698440.0,0.076,1893.95,,8,327,0.275,mejorando,0.445,0.585,0.842427736545257,1.452933
146437238,Urbania,LINCE,150116,Avenida César Vallejo  lince,Lobaton,647500.0,157.0,4124.203821656051,2,2,1,300.0,1,7352.0,1154264.0,0.439,1893.95,,8,327,0.275,mejorando,0.445,0.585,0.842427736545257,1.452933
149574407,Urbania,LINCE,150116,Calle Los Geranios 200,Lince,671000.0,74.0,9067.567567567568,2,2,1,200.0,1,7352.0,544048.0,-0.233,1893.95,,8,327,0.275,mejorando,0.445,0.585,0.842427736545257,1.452933
67083466,Urbania,LINCE,150116,Ca. Manuel Villavicencio,S/n,684375.0,125.0,5475.0,2,3,1,320.0,1,7352.0,919000.0,0.255,1893.95,,8,327,0.275,mejorando,0.445,0.585,0.842427736545257,1.452933
145953902,Urbania,LINCE,150116,LINCE,Lince,690000.0,71.0,9718.30985915493,3,2,0,0.0,1,7352.0,521992.0,-0.322,1893.95,,8,327,0.275,mejorando,0.445,0.585,0.842427736545257,1.452933
149124152,Urbania,LINCE,150116,Jirón Comandante Manuel Villavicencio 785,Lince,700000.0,93.0,7526.881720430108,3,2,1,0.0,1,7352.0,683736.0,-0.024,1893.95,,8,327,0.275,mejorando,0.445,0.585,0.842427736545257,1.452933
149390919,Urbania,LINCE,150116,Pasaje Conococha  al 1700 Lince,Risso,705000.0,92.0,7663.04347826087,3,3,0,0.0,1,7352.0,676384.0,-0.042,1893.95,,8,327,0.275,mejorando,0.445,0.585,0.842427736545257,1.452933
147955018,Urbania,LINCE,150116,Jr. José Gálvez 1534,Lince,706065.0,124.0,5694.072580645161,4,4,0,0.0,1,7352.0,911648.0,0.226,1893.95,,8,327,0.275,mejorando,0.445,0.585,0.842427736545257,1.452933
149516373,Urbania,LINCE,150116,Jiron Comandante Manuel Villavicencio  al 800,Lince,707363.0,91.0,7773.219780219781,3,2,1,300.0,1,7352.0,669032.0,-0.057,1893.95,,8,327,0.275,mejorando,0.445,0.585,0.842427736545257,1.452933
147992801,Urbania,LINCE,150116,Joaquin Bernal,Lince,715000.0,85.0,8411.764705882353,2,2,1,350.0,1,7352.0,624920.0,-0.144,1893.95,,8,327,0.275,mejorando,0.445,0.585,0.842427736545257,1.452933
148201229,Urbania,LINCE,150116,Av. Joaquín Bernal,Lince,715000.0,85.0,8411.764705882353,2,2,1,0.0,1,7352.0,624920.0,-0.144,1893.95,,8,327,0.275,mejorando,0.445,0.585,0.842427736545257,1.452933
149369568,Urbania,LINCE,150116,Jirón Alberto Alexander 2698,Lince,717500.0,103.0,6966.019417475728,3,3,1,220.0,1,7352.0,757256.0,0.053,1893.95,,8,327,0.275,mejorando,0.445,0.585,0.842427736545257,1.452933
148449611,Urbania,LINCE,150116,"Jirón Risso N° 6xx, Dpto. 802",Lince,718106.0,107.0,6711.271028037383,2,3,1,0.0,1,7352.0,786664.0,0.087,1893.95,,8,327,0.275,mejorando,0.445,0.585,0.842427736545257,1.452933
148167547,Urbania,LINCE,150116,luis pasteur 1228,Lince,720000.0,75.0,9600.0,2,2,1,500.0,1,7352.0,551400.0,-0.306,1893.95,,8,327,0.275,mejorando,0.445,0.585,0.842427736545257,1.452933
149479213,Urbania,LINCE,150116,Avenida 2 de Mayo 1300,Lince,722600.0,119.0,6072.268907563025,2,2,1,0.0,10,7352.0,874888.0,0.174,1893.95,,8,327,0.275,mejorando,0.445,0.585,0.842427736545257,1.452933
146661494,Urbania,LINCE,150116,"Calle LOS Tulipanes N° 2xx, Dpto. 804 Y 1004",Lince,723200.0,75.0,9642.666666666666,3,2,1,0.0,1,7352.0,551400.0,-0.312,1893.95,,8,327,0.275,mejorando,0.445,0.585,0.842427736545257,1.452933
147856599,Urbania,LINCE,150116,Departamento en Venta de Estreno - Joaquín de Bernal al 700,Lince,730000.0,95.0,7684.210526315789,2,1,0,0.0,1,7352.0,698440.0,-0.045,1893.95,,8,327,0.275,mejorando,0.445,0.585,0.842427736545257,1.452933
149265136,Urbania,LINCE,150116,Lince,Lince,730000.0,112.0,6517.857142857143,3,2,0,0.0,1,7352.0,823424.0,0.113,1893.95,,8,327,0.275,mejorando,0.445,0.585,0.842427736545257,1.452933
4590993,Urbania,LINCE,150116,Calle Juan Bielovucich Cavalier,Lince,746250.0,130.0,5740.384615384615,3,2,1,300.0,1,7352.0,955760.0,0.219,1893.95,,8,327,0.275,mejorando,0.445,0.585,0.842427736545257,1.452933
144658685,Urbania,LINCE,150116,Av.Trinidad Moran  1294,Lince,749294.0,73.0,10264.301369863013,2,2,1,0.0,10,7352.0,536696.0,-0.396,1893.95,,8,327,0.275,mejorando,0.445,0.585,0.842427736545257,1.452933
148993831,Urbania,LINCE,150116,"Calle Manuel Villavicencio N° 9xx, Dpto.  1301 AL 2101",Lince,749992.0,69.0,10869.449275362318,2,2,0,0.0,1,7352.0,507288.0,-0.478,1893.95,,8,327,0.275,mejorando,0.445,0.585,0.842427736545257,1.452933
148173999,Urbania,LINCE,150116,Jr. Coronel Domingo Casanova,Lince,750060.0,116.0,6466.0344827586205,3,2,1,340.0,1,7352.0,852832.0,0.121,1893.95,,8,327,0.275,mejorando,0.445,0.585,0.842427736545257,1.452933
148015066,Urbania,LINCE,150116,Av. Cesar Vallejo cuadra 13,Lince,756000.0,110.0,6872.727272727273,3,2,1,100.0,1,7352.0,808720.0,0.065,1893.95,,8,327,0.275,mejorando,0.445,0.585,0.842427736545257,1.452933
149811068,Urbania,LINCE,150116,Jirón Comandante Manuel Villavicencio,Lince,766812.0,70.0,10954.457142857143,3,2,1,0.0,1,7352.0,514640.0,-0.49,1893.95,,8,327,0.275,mejorando,0.445,0.585,0.842427736545257,1.452933
149594346,Urbania,LINCE,150116,Calle Sinchi Roca al 2500,Lince,772640.0,105.0,7358.476190476191,3,2,1,480.0,1,7352.0,771960.0,-0.001,1893.95,,8,327,0.275,mejorando,0.445,0.585,0.842427736545257,1.452933
145136698,Urbania,LINCE,150116,"Calle Luis Pasteur 1324, san isidro",Lince,780000.0,95.0,8210.526315789473,1,2,1,500.0,1,7352.0,698440.0,-0.117,1893.95,,8,327,0.275,mejorando,0.445,0.585,0.842427736545257,1.452933
149524160,Urbania,LINCE,150116,Jr. Manuel Villavicencio al 1200,Lince,782000.0,83.0,9421.686746987953,3,2,0,0.0,1,7352.0,610216.0,-0.282,1893.95,,8,327,0.275,mejorando,0.445,0.585,0.842427736545257,1.452933
147669888,Urbania,LINCE,150116,Av. Rivera Navarrete Lince / A 2 Cuadras San Isidro,Lince,783000.0,80.0,9787.5,3,2,1,300.0,1,7352.0,588160.0,-0.331,1893.95,,8,327,0.275,mejorando,0.445,0.585,0.842427736545257,1.452933
4483082,Urbania,LINCE,150116,Calle LUIS PASTEUR N°1300,Lince,794000.0,96.0,8270.833333333334,1,2,1,300.0,1,7352.0,705792.0,-0.125,1893.95,,8,327,0.275,mejorando,0.445,0.585,0.842427736545257,1.452933
146345604,Urbania,LINCE,150116,AV. Trinidad Moran 11xx DPT X01,Lince,805920.0,88.0,9158.181818181818,3,2,1,0.0,1,7352.0,646976.0,-0.246,1893.95,,8,327,0.275,mejorando,0.445,0.585,0.842427736545257,1.452933
149292063,Urbania,LINCE,150116,Luis Pasteur,Lince,810750.0,104.0,7795.673076923077,1,2,1,500.0,1,7352.0,764608.0,-0.06,1893.95,,8,327,0.275,mejorando,0.445,0.585,0.842427736545257,1.452933
144655061,Urbania,LINCE,150116,AV. TRINIDAD Y MORAN 1294,Lince,811385.0,83.0,9775.722891566265,2,2,1,0.0,10,7352.0,610216.0,-0.33,1893.95,,8,327,0.275,mejorando,0.445,0.585,0.842427736545257,1.452933
149642034,Urbania,LINCE,150116,Jr. Alberto Alexander,Lince,815047.0,125.0,6520.376,3,2,0,0.0,1,7352.0,919000.0,0.113,1893.95,,8,327,0.275,mejorando,0.445,0.585,0.842427736545257,1.452933
149585126,Urbania,LINCE,150116,Manuel Villavicencio al 1000,Lince,815500.0,81.0,10067.901234567902,3,2,1,350.0,1,7352.0,595512.0,-0.369,1893.95,,8,327,0.275,mejorando,0.445,0.585,0.842427736545257,1.452933
149694487,Urbania,LINCE,150116,Jirón Pedro Conde 178,Lince,816000.0,100.0,8160.0,3,2,1,350.0,1,7352.0,735200.0,-0.11,1893.95,,8,327,0.275,mejorando,0.445,0.585,0.842427736545257,1.452933
149050781,Urbania,LINCE,150116,Avenida Ignacio Merino,Lince,838000.0,95.0,8821.052631578947,3,2,0,0.0,1,7352.0,698440.0,-0.2,1893.95,,8,327,0.275,mejorando,0.445,0.585,0.842427736545257,1.452933
149661967,Urbania,LINCE,150116,En la Zona de Linsidro Cerca al Touring Club del Perú y Parque Mariscal Castilla,Lince,850000.0,133.0,6390.977443609023,3,3,1,0.0,1,7352.0,977816.0,0.131,1893.95,,8,327,0.275,mejorando,0.445,0.585,0.842427736545257,1.452933
149540619,Urbania,LINCE,150116,Jr. Mama Ocllo,Lince,853250.0,111.0,7686.936936936937,3,2,2,650.0,1,7352.0,816072.0,-0.046,1893.95,,8,327,0.275,mejorando,0.445,0.585,0.842427736545257,1.452933
146345582,Urbania,LINCE,150116,AV. Trinidad Moran 11xx DPT 201,Lince,864800.0,95.0,9103.157894736842,3,2,1,0.0,9,7352.0,698440.0,-0.238,1893.95,,8,327,0.275,mejorando,0.445,0.585,0.842427736545257,1.452933
149871345,Urbania,LINCE,150116,Jirón Carlos Alayza y Roel,Lince,880600.0,97.0,9078.350515463917,3,3,0,200.0,1,7352.0,713144.0,-0.235,1893.95,,8,327,0.275,mejorando,0.445,0.585,0.842427736545257,1.452933
149293862,Urbania,LINCE,150116,Almirante Manuel Villavicencio,Lince,890000.0,231.0,3852.813852813853,3,3,1,350.0,1,7352.0,1698312.0,0.476,1893.95,,8,327,0.275,mejorando,0.445,0.585,0.842427736545257,1.452933
146345631,Urbania,LINCE,150116,AV. Trinidad Moran 11xx DPT X02,Lince,916320.0,102.0,8983.529411764706,3,2,1,0.0,1,7352.0,749904.0,-0.222,1893.95,,8,327,0.275,mejorando,0.445,0.585,0.842427736545257,1.452933
147694732,Urbania,LINCE,150116,"av. Julio Cesar Tello 1031, Lince",Lince,919450.0,157.0,5856.369426751592,3,3,1,0.0,1,7352.0,1154264.0,0.203,1893.95,,8,327,0.275,mejorando,0.445,0.585,0.842427736545257,1.452933
148896116,Urbania,LINCE,150116,Calle Mariscal Juan Miller 2543,Lince,945000.0,105.0,9000.0,3,3,0,0.0,1,7352.0,771960.0,-0.224,1893.95,,8,327,0.275,mejorando,0.445,0.585,0.842427736545257,1.452933
149159831,Urbania,LINCE,150116,Departamento en Venta de Estreno - Joaquín de Bernal al 700,Lince,957000.0,91.0,10516.483516483517,3,2,0,0.0,1,7352.0,669032.0,-0.43,1893.95,,8,327,0.275,mejorando,0.445,0.585,0.842427736545257,1.452933
147019701,Urbania,LINCE,150116,Parque Castilla,Lince,962000.0,96.0,10020.833333333334,3,2,1,300.0,1,7352.0,705792.0,-0.363,1893.95,,8,327,0.275,mejorando,0.445,0.585,0.842427736545257,1.452933
148546734,Urbania,LINCE,150116,Jr. Coronel Joaquín Bernal 708 - Dpto 501,Lince,970000.0,91.0,10659.34065934066,3,2,0,450.0,1,7352.0,669032.0,-0.45,1893.95,,8,327,0.275,mejorando,0.445,0.585,0.842427736545257,1.452933
145268989,Urbania,LINCE,150116,capac yupanqui,Capacyupanqui,999000.0,133.0,7511.278195488721,2,2,2,380.0,1,7352.0,977816.0,-0.022,1893.95,,8,327,0.275,mejorando,0.445,0.585,0.842427736545257,1.452933
149363237,Urbania,LINCE,150116,"Cerca a Real Plaza Salaverry, Upc, Universidad del Pacífico",Lince,1011000.0,158.0,6398.734177215189,4,4,0,0.0,1,7352.0,1161616.0,0.13,1893.95,,8,327,0.275,mejorando,0.445,0.585,0.842427736545257,1.452933
148883941,Urbania,LINCE,150116,Manuel Villavicencio,Risso,1021750.0,150.0,6811.666666666667,3,3,1,0.0,1,7352.0,1102800.0,0.073,1893.95,,8,327,0.275,mejorando,0.445,0.585,0.842427736545257,1.452933
147587065,Urbania,LINCE,150116,Pachacutec 2124,Lince,1030368.0,158.0,6521.316455696203,4,3,0,0.0,1,7352.0,1161616.0,0.113,1893.95,,8,327,0.275,mejorando,0.445,0.585,0.842427736545257,1.452933
149266449,Urbania,LINCE,150116,Lince,Lince,1069000.0,160.0,6681.25,3,3,0,0.0,1,7352.0,1176320.0,0.091,1893.95,,8,327,0.275,mejorando,0.445,0.585,0.842427736545257,1.452933
148478635,Urbania,LINCE,150116,Luis Pasteur 1400,Country Club,1080000.0,117.0,9230.76923076923,3,2,1,400.0,1,7352.0,860184.0,-0.256,1893.95,,8,327,0.275,mejorando,0.445,0.585,0.842427736545257,1.452933
147556600,Urbania,LINCE,150116,Alt. Cdra 1 DE Calle Burgos.,Lince,1146100.0,200.0,5730.5,4,2,1,0.0,1,7352.0,1470400.0,0.221,1893.95,,8,327,0.275,mejorando,0.445,0.585,0.842427736545257,1.452933
146293721,Urbania,LINCE,150116,Av Alberto Alexander 2784,Lince,1147000.0,170.0,6747.058823529412,3,2,0,0.0,10,7352.0,1249840.0,0.082,1893.95,,8,327,0.275,mejorando,0.445,0.585,0.842427736545257,1.452933
148378227,Urbania,LINCE,150116,Calle Las Margaritas 171,Lince,1157510.0,127.0,9114.251968503937,3,2,0,0.0,1,7352.0,933704.0,-0.24,1893.95,,8,327,0.275,mejorando,0.445,0.585,0.842427736545257,1.452933
148320767,Urbania,LINCE,150116,"Trinidad Morán 1382 Lince, Lima",Lince,1176000.0,186.0,6322.580645161291,3,3,1,0.0,1,7352.0,1367472.0,0.14,1893.95,,8,327,0.275,mejorando,0.445,0.585,0.842427736545257,1.452933
4643855,Urbania,LINCE,150116,Sinchi Roca xx,Country Club,1190000.0,152.0,7828.9473684210525,3,2,2,550.0,1,7352.0,1117504.0,-0.065,1893.95,,8,327,0.275,mejorando,0.445,0.585,0.842427736545257,1.452933
149502112,Urbania,LINCE,150116,Jr. Comandante Manuel Villavicencio 863,Lince,1253190.0,146.0,8583.493150684932,3,3,2,460.0,1,7352.0,1073392.0,-0.168,1893.95,,8,327,0.275,mejorando,0.445,0.585,0.842427736545257,1.452933
3608136,Urbania,LINCE,150116,Jiron Sinchi Roca,Lince,1260000.0,175.0,7200.0,3,2,2,550.0,1,7352.0,1286600.0,0.021,1893.95,,8,327,0.275,mejorando,0.445,0.585,0.842427736545257,1.452933
4012187,Urbania,LINCE,150116,Jr. Carlos Alayza y Roel,Lince,1283625.0,233.0,5509.12017167382,3,3,2,0.0,1,7352.0,1713016.0,0.251,1893.95,,8,327,0.275,mejorando,0.445,0.585,0.842427736545257,1.452933
149415359,Urbania,LINCE,150116,Los Pinos 322,Country Club,1475760.0,324.0,4554.814814814815,3,3,2,0.0,1,7352.0,2382048.0,0.38,1893.95,,8,327,0.275,mejorando,0.445,0.585,0.842427736545257,1.452933
143173535,Urbania,LINCE,150116,"Calle Joaquin Bernal N°10xx, Dpto. 2004",Risso,1520818.0,210.0,7241.990476190476,4,3,0,0.0,1,7352.0,1543920.0,0.015,1893.95,,8,327,0.275,mejorando,0.445,0.585,0.842427736545257,1.452933
148972208,Urbania,LINCE,150116,Jr. Juan Bielovucic 1467,Lince,1610500.0,370.0,4352.7027027027025,3,5,5,100.0,1,7352.0,2720240.0,0.408,1893.95,,8,327,0.275,mejorando,0.445,0.585,0.842427736545257,1.452933
146424980,Urbania,LOS OLIVOS,150117,calle fidelidad,Pro,79000.0,22.0,3590.909090909091,1,1,0,50.0,1,3284.0,72248.0,-0.093,,,3,21,0.34,mejorando,0.328,0.494,0.7584625995633119,7.881448
149306229,Urbania,LOS OLIVOS,150117,Jr. Libra 1117,Los Olivos,129960.0,45.0,2888.0,1,1,0,0.0,10,3284.0,147780.0,0.121,,,3,21,0.34,mejorando,0.328,0.494,0.7584625995633119,7.881448
149104623,Urbania,LOS OLIVOS,150117,Calle Godofredo Garcia  al 624,Panamericana Norte,138000.0,51.0,2705.8823529411766,1,1,0,0.0,1,3284.0,167484.0,0.176,,,3,21,0.34,mejorando,0.328,0.494,0.7584625995633119,7.881448
149760763,Urbania,LOS OLIVOS,150117,Calle 48,Los Olivos,144800.0,77.0,1880.5194805194806,2,2,0,0.0,1,3284.0,252868.0,0.427,,,3,21,0.34,mejorando,0.328,0.494,0.7584625995633119,7.881448
148907594,Urbania,LOS OLIVOS,150117,Calle 48 N°180  Mz. Tt2 Lte. Sub 60-b,Los Olivos,144800.0,77.0,1880.5194805194806,2,2,0,0.0,1,3284.0,252868.0,0.427,,,3,21,0.34,mejorando,0.328,0.494,0.7584625995633119,7.881448
148984571,Urbania,LOS OLIVOS,150117,Calle La Prudencia Mz.tt5 - Lt.32,Pro,145000.0,52.0,2788.4615384615386,2,1,0,0.0,1,3284.0,170768.0,0.151,,,3,21,0.34,mejorando,0.328,0.494,0.7584625995633119,7.881448
149363436,Urbania,LOS OLIVOS,150117,Departamento LOS Olivos,Los Olivos,155000.0,65.0,2384.6153846153848,2,1,0,0.0,1,3284.0,213460.0,0.274,,,3,21,0.34,mejorando,0.328,0.494,0.7584625995633119,7.881448
149617682,Urbania,LOS OLIVOS,150117,Mz. F Lt. 9 1,Santa Elisa,170965.0,105.0,1628.2380952380952,4,2,0,0.0,1,3284.0,344820.0,0.504,,,3,21,0.34,mejorando,0.328,0.494,0.7584625995633119,7.881448
149470826,Urbania,LOS OLIVOS,150117,Laura Caller,Los Olivos,171000.0,100.0,1710.0,4,1,0,0.0,1,3284.0,328400.0,0.479,,,3,21,0.34,mejorando,0.328,0.494,0.7584625995633119,7.881448
149352341,Urbania,LOS OLIVOS,150117,San Hernan no228,Santa Luisa Etapa Ii,173200.0,54.0,3207.4074074074074,1,1,0,0.0,10,3284.0,177336.0,0.023,,,3,21,0.34,mejorando,0.328,0.494,0.7584625995633119,7.881448
149820246,Urbania,LOS OLIVOS,150117,Miguel Ortiz 635,Los Olivos,174000.0,69.0,2521.7391304347825,2,1,1,0.0,1,3284.0,226596.0,0.232,,,3,21,0.34,mejorando,0.328,0.494,0.7584625995633119,7.881448
146594013,Urbania,LOS OLIVOS,150117,Huandoy con Marañón,Los Olivos,179990.0,50.0,3599.8,2,1,0,0.0,1,3284.0,164200.0,-0.096,,,3,21,0.34,mejorando,0.328,0.494,0.7584625995633119,7.881448
146217068,Urbania,LOS OLIVOS,150117,"La Caridad 520, Los Olivos 15307",Los Olivos,182500.0,59.0,3093.2203389830506,1,1,0,0.0,1,3284.0,193756.0,0.058,,,3,21,0.34,mejorando,0.328,0.494,0.7584625995633119,7.881448
148567824,Urbania,LOS OLIVOS,150117,Calle Hungria  al 100,Los Olivos,184800.0,68.0,2717.6470588235293,3,1,0,0.0,1,3284.0,223312.0,0.172,,,3,21,0.34,mejorando,0.328,0.494,0.7584625995633119,7.881448
145909547,Urbania,LOS OLIVOS,150117,Jiron. Eleodoro Zevallos 168 urb. villasol III etapa,Villa Sol Etapa Iii,199000.0,61.0,3262.2950819672133,2,1,0,0.0,1,3284.0,200324.0,0.007,,,3,21,0.34,mejorando,0.328,0.494,0.7584625995633119,7.881448
148528701,Urbania,LOS OLIVOS,150117,SEBASTIAN BARRANCA,Los Olivos,199999.0,72.0,2777.7638888888887,2,2,0,0.0,1,3284.0,236448.0,0.154,,,3,21,0.34,mejorando,0.328,0.494,0.7584625995633119,7.881448
147387462,Urbania,LOS OLIVOS,150117,Pro Etapa I,Pro Etapa I,200000.0,73.0,2739.72602739726,3,2,0,110.0,1,3284.0,239732.0,0.166,,,3,21,0.34,mejorando,0.328,0.494,0.7584625995633119,7.881448
149685058,Urbania,LOS OLIVOS,150117,M4 al 100,Puerta De Pro,200000.0,75.0,2666.6666666666665,2,2,0,15.0,1,3284.0,246300.0,0.188,,,3,21,0.34,mejorando,0.328,0.494,0.7584625995633119,7.881448
149135489,Urbania,LOS OLIVOS,150117,Confraternidad,Los Olivos,201840.0,62.0,3255.483870967742,1,1,0,0.0,1,3284.0,203608.0,0.009,,,3,21,0.34,mejorando,0.328,0.494,0.7584625995633119,7.881448
149514498,Urbania,LOS OLIVOS,150117,JR. SANTOS ATAHUALPA 870 DPTO. 4XX,Los Olivos,204000.0,67.0,3044.776119402985,2,1,0,0.0,1,3284.0,220028.0,0.073,,,3,21,0.34,mejorando,0.328,0.494,0.7584625995633119,7.881448
149592105,Urbania,LOS OLIVOS,150117,Calle Marca 121,Naranjal,206500.0,79.0,2613.9240506329115,2,1,0,0.0,10,3284.0,259436.0,0.204,,,3,21,0.34,mejorando,0.328,0.494,0.7584625995633119,7.881448
149855944,Urbania,LOS OLIVOS,150117,Avenida Alfredo Mendiola 6821,Los Olivos,208000.0,74.0,2810.810810810811,3,2,0,0.0,1,3284.0,243016.0,0.144,,,3,21,0.34,mejorando,0.328,0.494,0.7584625995633119,7.881448
149746479,Urbania,LOS OLIVOS,150117,"Cooperativa Virgen del Rosario, Los Olivos.",Los Olivos,208320.0,75.0,2777.6,3,2,0,0.0,1,3284.0,246300.0,0.154,,,3,21,0.34,mejorando,0.328,0.494,0.7584625995633119,7.881448
149628834,Urbania,LOS OLIVOS,150117,Calle 4 EL Naranjal LOS Olivos,Los Olivos,216000.0,80.0,2700.0,3,2,0,0.0,10,3284.0,262720.0,0.178,,,3,21,0.34,mejorando,0.328,0.494,0.7584625995633119,7.881448
148777768,Urbania,LOS OLIVOS,150117,El Amargon 4055,Covida,221000.0,67.0,3298.507462686567,2,1,0,0.0,1,3284.0,220028.0,-0.004,,,3,21,0.34,mejorando,0.328,0.494,0.7584625995633119,7.881448
148128701,Urbania,LOS OLIVOS,150117,Jr. Huasta  al 4800,Parque Del Naranjal Et.2,222000.0,69.0,3217.391304347826,3,2,0,170.0,1,3284.0,226596.0,0.02,,,3,21,0.34,mejorando,0.328,0.494,0.7584625995633119,7.881448
149608923,Urbania,LOS OLIVOS,150117,"El Olivar Mz.r - Lt.3, Los Olivos 15304, Perú",Los Olivos,222950.0,94.0,2371.808510638298,3,3,0,0.0,1,3284.0,308696.0,0.278,,,3,21,0.34,mejorando,0.328,0.494,0.7584625995633119,7.881448
145081026,Urbania,LOS OLIVOS,150117,Av. San Bernardo 255,Los Olivos,224000.0,65.0,3446.153846153846,3,2,0,0.0,10,3284.0,213460.0,-0.049,,,3,21,0.34,mejorando,0.328,0.494,0.7584625995633119,7.881448
149835378,Urbania,LOS OLIVOS,150117,AV Jose Santos Chocano LOS Olivos al 600,Panamericana Norte,224000.0,69.0,3246.376811594203,2,1,0,0.0,1,3284.0,226596.0,0.011,,,3,21,0.34,mejorando,0.328,0.494,0.7584625995633119,7.881448
145786273,Urbania,LOS OLIVOS,150117,Cerca a Av. Canta Callao,Los Olivos,224900.0,75.0,2998.6666666666665,2,1,0,0.0,1,3284.0,246300.0,0.087,,,3,21,0.34,mejorando,0.328,0.494,0.7584625995633119,7.881448
147726704,Urbania,LOS OLIVOS,150117,JR. LOS Helenios,Las Palmeras,229160.0,58.0,3951.0344827586205,2,1,0,0.0,1,3284.0,190472.0,-0.203,,,3,21,0.34,mejorando,0.328,0.494,0.7584625995633119,7.881448
149592489,Urbania,LOS OLIVOS,150117,Calle Cajay URB LOS Naranjos LOS Olivos,Los Olivos,233100.0,75.0,3108.0,3,3,0,0.0,1,3284.0,246300.0,0.054,,,3,21,0.34,mejorando,0.328,0.494,0.7584625995633119,7.881448
148059780,Urbania,LOS OLIVOS,150117,CALLE LOS OLIVOS,Los Jazmines De Naranjal,233100.0,81.0,2877.777777777778,3,3,0,0.0,1,3284.0,266004.0,0.124,,,3,21,0.34,mejorando,0.328,0.494,0.7584625995633119,7.881448
149572677,Urbania,LOS OLIVOS,150117,Jaime Bausate y Meza con Av Los Alisos,Previ,234260.0,83.0,2822.409638554217,2,1,0,0.0,1,3284.0,272572.0,0.141,,,3,21,0.34,mejorando,0.328,0.494,0.7584625995633119,7.881448
149582537,Urbania,LOS OLIVOS,150117,Manuel de Lara 468,Villa Sol,235000.0,78.0,3012.8205128205127,3,1,0,0.0,1,3284.0,256152.0,0.083,,,3,21,0.34,mejorando,0.328,0.494,0.7584625995633119,7.881448
145678342,Urbania,LOS OLIVOS,150117,Gonzales Vigil,Los Olivos,235980.0,90.0,2622.0,3,20,0,0.0,10,3284.0,295560.0,0.202,,,3,21,0.34,mejorando,0.328,0.494,0.7584625995633119,7.881448
147343640,Urbania,LOS OLIVOS,150117,"URB Carrizal DEL Carmen MZ I LT 10, Los Olivos 15302, Perú",Los Olivos,236327.0,83.0,2847.3132530120483,2,2,0,0.0,1,3284.0,272572.0,0.133,,,3,21,0.34,mejorando,0.328,0.494,0.7584625995633119,7.881448
148737976,Urbania,LOS OLIVOS,150117,"Jr. Las Guayabas, Los Olivos",Los Olivos,239000.0,62.0,3854.8387096774195,3,1,0,0.0,1,3284.0,203608.0,-0.174,,,3,21,0.34,mejorando,0.328,0.494,0.7584625995633119,7.881448
149879596,Urbania,LOS OLIVOS,150117,"Villa Mercedes, Los Olivos",Los Olivos,240765.0,90.0,2675.1666666666665,3,1,0,0.0,1,3284.0,295560.0,0.185,,,3,21,0.34,mejorando,0.328,0.494,0.7584625995633119,7.881448
149588002,Urbania,LOS OLIVOS,150117,Jr. Santa Eulalia 377 - Los Olivos,Santa Rosa De Lima,241500.0,68.0,3551.470588235294,2,1,0,0.0,10,3284.0,223312.0,-0.081,,,3,21,0.34,mejorando,0.328,0.494,0.7584625995633119,7.881448
147515961,Urbania,LOS OLIVOS,150117,Los olivos,Los Olivos,248400.0,98.0,2534.6938775510203,3,3,1,0.0,1,3284.0,321832.0,0.228,,,3,21,0.34,mejorando,0.328,0.494,0.7584625995633119,7.881448
147503666,Urbania,LOS OLIVOS,150117,Avenida Zaragoza Manza O4 Lote 7,Los Olivos,249000.0,126.0,1976.1904761904761,4,2,0,0.0,1,3284.0,413784.0,0.398,,,3,21,0.34,mejorando,0.328,0.494,0.7584625995633119,7.881448
147463474,Urbania,LOS OLIVOS,150117,"ALTURA 6 DE LA AVENIDA LOS ALISOS, URBANIZACION MICAELA BASTIDAS",Previ,249043.0,89.0,2798.2359550561796,3,1,0,0.0,1,3284.0,292276.0,0.148,,,3,21,0.34,mejorando,0.328,0.494,0.7584625995633119,7.881448
149845910,Urbania,LOS OLIVOS,150117,Av. Rosario del Nte.,Los Olivos,250000.0,70.0,3571.4285714285716,2,2,0,0.0,1,3284.0,229880.0,-0.088,,,3,21,0.34,mejorando,0.328,0.494,0.7584625995633119,7.881448
148160262,Urbania,LOS OLIVOS,150117,Av. Universitaria Norte,Villa Sol,253500.0,67.0,3783.582089552239,3,1,0,120.0,1,3284.0,220028.0,-0.152,,,3,21,0.34,mejorando,0.328,0.494,0.7584625995633119,7.881448
146217636,Urbania,LOS OLIVOS,150117,"La Caridad 520, Los Olivos 15307",Los Olivos,255500.0,90.0,2838.8888888888887,1,1,0,0.0,1,3284.0,295560.0,0.136,,,3,21,0.34,mejorando,0.328,0.494,0.7584625995633119,7.881448
149608563,Urbania,LOS OLIVOS,150117,"El Olivar Mz.r - Lt.3, Los Olivos 15304, Perú",Los Olivos,257250.0,94.0,2736.7021276595747,3,3,0,0.0,1,3284.0,308696.0,0.167,,,3,21,0.34,mejorando,0.328,0.494,0.7584625995633119,7.881448
149412639,Urbania,LOS OLIVOS,150117,Av. Los Alisos,Previ,258650.0,89.0,2906.179775280899,3,1,0,0.0,10,3284.0,292276.0,0.115,,,3,21,0.34,mejorando,0.328,0.494,0.7584625995633119,7.881448
149381958,Urbania,LOS OLIVOS,150117,Av. los Próceres de Huandoy,Pro Etapa I,258750.0,81.0,3194.4444444444443,2,1,0,0.0,1,3284.0,266004.0,0.027,,,3,21,0.34,mejorando,0.328,0.494,0.7584625995633119,7.881448
149473275,Urbania,LOS OLIVOS,150117,La Caridad 528,Los Olivos,258750.0,53.0,4882.075471698113,1,1,0,0.0,1,3284.0,174052.0,-0.487,,,3,21,0.34,mejorando,0.328,0.494,0.7584625995633119,7.881448
149781315,Urbania,LOS OLIVOS,150117,Jr. El Derecho Mz Z4 Lote 31 IV Sector Urb. Pro 31,Los Olivos,259000.0,106.0,2443.396226415094,3,2,0,0.0,1,3284.0,348104.0,0.256,,,3,21,0.34,mejorando,0.328,0.494,0.7584625995633119,7.881448
149642043,Urbania,LOS OLIVOS,150117,Los Limoncillos,Los Olivos,259000.0,64.0,4046.875,2,1,0,0.0,1,3284.0,210176.0,-0.232,,,3,21,0.34,mejorando,0.328,0.494,0.7584625995633119,7.881448
149177607,Urbania,LOS OLIVOS,150117,El Derecho 526,Los Olivos,259500.0,100.0,2595.0,3,1,0,0.0,1,3284.0,328400.0,0.21,,,3,21,0.34,mejorando,0.328,0.494,0.7584625995633119,7.881448
148612108,Urbania,LOS OLIVOS,150117,Fidelidad,Pro,260000.0,83.0,3132.5301204819275,3,2,0,70.0,1,3284.0,272572.0,0.046,,,3,21,0.34,mejorando,0.328,0.494,0.7584625995633119,7.881448
149735846,Urbania,LOS OLIVOS,150117,"Calle Fidelidad – Urb. Pro, Los Olivos",Pro,260000.0,83.0,3132.5301204819275,3,2,0,0.0,1,3284.0,272572.0,0.046,,,3,21,0.34,mejorando,0.328,0.494,0.7584625995633119,7.881448
148988283,Urbania,LOS OLIVOS,150117,Av Beta 2108,Los Olivos,263800.0,81.0,3256.7901234567903,3,1,0,0.0,1,3284.0,266004.0,0.008,,,3,21,0.34,mejorando,0.328,0.494,0.7584625995633119,7.881448
149697429,Urbania,LOS OLIVOS,150117,Miguel Ortiz,Villa Sol,264000.0,70.0,3771.4285714285716,3,2,1,0.0,1,3284.0,229880.0,-0.148,,,3,21,0.34,mejorando,0.328,0.494,0.7584625995633119,7.881448
147552902,Urbania,LOS OLIVOS,150117,Jr.  Las Guayabas  Los Olivos - Cerca a la Av Tomas Valle,Los Olivos,265200.0,62.0,4277.419354838709,3,1,1,100.0,1,3284.0,203608.0,-0.303,,,3,21,0.34,mejorando,0.328,0.494,0.7584625995633119,7.881448
149608364,Urbania,LOS OLIVOS,150117,"El Olivar Mz.r - Lt.3, Los Olivos 15304, Perú",Los Olivos,267540.0,94.0,2846.1702127659573,3,3,0,0.0,1,3284.0,308696.0,0.133,,,3,21,0.34,mejorando,0.328,0.494,0.7584625995633119,7.881448
148882487,Urbania,LOS OLIVOS,150117,Santo Tomás,Los Olivos,268000.0,97.0,2762.8865979381444,3,1,0,0.0,1,3284.0,318548.0,0.159,,,3,21,0.34,mejorando,0.328,0.494,0.7584625995633119,7.881448
149450480,Urbania,LOS OLIVOS,150117,URB Prolima II,Los Olivos,269000.0,80.0,3362.5,3,2,0,0.0,1,3284.0,262720.0,-0.024,,,3,21,0.34,mejorando,0.328,0.494,0.7584625995633119,7.881448
148566623,Urbania,LOS OLIVOS,150117,"C. 15 , Mz F Urb. Pro Lima II Etapa LOS Olivos",Pro,269500.0,78.0,3455.128205128205,3,1,0,0.0,1,3284.0,256152.0,-0.052,,,3,21,0.34,mejorando,0.328,0.494,0.7584625995633119,7.881448
144998187,Urbania,LOS OLIVOS,150117,Urbanización trébol los Olivos,El Trébol,270000.0,80.0,3375.0,3,1,0,100.0,1,3284.0,262720.0,-0.028,,,3,21,0.34,mejorando,0.328,0.494,0.7584625995633119,7.881448
148862316,Urbania,LOS OLIVOS,150117,2WWG+X64 Los Olivos,Los Olivos,270000.0,90.0,3000.0,3,2,0,0.0,1,3284.0,295560.0,0.086,,,3,21,0.34,mejorando,0.328,0.494,0.7584625995633119,7.881448
149085117,Urbania,LOS OLIVOS,150117,Jr  Extramadura al 100,Pro,277000.0,91.0,3043.956043956044,3,2,0,0.0,1,3284.0,298844.0,0.073,,,3,21,0.34,mejorando,0.328,0.494,0.7584625995633119,7.881448
149263735,Urbania,LOS OLIVOS,150117,Los Olivos,Los Olivos,278000.0,65.0,4276.923076923077,3,1,0,130.0,1,3284.0,213460.0,-0.302,,,3,21,0.34,mejorando,0.328,0.494,0.7584625995633119,7.881448
148199506,Urbania,LOS OLIVOS,150117,"Calle Ordoner Vargas NUM 110 Dpto 304 - Tercer Piso URB Villa SOL Primera Etapa, Lima 15306, Perú",Los Olivos,280000.0,83.0,3373.4939759036147,3,2,0,0.0,1,3284.0,272572.0,-0.027,,,3,21,0.34,mejorando,0.328,0.494,0.7584625995633119,7.881448
149697000,Urbania,LOS OLIVOS,150117,Calle las Violetas,Primavera,281250.0,142.0,1980.6338028169014,1,1,0,0.0,6,3284.0,466328.0,0.397,,,3,21,0.34,mejorando,0.328,0.494,0.7584625995633119,7.881448
148945703,Urbania,LOS OLIVOS,150117,Jr. el Cuarzo 1,Los Olivos,284750.0,108.0,2636.574074074074,4,2,0,0.0,1,3284.0,354672.0,0.197,,,3,21,0.34,mejorando,0.328,0.494,0.7584625995633119,7.881448
149106558,Urbania,LOS OLIVOS,150117,Los Pinos,12 De Agosto,285000.0,80.0,3562.5,4,3,0,0.0,1,3284.0,262720.0,-0.085,,,3,21,0.34,mejorando,0.328,0.494,0.7584625995633119,7.881448
149367688,Urbania,LOS OLIVOS,150117,Calle proteccion UrB Pro,Los Olivos,287975.0,103.0,2795.873786407767,3,1,0,0.0,1,3284.0,338252.0,0.149,,,3,21,0.34,mejorando,0.328,0.494,0.7584625995633119,7.881448
149154125,Urbania,LOS OLIVOS,150117,Cortesía 500,Pro,289000.0,78.0,3705.128205128205,3,2,1,80.0,1,3284.0,256152.0,-0.128,,,3,21,0.34,mejorando,0.328,0.494,0.7584625995633119,7.881448
149043330,Urbania,LOS OLIVOS,150117,Ur. Villa Sol  al 1200,Villa Sol Etapa Ii,289109.0,78.0,3706.525641025641,3,2,0,0.0,1,3284.0,256152.0,-0.129,,,3,21,0.34,mejorando,0.328,0.494,0.7584625995633119,7.881448
148140945,Urbania,LOS OLIVOS,150117,"Jiron Amistad, MZ 5. LT. 28",Pro,293900.0,115.0,2555.6521739130435,3,1,0,0.0,1,3284.0,377660.0,0.222,,,3,21,0.34,mejorando,0.328,0.494,0.7584625995633119,7.881448
147984888,Urbania,LOS OLIVOS,150117,Urb. Las Plameras,Los Olivos,294670.0,66.0,4464.69696969697,3,2,0,0.0,1,3284.0,216744.0,-0.36,,,3,21,0.34,mejorando,0.328,0.494,0.7584625995633119,7.881448
148426241,Urbania,LOS OLIVOS,150117,Alfredo Mendiola  al 6821,Los Olivos,294946.0,74.0,3985.7567567567567,3,2,2,160.0,10,3284.0,243016.0,-0.214,,,3,21,0.34,mejorando,0.328,0.494,0.7584625995633119,7.881448
149193195,Urbania,LOS OLIVOS,150117,Eleodoro Zevallos 192 3ER Piso Urbanizacion Villasol III,Los Olivos,296615.0,113.0,2624.9115044247787,3,2,0,0.0,1,3284.0,371092.0,0.201,,,3,21,0.34,mejorando,0.328,0.494,0.7584625995633119,7.881448
148428123,Urbania,LOS OLIVOS,150117,Villasol 3,Los Olivos,298000.0,70.0,4257.142857142857,3,2,0,0.0,1,3284.0,229880.0,-0.296,,,3,21,0.34,mejorando,0.328,0.494,0.7584625995633119,7.881448
148900592,Urbania,LOS OLIVOS,150117,Jirón Gamma,Los Olivos,300600.0,68.0,4420.588235294118,3,2,0,0.0,1,3284.0,223312.0,-0.346,,,3,21,0.34,mejorando,0.328,0.494,0.7584625995633119,7.881448
148642505,Urbania,LOS OLIVOS,150117,CALLE NUEVE ( EX RIO SANTA ) ESQUINA CON ALFREDO MENDIOLA,Los Olivos,302000.0,85.0,3552.9411764705883,3,2,1,180.0,1,3284.0,279140.0,-0.082,,,3,21,0.34,mejorando,0.328,0.494,0.7584625995633119,7.881448
149812921,Urbania,LOS OLIVOS,150117,Departamento Listo Para Vivir EN Zona Estratégica – LOS Olivos,Los Olivos,302600.0,75.0,4034.6666666666665,2,1,0,0.0,1,3284.0,246300.0,-0.229,,,3,21,0.34,mejorando,0.328,0.494,0.7584625995633119,7.881448
147281328,Urbania,LOS OLIVOS,150117,Cl Isaac Newton 7091,Sol De Oro,305440.0,80.0,3818.0,3,2,0,100.0,1,3284.0,262720.0,-0.163,,,3,21,0.34,mejorando,0.328,0.494,0.7584625995633119,7.881448
146032115,Urbania,LOS OLIVOS,150117,Jiron. Eleodoro Zevallos con avenida santa elvira.,Villa Sol Etapa Iii,310000.0,116.0,2672.4137931034484,3,2,0,0.0,1,3284.0,380944.0,0.186,,,3,21,0.34,mejorando,0.328,0.494,0.7584625995633119,7.881448
146217269,Urbania,LOS OLIVOS,150117,"La Caridad 520, Los Olivos 15307",Los Olivos,310250.0,100.0,3102.5,2,2,0,0.0,1,3284.0,328400.0,0.055,,,3,21,0.34,mejorando,0.328,0.494,0.7584625995633119,7.881448
149432458,Urbania,LOS OLIVOS,150117,Jiron Catac 633,Los Olivos,311500.0,104.0,2995.1923076923076,3,1,0,0.0,1,3284.0,341536.0,0.088,,,3,21,0.34,mejorando,0.328,0.494,0.7584625995633119,7.881448
148628927,Urbania,LOS OLIVOS,150117,Confraternidad,Los Olivos,318250.0,108.0,2946.759259259259,4,2,0,0.0,1,3284.0,354672.0,0.103,,,3,21,0.34,mejorando,0.328,0.494,0.7584625995633119,7.881448
149179508,Urbania,LOS OLIVOS,150117,Urbanización Villa Sol - II Etapa,Los Olivos,320850.0,96.0,3342.1875,3,2,0,0.0,1,3284.0,315264.0,-0.018,,,3,21,0.34,mejorando,0.328,0.494,0.7584625995633119,7.881448
63074723,Urbania,LOS OLIVOS,150117,Los Olivos,Los Olivos,323000.0,90.0,3588.8888888888887,3,2,0,0.0,1,3284.0,295560.0,-0.093,,,3,21,0.34,mejorando,0.328,0.494,0.7584625995633119,7.881448
149124527,Urbania,LOS OLIVOS,150117,Los Olivos,Los Olivos,324300.0,98.0,3309.183673469388,3,3,0,0.0,1,3284.0,321832.0,-0.008,,,3,21,0.34,mejorando,0.328,0.494,0.7584625995633119,7.881448
149607908,Urbania,LOS OLIVOS,150117,La Unidad,Los Olivos,324558.0,84.0,3863.785714285714,3,2,0,0.0,1,3284.0,275856.0,-0.177,,,3,21,0.34,mejorando,0.328,0.494,0.7584625995633119,7.881448
146645378,Urbania,LOS OLIVOS,150117,MIGUEL ORTIZ,Villa Sol,325900.0,103.0,3164.0776699029125,3,2,0,0.0,1,3284.0,338252.0,0.037,,,3,21,0.34,mejorando,0.328,0.494,0.7584625995633119,7.881448
146570650,Urbania,LOS OLIVOS,150117,Plaza vea Mayolo,Los Olivos,325920.0,95.0,3430.7368421052633,3,2,0,0.0,1,3284.0,311980.0,-0.045,,,3,21,0.34,mejorando,0.328,0.494,0.7584625995633119,7.881448
149898096,Urbania,LOS OLIVOS,150117,Jirón La Sinceridad 850,Pro,334000.0,120.0,2783.3333333333335,3,3,0,0.0,1,3284.0,394080.0,0.152,,,3,21,0.34,mejorando,0.328,0.494,0.7584625995633119,7.881448
148902842,Urbania,LOS OLIVOS,150117,Avenida Alfa 799,EL TRÉBOL 4 Etapa,338000.0,109.0,3100.9174311926604,2,2,0,200.0,1,3284.0,357956.0,0.056,,,3,21,0.34,mejorando,0.328,0.494,0.7584625995633119,7.881448
145080544,Urbania,LOS OLIVOS,150117,Previ Naranjal,Los Olivos,342000.0,68.0,5029.411764705882,3,1,0,0.0,1,3284.0,223312.0,-0.531,,,3,21,0.34,mejorando,0.328,0.494,0.7584625995633119,7.881448
149633741,Urbania,LOS OLIVOS,150117,Av. Tomás Valle 1530,Los Olivos,349000.0,90.0,3877.777777777778,3,2,1,150.0,10,3284.0,295560.0,-0.181,,,3,21,0.34,mejorando,0.328,0.494,0.7584625995633119,7.881448
143350880,Urbania,LOS OLIVOS,150117,Calle Portugal,San Elias,357000.0,105.0,3400.0,3,3,1,0.0,1,3284.0,344820.0,-0.035,,,3,21,0.34,mejorando,0.328,0.494,0.7584625995633119,7.881448
144564060,Urbania,LOS OLIVOS,150117,Jiron Libra,Los Olivos,358900.0,102.0,3518.627450980392,3,1,0,1.0,1,3284.0,334968.0,-0.071,,,3,21,0.34,mejorando,0.328,0.494,0.7584625995633119,7.881448
148667487,Urbania,LOS OLIVOS,150117,"El Derecho 504, Los Olivos 15307, Perú",Los Olivos,361350.0,107.0,3377.1028037383176,3,2,0,0.0,1,3284.0,351388.0,-0.028,,,3,21,0.34,mejorando,0.328,0.494,0.7584625995633119,7.881448
149790001,Urbania,LOS OLIVOS,150117,"Jr. Pariahuanca 821, Los Olivos al 800",Las Palmeras,362000.0,92.0,3934.782608695652,3,2,0,0.0,1,3284.0,302128.0,-0.198,,,3,21,0.34,mejorando,0.328,0.494,0.7584625995633119,7.881448
147615338,Urbania,LOS OLIVOS,150117,"Daniel Fernandez 3839, Lima 15301, Perú",Los Olivos,366240.0,112.0,3270.0,3,2,0,0.0,1,3284.0,367808.0,0.004,,,3,21,0.34,mejorando,0.328,0.494,0.7584625995633119,7.881448
148477874,Urbania,LOS OLIVOS,150117,Calle 37 los olivos,EL TRÉBOL 3 Etapa,366450.0,101.0,3628.2178217821784,4,2,0,0.0,1,3284.0,331684.0,-0.105,,,3,21,0.34,mejorando,0.328,0.494,0.7584625995633119,7.881448
149552752,Urbania,LOS OLIVOS,150117,Jr. Isaac Newton al 7300,Los Olivos,367000.0,132.0,2780.3030303030305,4,2,0,0.0,1,3284.0,433488.0,0.153,,,3,21,0.34,mejorando,0.328,0.494,0.7584625995633119,7.881448
149730447,Urbania,LOS OLIVOS,150117,Calle Antonio Moreno 150,Villa Sol Etapa Ii,367500.0,90.0,4083.3333333333335,2,1,0,0.0,1,3284.0,295560.0,-0.243,,,3,21,0.34,mejorando,0.328,0.494,0.7584625995633119,7.881448
149234691,Urbania,LOS OLIVOS,150117,Jr. Cajacay  al 600,Los Olivos,378400.0,107.0,3536.448598130841,2,1,0,0.0,1,3284.0,351388.0,-0.077,,,3,21,0.34,mejorando,0.328,0.494,0.7584625995633119,7.881448
149106150,Urbania,LOS OLIVOS,150117,Calle Godofredo Garcia 624 Dpto 1,Panamericana Norte,379000.0,134.0,2828.3582089552237,2,1,1,0.0,1,3284.0,440056.0,0.139,,,3,21,0.34,mejorando,0.328,0.494,0.7584625995633119,7.881448
149668046,Urbania,LOS OLIVOS,150117,Edificio Los Nogales de Los Olivos,Los Olivos,380000.0,85.0,4470.588235294118,3,2,0,0.0,1,3284.0,279140.0,-0.361,,,3,21,0.34,mejorando,0.328,0.494,0.7584625995633119,7.881448
147098889,Urbania,LOS OLIVOS,150117,Casma 283,Los Olivos,381500.0,125.0,3052.0,2,2,1,0.0,1,3284.0,410500.0,0.071,,,3,21,0.34,mejorando,0.328,0.494,0.7584625995633119,7.881448
148477692,Urbania,LOS OLIVOS,150117,Ca. 9,Los Olivos,385250.0,220.0,1751.1363636363637,6,3,1,0.0,1,3284.0,722480.0,0.467,,,3,21,0.34,mejorando,0.328,0.494,0.7584625995633119,7.881448
149683861,Urbania,LOS OLIVOS,150117,Altura de la Cuadra 12 de Av. Carlos Izaguirre,Los Olivos,387600.0,92.0,4213.04347826087,2,2,1,170.0,1,3284.0,302128.0,-0.283,,,3,21,0.34,mejorando,0.328,0.494,0.7584625995633119,7.881448
149664068,Urbania,LOS OLIVOS,150117,Calle Cajay URB LOS Naranjos LOS Olivos,Los Olivos,389000.0,115.0,3382.608695652174,3,2,0,50.0,1,3284.0,377660.0,-0.03,,,3,21,0.34,mejorando,0.328,0.494,0.7584625995633119,7.881448
149874546,Urbania,LOS OLIVOS,150117,Manuel DE Lara 364,Villa Sol,390500.0,91.0,4291.208791208791,3,2,0,0.0,1,3284.0,298844.0,-0.307,,,3,21,0.34,mejorando,0.328,0.494,0.7584625995633119,7.881448
149874536,Urbania,LOS OLIVOS,150117,Manuel DE Lara 364,Villa Sol,390500.0,91.0,4291.208791208791,3,2,0,0.0,1,3284.0,298844.0,-0.307,,,3,21,0.34,mejorando,0.328,0.494,0.7584625995633119,7.881448
147269581,Urbania,LOS OLIVOS,150117,CALLE CHACAS 999,Covida,397000.0,90.0,4411.111111111111,3,2,1,0.0,1,3284.0,295560.0,-0.343,,,3,21,0.34,mejorando,0.328,0.494,0.7584625995633119,7.881448
148123858,Urbania,LOS OLIVOS,150117,Mercurio 7517,Los Olivos,400000.0,157.0,2547.770700636943,3,2,1,0.0,1,3284.0,515588.0,0.224,,,3,21,0.34,mejorando,0.328,0.494,0.7584625995633119,7.881448
149825863,Urbania,LOS OLIVOS,150117,Jr. Daniel Hernandez  al 200,Los Olivos,402500.0,113.0,3561.9469026548672,3,2,0,0.0,1,3284.0,371092.0,-0.085,,,3,21,0.34,mejorando,0.328,0.494,0.7584625995633119,7.881448
148785069,Urbania,LOS OLIVOS,150117,Jr. Isaac Newton,Sol De Oro,407100.0,115.0,3540.0,4,3,0,0.0,1,3284.0,377660.0,-0.078,,,3,21,0.34,mejorando,0.328,0.494,0.7584625995633119,7.881448
149027432,Urbania,LOS OLIVOS,150117,Av. Las Palmeras 4101,Los Olivos,409360.0,117.0,3498.803418803419,4,4,0,0.0,10,3284.0,384228.0,-0.065,,,3,21,0.34,mejorando,0.328,0.494,0.7584625995633119,7.881448
146476137,Urbania,LOS OLIVOS,150117,Avenida naranjal con avenida Las palmeras,Naranjal,417500.0,116.0,3599.137931034483,3,2,0,0.0,1,3284.0,380944.0,-0.096,,,3,21,0.34,mejorando,0.328,0.494,0.7584625995633119,7.881448
144355562,Urbania,LOS OLIVOS,150117,JIRON GUANDU 3839,Las Palmeras,418000.0,102.0,4098.0392156862745,3,2,3,200.0,1,3284.0,334968.0,-0.248,,,3,21,0.34,mejorando,0.328,0.494,0.7584625995633119,7.881448
148842166,Urbania,LOS OLIVOS,150117,Pje. Enrique Lopez Albujar,Los Olivos,418750.0,114.0,3673.245614035088,4,4,0,0.0,1,3284.0,374376.0,-0.119,,,3,21,0.34,mejorando,0.328,0.494,0.7584625995633119,7.881448
149261468,Urbania,LOS OLIVOS,150117,"Calle Fidelidad – Urb. Pro, Los Olivos",Pro,419000.0,116.0,3612.0689655172414,3,2,1,0.0,1,3284.0,380944.0,-0.1,,,3,21,0.34,mejorando,0.328,0.494,0.7584625995633119,7.881448
145081397,Urbania,LOS OLIVOS,150117,Jirón Antonio Cabo 870,Los Olivos,425500.0,112.0,3799.1071428571427,3,2,0,0.0,1,3284.0,367808.0,-0.157,,,3,21,0.34,mejorando,0.328,0.494,0.7584625995633119,7.881448
91052408,Urbania,LOS OLIVOS,150117,calle fidelidad,Pro,429000.0,118.0,3635.593220338983,3,3,0,70.0,1,3284.0,387512.0,-0.107,,,3,21,0.34,mejorando,0.328,0.494,0.7584625995633119,7.881448
149620881,Urbania,LOS OLIVOS,150117,Jirón Gonzales Prada  744,Los Olivos,438000.0,241.0,1817.4273858921163,3,2,0,0.0,7,3284.0,791444.0,0.447,,,3,21,0.34,mejorando,0.328,0.494,0.7584625995633119,7.881448
149874524,Urbania,LOS OLIVOS,150117,Manuel DE Lara 364,Villa Sol,443750.0,91.0,4876.373626373626,2,1,1,0.0,1,3284.0,298844.0,-0.485,,,3,21,0.34,mejorando,0.328,0.494,0.7584625995633119,7.881448
149874549,Urbania,LOS OLIVOS,150117,Manuel DE Lara 364,Villa Sol,443750.0,91.0,4876.373626373626,3,2,0,0.0,1,3284.0,298844.0,-0.485,,,3,21,0.34,mejorando,0.328,0.494,0.7584625995633119,7.881448
145081367,Urbania,LOS OLIVOS,150117,Jirón Antonio Cabo 870,Los Olivos,444000.0,112.0,3964.285714285714,3,2,0,0.0,10,3284.0,367808.0,-0.207,,,3,21,0.34,mejorando,0.328,0.494,0.7584625995633119,7.881448
149640979,Urbania,LOS OLIVOS,150117,Jr. Huarmey 1381,Covida,445900.0,98.0,4550.0,2,1,0,0.0,1,3284.0,321832.0,-0.386,,,3,21,0.34,mejorando,0.328,0.494,0.7584625995633119,7.881448
149439633,Urbania,LOS OLIVOS,150117,Jr. Huarmey 1510,Covida Etapa Ii,455620.0,97.0,4697.113402061856,3,2,0,0.0,1,3284.0,318548.0,-0.43,,,3,21,0.34,mejorando,0.328,0.494,0.7584625995633119,7.881448
146297458,Urbania,LOS OLIVOS,150117,Jr. Azafran,Las Palmeras,476000.0,104.0,4576.923076923077,3,2,1,150.0,1,3284.0,341536.0,-0.394,,,3,21,0.34,mejorando,0.328,0.494,0.7584625995633119,7.881448
148814364,Urbania,LOS OLIVOS,150117,Jr.manuel Rivero 374,Los Olivos,490000.0,120.0,4083.3333333333335,2,2,0,0.0,1,3284.0,394080.0,-0.243,,,3,21,0.34,mejorando,0.328,0.494,0.7584625995633119,7.881448
149742738,Urbania,LOS OLIVOS,150117,Calle Ignacio Torote  al 500,Los Olivos,499999.0,204.0,2450.975490196078,4,3,0,0.0,1,3284.0,669936.0,0.254,,,3,21,0.34,mejorando,0.328,0.494,0.7584625995633119,7.881448
149386238,Urbania,LOS OLIVOS,150117,Ignacio Torote  El Trebol Los Olivos,Los Olivos,504000.0,140.0,3600.0,5,3,0,0.0,1,3284.0,459760.0,-0.096,,,3,21,0.34,mejorando,0.328,0.494,0.7584625995633119,7.881448
149693273,Urbania,LOS OLIVOS,150117,av Proceres de Huandoy  al 200,Puerta De Pro,508950.0,110.0,4626.818181818182,3,2,1,0.0,1,3284.0,361240.0,-0.409,,,3,21,0.34,mejorando,0.328,0.494,0.7584625995633119,7.881448
149161004,Urbania,LOS OLIVOS,150117,La Caridad 45,Pro Etapa Iv,510000.0,160.0,3187.5,3,3,0,0.0,1,3284.0,525440.0,0.029,,,3,21,0.34,mejorando,0.328,0.494,0.7584625995633119,7.881448
149854253,Urbania,LOS OLIVOS,150117,Mayta Capac 356,El Trébol,530000.0,120.0,4416.666666666667,3,2,1,210.0,1,3284.0,394080.0,-0.345,,,3,21,0.34,mejorando,0.328,0.494,0.7584625995633119,7.881448
149671367,Urbania,LOS OLIVOS,150117,Urb. Villa los Ángeles Izaguirre los Olivos,Villa Los Angeles,552000.0,116.0,4758.620689655172,5,3,0,0.0,1,3284.0,380944.0,-0.449,,,3,21,0.34,mejorando,0.328,0.494,0.7584625995633119,7.881448
149814326,Urbania,LOS OLIVOS,150117,LOS Opalos Dpto 501 - LOS Olivos,Los Olivos,585750.0,135.0,4338.888888888889,4,3,1,0.0,1,3284.0,443340.0,-0.321,,,3,21,0.34,mejorando,0.328,0.494,0.7584625995633119,7.881448
149552751,Urbania,LOS OLIVOS,150117,Jirón  Isaac Newton 7329,Los Olivos,595000.0,262.0,2270.992366412214,5,3,0,0.0,1,3284.0,860408.0,0.308,,,3,21,0.34,mejorando,0.328,0.494,0.7584625995633119,7.881448
149039859,Urbania,LOS OLIVOS,150117,Calle Olavegoya al 1,Pueblo Libre,606263.0,175.0,3464.36,4,4,0,0.0,1,3284.0,574700.0,-0.055,,,3,21,0.34,mejorando,0.328,0.494,0.7584625995633119,7.881448
149765637,Urbania,LOS OLIVOS,150117,Jirón José Santos Atahualpa 563,Los Olivos,666900.0,177.0,3767.7966101694915,3,2,1,0.0,1,3284.0,581268.0,-0.147,,,3,21,0.34,mejorando,0.328,0.494,0.7584625995633119,7.881448
149567869,Urbania,MAGDALENA DEL MAR,150120,Jr. Tacna,Udima,358280.0,68.0,5268.823529411765,3,2,0,250.0,1,7358.0,500344.0,0.284,1986.3,,7,478,0.149,mejorando,0.572,0.712,0.833928546938114,0.782218
149705306,Urbania,MAGDALENA DEL MAR,150120,Jr. Tomas Ramsey 104,Magdalena,390000.0,53.0,7358.490566037736,2,2,1,200.0,1,7358.0,389974.0,-0.0,1986.3,,7,478,0.149,mejorando,0.572,0.712,0.833928546938114,0.782218
149664198,Urbania,MAGDALENA DEL MAR,150120,Jr. Amazonas 521,Magdalena,399500.0,79.0,5056.962025316456,3,2,0,200.0,1,7358.0,581282.0,0.313,1986.3,,7,478,0.149,mejorando,0.572,0.712,0.833928546938114,0.782218
149539768,Urbania,MAGDALENA DEL MAR,150120,JR Ayacucho 649,Magdalena,416500.0,72.0,5784.722222222223,3,3,1,0.0,1,7358.0,529776.0,0.214,1986.3,,7,478,0.149,mejorando,0.572,0.712,0.833928546938114,0.782218
148186817,Urbania,MAGDALENA DEL MAR,150120,FAUSTINO,Magdalena,435100.0,56.0,7769.642857142857,2,2,0,1.0,1,7358.0,412048.0,-0.056,1986.3,,7,478,0.149,mejorando,0.572,0.712,0.833928546938114,0.782218
148160538,Urbania,MAGDALENA DEL MAR,150120,Torres Matos 141,Magdalena,560000.0,61.0,9180.327868852459,2,2,0,0.0,1,7358.0,448838.0,-0.248,1986.3,,7,478,0.149,mejorando,0.572,0.712,0.833928546938114,0.782218
149695843,Urbania,MAGDALENA DEL MAR,150120,Jr. Sáenz Peña,Magdalena,566150.0,78.0,7258.333333333333,2,2,1,300.0,1,7358.0,573924.0,0.014,1986.3,,7,478,0.149,mejorando,0.572,0.712,0.833928546938114,0.782218
149735029,Urbania,MAGDALENA DEL MAR,150120,Av. Alberto del Campo 414 Magdalena,Magdalena,574600.0,78.0,7366.666666666667,2,2,1,220.0,1,7358.0,573924.0,-0.001,1986.3,,7,478,0.149,mejorando,0.572,0.712,0.833928546938114,0.782218
148028479,Urbania,MAGDALENA DEL MAR,150120,Av. Malecón Magdalena,Magdalena,600730.0,64.0,9386.40625,2,2,1,0.0,1,7358.0,470912.0,-0.276,1986.3,,7,478,0.149,mejorando,0.572,0.712,0.833928546938114,0.782218
149481767,Urbania,MAGDALENA DEL MAR,150120,Av. Antonio Miró Quesada,Magdalena,613970.0,100.0,6139.7,3,2,1,350.0,1,7358.0,735800.0,0.166,1986.3,,7,478,0.149,mejorando,0.572,0.712,0.833928546938114,0.782218
149716434,Urbania,MAGDALENA DEL MAR,150120,Calle Baca Flor 146,Magdalena,639000.0,95.0,6726.315789473684,3,3,1,350.0,1,7358.0,699010.0,0.086,1986.3,,7,478,0.149,mejorando,0.572,0.712,0.833928546938114,0.782218
149634948,Urbania,MAGDALENA DEL MAR,150120,Jr. Daniel Hernandez al 100,Magdalena,645000.0,80.0,8062.5,3,2,1,370.0,1,7358.0,588640.0,-0.096,1986.3,,7,478,0.149,mejorando,0.572,0.712,0.833928546938114,0.782218
149797647,Urbania,MAGDALENA DEL MAR,150120,Jirón María Parado DE Bellido  1,San Felipe,680000.0,92.0,7391.304347826087,3,2,2,390.0,1,7358.0,676936.0,-0.005,1986.3,,7,478,0.149,mejorando,0.572,0.712,0.833928546938114,0.782218
148917153,Urbania,MAGDALENA DEL MAR,150120,Calle Francisco Graña 610,Magdalena,774450.0,81.0,9561.111111111111,3,2,1,300.0,1,7358.0,595998.0,-0.299,1986.3,,7,478,0.149,mejorando,0.572,0.712,0.833928546938114,0.782218
149777816,Urbania,MAGDALENA DEL MAR,150120,Av. Juan de Aliaga  al 600,Orrantia Del Mar,782000.0,152.0,5144.736842105263,3,2,1,400.0,1,7358.0,1118416.0,0.301,1986.3,,7,478,0.149,mejorando,0.572,0.712,0.833928546938114,0.782218
149099774,Urbania,MAGDALENA DEL MAR,150120,Malecón Bernales,Magdalena,1105500.0,177.0,6245.762711864407,3,3,2,375.0,1,7358.0,1302366.0,0.151,1986.3,,7,478,0.149,mejorando,0.572,0.712,0.833928546938114,0.782218
149684062,Urbania,MAGDALENA DEL MAR,150120,Alberto del Campo 4xx - Duplex con Terraza y Estacionamiento Doble,Magdalena,1156000.0,206.0,5611.650485436893,3,3,2,0.0,1,7358.0,1515748.0,0.237,1986.3,,7,478,0.149,mejorando,0.572,0.712,0.833928546938114,0.782218
149428572,Urbania,MAGDALENA DEL MAR,150120,Malecon Bernales 195,Magdalena,1313500.0,150.0,8756.666666666666,3,2,2,540.0,1,7358.0,1103700.0,-0.19,1986.3,,7,478,0.149,mejorando,0.572,0.712,0.833928546938114,0.782218
148603258,Urbania,MAGDALENA DEL MAR,150120,Av. Juan de Aliaga 277,Magdalena,1379148.0,163.0,8461.030674846626,3,3,2,500.0,1,7358.0,1199354.0,-0.15,1986.3,,7,478,0.149,mejorando,0.572,0.712,0.833928546938114,0.782218
149257980,Urbania,MIRAFLORES,150122,Calle Independencia,Miraflores,335461.0,61.0,5499.360655737705,1,1,0,150.0,1,7748.0,472628.0,0.29,2463.92,,2,87,0.697,mejorando,0.642,0.473,0.832639935121652,0.0855
149634305,Urbania,MIRAFLORES,150122,Calle Independencia - Miraflores al 200,Miraflores,336600.0,60.0,5610.0,1,1,0,150.0,1,7748.0,464880.0,0.276,2463.92,,2,87,0.697,mejorando,0.642,0.473,0.832639935121652,0.0855
146517852,Urbania,MIRAFLORES,150122,Gonzáles Prada,Miraflores,403200.0,116.0,3475.862068965517,2,2,2,550.0,1,7748.0,898768.0,0.551,2463.92,,2,87,0.697,mejorando,0.642,0.473,0.832639935121652,0.0855
149862934,Urbania,MIRAFLORES,150122,Av. Paseo de la República  a 1 Cuadra de Av. Reducto y Cerca a Parque,Miraflores,424000.0,41.0,10341.463414634147,1,1,0,0.0,1,7748.0,317668.0,-0.335,2463.92,,2,87,0.697,mejorando,0.642,0.473,0.832639935121652,0.0855
145641401,Urbania,MIRAFLORES,150122,Av. Paseo de la República 5,Miraflores,424253.0,42.0,10101.261904761905,1,1,0,200.0,1,7748.0,325416.0,-0.304,2463.92,,2,87,0.697,mejorando,0.642,0.473,0.832639935121652,0.0855
149661598,Urbania,MIRAFLORES,150122,Avenida Reducto 14,San Antonio,427000.0,61.0,7000.0,1,1,1,290.0,1,7748.0,472628.0,0.097,2463.92,,2,87,0.697,mejorando,0.642,0.473,0.832639935121652,0.0855
149103745,Urbania,MIRAFLORES,150122,Avenida Reducto,Miraflores,430000.0,41.0,10487.80487804878,1,1,0,200.0,1,7748.0,317668.0,-0.354,2463.92,,2,87,0.697,mejorando,0.642,0.473,0.832639935121652,0.0855
149493696,Urbania,MIRAFLORES,150122,Pasaje Amelio Placencia al 100,Aurora,431837.0,58.0,7445.4655172413795,2,2,0,0.0,1,7748.0,449384.0,0.039,2463.92,,2,87,0.697,mejorando,0.642,0.473,0.832639935121652,0.0855
149239769,Urbania,MIRAFLORES,150122,Calle General Suarez  al 1100,Miraflores,436000.0,88.0,4954.545454545455,3,2,0,100.0,1,7748.0,681824.0,0.361,2463.92,,2,87,0.697,mejorando,0.642,0.473,0.832639935121652,0.0855
149578056,Urbania,MIRAFLORES,150122,Av. José Pardo,Miraflores,459000.0,60.0,7650.0,1,1,1,220.0,1,7748.0,464880.0,0.013,2463.92,,2,87,0.697,mejorando,0.642,0.473,0.832639935121652,0.0855
149534120,Urbania,MIRAFLORES,150122,Av. Paseo de la República Paralela con Av. Reducto,Miraflores,465681.0,40.0,11642.025,1,1,0,225.0,1,7748.0,309920.0,-0.503,2463.92,,2,87,0.697,mejorando,0.642,0.473,0.832639935121652,0.0855
4596815,Urbania,MIRAFLORES,150122,Av. José Pardo,Miraflores,469000.0,39.0,12025.641025641025,1,1,1,300.0,1,7748.0,302172.0,-0.552,2463.92,,2,87,0.697,mejorando,0.642,0.473,0.832639935121652,0.0855
149903108,Urbania,MIRAFLORES,150122,Calle Enrique Palacios 291,Miraflores,498872.0,78.0,6395.794871794872,2,1,1,0.0,1,7748.0,604344.0,0.175,2463.92,,2,87,0.697,mejorando,0.642,0.473,0.832639935121652,0.0855
149505029,Urbania,MIRAFLORES,150122,Avenida Tomas Marsano al 2200,Miraflores,499000.0,71.0,7028.169014084507,3,2,0,0.0,1,7748.0,550108.0,0.093,2463.92,,2,87,0.697,mejorando,0.642,0.473,0.832639935121652,0.0855
148958122,Urbania,MIRAFLORES,150122,Calle Salaverry,Miraflores,500000.0,76.0,6578.9473684210525,2,1,1,300.0,1,7748.0,588848.0,0.151,2463.92,,2,87,0.697,mejorando,0.642,0.473,0.832639935121652,0.0855
149473042,Urbania,MIRAFLORES,150122,Avenida Jose Pardo  al 1000,Miraflores,515431.0,50.0,10308.62,1,1,0,0.0,1,7748.0,387400.0,-0.33,2463.92,,2,87,0.697,mejorando,0.642,0.473,0.832639935121652,0.0855
149474239,Urbania,MIRAFLORES,150122,Calle Vidal 140 - Dpto 1104,Miraflores,520000.0,66.0,7878.787878787879,1,2,0,300.0,1,7748.0,511368.0,-0.017,2463.92,,2,87,0.697,mejorando,0.642,0.473,0.832639935121652,0.0855
149204371,Urbania,MIRAFLORES,150122,AV. Diaz Canseco  al 500,Miraflores,530100.0,102.0,5197.058823529412,2,2,0,0.0,10,7748.0,790296.0,0.329,2463.92,,2,87,0.697,mejorando,0.642,0.473,0.832639935121652,0.0855
149362652,Urbania,MIRAFLORES,150122,"Av. Del Ejército al 700 | Estreno, Leed, 2 Dorm, Cochera, Cerca al Malecón",Miraflores,542000.0,60.0,9033.333333333334,2,2,1,0.0,1,7748.0,464880.0,-0.166,2463.92,,2,87,0.697,mejorando,0.642,0.473,0.832639935121652,0.0855
147453474,Urbania,MIRAFLORES,150122,Av. República De Panamá,Miraflores,545000.0,65.0,8384.615384615385,2,2,0,0.0,1,7748.0,503620.0,-0.082,2463.92,,2,87,0.697,mejorando,0.642,0.473,0.832639935121652,0.0855
149341915,Urbania,MIRAFLORES,150122,Calle Vidal  - Dpto Ss04,Miraflores,545000.0,78.0,6987.179487179487,1,2,0,250.0,1,7748.0,604344.0,0.098,2463.92,,2,87,0.697,mejorando,0.642,0.473,0.832639935121652,0.0855
149697117,Urbania,MIRAFLORES,150122,"Avenida Gral Montagne, Miraflores",Miraflores,546960.0,73.0,7492.602739726028,2,1,0,300.0,1,7748.0,565604.0,0.033,2463.92,,2,87,0.697,mejorando,0.642,0.473,0.832639935121652,0.0855
149156686,Urbania,MIRAFLORES,150122,Avenida La Paz 528,Leuro,570860.0,76.0,7511.315789473684,1,1,1,200.0,1,7748.0,588848.0,0.031,2463.92,,2,87,0.697,mejorando,0.642,0.473,0.832639935121652,0.0855
149446139,Urbania,MIRAFLORES,150122,Calle Grimaldo del Solar,Leuro,572500.0,61.0,9385.245901639344,1,1,1,420.0,1,7748.0,472628.0,-0.211,2463.92,,2,87,0.697,mejorando,0.642,0.473,0.832639935121652,0.0855
149276465,Urbania,MIRAFLORES,150122,Av General Mendiburu,Miraflores,574000.0,71.0,8084.507042253521,2,2,1,350.0,1,7748.0,550108.0,-0.043,2463.92,,2,87,0.697,mejorando,0.642,0.473,0.832639935121652,0.0855
149540527,Urbania,MIRAFLORES,150122,Larco al 600,Miraflores,578000.0,102.0,5666.666666666667,2,2,0,400.0,1,7748.0,790296.0,0.269,2463.92,,2,87,0.697,mejorando,0.642,0.473,0.832639935121652,0.0855
149868413,Urbania,MIRAFLORES,150122,Av. Alfredo Benavides,Miraflores,581500.0,62.0,9379.032258064517,2,2,1,280.0,1,7748.0,480376.0,-0.211,2463.92,,2,87,0.697,mejorando,0.642,0.473,0.832639935121652,0.0855
146816932,Urbania,MIRAFLORES,150122,Calle Ocharán,Miraflores,591500.0,95.0,6226.315789473684,2,2,1,550.0,1,7748.0,736060.0,0.196,2463.92,,2,87,0.697,mejorando,0.642,0.473,0.832639935121652,0.0855
149728259,Urbania,MIRAFLORES,150122,Av. Alfredo Benavides 840,Miraflores,595000.0,85.0,7000.0,2,2,0,300.0,1,7748.0,658580.0,0.097,2463.92,,2,87,0.697,mejorando,0.642,0.473,0.832639935121652,0.0855
149909702,Urbania,MIRAFLORES,150122,Miraflores,Miraflores,600000.0,61.0,9836.065573770491,2,2,0,300.0,1,7748.0,472628.0,-0.269,2463.92,,2,87,0.697,mejorando,0.642,0.473,0.832639935121652,0.0855
149608547,Urbania,MIRAFLORES,150122,A Pasos del Club  Las Terrazas y Av. Larco,Miraflores,614000.0,65.0,9446.153846153846,2,2,1,0.0,1,7748.0,503620.0,-0.219,2463.92,,2,87,0.697,mejorando,0.642,0.473,0.832639935121652,0.0855
149447231,Urbania,MIRAFLORES,150122,"Calle Acacias - 2 Dormitorios, 01 Cochera y Gran Balcon",Miraflores,617550.0,92.0,6712.5,2,3,1,0.0,10,7748.0,712816.0,0.134,2463.92,,2,87,0.697,mejorando,0.642,0.473,0.832639935121652,0.0855
149167564,Urbania,MIRAFLORES,150122,manuel tovar 340,Miraflores,619000.0,70.0,8842.857142857143,2,2,1,400.0,1,7748.0,542360.0,-0.141,2463.92,,2,87,0.697,mejorando,0.642,0.473,0.832639935121652,0.0855
149177715,Urbania,MIRAFLORES,150122,Av. Grau Cdra1 - 2 Dormitorios y 2 Estacionamientos  80.5m2 Venta Cerca al P. Kennedy,Miraflores,619700.0,80.0,7746.25,2,2,2,300.0,1,7748.0,619840.0,0.0,2463.92,,2,87,0.697,mejorando,0.642,0.473,0.832639935121652,0.0855
149606282,Urbania,MIRAFLORES,150122,Avenida 28 de Julio,Armendariz,623800.0,79.0,7896.202531645569,2,2,0,250.0,1,7748.0,612092.0,-0.019,2463.92,,2,87,0.697,mejorando,0.642,0.473,0.832639935121652,0.0855
144907449,Urbania,MIRAFLORES,150122,Calle Chiclayo,Miraflores,626450.0,90.0,6960.555555555556,2,2,1,300.0,1,7748.0,697320.0,0.102,2463.92,,2,87,0.697,mejorando,0.642,0.473,0.832639935121652,0.0855
148881890,Urbania,MIRAFLORES,150122,Calle Vidal 140 - Dpto Ss03,Miraflores,628250.0,81.0,7756.172839506173,2,2,1,350.0,1,7748.0,627588.0,-0.001,2463.92,,2,87,0.697,mejorando,0.642,0.473,0.832639935121652,0.0855
147855273,Urbania,MIRAFLORES,150122,Av Malecon de la Marina Miraflores,Miraflores,630000.0,65.0,9692.307692307691,1,2,0,0.0,1,7748.0,503620.0,-0.251,2463.92,,2,87,0.697,mejorando,0.642,0.473,0.832639935121652,0.0855
148742535,Urbania,MIRAFLORES,150122,Calle Gonzales Vigil 131,Miraflores,635000.0,107.0,5934.579439252337,3,2,0,180.0,1,7748.0,829036.0,0.234,2463.92,,2,87,0.697,mejorando,0.642,0.473,0.832639935121652,0.0855
149412559,Urbania,MIRAFLORES,150122,Av. José Pardo 1055,Miraflores,642600.0,62.0,10364.516129032258,1,1,1,400.0,1,7748.0,480376.0,-0.338,2463.92,,2,87,0.697,mejorando,0.642,0.473,0.832639935121652,0.0855
148612399,Urbania,MIRAFLORES,150122,C. Colón 132,Miraflores,647500.0,85.0,7617.64705882353,3,2,1,0.0,1,7748.0,658580.0,0.017,2463.92,,2,87,0.697,mejorando,0.642,0.473,0.832639935121652,0.0855
149797734,Urbania,MIRAFLORES,150122,Calle Tripoli,Miraflores,650000.0,121.0,5371.900826446281,3,4,1,480.0,1,7748.0,937508.0,0.307,2463.92,,2,87,0.697,mejorando,0.642,0.473,0.832639935121652,0.0855
148729336,Urbania,MIRAFLORES,150122,Pedro Martinto Cerca al Malecón Paul Harris,Miraflores,653000.0,94.0,6946.808510638298,1,1,1,600.0,1,7748.0,728312.0,0.103,2463.92,,2,87,0.697,mejorando,0.642,0.473,0.832639935121652,0.0855
149052108,Urbania,MIRAFLORES,150122,"Avenida Tomás Marsano, Miraflores.",Miraflores,653250.0,121.0,5398.760330578512,2,2,1,0.0,1,7748.0,937508.0,0.303,2463.92,,2,87,0.697,mejorando,0.642,0.473,0.832639935121652,0.0855
148489089,Urbania,MIRAFLORES,150122,General Vidal,Miraflores,653790.0,90.0,7264.333333333333,3,3,1,340.0,1,7748.0,697320.0,0.062,2463.92,,2,87,0.697,mejorando,0.642,0.473,0.832639935121652,0.0855
149759070,Urbania,MIRAFLORES,150122,Calle Grimaldo del Solar,Leuro,654500.0,68.0,9625.0,2,2,1,275.0,10,7748.0,526864.0,-0.242,2463.92,,2,87,0.697,mejorando,0.642,0.473,0.832639935121652,0.0855
149459965,Urbania,MIRAFLORES,150122,Calle Bajada Balta  al 100,Miraflores,655155.0,93.0,7044.677419354839,3,2,0,0.0,1,7748.0,720564.0,0.091,2463.92,,2,87,0.697,mejorando,0.642,0.473,0.832639935121652,0.0855
147855190,Urbania,MIRAFLORES,150122,Av José Pardo 674,Miraflores,662670.0,116.0,5712.672413793103,2,3,1,370.0,1,7748.0,898768.0,0.263,2463.92,,2,87,0.697,mejorando,0.642,0.473,0.832639935121652,0.0855
149908092,Urbania,MIRAFLORES,150122,Calle Independencia  424,Miraflores,663000.0,91.0,7285.714285714285,2,2,1,0.0,1,7748.0,705068.0,0.06,2463.92,,2,87,0.697,mejorando,0.642,0.473,0.832639935121652,0.0855
148860633,Urbania,MIRAFLORES,150122,Av. La Mar 326 - Dpto 710,Miraflores,663250.0,75.0,8843.333333333334,2,2,0,550.0,1,7748.0,581100.0,-0.141,2463.92,,2,87,0.697,mejorando,0.642,0.473,0.832639935121652,0.0855
148749696,Urbania,MIRAFLORES,150122,Jose Gonzales al 100,Miraflores,668000.0,120.0,5566.666666666667,3,2,1,200.0,1,7748.0,929760.0,0.282,2463.92,,2,87,0.697,mejorando,0.642,0.473,0.832639935121652,0.0855
149400385,Urbania,MIRAFLORES,150122,Avenida Reducto,Miraflores,670000.0,110.0,6090.909090909091,3,3,1,360.0,1,7748.0,852280.0,0.214,2463.92,,2,87,0.697,mejorando,0.642,0.473,0.832639935121652,0.0855
149275929,Urbania,MIRAFLORES,150122,Calle Contralmirante Villar 730 Miraflores,Miraflores,670100.0,90.0,7445.555555555556,3,2,1,380.0,1,7748.0,697320.0,0.039,2463.92,,2,87,0.697,mejorando,0.642,0.473,0.832639935121652,0.0855
146836552,Urbania,MIRAFLORES,150122,Avenida Paseo de la República 6200,Miraflores,678000.0,62.0,10935.483870967742,2,2,1,350.0,1,7748.0,480376.0,-0.411,2463.92,,2,87,0.697,mejorando,0.642,0.473,0.832639935121652,0.0855
147788146,Urbania,MIRAFLORES,150122,Av. Arequipa 4940,Miraflores,693750.0,95.0,7302.631578947368,3,2,1,350.0,1,7748.0,736060.0,0.057,2463.92,,2,87,0.697,mejorando,0.642,0.473,0.832639935121652,0.0855
147525882,Urbania,MIRAFLORES,150122,C. Berlín 351 al 300,Miraflores,695652.0,76.0,9153.315789473685,2,2,1,0.0,1,7748.0,588848.0,-0.181,2463.92,,2,87,0.697,mejorando,0.642,0.473,0.832639935121652,0.0855
147304364,Urbania,MIRAFLORES,150122,Berlin,Miraflores,703500.0,125.0,5628.0,2,2,2,550.0,1,7748.0,968500.0,0.274,2463.92,,2,87,0.697,mejorando,0.642,0.473,0.832639935121652,0.0855
149577977,Urbania,MIRAFLORES,150122,Berlin al 500,Miraflores,706800.0,101.0,6998.019801980198,3,2,1,350.0,1,7748.0,782548.0,0.097,2463.92,,2,87,0.697,mejorando,0.642,0.473,0.832639935121652,0.0855
147364492,Urbania,MIRAFLORES,150122,AV EJERCITO,Miraflores,707000.0,83.0,8518.072289156626,3,2,0,0.0,10,7748.0,643084.0,-0.099,2463.92,,2,87,0.697,mejorando,0.642,0.473,0.832639935121652,0.0855
149494631,Urbania,MIRAFLORES,150122,"Av. Pardo al 1200, Venta Departamento en Miraflores 98 m², 02 Dormitorios, Balcón con Vista al Mar, Cochera y Depósito",Miraflores,714000.0,98.0,7285.714285714285,2,2,1,350.0,1,7748.0,759304.0,0.06,2463.92,,2,87,0.697,mejorando,0.642,0.473,0.832639935121652,0.0855
148436300,Urbania,MIRAFLORES,150122,Avenida Reducto 851,San Antonio,718000.0,92.0,7804.347826086957,2,2,1,450.0,1,7748.0,712816.0,-0.007,2463.92,,2,87,0.697,mejorando,0.642,0.473,0.832639935121652,0.0855
148959922,Urbania,MIRAFLORES,150122,Av de la Aviación al 100,Miraflores,718000.0,91.0,7890.10989010989,2,2,1,580.0,1,7748.0,705068.0,-0.018,2463.92,,2,87,0.697,mejorando,0.642,0.473,0.832639935121652,0.0855
146138550,Urbania,MIRAFLORES,150122,Av Casimiro Ulloa al 400,Miraflores,718000.0,88.0,8159.090909090909,3,2,1,200.0,1,7748.0,681824.0,-0.053,2463.92,,2,87,0.697,mejorando,0.642,0.473,0.832639935121652,0.0855
146884285,Urbania,MIRAFLORES,150122,Independencia,Miraflores,720000.0,93.0,7741.935483870968,2,2,1,400.0,1,7748.0,720564.0,0.001,2463.92,,2,87,0.697,mejorando,0.642,0.473,0.832639935121652,0.0855
148945127,Urbania,MIRAFLORES,150122,Calle Roma 148 Miraflores,Miraflores,724600.0,120.0,6038.333333333333,4,3,1,200.0,1,7748.0,929760.0,0.221,2463.92,,2,87,0.697,mejorando,0.642,0.473,0.832639935121652,0.0855
147271275,Urbania,MIRAFLORES,150122,C. Cantuarias 355,Miraflores,730000.0,87.0,8390.80459770115,2,2,1,300.0,1,7748.0,674076.0,-0.083,2463.92,,2,87,0.697,mejorando,0.642,0.473,0.832639935121652,0.0855
145288060,Urbania,MIRAFLORES,150122,lAS VIÑAS 280,Aurora,730000.0,135.0,5407.407407407408,3,3,2,500.0,1,7748.0,1045980.0,0.302,2463.92,,2,87,0.697,mejorando,0.642,0.473,0.832639935121652,0.0855
149503703,Urbania,MIRAFLORES,150122,Avenida Del Ejército  al 1100,Miraflores,733376.0,84.0,8730.666666666666,2,2,0,0.0,1,7748.0,650832.0,-0.127,2463.92,,2,87,0.697,mejorando,0.642,0.473,0.832639935121652,0.0855
149261517,Urbania,MIRAFLORES,150122,Avenida Paseo de la República al 6200,San Antonio,735640.0,106.0,6940.0,3,2,2,500.0,1,7748.0,821288.0,0.104,2463.92,,2,87,0.697,mejorando,0.642,0.473,0.832639935121652,0.0855
148149363,Urbania,MIRAFLORES,150122,Calle San Martin 836,Miraflores,737750.0,78.0,9458.333333333334,2,2,1,390.0,1,7748.0,604344.0,-0.221,2463.92,,2,87,0.697,mejorando,0.642,0.473,0.832639935121652,0.0855
149845223,Urbania,MIRAFLORES,150122,Grimaldo del Solar al 550,Miraflores,741300.0,86.0,8619.767441860466,2,2,2,420.0,1,7748.0,666328.0,-0.113,2463.92,,2,87,0.697,mejorando,0.642,0.473,0.832639935121652,0.0855
90644136,Urbania,MIRAFLORES,150122,Larco,Miraflores,743000.0,59.0,12593.22033898305,1,2,0,400.0,1,7748.0,457132.0,-0.625,2463.92,,2,87,0.697,mejorando,0.642,0.473,0.832639935121652,0.0855
148756251,Urbania,MIRAFLORES,150122,Av Grau 240,Miraflores,748000.0,86.0,8697.67441860465,2,2,1,240.0,1,7748.0,666328.0,-0.123,2463.92,,2,87,0.697,mejorando,0.642,0.473,0.832639935121652,0.0855
149718000,Urbania,MIRAFLORES,150122,Calle Enrique Palacios 600,Miraflores,752000.0,130.0,5784.615384615385,2,2,1,450.0,1,7748.0,1007240.0,0.253,2463.92,,2,87,0.697,mejorando,0.642,0.473,0.832639935121652,0.0855
149283392,Urbania,MIRAFLORES,150122,Av. Grau al 600 -  2 Dormitorios - 2 Cocheras - 1 Deposito,Miraflores,752400.0,123.0,6117.073170731707,2,2,2,900.0,1,7748.0,953004.0,0.21,2463.92,,2,87,0.697,mejorando,0.642,0.473,0.832639935121652,0.0855
148547636,Urbania,MIRAFLORES,150122,Ca. San Martín 836,Miraflores,752500.0,76.0,9901.315789473685,3,2,2,0.0,1,7748.0,588848.0,-0.278,2463.92,,2,87,0.697,mejorando,0.642,0.473,0.832639935121652,0.0855
149688147,Urbania,MIRAFLORES,150122,Avenida Mariscal La Mar al 800,Miraflores,759330.0,98.0,7748.265306122449,2,2,1,460.0,1,7748.0,759304.0,-0.0,2463.92,,2,87,0.697,mejorando,0.642,0.473,0.832639935121652,0.0855
149471084,Urbania,MIRAFLORES,150122,Avenida la Paz 675,Miraflores,763800.0,123.0,6209.756097560976,3,3,1,403.0,1,7748.0,953004.0,0.199,2463.92,,2,87,0.697,mejorando,0.642,0.473,0.832639935121652,0.0855
147134220,Urbania,MIRAFLORES,150122,Av paseo de la republica,Miraflores,765000.0,102.0,7500.0,3,2,2,1.0,1,7748.0,790296.0,0.032,2463.92,,2,87,0.697,mejorando,0.642,0.473,0.832639935121652,0.0855
149688282,Urbania,MIRAFLORES,150122,Calle Alcanfores,Miraflores,765600.0,125.0,6124.8,3,2,1,400.0,1,7748.0,968500.0,0.209,2463.92,,2,87,0.697,mejorando,0.642,0.473,0.832639935121652,0.0855
149850012,Urbania,MIRAFLORES,150122,"Miraflores Limite Barranco, Piso 6, Vista Calle, Estreno",Miraflores,767566.0,87.0,8822.597701149425,3,2,0,0.0,1,7748.0,674076.0,-0.139,2463.92,,2,87,0.697,mejorando,0.642,0.473,0.832639935121652,0.0855
149777729,Urbania,MIRAFLORES,150122,"Oswaldo Hercelles Cdra 1, Límite con Aurora - Miraflroes",Barrio Medico,778000.0,107.0,7271.028037383177,3,2,1,500.0,1,7748.0,829036.0,0.062,2463.92,,2,87,0.697,mejorando,0.642,0.473,0.832639935121652,0.0855
149452625,Urbania,MIRAFLORES,150122,Av Jose Pardo 570,Miraflores,782043.0,90.0,8689.366666666667,2,2,1,350.0,1,7748.0,697320.0,-0.121,2463.92,,2,87,0.697,mejorando,0.642,0.473,0.832639935121652,0.0855
147364438,Urbania,MIRAFLORES,150122,Bolivar,Miraflores,783000.0,140.0,5592.857142857143,3,2,1,600.0,1,7748.0,1084720.0,0.278,2463.92,,2,87,0.697,mejorando,0.642,0.473,0.832639935121652,0.0855
149511808,Urbania,MIRAFLORES,150122,Av. Arequipa,Miraflores,787050.0,88.0,8943.75,2,2,0,0.0,1,7748.0,681824.0,-0.154,2463.92,,2,87,0.697,mejorando,0.642,0.473,0.832639935121652,0.0855
149234827,Urbania,MIRAFLORES,150122,Av. Arequipa,Miraflores,787250.0,126.0,6248.015873015873,2,3,1,560.0,1,7748.0,976248.0,0.194,2463.92,,2,87,0.697,mejorando,0.642,0.473,0.832639935121652,0.0855
149434659,Urbania,MIRAFLORES,150122,Av. José Pardo 610,Miraflores,787500.0,140.0,5625.0,3,3,1,400.0,1,7748.0,1084720.0,0.274,2463.92,,2,87,0.697,mejorando,0.642,0.473,0.832639935121652,0.0855
149693716,Urbania,MIRAFLORES,150122,General Silva 130,Aurora,805000.0,217.0,3709.6774193548385,3,3,2,180.0,1,7748.0,1681316.0,0.521,2463.92,,2,87,0.697,mejorando,0.642,0.473,0.832639935121652,0.0855
148678460,Urbania,MIRAFLORES,150122,Avenida José Pardo 345,Miraflores,808463.0,155.0,5215.890322580645,3,2,1,375.0,1,7748.0,1200940.0,0.327,2463.92,,2,87,0.697,mejorando,0.642,0.473,0.832639935121652,0.0855
146059313,Urbania,MIRAFLORES,150122,"Av. Santa Cruz 15XX, Miraflores",Santa Cruz,820000.0,76.0,10789.473684210527,2,2,1,350.0,1,7748.0,588848.0,-0.393,2463.92,,2,87,0.697,mejorando,0.642,0.473,0.832639935121652,0.0855
149905127,Urbania,MIRAFLORES,150122,"Venta DE Departamento EN AV. Larco 791, Miraflores  al 791",Miraflores,821000.0,75.0,10946.666666666666,2,2,0,0.0,1,7748.0,581100.0,-0.413,2463.92,,2,87,0.697,mejorando,0.642,0.473,0.832639935121652,0.0855
149716456,Urbania,MIRAFLORES,150122,Domingo Elías al 200,Miraflores,822500.0,121.0,6797.520661157025,3,2,1,575.0,1,7748.0,937508.0,0.123,2463.92,,2,87,0.697,mejorando,0.642,0.473,0.832639935121652,0.0855
149524166,Urbania,MIRAFLORES,150122,Francisco del Castillo 221,San Antonio,822500.0,111.0,7409.90990990991,2,2,1,0.0,10,7748.0,860028.0,0.044,2463.92,,2,87,0.697,mejorando,0.642,0.473,0.832639935121652,0.0855
148984203,Urbania,MIRAFLORES,150122,Calle Ocharán 600,Miraflores,837500.0,110.0,7613.636363636364,2,2,1,550.0,1,7748.0,852280.0,0.017,2463.92,,2,87,0.697,mejorando,0.642,0.473,0.832639935121652,0.0855
149579622,Urbania,MIRAFLORES,150122,Calle Porta,Miraflores,837900.0,81.0,10344.444444444445,2,2,0,0.0,1,7748.0,627588.0,-0.335,2463.92,,2,87,0.697,mejorando,0.642,0.473,0.832639935121652,0.0855
145910522,Urbania,MIRAFLORES,150122,La Mar 1050 Miraflores,Miraflores,843200.0,87.0,9691.954022988506,3,2,1,0.0,1,7748.0,674076.0,-0.251,2463.92,,2,87,0.697,mejorando,0.642,0.473,0.832639935121652,0.0855
149408793,Urbania,MIRAFLORES,150122,Diego Ferré al 300,Miraflores,846600.0,95.0,8911.578947368422,2,2,1,0.0,1,7748.0,736060.0,-0.15,2463.92,,2,87,0.697,mejorando,0.642,0.473,0.832639935121652,0.0855
149640154,Urbania,MIRAFLORES,150122,Armendáriz,Armendariz,846800.0,150.0,5645.333333333333,3,2,0,320.0,1,7748.0,1162200.0,0.271,2463.92,,2,87,0.697,mejorando,0.642,0.473,0.832639935121652,0.0855
149604106,Urbania,MIRAFLORES,150122,Prolongación Arenales Cdra 8 - Moderno Flat Amoblado,Santa Cruz,850000.0,104.0,8173.076923076923,1,2,1,0.0,1,7748.0,805792.0,-0.055,2463.92,,2,87,0.697,mejorando,0.642,0.473,0.832639935121652,0.0855
148777320,Urbania,MIRAFLORES,150122,Av. Arequipa 5100,Miraflores,850000.0,101.0,8415.841584158416,3,2,1,550.0,1,7748.0,782548.0,-0.086,2463.92,,2,87,0.697,mejorando,0.642,0.473,0.832639935121652,0.0855
147580231,Urbania,MIRAFLORES,150122,Coronel Inclán,Miraflores,850000.0,129.0,6589.147286821705,2,3,2,450.0,1,7748.0,999492.0,0.15,2463.92,,2,87,0.697,mejorando,0.642,0.473,0.832639935121652,0.0855
148807192,Urbania,MIRAFLORES,150122,Calle Coronel Inclán,Miraflores,859350.0,129.0,6661.627906976744,2,3,2,420.0,10,7748.0,999492.0,0.14,2463.92,,2,87,0.697,mejorando,0.642,0.473,0.832639935121652,0.0855
148950990,Urbania,MIRAFLORES,150122,Avenida Reducto 1580,Miraflores,860274.0,148.0,5812.6621621621625,3,2,1,450.0,10,7748.0,1146704.0,0.25,2463.92,,2,87,0.697,mejorando,0.642,0.473,0.832639935121652,0.0855
149354150,Urbania,MIRAFLORES,150122,Calle Los Capulies,Aurora,863100.0,105.0,8220.0,2,3,1,220.0,1,7748.0,813540.0,-0.061,2463.92,,2,87,0.697,mejorando,0.642,0.473,0.832639935121652,0.0855
149750554,Urbania,MIRAFLORES,150122,Av. Manuel Villarán 198,Aurora,864500.0,127.0,6807.086614173229,3,3,2,0.0,1,7748.0,983996.0,0.121,2463.92,,2,87,0.697,mejorando,0.642,0.473,0.832639935121652,0.0855
148960289,Urbania,MIRAFLORES,150122,Av. Ricardo Palma 827,Miraflores,873600.0,112.0,7800.0,3,2,0,483.0,1,7748.0,867776.0,-0.007,2463.92,,2,87,0.697,mejorando,0.642,0.473,0.832639935121652,0.0855
148659359,Urbania,MIRAFLORES,150122,Almirante Lord Nelson 320,Miraflores,873600.0,136.0,6423.529411764706,3,2,1,550.0,1,7748.0,1053728.0,0.171,2463.92,,2,87,0.697,mejorando,0.642,0.473,0.832639935121652,0.0855
149524115,Urbania,MIRAFLORES,150122,Francisco del Castillo 221,San Antonio,878500.0,110.0,7986.363636363636,2,2,1,0.0,1,7748.0,852280.0,-0.031,2463.92,,2,87,0.697,mejorando,0.642,0.473,0.832639935121652,0.0855
147788488,Urbania,MIRAFLORES,150122,AV Santa Cruz 1460,Santa Cruz,880000.0,93.0,9462.36559139785,3,2,1,280.0,1,7748.0,720564.0,-0.221,2463.92,,2,87,0.697,mejorando,0.642,0.473,0.832639935121652,0.0855
147275285,Urbania,MIRAFLORES,150122,Coronel Luis Arias Schreiber 230,Miraflores,880600.0,111.0,7933.333333333333,3,2,2,0.0,1,7748.0,860028.0,-0.024,2463.92,,2,87,0.697,mejorando,0.642,0.473,0.832639935121652,0.0855
149356111,Urbania,MIRAFLORES,150122,Avenida José Pardo 510,Miraflores,884000.0,102.0,8666.666666666666,3,2,2,470.0,1,7748.0,790296.0,-0.119,2463.92,,2,87,0.697,mejorando,0.642,0.473,0.832639935121652,0.0855
148078226,Urbania,MIRAFLORES,150122,Av. Roca y Boloña  al  3xx- Dpto 301 - No Paga Alcabala,Aurora,884564.0,105.0,8424.419047619047,3,2,1,420.0,1,7748.0,813540.0,-0.087,2463.92,,2,87,0.697,mejorando,0.642,0.473,0.832639935121652,0.0855
144637104,Urbania,MIRAFLORES,150122,Napanga,Miraflores,901000.0,125.0,7208.0,3,2,2,500.0,1,7748.0,968500.0,0.07,2463.92,,2,87,0.697,mejorando,0.642,0.473,0.832639935121652,0.0855
148733957,Urbania,MIRAFLORES,150122,Avenida Jose Pardo al 1100,Miraflores,904165.0,157.0,5759.012738853503,3,2,1,0.0,1,7748.0,1216436.0,0.257,2463.92,,2,87,0.697,mejorando,0.642,0.473,0.832639935121652,0.0855
149860518,Urbania,MIRAFLORES,150122,Av. Jose Pardo  1453,Miraflores,905397.0,92.0,9841.271739130434,3,2,0,300.0,1,7748.0,712816.0,-0.27,2463.92,,2,87,0.697,mejorando,0.642,0.473,0.832639935121652,0.0855
149743481,Urbania,MIRAFLORES,150122,Calle Piura 11,Miraflores,908700.0,120.0,7572.5,3,3,2,580.0,1,7748.0,929760.0,0.023,2463.92,,2,87,0.697,mejorando,0.642,0.473,0.832639935121652,0.0855
149800842,Urbania,MIRAFLORES,150122,Prolongación Arenales 655,Miraflores,918000.0,136.0,6750.0,3,3,2,500.0,1,7748.0,1053728.0,0.129,2463.92,,2,87,0.697,mejorando,0.642,0.473,0.832639935121652,0.0855
149794141,Urbania,MIRAFLORES,150122,Avenida José Pardo 1078,Miraflores,923400.0,200.0,4617.0,2,1,0,320.0,10,7748.0,1549600.0,0.404,2463.92,,2,87,0.697,mejorando,0.642,0.473,0.832639935121652,0.0855
149905128,Urbania,MIRAFLORES,150122,"Larco, Miraflores  al 791",Miraflores,930000.0,90.0,10333.333333333334,3,2,0,0.0,1,7748.0,697320.0,-0.334,2463.92,,2,87,0.697,mejorando,0.642,0.473,0.832639935121652,0.0855
149688176,Urbania,MIRAFLORES,150122,Calle San Ignacio de Loyola 561,Miraflores,935000.0,121.0,7727.272727272727,3,4,1,350.0,10,7748.0,937508.0,0.003,2463.92,,2,87,0.697,mejorando,0.642,0.473,0.832639935121652,0.0855
149469022,Urbania,MIRAFLORES,150122,Calle Francia - A UNA Cuadra DEL Malecon Cisneros - Cochera Doble Y Deposito,Jose Balta,939600.0,96.0,9787.5,2,2,2,900.0,1,7748.0,743808.0,-0.263,2463.92,,2,87,0.697,mejorando,0.642,0.473,0.832639935121652,0.0855
149682944,Urbania,MIRAFLORES,150122,Avenida Benavides al 200,Miraflores,950000.0,219.0,4337.899543378995,3,3,1,0.0,1,7748.0,1696812.0,0.44,2463.92,,2,87,0.697,mejorando,0.642,0.473,0.832639935121652,0.0855
149687917,Urbania,MIRAFLORES,150122,Calle San Ignacio de Loyola,Miraflores,956000.0,121.0,7900.826446280992,3,2,1,0.0,1,7748.0,937508.0,-0.02,2463.92,,2,87,0.697,mejorando,0.642,0.473,0.832639935121652,0.0855
149110408,Urbania,MIRAFLORES,150122,Calle Francia 834,Miraflores,956300.0,96.0,9961.458333333334,2,2,2,900.0,1,7748.0,743808.0,-0.286,2463.92,,2,87,0.697,mejorando,0.642,0.473,0.832639935121652,0.0855
149796194,Urbania,MIRAFLORES,150122,Av. General Mendiburu,Miraflores,958365.0,118.0,8121.737288135593,3,2,1,480.0,1,7748.0,914264.0,-0.048,2463.92,,2,87,0.697,mejorando,0.642,0.473,0.832639935121652,0.0855
149545759,Urbania,MIRAFLORES,150122,Vía Expresa Luis Bedoya Reyes 6171,Miraflores,973520.0,120.0,8112.666666666667,2,2,2,677.0,1,7748.0,929760.0,-0.047,2463.92,,2,87,0.697,mejorando,0.642,0.473,0.832639935121652,0.0855
148144627,Urbania,MIRAFLORES,150122,AV. DE LA AVIACION N°565,Miraflores,980000.0,80.0,12250.0,2,2,1,650.0,1,7748.0,619840.0,-0.581,2463.92,,2,87,0.697,mejorando,0.642,0.473,0.832639935121652,0.0855
149541857,Urbania,MIRAFLORES,150122,Calle Francisco de Paula Ugarriza 271,San Antonio,985000.0,145.0,6793.103448275862,3,3,2,692.0,10,7748.0,1123460.0,0.123,2463.92,,2,87,0.697,mejorando,0.642,0.473,0.832639935121652,0.0855
147674303,Urbania,MIRAFLORES,150122,"Ca. José Gonzales 463, Miraflores  al 15000",Miraflores,989801.0,170.0,5822.358823529412,3,2,1,0.0,1,7748.0,1317160.0,0.249,2463.92,,2,87,0.697,mejorando,0.642,0.473,0.832639935121652,0.0855
149785682,Urbania,MIRAFLORES,150122,Avenida General Mendiburu al 500,Miraflores,990000.0,133.0,7443.609022556391,3,2,0,600.0,1,7748.0,1030484.0,0.039,2463.92,,2,87,0.697,mejorando,0.642,0.473,0.832639935121652,0.0855
149444044,Urbania,MIRAFLORES,150122,Cerca a Larcomar y Malecón - Balcon - Frente 2do Piso.  2dorm 2 Baños 2 Cocheras,Miraflores,994160.0,111.0,8956.396396396396,3,2,2,0.0,1,7748.0,860028.0,-0.156,2463.92,,2,87,0.697,mejorando,0.642,0.473,0.832639935121652,0.0855
148646076,Urbania,MIRAFLORES,150122,Calle Alcanfores 920,Miraflores,998000.0,125.0,7984.0,2,2,2,550.0,1,7748.0,968500.0,-0.03,2463.92,,2,87,0.697,mejorando,0.642,0.473,0.832639935121652,0.0855
149341738,Urbania,MIRAFLORES,150122,Calle  José Domingo Choquehuanca  al 165,Miraflores,999000.0,131.0,7625.954198473282,2,1,0,0.0,1,7748.0,1014988.0,0.016,2463.92,,2,87,0.697,mejorando,0.642,0.473,0.832639935121652,0.0855
149507282,Urbania,MIRAFLORES,150122,Jose Gonzales al 400,Miraflores,999460.0,132.0,7571.666666666667,2,2,2,0.0,1,7748.0,1022736.0,0.023,2463.92,,2,87,0.697,mejorando,0.642,0.473,0.832639935121652,0.0855
149470827,Urbania,MIRAFLORES,150122,Calle San Ignacio de Loyola,Miraflores,1002700.0,121.0,8286.776859504133,3,4,0,0.0,1,7748.0,937508.0,-0.07,2463.92,,2,87,0.697,mejorando,0.642,0.473,0.832639935121652,0.0855
90530739,Urbania,MIRAFLORES,150122,LORD NELSON 300,Miraflores,1020000.0,144.0,7083.333333333333,2,3,2,800.0,1,7748.0,1115712.0,0.086,2463.92,,2,87,0.697,mejorando,0.642,0.473,0.832639935121652,0.0855
142916567,Urbania,MIRAFLORES,150122,Calle Mariscal Sucre 321,Miraflores,1032000.0,151.0,6834.437086092716,3,2,1,0.0,1,7748.0,1169948.0,0.118,2463.92,,2,87,0.697,mejorando,0.642,0.473,0.832639935121652,0.0855
145855340,Urbania,MIRAFLORES,150122,calle Jose Roman,Aurora,1032300.0,168.0,6144.642857142857,3,3,2,650.0,1,7748.0,1301664.0,0.207,2463.92,,2,87,0.697,mejorando,0.642,0.473,0.832639935121652,0.0855
149421117,Urbania,MIRAFLORES,150122,Calle Madrid,Miraflores,1032500.0,84.0,12291.666666666666,4,3,2,625.0,1,7748.0,650832.0,-0.586,2463.92,,2,87,0.697,mejorando,0.642,0.473,0.832639935121652,0.0855
148800363,Urbania,MIRAFLORES,150122,Calle José Gonzáles 640,Miraflores,1050000.0,136.0,7720.588235294118,2,3,1,0.0,1,7748.0,1053728.0,0.004,2463.92,,2,87,0.697,mejorando,0.642,0.473,0.832639935121652,0.0855
148545597,Urbania,MIRAFLORES,150122,Av Roca Y Boloña 606,Miraflores,1065000.0,162.0,6574.074074074074,4,3,2,0.0,1,7748.0,1255176.0,0.152,2463.92,,2,87,0.697,mejorando,0.642,0.473,0.832639935121652,0.0855
149097945,Urbania,MIRAFLORES,150122,Calle Coronel Inclán,Miraflores,1066400.0,172.0,6200.0,4,3,2,750.0,1,7748.0,1332656.0,0.2,2463.92,,2,87,0.697,mejorando,0.642,0.473,0.832639935121652,0.0855
149341152,Urbania,MIRAFLORES,150122,Calle Jose Domingo Choquehuanca al 165,Miraflores,1068750.0,136.0,7858.455882352941,3,2,0,0.0,1,7748.0,1053728.0,-0.014,2463.92,,2,87,0.697,mejorando,0.642,0.473,0.832639935121652,0.0855
149802065,Urbania,MIRAFLORES,150122,Miraflores,Miraflores,1072000.0,161.0,6658.385093167702,3,3,2,450.0,1,7748.0,1247428.0,0.141,2463.92,,2,87,0.697,mejorando,0.642,0.473,0.832639935121652,0.0855
145916611,Urbania,MIRAFLORES,150122,Calle independencia 1120,Miraflores,1072000.0,154.0,6961.038961038961,3,2,2,700.0,1,7748.0,1193192.0,0.102,2463.92,,2,87,0.697,mejorando,0.642,0.473,0.832639935121652,0.0855
149571055,Urbania,MIRAFLORES,150122,Calle Jose Felix Olcay,Miraflores,1077150.0,111.0,9704.054054054053,2,2,2,450.0,1,7748.0,860028.0,-0.252,2463.92,,2,87,0.697,mejorando,0.642,0.473,0.832639935121652,0.0855
149574964,Urbania,MIRAFLORES,150122,Calle José Gabriel Chariarse 400,San Antonio,1080000.0,162.0,6666.666666666667,3,2,2,550.0,1,7748.0,1255176.0,0.14,2463.92,,2,87,0.697,mejorando,0.642,0.473,0.832639935121652,0.0855
147548762,Urbania,MIRAFLORES,150122,"C. Teniente Coronel Gustavo Escudero Otero 266, Lima 15048",Miraflores,1085000.0,236.0,4597.457627118644,5,5,2,0.0,1,7748.0,1828528.0,0.407,2463.92,,2,87,0.697,mejorando,0.642,0.473,0.832639935121652,0.0855
143350101,Urbania,MIRAFLORES,150122,Grimaldo del Solar,Leuro,1087790.0,125.0,8702.32,2,3,2,550.0,1,7748.0,968500.0,-0.123,2463.92,,2,87,0.697,mejorando,0.642,0.473,0.832639935121652,0.0855
149847218,Urbania,MIRAFLORES,150122,Calle Comandante Donovan,Malecon Reserva,1095000.0,203.0,5394.088669950739,3,2,2,950.0,1,7748.0,1572844.0,0.304,2463.92,,2,87,0.697,mejorando,0.642,0.473,0.832639935121652,0.0855
148534056,Urbania,MIRAFLORES,150122,bolognesi,Bolognesi,1100000.0,121.0,9090.90909090909,3,2,1,800.0,1,7748.0,937508.0,-0.173,2463.92,,2,87,0.697,mejorando,0.642,0.473,0.832639935121652,0.0855
147666817,Urbania,MIRAFLORES,150122,AVENIDA LARCO,Miraflores,1115000.0,92.0,12119.565217391304,3,2,0,0.0,1,7748.0,712816.0,-0.564,2463.92,,2,87,0.697,mejorando,0.642,0.473,0.832639935121652,0.0855
149554217,Urbania,MIRAFLORES,150122,Av. Santa Cruz al 1000,Miraflores,1118600.0,123.0,9094.30894308943,2,2,1,783.0,1,7748.0,953004.0,-0.174,2463.92,,2,87,0.697,mejorando,0.642,0.473,0.832639935121652,0.0855
149190102,Urbania,MIRAFLORES,150122,Calle Julián Arias Aragüez 425,San Antonio,1120000.0,132.0,8484.848484848484,3,3,0,340.0,1,7748.0,1022736.0,-0.095,2463.92,,2,87,0.697,mejorando,0.642,0.473,0.832639935121652,0.0855
149904045,Urbania,MIRAFLORES,150122,Calle Jorge Vanderghen 438,Santa Cruz,1122000.0,125.0,8976.0,2,2,2,0.0,1,7748.0,968500.0,-0.158,2463.92,,2,87,0.697,mejorando,0.642,0.473,0.832639935121652,0.0855
149897802,Urbania,MIRAFLORES,150122,Vista al Mar - Restaurante - Sede Miraflores,Miraflores,1138400.0,166.0,6857.831325301205,3,2,0,0.0,10,7748.0,1286168.0,0.115,2463.92,,2,87,0.697,mejorando,0.642,0.473,0.832639935121652,0.0855
149870194,Urbania,MIRAFLORES,150122,Calle General Iglesias  715,Miraflores,1149200.0,185.0,6211.891891891892,2,3,1,0.0,10,7748.0,1433380.0,0.198,2463.92,,2,87,0.697,mejorando,0.642,0.473,0.832639935121652,0.0855
148623645,Urbania,MIRAFLORES,150122,El Rosario,Miraflores,1152600.0,146.0,7894.520547945205,3,2,2,850.0,1,7748.0,1131208.0,-0.019,2463.92,,2,87,0.697,mejorando,0.642,0.473,0.832639935121652,0.0855
149751779,Urbania,MIRAFLORES,150122,Calle Almirante Lord Nelson 268,Miraflores,1155000.0,190.0,6078.9473684210525,2,3,2,750.0,1,7748.0,1472120.0,0.215,2463.92,,2,87,0.697,mejorando,0.642,0.473,0.832639935121652,0.0855
149672880,Urbania,MIRAFLORES,150122,Calle Bolognesi,Miraflores,1155600.0,165.0,7003.636363636364,3,3,1,650.0,1,7748.0,1278420.0,0.096,2463.92,,2,87,0.697,mejorando,0.642,0.473,0.832639935121652,0.0855
145935601,Urbania,MIRAFLORES,150122,PLACENCIA,El Rosal,1162500.0,210.0,5535.714285714285,4,3,1,200.0,1,7748.0,1627080.0,0.286,2463.92,,2,87,0.697,mejorando,0.642,0.473,0.832639935121652,0.0855
149764976,Urbania,MIRAFLORES,150122,Calle San Martín,Miraflores,1190000.0,205.0,5804.878048780488,4,3,2,420.0,1,7748.0,1588340.0,0.251,2463.92,,2,87,0.697,mejorando,0.642,0.473,0.832639935121652,0.0855
149225256,Urbania,MIRAFLORES,150122,José Del Llano Zapata,Miraflores,1197000.0,150.0,7980.0,2,2,3,600.0,1,7748.0,1162200.0,-0.03,2463.92,,2,87,0.697,mejorando,0.642,0.473,0.832639935121652,0.0855
149260406,Urbania,MIRAFLORES,150122,Av. 28 de Julio,Miraflores,1207500.0,161.0,7500.0,3,4,2,0.0,1,7748.0,1247428.0,0.032,2463.92,,2,87,0.697,mejorando,0.642,0.473,0.832639935121652,0.0855
149519816,Urbania,MIRAFLORES,150122,Ernesto Diez Canseco,Miraflores,1217000.0,208.0,5850.961538461538,3,2,2,716.0,1,7748.0,1611584.0,0.245,2463.92,,2,87,0.697,mejorando,0.642,0.473,0.832639935121652,0.0855
148900423,Urbania,MIRAFLORES,150122,Jose Gonzales 787 al 700,Miraflores,1222415.0,305.0,4007.9180327868853,3,4,1,0.0,10,7748.0,2363140.0,0.483,2463.92,,2,87,0.697,mejorando,0.642,0.473,0.832639935121652,0.0855
144022003,Urbania,MIRAFLORES,150122,"Av Mariscal Sucre 4XX, Miraflores",Santa Cruz,1224000.0,184.0,6652.173913043478,3,3,2,990.0,1,7748.0,1425632.0,0.141,2463.92,,2,87,0.697,mejorando,0.642,0.473,0.832639935121652,0.0855
148739925,Urbania,MIRAFLORES,150122,Calle Contralmirante Villar 384,Miraflores,1231200.0,183.0,6727.868852459016,3,2,2,750.0,1,7748.0,1417884.0,0.132,2463.92,,2,87,0.697,mejorando,0.642,0.473,0.832639935121652,0.0855
149774030,Urbania,MIRAFLORES,150122,Av. Jorge Chávez - Miraflores,Miraflores,1241000.0,236.0,5258.474576271186,4,2,2,450.0,1,7748.0,1828528.0,0.321,2463.92,,2,87,0.697,mejorando,0.642,0.473,0.832639935121652,0.0855
149775870,Urbania,MIRAFLORES,150122,Calle Mariscal Sucre 430,Santa Cruz,1245600.0,184.0,6769.565217391304,2,3,2,950.0,1,7748.0,1425632.0,0.126,2463.92,,2,87,0.697,mejorando,0.642,0.473,0.832639935121652,0.0855
149057528,Urbania,MIRAFLORES,150122,Calle José Gonzáles 626,Miraflores,1251200.0,121.0,10340.495867768595,3,3,2,550.0,1,7748.0,937508.0,-0.335,2463.92,,2,87,0.697,mejorando,0.642,0.473,0.832639935121652,0.0855
149705055,Urbania,MIRAFLORES,150122,Avenida General Córdova 215,Miraflores,1275000.0,136.0,9375.0,4,3,1,800.0,1,7748.0,1053728.0,-0.21,2463.92,,2,87,0.697,mejorando,0.642,0.473,0.832639935121652,0.0855
149440234,Urbania,MIRAFLORES,150122,Av Roca y Boloña,Miraflores,1292000.0,240.0,5383.333333333333,3,2,2,600.0,1,7748.0,1859520.0,0.305,2463.92,,2,87,0.697,mejorando,0.642,0.473,0.832639935121652,0.0855
147697770,Urbania,MIRAFLORES,150122,AURORA MIRAFLORES,Aurora,1306500.0,152.0,8595.394736842105,3,2,0,500.0,1,7748.0,1177696.0,-0.109,2463.92,,2,87,0.697,mejorando,0.642,0.473,0.832639935121652,0.0855
149049746,Urbania,MIRAFLORES,150122,C. Roma 314,Miraflores,1330000.0,134.0,9925.373134328358,2,2,2,0.0,1,7748.0,1038232.0,-0.281,2463.92,,2,87,0.697,mejorando,0.642,0.473,0.832639935121652,0.0855
149608236,Urbania,MIRAFLORES,150122,Miraflores,Miraflores,1346360.0,155.0,8686.193548387097,3,2,1,0.0,1,7748.0,1200940.0,-0.121,2463.92,,2,87,0.697,mejorando,0.642,0.473,0.832639935121652,0.0855
148250682,Urbania,MIRAFLORES,150122,Malecon de la Marina,Miraflores,1358000.0,155.0,8761.290322580646,3,3,0,700.0,10,7748.0,1200940.0,-0.131,2463.92,,2,87,0.697,mejorando,0.642,0.473,0.832639935121652,0.0855
148040705,Urbania,MIRAFLORES,150122,"Calle Independencia, Miraflores",Miraflores,1388000.0,146.0,9506.849315068494,3,2,2,700.0,1,7748.0,1131208.0,-0.227,2463.92,,2,87,0.697,mejorando,0.642,0.473,0.832639935121652,0.0855
149193079,Urbania,MIRAFLORES,150122,Avenida Paseo de la República 6255,Miraflores,1410000.0,225.0,6266.666666666667,3,3,2,850.0,10,7748.0,1743300.0,0.191,2463.92,,2,87,0.697,mejorando,0.642,0.473,0.832639935121652,0.0855
149234243,Urbania,MIRAFLORES,150122,Avenida Manuel Villarán 387,Aurora,1418600.0,381.0,3723.3595800524936,3,3,1,700.0,1,7748.0,2951988.0,0.519,2463.92,,2,87,0.697,mejorando,0.642,0.473,0.832639935121652,0.0855
149506232,Urbania,MIRAFLORES,150122,Calle  General Mendiburu  585,Miraflores,1428000.0,237.0,6025.316455696203,3,3,2,0.0,1,7748.0,1836276.0,0.222,2463.92,,2,87,0.697,mejorando,0.642,0.473,0.832639935121652,0.0855
148144312,Urbania,MIRAFLORES,150122,AV. DE LA AVIACION N°565,Miraflores,1431500.0,135.0,10603.703703703704,3,2,1,700.0,1,7748.0,1045980.0,-0.369,2463.92,,2,87,0.697,mejorando,0.642,0.473,0.832639935121652,0.0855
149524339,Urbania,MIRAFLORES,150122,Francisco del Castillo 221,San Antonio,1435000.0,212.0,6768.867924528302,3,2,1,0.0,1,7748.0,1642576.0,0.126,2463.92,,2,87,0.697,mejorando,0.642,0.473,0.832639935121652,0.0855
149870233,Urbania,MIRAFLORES,150122,Malecón Balta 790,Miraflores,1470000.0,180.0,8166.666666666667,3,3,3,700.0,1,7748.0,1394640.0,-0.054,2463.92,,2,87,0.697,mejorando,0.642,0.473,0.832639935121652,0.0855
148487895,Urbania,MIRAFLORES,150122,"Calle Francia, Miraflores.  Muy Cerca al Faro de Miraflores.",Miraflores,1474000.0,164.0,8987.80487804878,2,3,2,900.0,1,7748.0,1270672.0,-0.16,2463.92,,2,87,0.697,mejorando,0.642,0.473,0.832639935121652,0.0855
148221186,Urbania,MIRAFLORES,150122,Calle San Fernando 421,Miraflores,1485000.0,225.0,6600.0,3,3,2,875.0,1,7748.0,1743300.0,0.148,2463.92,,2,87,0.697,mejorando,0.642,0.473,0.832639935121652,0.0855
146905624,Urbania,MIRAFLORES,150122,CALLE TRIPOLI 255,Malecón Cisneros,1500000.0,190.0,7894.736842105263,3,3,2,600.0,1,7748.0,1472120.0,-0.019,2463.92,,2,87,0.697,mejorando,0.642,0.473,0.832639935121652,0.0855
149833105,Urbania,MIRAFLORES,150122,Malecon de la Marina,Miraflores,1500750.0,156.0,9620.192307692309,3,4,1,700.0,1,7748.0,1208688.0,-0.242,2463.92,,2,87,0.697,mejorando,0.642,0.473,0.832639935121652,0.0855
149431141,Urbania,MIRAFLORES,150122,"Avenida Jose Pardo 1, Piso 3, Miraflores",Santa Cruz,1507500.0,175.0,8614.285714285714,3,3,2,0.0,1,7748.0,1355900.0,-0.112,2463.92,,2,87,0.697,mejorando,0.642,0.473,0.832639935121652,0.0855
148896187,Urbania,MIRAFLORES,150122,Por Parque Tradiciones y Reducto 2 | Pent-house 3 Dorm-2 Estac-terraza-jacuzzi,San Antonio,1507500.0,291.0,5180.412371134021,3,3,2,600.0,1,7748.0,2254668.0,0.331,2463.92,,2,87,0.697,mejorando,0.642,0.473,0.832639935121652,0.0855
149581745,Urbania,MIRAFLORES,150122,Calle Alfredo Salazar,Miraflores,1518000.0,204.0,7441.176470588235,3,3,3,1000.0,1,7748.0,1580592.0,0.04,2463.92,,2,87,0.697,mejorando,0.642,0.473,0.832639935121652,0.0855
149566906,Urbania,MIRAFLORES,150122,Malecón de la Reserva 575,Miraflores,1526000.0,207.0,7371.980676328502,3,2,1,700.0,1,7748.0,1603836.0,0.049,2463.92,,2,87,0.697,mejorando,0.642,0.473,0.832639935121652,0.0855
149258184,Urbania,MIRAFLORES,150122,"Tripoli, Miraflores",Miraflores,1532287.0,187.0,8194.048128342247,3,2,2,0.0,1,7748.0,1448876.0,-0.058,2463.92,,2,87,0.697,mejorando,0.642,0.473,0.832639935121652,0.0855
143026485,Urbania,MIRAFLORES,150122,Independencia,Miraflores,1537500.0,256.0,6005.859375,3,2,2,600.0,1,7748.0,1983488.0,0.225,2463.92,,2,87,0.697,mejorando,0.642,0.473,0.832639935121652,0.0855
149826942,Urbania,MIRAFLORES,150122,Calle Independencia Cuadra 12 Primer Piso,Miraflores,1543500.0,188.0,8210.106382978724,3,3,2,450.0,1,7748.0,1456624.0,-0.06,2463.92,,2,87,0.697,mejorando,0.642,0.473,0.832639935121652,0.0855
149473370,Urbania,MIRAFLORES,150122,José Del Llano Zapata 340 181.90m2 con 03 Cocheras y 03 Dormitorios,Miraflores,1571500.0,181.0,8682.32044198895,3,4,3,0.0,1,7748.0,1402388.0,-0.121,2463.92,,2,87,0.697,mejorando,0.642,0.473,0.832639935121652,0.0855
147237204,Urbania,MIRAFLORES,150122,AVENIDA DE LA AVIACION 565,Miraflores,1573410.0,158.0,9958.291139240506,3,2,1,0.0,1,7748.0,1224184.0,-0.285,2463.92,,2,87,0.697,mejorando,0.642,0.473,0.832639935121652,0.0855
148239521,Urbania,MIRAFLORES,150122,"Calle Chiclayo 346, Miraflores",Miraflores,1577743.0,227.0,6950.409691629956,3,3,0,0.0,10,7748.0,1758796.0,0.103,2463.92,,2,87,0.697,mejorando,0.642,0.473,0.832639935121652,0.0855
149847391,Urbania,MIRAFLORES,150122,Malecon de la Marina,Miraflores,1584400.0,155.0,10221.935483870968,3,3,0,700.0,1,7748.0,1200940.0,-0.319,2463.92,,2,87,0.697,mejorando,0.642,0.473,0.832639935121652,0.0855
148610224,Urbania,MIRAFLORES,150122,Av. Angamos Oeste,Miraflores,1601300.0,198.0,8087.373737373738,3,3,3,0.0,1,7748.0,1534104.0,-0.044,2463.92,,2,87,0.697,mejorando,0.642,0.473,0.832639935121652,0.0855
149791089,Urbania,MIRAFLORES,150122,Calle Manco Cápac al 500,Miraflores,1621500.0,272.0,5961.39705882353,3,3,2,1400.0,1,7748.0,2107456.0,0.231,2463.92,,2,87,0.697,mejorando,0.642,0.473,0.832639935121652,0.0855
149343835,Urbania,MIRAFLORES,150122,Departamento Completamente Remodelado en Mirasidro,Miraflores,1625000.0,198.0,8207.070707070707,3,3,3,1000.0,1,7748.0,1534104.0,-0.059,2463.92,,2,87,0.697,mejorando,0.642,0.473,0.832639935121652,0.0855
149701581,Urbania,MIRAFLORES,150122,Malecon de la Marina,Miraflores,1631000.0,155.0,10522.58064516129,3,3,0,0.0,1,7748.0,1200940.0,-0.358,2463.92,,2,87,0.697,mejorando,0.642,0.473,0.832639935121652,0.0855
149379997,Urbania,MIRAFLORES,150122,Malecón Cisneros,Miraflores,1650000.0,203.0,8128.07881773399,3,2,2,850.0,1,7748.0,1572844.0,-0.049,2463.92,,2,87,0.697,mejorando,0.642,0.473,0.832639935121652,0.0855
147788508,Urbania,MIRAFLORES,150122,Malecon Cisneros,Jose Balta,1668750.0,205.0,8140.243902439024,3,3,2,800.0,1,7748.0,1588340.0,-0.051,2463.92,,2,87,0.697,mejorando,0.642,0.473,0.832639935121652,0.0855
149444402,Urbania,MIRAFLORES,150122,Leonidas Avendaño Cdra 1 - Cerca a Parque Meliton Porras,Miraflores,1680000.0,208.0,8076.923076923077,3,2,2,1450.0,1,7748.0,1611584.0,-0.042,2463.92,,2,87,0.697,mejorando,0.642,0.473,0.832639935121652,0.0855
149177671,Urbania,MIRAFLORES,150122,Calle José Sabogal,Aurora,1690000.0,211.0,8009.478672985782,3,3,3,0.0,1,7748.0,1634828.0,-0.034,2463.92,,2,87,0.697,mejorando,0.642,0.473,0.832639935121652,0.0855
149832891,Urbania,MIRAFLORES,150122,Malecon de la Marina,Miraflores,1693950.0,156.0,10858.653846153846,3,3,2,700.0,1,7748.0,1208688.0,-0.401,2463.92,,2,87,0.697,mejorando,0.642,0.473,0.832639935121652,0.0855
149866615,Urbania,MIRAFLORES,150122,Calle Manuel de Freyre Santander  al 100,Miraflores,1696600.0,400.0,4241.5,3,3,2,0.0,1,7748.0,3099200.0,0.453,2463.92,,2,87,0.697,mejorando,0.642,0.473,0.832639935121652,0.0855
148615343,Urbania,MIRAFLORES,150122,Av. 28 de Julio 611,Miraflores,1715000.0,426.0,4025.8215962441313,4,3,3,0.0,1,7748.0,3300648.0,0.48,2463.92,,2,87,0.697,mejorando,0.642,0.473,0.832639935121652,0.0855
149237061,Urbania,MIRAFLORES,150122,Sargento William Arias Robles Cdra 1 Piso 2,Aurora,1735000.0,218.0,7958.715596330275,3,3,3,850.0,1,7748.0,1689064.0,-0.027,2463.92,,2,87,0.697,mejorando,0.642,0.473,0.832639935121652,0.0855
4194637,Urbania,MIRAFLORES,150122,MALECÓN 28 DE JULIO,Miraflores,1786100.0,360.0,4961.388888888889,3,3,2,1000.0,1,7748.0,2789280.0,0.36,2463.92,,2,87,0.697,mejorando,0.642,0.473,0.832639935121652,0.0855
149446597,Urbania,MIRAFLORES,150122,Malecón Cisneros 238,Miraflores,1794000.0,200.0,8970.0,3,2,2,694.0,1,7748.0,1549600.0,-0.158,2463.92,,2,87,0.697,mejorando,0.642,0.473,0.832639935121652,0.0855
149869196,Urbania,MIRAFLORES,150122,Av. Malecón de La Marina 400 - Dpto 702,Miraflores,1850700.0,155.0,11940.0,3,3,2,900.0,1,7748.0,1200940.0,-0.541,2463.92,,2,87,0.697,mejorando,0.642,0.473,0.832639935121652,0.0855
4286342,Urbania,MIRAFLORES,150122,Av. Ernesto Montagne 100,Aurora,1864500.0,197.0,9464.467005076142,3,3,2,0.0,1,7748.0,1526356.0,-0.222,2463.92,,2,87,0.697,mejorando,0.642,0.473,0.832639935121652,0.0855
149085521,Urbania,MIRAFLORES,150122,Malecón 28 de Julio,Miraflores,1883618.0,295.0,6385.145762711864,5,5,2,0.0,10,7748.0,2285660.0,0.176,2463.92,,2,87,0.697,mejorando,0.642,0.473,0.832639935121652,0.0855
148558863,Urbania,MIRAFLORES,150122,C. Manuel Tovar,Miraflores,1906150.0,359.0,5309.610027855153,4,3,2,0.0,1,7748.0,2781532.0,0.315,2463.92,,2,87,0.697,mejorando,0.642,0.473,0.832639935121652,0.0855
149871049,Urbania,MIRAFLORES,150122,Tupac Amaru,Miraflores,1914000.0,264.0,7250.0,3,3,2,0.0,1,7748.0,2045472.0,0.064,2463.92,,2,87,0.697,mejorando,0.642,0.473,0.832639935121652,0.0855
148968391,Urbania,MIRAFLORES,150122,Malecón Cisneros,Miraflores,1921000.0,240.0,8004.166666666667,3,3,2,859.0,1,7748.0,1859520.0,-0.033,2463.92,,2,87,0.697,mejorando,0.642,0.473,0.832639935121652,0.0855
148206054,Urbania,MIRAFLORES,150122,"Calle Toribio Pacheco, Miraflores",Miraflores,1988000.0,296.0,6716.216216216216,3,3,2,900.0,1,7748.0,2293408.0,0.133,2463.92,,2,87,0.697,mejorando,0.642,0.473,0.832639935121652,0.0855
148082150,Urbania,MIRAFLORES,150122,C. Miguel Aljovin 238,San Antonio,1995000.0,326.0,6119.631901840491,4,4,2,0.0,1,7748.0,2525848.0,0.21,2463.92,,2,87,0.697,mejorando,0.642,0.473,0.832639935121652,0.0855
149862954,Urbania,MIRAFLORES,150122,Calle Juan José Calle,Aurora,2001000.0,241.0,8302.904564315353,4,3,2,0.0,10,7748.0,1867268.0,-0.072,2463.92,,2,87,0.697,mejorando,0.642,0.473,0.832639935121652,0.0855
149809399,Urbania,MIRAFLORES,150122,Malecon de la Marina,Miraflores,2035000.0,190.0,10710.526315789473,3,2,2,810.0,1,7748.0,1472120.0,-0.382,2463.92,,2,87,0.697,mejorando,0.642,0.473,0.832639935121652,0.0855
149278389,Urbania,MIRAFLORES,150122,Calle Parque Armendáriz,Miraflores,2086200.0,204.0,10226.470588235294,3,3,2,1000.0,1,7748.0,1580592.0,-0.32,2463.92,,2,87,0.697,mejorando,0.642,0.473,0.832639935121652,0.0855
147353584,Urbania,MIRAFLORES,150122,Malecon Cisneros,Malecón Cisneros,2108000.0,193.0,10922.279792746114,3,2,2,850.0,1,7748.0,1495364.0,-0.41,2463.92,,2,87,0.697,mejorando,0.642,0.473,0.832639935121652,0.0855
148868963,Urbania,MIRAFLORES,150122,Malecón Cisneros,Miraflores,2110500.0,236.0,8942.796610169491,3,4,3,1200.0,1,7748.0,1828528.0,-0.154,2463.92,,2,87,0.697,mejorando,0.642,0.473,0.832639935121652,0.0855
149779153,Urbania,MIRAFLORES,150122,Chiclayo  al 1100,Miraflores,2128500.0,255.0,8347.058823529413,4,5,2,600.0,10,7748.0,1975740.0,-0.077,2463.92,,2,87,0.697,mejorando,0.642,0.473,0.832639935121652,0.0855
149355392,Urbania,MIRAFLORES,150122,Calle Mariscal Sucre 343,Miraflores,2147200.0,215.0,9986.976744186046,3,3,2,1300.0,1,7748.0,1665820.0,-0.289,2463.92,,2,87,0.697,mejorando,0.642,0.473,0.832639935121652,0.0855
4412841,Urbania,MIRAFLORES,150122,Parque Villena,Santa Cruz,2170800.0,303.0,7164.3564356435645,4,4,2,1200.0,1,7748.0,2347644.0,0.075,2463.92,,2,87,0.697,mejorando,0.642,0.473,0.832639935121652,0.0855
149868587,Urbania,MIRAFLORES,150122,Calle Manuel Tovar,Miraflores,2242500.0,350.0,6407.142857142857,3,4,2,1600.0,1,7748.0,2711800.0,0.173,2463.92,,2,87,0.697,mejorando,0.642,0.473,0.832639935121652,0.0855
149561378,Urbania,MIRAFLORES,150122,San Andrés 109,Miraflores,2242500.0,362.0,6194.751381215469,4,4,3,1800.0,1,7748.0,2804776.0,0.2,2463.92,,2,87,0.697,mejorando,0.642,0.473,0.832639935121652,0.0855
149217783,Urbania,MIRAFLORES,150122,El Rosario,Santa Cruz,2278000.0,212.0,10745.283018867925,3,4,2,1500.0,1,7748.0,1642576.0,-0.387,2463.92,,2,87,0.697,mejorando,0.642,0.473,0.832639935121652,0.0855
4592814,Urbania,MIRAFLORES,150122,Calle Italia,Miraflores,2325000.0,244.0,9528.688524590163,3,3,0,850.0,1,7748.0,1890512.0,-0.23,2463.92,,2,87,0.697,mejorando,0.642,0.473,0.832639935121652,0.0855
149542370,Urbania,MIRAFLORES,150122,La Paz,Miraflores,2460100.0,266.0,9248.496240601504,3,3,3,1000.0,1,7748.0,2060968.0,-0.194,2463.92,,2,87,0.697,mejorando,0.642,0.473,0.832639935121652,0.0855
148711313,Urbania,MIRAFLORES,150122,"Malecón Pedro de Osma 1, Piso 3, Barranco",Malecon Reserva,2747000.0,286.0,9604.895104895106,3,4,3,0.0,1,7748.0,2215928.0,-0.24,2463.92,,2,87,0.697,mejorando,0.642,0.473,0.832639935121652,0.0855
146913431,Urbania,MIRAFLORES,150122,Santa Ana,Malecon Armendariz,2765000.0,534.0,5177.902621722847,5,5,2,0.0,1,7748.0,4137432.0,0.332,2463.92,,2,87,0.697,mejorando,0.642,0.473,0.832639935121652,0.0855
148699132,Urbania,MIRAFLORES,150122,Malecón Cisneros,Miraflores,2780500.0,428.0,6496.4953271028035,3,2,2,1365000.0,1,7748.0,3316144.0,0.162,2463.92,,2,87,0.697,mejorando,0.642,0.473,0.832639935121652,0.0855
147698723,Urbania,MIRAFLORES,150122,Calle San Ignacio de Loyola,Miraflores,2805600.0,288.0,9741.666666666666,4,3,4,1361.0,10,7748.0,2231424.0,-0.257,2463.92,,2,87,0.697,mejorando,0.642,0.473,0.832639935121652,0.0855
147671640,Urbania,MIRAFLORES,150122,Avenida Angamos,Miraflores,3024000.0,261.0,11586.206896551725,4,4,2,1500.0,1,7748.0,2022228.0,-0.495,2463.92,,2,87,0.697,mejorando,0.642,0.473,0.832639935121652,0.0855
149273640,Urbania,MIRAFLORES,150122,Jose Gonzales  al 600,Miraflores,3071250.0,432.0,7109.375,4,5,2,1650.0,1,7748.0,3347136.0,0.082,2463.92,,2,87,0.697,mejorando,0.642,0.473,0.832639935121652,0.0855
146281815,Urbania,MIRAFLORES,150122,Ignacio Merino,Miraflores,3173400.0,250.0,12693.6,3,3,2,0.0,1,7748.0,1937000.0,-0.638,2463.92,,2,87,0.697,mejorando,0.642,0.473,0.832639935121652,0.0855
149662576,Urbania,MIRAFLORES,150122,lord cochrane 436 miraflores,Miraflores,3285000.0,257.0,12782.101167315175,3,3,3,1400.0,1,7748.0,1991236.0,-0.65,2463.92,,2,87,0.697,mejorando,0.642,0.473,0.832639935121652,0.0855
149014352,Urbania,MIRAFLORES,150122,Armendariz,Miraflores,3350000.0,482.0,6950.207468879668,3,6,0,0.0,1,7748.0,3734536.0,0.103,2463.92,,2,87,0.697,mejorando,0.642,0.473,0.832639935121652,0.0855
143554697,Urbania,MIRAFLORES,150122,Triana 2xx,Miraflores,3432750.0,300.0,11442.5,4,4,3,1000.0,1,7748.0,2324400.0,-0.477,2463.92,,2,87,0.697,mejorando,0.642,0.473,0.832639935121652,0.0855
142990768,Urbania,MIRAFLORES,150122,MALECON DE LA MARINA,Malecon Marina,3740800.0,515.0,7263.689320388349,3,4,2,2800.0,1,7748.0,3990220.0,0.063,2463.92,,2,87,0.697,mejorando,0.642,0.473,0.832639935121652,0.0855
4004438,Urbania,MIRAFLORES,150122,Malecón Cisneros 7xx,Miraflores,4420000.0,361.0,12243.76731301939,4,5,2,1800.0,1,7748.0,2797028.0,-0.58,2463.92,,2,87,0.697,mejorando,0.642,0.473,0.832639935121652,0.0855
149346478,Urbania,MIRAFLORES,150122,Malecón Cisneros,Malecón Cisneros,4550000.0,361.0,12603.87811634349,4,4,2,0.0,1,7748.0,2797028.0,-0.627,2463.92,,2,87,0.697,mejorando,0.642,0.473,0.832639935121652,0.0855
90585987,Urbania,MIRAFLORES,150122,Malecón Cisneros 740,Miraflores,4623000.0,545.0,8482.56880733945,5,5,3,1965.0,1,7748.0,4222660.0,-0.095,2463.92,,2,87,0.697,mejorando,0.642,0.473,0.832639935121652,0.0855
148816457,Urbania,MIRAFLORES,150122,Malecón Cisneros,Miraflores,4857500.0,545.0,8912.844036697248,5,5,3,1800.0,10,7748.0,4222660.0,-0.15,2463.92,,2,87,0.697,mejorando,0.642,0.473,0.832639935121652,0.0855
148032504,Urbania,PUEBLO LIBRE,150121,Parque Santa María,Pueblo Libre,233000.0,38.0,6131.578947368421,1,1,1,0.0,1,6248.0,237424.0,0.019,1875.0,,8,264,0.238,empeorando,0.602,0.682,0.833694777634525,0.779682
149009269,Urbania,PUEBLO LIBRE,150121,AV DE LA MARINA 238,Pueblo Libre,249690.0,45.0,5548.666666666667,1,1,0,0.0,1,6248.0,281160.0,0.112,1875.0,,8,264,0.238,empeorando,0.602,0.682,0.833694777634525,0.779682
148635967,Urbania,PUEBLO LIBRE,150121,Av. Manuel Cipriano Dulanto 2047,La Mar,250000.0,52.0,4807.692307692308,1,1,0,90.0,1,6248.0,324896.0,0.231,1875.0,,8,264,0.238,empeorando,0.602,0.682,0.833694777634525,0.779682
149613946,Urbania,PUEBLO LIBRE,150121,Av. Mariano H. Cornejo,Pueblo Libre,253820.0,41.0,6190.731707317073,1,1,0,0.0,10,6248.0,256168.0,0.009,1875.0,,8,264,0.238,empeorando,0.602,0.682,0.833694777634525,0.779682
149909390,Urbania,PUEBLO LIBRE,150121,Av Antonio José de Sucre 1150,Pueblo Libre,256650.0,74.0,3468.2432432432433,3,1,0,0.0,10,6248.0,462352.0,0.445,1875.0,,8,264,0.238,empeorando,0.602,0.682,0.833694777634525,0.779682
148513716,Urbania,PUEBLO LIBRE,150121,"Calle Virrey Manuel Guirior Cdra. 10, Pueblo Libre",Pueblo Libre,258750.0,45.0,5750.0,1,1,0,100.0,10,6248.0,281160.0,0.08,1875.0,,8,264,0.238,empeorando,0.602,0.682,0.833694777634525,0.779682
148968390,Urbania,PUEBLO LIBRE,150121,Av. Del Río 257 - Dpto 1403,Pueblo Libre,259900.0,34.0,7644.117647058823,1,1,0,250.0,1,6248.0,212432.0,-0.223,1875.0,,8,264,0.238,empeorando,0.602,0.682,0.833694777634525,0.779682
149483177,Urbania,PUEBLO LIBRE,150121,Virrey Manuel M. De Guirior Cdra 10 - Dpto DE 2 Habs  Pueblo Libre,Pueblo Libre,262200.0,44.0,5959.090909090909,2,1,0,100.0,1,6248.0,274912.0,0.046,1875.0,,8,264,0.238,empeorando,0.602,0.682,0.833694777634525,0.779682
148112802,Urbania,PUEBLO LIBRE,150121,Manuel Ugarteche,Pueblo Libre,264271.0,39.0,6776.179487179487,1,1,0,0.0,1,6248.0,243672.0,-0.085,1875.0,,8,264,0.238,empeorando,0.602,0.682,0.833694777634525,0.779682
143529623,Urbania,PUEBLO LIBRE,150121,Avenida La Marina,Pueblo Libre,266000.0,37.0,7189.189189189189,1,1,1,0.0,1,6248.0,231176.0,-0.151,1875.0,,8,264,0.238,empeorando,0.602,0.682,0.833694777634525,0.779682
149033752,Urbania,PUEBLO LIBRE,150121,Avenida Manuel Cipriano Dulanto 2047,Pueblo Libre,272500.0,42.0,6488.0952380952385,1,1,0,117.0,1,6248.0,262416.0,-0.038,1875.0,,8,264,0.238,empeorando,0.602,0.682,0.833694777634525,0.779682
149447062,Urbania,PUEBLO LIBRE,150121,Juan Pablo Fernandini 1246,Pueblo Libre,273340.0,61.0,4480.983606557377,1,1,0,150.0,1,6248.0,381128.0,0.283,1875.0,,8,264,0.238,empeorando,0.602,0.682,0.833694777634525,0.779682
145081436,Urbania,PUEBLO LIBRE,150121,C. Manuel de Guirior,Pueblo Libre,277500.0,45.0,6166.666666666667,1,1,0,0.0,1,6248.0,281160.0,0.013,1875.0,,8,264,0.238,empeorando,0.602,0.682,0.833694777634525,0.779682
149433591,Urbania,PUEBLO LIBRE,150121,AV. LA Marina 238,Pueblo Libre,279000.0,44.0,6340.909090909091,1,1,0,180.0,1,6248.0,274912.0,-0.015,1875.0,,8,264,0.238,empeorando,0.602,0.682,0.833694777634525,0.779682
149192278,Urbania,PUEBLO LIBRE,150121,Avenida La Marina,Pueblo Libre,282000.0,38.0,7421.0526315789475,1,1,0,0.0,1,6248.0,237424.0,-0.188,1875.0,,8,264,0.238,empeorando,0.602,0.682,0.833694777634525,0.779682
149471721,Urbania,PUEBLO LIBRE,150121,Calle Tupac Amaru,Pueblo Libre,282900.0,79.0,3581.012658227848,2,1,0,80.0,1,6248.0,493592.0,0.427,1875.0,,8,264,0.238,empeorando,0.602,0.682,0.833694777634525,0.779682
149361267,Urbania,PUEBLO LIBRE,150121,Jirón General José Ramón Pizarro 1452,Colmenares,283720.0,48.0,5910.833333333333,1,1,0,150.0,1,6248.0,299904.0,0.054,1875.0,,8,264,0.238,empeorando,0.602,0.682,0.833694777634525,0.779682
149293761,Urbania,PUEBLO LIBRE,150121,Avenida Mariano H. Cornejo,Pueblo Libre,284543.0,51.0,5579.274509803921,1,1,0,0.0,1,6248.0,318648.0,0.107,1875.0,,8,264,0.238,empeorando,0.602,0.682,0.833694777634525,0.779682
147662566,Urbania,PUEBLO LIBRE,150121,Departamento de 1 Dormitorio en Pueblo Libre Cerca a Av. Sucre,Pueblo Libre,285000.0,38.0,7500.0,1,1,0,0.0,1,6248.0,237424.0,-0.2,1875.0,,8,264,0.238,empeorando,0.602,0.682,0.833694777634525,0.779682
143946976,Urbania,PUEBLO LIBRE,150121,"Av LA Marina N° 4xx, Dpto. X04",Pueblo Libre,285000.0,38.0,7500.0,1,1,1,0.0,1,6248.0,237424.0,-0.2,1875.0,,8,264,0.238,empeorando,0.602,0.682,0.833694777634525,0.779682
143878907,Urbania,PUEBLO LIBRE,150121,"Av LA Marina N° 4xx, Dpto. X08",Pueblo Libre,286000.0,39.0,7333.333333333333,1,1,1,0.0,1,6248.0,243672.0,-0.174,1875.0,,8,264,0.238,empeorando,0.602,0.682,0.833694777634525,0.779682
149132669,Urbania,PUEBLO LIBRE,150121,AV. LA Marina,Pueblo Libre,287000.0,38.0,7552.631578947368,1,1,1,0.0,1,6248.0,237424.0,-0.209,1875.0,,8,264,0.238,empeorando,0.602,0.682,0.833694777634525,0.779682
149251930,Urbania,PUEBLO LIBRE,150121,Avenida Mariano H. Cornejo,Pueblo Libre,294100.0,50.0,5882.0,1,1,0,150.0,10,6248.0,312400.0,0.059,1875.0,,8,264,0.238,empeorando,0.602,0.682,0.833694777634525,0.779682
149794135,Urbania,PUEBLO LIBRE,150121,Av. Pedro Torres Malarin Cuadra 5,Pueblo Libre,295000.0,48.0,6145.833333333333,1,1,0,0.0,1,6248.0,299904.0,0.016,1875.0,,8,264,0.238,empeorando,0.602,0.682,0.833694777634525,0.779682
147323733,Urbania,PUEBLO LIBRE,150121,Jr. Daniel Hernández al 1200,Pueblo Libre,299000.0,45.0,6644.444444444444,1,1,0,0.0,1,6248.0,281160.0,-0.063,1875.0,,8,264,0.238,empeorando,0.602,0.682,0.833694777634525,0.779682
149251256,Urbania,PUEBLO LIBRE,150121,Av. la Marina 440,Pueblo Libre,300000.0,49.0,6122.448979591837,2,1,0,220.0,1,6248.0,306152.0,0.02,1875.0,,8,264,0.238,empeorando,0.602,0.682,0.833694777634525,0.779682
148806961,Urbania,PUEBLO LIBRE,150121,Pedro Torres Malarin,Pueblo Libre,300000.0,48.0,6250.0,1,1,0,0.0,1,6248.0,299904.0,-0.0,1875.0,,8,264,0.238,empeorando,0.602,0.682,0.833694777634525,0.779682
148460604,Urbania,PUEBLO LIBRE,150121,Calle Parque Ruiz Olivier Número 30 Interior 7,Circolo,313500.0,70.0,4478.571428571428,2,1,0,1.0,1,6248.0,437360.0,0.283,1875.0,,8,264,0.238,empeorando,0.602,0.682,0.833694777634525,0.779682
149421367,Urbania,PUEBLO LIBRE,150121,Av. Simón Bolívar 1209,Pueblo Libre,325687.0,45.0,7237.488888888889,1,1,1,200.0,1,6248.0,281160.0,-0.158,1875.0,,8,264,0.238,empeorando,0.602,0.682,0.833694777634525,0.779682
149225190,Urbania,PUEBLO LIBRE,150121,Avenida Bolivar al 1000,Pueblo Libre,325688.0,45.0,7237.511111111111,1,1,0,0.0,1,6248.0,281160.0,-0.158,1875.0,,8,264,0.238,empeorando,0.602,0.682,0.833694777634525,0.779682
65581503,Urbania,PUEBLO LIBRE,150121,Av. Mariano Cornejo,El Carmen,327500.0,50.0,6550.0,1,1,1,150.0,1,6248.0,312400.0,-0.048,1875.0,,8,264,0.238,empeorando,0.602,0.682,0.833694777634525,0.779682
144714247,Urbania,PUEBLO LIBRE,150121,"Av Manuel Cipriano Dulanto N° 2xx, Dpto. X03 Y X07 B",Pueblo Libre,331000.0,51.0,6490.196078431372,1,2,0,0.0,1,6248.0,318648.0,-0.039,1875.0,,8,264,0.238,empeorando,0.602,0.682,0.833694777634525,0.779682
147820170,Urbania,PUEBLO LIBRE,150121,Zaragoza 200,Pueblo Libre,331000.0,51.0,6490.196078431372,2,1,0,0.0,1,6248.0,318648.0,-0.039,1875.0,,8,264,0.238,empeorando,0.602,0.682,0.833694777634525,0.779682
149765715,Urbania,PUEBLO LIBRE,150121,Jirón Torres Malarín Cuadra 5,Pueblo Libre,345000.0,56.0,6160.714285714285,2,2,1,0.0,1,6248.0,349888.0,0.014,1875.0,,8,264,0.238,empeorando,0.602,0.682,0.833694777634525,0.779682
149874558,Urbania,PUEBLO LIBRE,150121,Torres Malarin 522,Pueblo Libre,345000.0,56.0,6160.714285714285,2,1,1,0.0,1,6248.0,349888.0,0.014,1875.0,,8,264,0.238,empeorando,0.602,0.682,0.833694777634525,0.779682
145510351,Urbania,PUEBLO LIBRE,150121,CALLE FERNANDINI,Pueblo Libre,348339.0,54.0,6450.722222222223,1,1,0,0.0,1,6248.0,337392.0,-0.032,1875.0,,8,264,0.238,empeorando,0.602,0.682,0.833694777634525,0.779682
149735836,Urbania,PUEBLO LIBRE,150121,América 260,Pueblo Libre,348750.0,51.0,6838.235294117647,1,1,0,0.0,1,6248.0,318648.0,-0.094,1875.0,,8,264,0.238,empeorando,0.602,0.682,0.833694777634525,0.779682
148744574,Urbania,PUEBLO LIBRE,150121,Av. Del Río 257 - Dpto. 1102,Pueblo Libre,349900.0,50.0,6998.0,2,2,0,290.0,1,6248.0,312400.0,-0.12,1875.0,,8,264,0.238,empeorando,0.602,0.682,0.833694777634525,0.779682
145045268,Urbania,PUEBLO LIBRE,150121,Jose Gregorio Paredes,Pueblo Libre,355000.0,56.0,6339.285714285715,2,2,1,0.0,1,6248.0,349888.0,-0.015,1875.0,,8,264,0.238,empeorando,0.602,0.682,0.833694777634525,0.779682
145555412,Urbania,PUEBLO LIBRE,150121,Fernandini  Pueblo Libre,Pueblo Libre,358766.0,55.0,6523.018181818182,1,2,0,2.0,1,6248.0,343640.0,-0.044,1875.0,,8,264,0.238,empeorando,0.602,0.682,0.833694777634525,0.779682
145788219,Urbania,PUEBLO LIBRE,150121,av.bolivar 240 pueblo libre,Pueblo Libre,358900.0,80.0,4486.25,3,2,0,0.0,1,6248.0,499840.0,0.282,1875.0,,8,264,0.238,empeorando,0.602,0.682,0.833694777634525,0.779682
147789509,Urbania,PUEBLO LIBRE,150121,Santiago Wagner,Pueblo Libre,358985.0,63.0,5698.174603174603,1,1,1,0.0,10,6248.0,393624.0,0.088,1875.0,,8,264,0.238,empeorando,0.602,0.682,0.833694777634525,0.779682
143947243,Urbania,PUEBLO LIBRE,150121,"Av LA Marina N° 4xx, Dpto. X07",Pueblo Libre,361000.0,53.0,6811.320754716981,2,2,1,0.0,1,6248.0,331144.0,-0.09,1875.0,,8,264,0.238,empeorando,0.602,0.682,0.833694777634525,0.779682
148314348,Urbania,PUEBLO LIBRE,150121,Jr. José Manuel Ugarteche,Pueblo Libre,362000.0,60.0,6033.333333333333,2,2,0,0.0,1,6248.0,374880.0,0.034,1875.0,,8,264,0.238,empeorando,0.602,0.682,0.833694777634525,0.779682
148262917,Urbania,PUEBLO LIBRE,150121,Departamento de 2 Dormitorios en Pueblo Libre Cerca a Av. Sucre,Pueblo Libre,363000.0,53.0,6849.056603773585,2,2,0,0.0,1,6248.0,331144.0,-0.096,1875.0,,8,264,0.238,empeorando,0.602,0.682,0.833694777634525,0.779682
149383432,Urbania,PUEBLO LIBRE,150121,Departamento de 2 Dormitorios en Pueblo Libre Cerca a Av. Brasil,Pueblo Libre,366000.0,47.0,7787.234042553191,2,2,0,0.0,1,6248.0,293656.0,-0.246,1875.0,,8,264,0.238,empeorando,0.602,0.682,0.833694777634525,0.779682
147942204,Urbania,PUEBLO LIBRE,150121,Avenida Mariano H Cornejo  al 1200,Pueblo Libre,368500.0,97.0,3798.9690721649486,3,2,0,0.0,1,6248.0,606056.0,0.392,1875.0,,8,264,0.238,empeorando,0.602,0.682,0.833694777634525,0.779682
148027118,Urbania,PUEBLO LIBRE,150121,av brasil 1670 pueblo libre,Pueblo Libre,369000.0,70.0,5271.428571428572,3,2,0,300.0,1,6248.0,437360.0,0.156,1875.0,,8,264,0.238,empeorando,0.602,0.682,0.833694777634525,0.779682
147961411,Urbania,PUEBLO LIBRE,150121,av. abraham lincoln 357,Los Bambues,369999.0,53.0,6981.11320754717,2,2,1,0.0,1,6248.0,331144.0,-0.117,1875.0,,8,264,0.238,empeorando,0.602,0.682,0.833694777634525,0.779682
148537085,Urbania,PUEBLO LIBRE,150121,AV Colonial  al 2700,Pueblo Libre,370000.0,76.0,4868.421052631579,3,3,0,0.0,1,6248.0,474848.0,0.221,1875.0,,8,264,0.238,empeorando,0.602,0.682,0.833694777634525,0.779682
149278833,Urbania,PUEBLO LIBRE,150121,Pedro Torres Malarin al 500,Pueblo Libre,370000.0,78.0,4743.589743589743,1,2,0,0.0,1,6248.0,487344.0,0.241,1875.0,,8,264,0.238,empeorando,0.602,0.682,0.833694777634525,0.779682
147183692,Urbania,PUEBLO LIBRE,150121,"Av Mariano Cornejo 1225, Pueblo Libre",Pueblo Libre,370000.0,79.0,4683.544303797468,2,1,0,155.0,1,6248.0,493592.0,0.25,1875.0,,8,264,0.238,empeorando,0.602,0.682,0.833694777634525,0.779682
149793733,Urbania,PUEBLO LIBRE,150121,Jirón Torres Malarín Cuadra 5,Pueblo Libre,375000.0,79.0,4746.835443037975,1,2,1,0.0,1,6248.0,493592.0,0.24,1875.0,,8,264,0.238,empeorando,0.602,0.682,0.833694777634525,0.779682
149638162,Urbania,PUEBLO LIBRE,150121,Sta. Lucia 171,Pueblo Libre,376200.0,79.0,4762.025316455696,3,1,0,0.0,1,6248.0,493592.0,0.238,1875.0,,8,264,0.238,empeorando,0.602,0.682,0.833694777634525,0.779682
149773590,Urbania,PUEBLO LIBRE,150121,Zaragoza al 100,Pueblo Libre,378700.0,57.0,6643.859649122807,2,2,0,0.0,1,6248.0,356136.0,-0.063,1875.0,,8,264,0.238,empeorando,0.602,0.682,0.833694777634525,0.779682
149830826,Urbania,PUEBLO LIBRE,150121,Jr. Clovis al 600,Pueblo Libre,381200.0,57.0,6687.7192982456145,2,2,0,0.0,1,6248.0,356136.0,-0.07,1875.0,,8,264,0.238,empeorando,0.602,0.682,0.833694777634525,0.779682
148112426,Urbania,PUEBLO LIBRE,150121,Manuel Ugarteche,Pueblo Libre,381829.0,57.0,6698.754385964912,2,2,1,0.0,1,6248.0,356136.0,-0.072,1875.0,,8,264,0.238,empeorando,0.602,0.682,0.833694777634525,0.779682
149700586,Urbania,PUEBLO LIBRE,150121,Calle Santa Fe  al 100,Pueblo Libre,383000.0,56.0,6839.285714285715,2,2,0,0.0,1,6248.0,349888.0,-0.095,1875.0,,8,264,0.238,empeorando,0.602,0.682,0.833694777634525,0.779682
147787818,Urbania,PUEBLO LIBRE,150121,Paso de los Andes 1172,Pueblo Libre,384000.0,72.0,5333.333333333333,2,2,0,180.0,10,6248.0,449856.0,0.146,1875.0,,8,264,0.238,empeorando,0.602,0.682,0.833694777634525,0.779682
148984529,Urbania,PUEBLO LIBRE,150121,Av. Brasil 2790,Pueblo Libre,385000.0,59.0,6525.423728813559,2,2,0,0.0,1,6248.0,368632.0,-0.044,1875.0,,8,264,0.238,empeorando,0.602,0.682,0.833694777634525,0.779682
148667770,Urbania,PUEBLO LIBRE,150121,Santa Fe 190,Pueblo Libre,385000.0,56.0,6875.0,2,2,0,0.0,1,6248.0,349888.0,-0.1,1875.0,,8,264,0.238,empeorando,0.602,0.682,0.833694777634525,0.779682
148639194,Urbania,PUEBLO LIBRE,150121,Jaime Herrera,Pueblo Libre,386075.0,50.0,7721.5,2,2,1,0.0,1,6248.0,312400.0,-0.236,1875.0,,8,264,0.238,empeorando,0.602,0.682,0.833694777634525,0.779682
144714272,Urbania,PUEBLO LIBRE,150121,"Av Manuel Cipriano Dulanto N° 2xx, Dpto. X04 A",Pueblo Libre,388000.0,62.0,6258.064516129032,1,2,0,0.0,1,6248.0,387376.0,-0.002,1875.0,,8,264,0.238,empeorando,0.602,0.682,0.833694777634525,0.779682
148473726,Urbania,PUEBLO LIBRE,150121,Jr. José Ramón Pizarro Pueblo Libre.,Pueblo Libre,388848.0,66.0,5891.636363636364,1,1,0,0.0,1,6248.0,412368.0,0.057,1875.0,,8,264,0.238,empeorando,0.602,0.682,0.833694777634525,0.779682
149720288,Urbania,PUEBLO LIBRE,150121,Clovis,Pueblo Libre,390000.0,59.0,6610.169491525424,2,2,0,200.0,1,6248.0,368632.0,-0.058,1875.0,,8,264,0.238,empeorando,0.602,0.682,0.833694777634525,0.779682
149224696,Urbania,PUEBLO LIBRE,150121,Avenida Simon Bolivar al 1000,Pueblo Libre,390100.0,56.0,6966.071428571428,2,2,1,0.0,1,6248.0,349888.0,-0.115,1875.0,,8,264,0.238,empeorando,0.602,0.682,0.833694777634525,0.779682
146429531,Urbania,PUEBLO LIBRE,150121,"Av LA Marina N° 4xx, Dpto. X05",Pueblo Libre,391000.0,59.0,6627.118644067797,2,2,1,0.0,1,6248.0,368632.0,-0.061,1875.0,,8,264,0.238,empeorando,0.602,0.682,0.833694777634525,0.779682
145733091,Urbania,PUEBLO LIBRE,150121,Av sucre 1301,Mariscal Antonio Jose De Sucre,391000.0,63.0,6206.349206349207,2,2,0,150.0,1,6248.0,393624.0,0.007,1875.0,,8,264,0.238,empeorando,0.602,0.682,0.833694777634525,0.779682
149846336,Urbania,PUEBLO LIBRE,150121,Rio Grande al 100,Pueblo Libre,394900.0,58.0,6808.620689655172,2,2,0,160.0,1,6248.0,362384.0,-0.09,1875.0,,8,264,0.238,empeorando,0.602,0.682,0.833694777634525,0.779682
149874738,Urbania,PUEBLO LIBRE,150121,Jr.manuel Cipriano Dulanto  al 1000,Pueblo Libre,395000.0,70.0,5642.857142857143,2,2,0,0.0,1,6248.0,437360.0,0.097,1875.0,,8,264,0.238,empeorando,0.602,0.682,0.833694777634525,0.779682
148751816,Urbania,PUEBLO LIBRE,150121,Jr. Amazonas 706,Pueblo Libre,397500.0,66.0,6022.727272727273,3,2,0,200.0,1,6248.0,412368.0,0.036,1875.0,,8,264,0.238,empeorando,0.602,0.682,0.833694777634525,0.779682
149422608,Urbania,PUEBLO LIBRE,150121,Jirón Amazonas,Pueblo Libre,398000.0,66.0,6030.30303030303,2,2,0,0.0,1,6248.0,412368.0,0.035,1875.0,,8,264,0.238,empeorando,0.602,0.682,0.833694777634525,0.779682
148538028,Urbania,PUEBLO LIBRE,150121,Av. Brasil  al 2790 - Dpto1606,Pueblo Libre,399000.0,68.0,5867.64705882353,2,2,0,0.0,1,6248.0,424864.0,0.061,1875.0,,8,264,0.238,empeorando,0.602,0.682,0.833694777634525,0.779682
142995767,Urbania,PUEBLO LIBRE,150121,Av. Manuel Cipriano Dulanto 10XX,Pueblo Libre,400000.0,73.0,5479.45205479452,3,2,1,150.0,1,6248.0,456104.0,0.123,1875.0,,8,264,0.238,empeorando,0.602,0.682,0.833694777634525,0.779682
144714432,Urbania,PUEBLO LIBRE,150121,"Av Manuel Cipriano Dulanto N° 2xx, Dpto. X08 B",Pueblo Libre,403000.0,65.0,6200.0,1,2,0,0.0,1,6248.0,406120.0,0.008,1875.0,,8,264,0.238,empeorando,0.602,0.682,0.833694777634525,0.779682
144714351,Urbania,PUEBLO LIBRE,150121,"Av Manuel Cipriano Dulanto N° 2xx, Dpto.x02, X05, X09, X10 B",Pueblo Libre,403400.0,64.0,6303.125,1,2,0,0.0,1,6248.0,399872.0,-0.009,1875.0,,8,264,0.238,empeorando,0.602,0.682,0.833694777634525,0.779682
148111947,Urbania,PUEBLO LIBRE,150121,Manuel Ugarteche,Pueblo Libre,403617.0,69.0,5849.521739130435,1,1,0,0.0,1,6248.0,431112.0,0.064,1875.0,,8,264,0.238,empeorando,0.602,0.682,0.833694777634525,0.779682
148896038,Urbania,PUEBLO LIBRE,150121,Pueblo Libre,Pueblo Libre,403768.0,64.0,6308.875,2,1,0,0.0,1,6248.0,399872.0,-0.01,1875.0,,8,264,0.238,empeorando,0.602,0.682,0.833694777634525,0.779682
149528557,Urbania,PUEBLO LIBRE,150121,Gral Artigas 801,Pueblo Libre,404740.0,86.0,4706.279069767442,3,2,0,220.0,1,6248.0,537328.0,0.247,1875.0,,8,264,0.238,empeorando,0.602,0.682,0.833694777634525,0.779682
148634184,Urbania,PUEBLO LIBRE,150121,"Avenida Sucre, Pueblo Libre",Pueblo Libre,405000.0,75.0,5400.0,3,2,1,0.0,1,6248.0,468600.0,0.136,1875.0,,8,264,0.238,empeorando,0.602,0.682,0.833694777634525,0.779682
149251878,Urbania,PUEBLO LIBRE,150121,Av. Colombia 146,Pueblo Libre,408000.0,60.0,6800.0,4,3,0,30.0,1,6248.0,374880.0,-0.088,1875.0,,8,264,0.238,empeorando,0.602,0.682,0.833694777634525,0.779682
149003146,Urbania,PUEBLO LIBRE,150121,Av. Sucre 146,Pueblo Libre,409000.0,83.0,4927.710843373494,3,2,0,250.0,1,6248.0,518584.0,0.211,1875.0,,8,264,0.238,empeorando,0.602,0.682,0.833694777634525,0.779682
149341831,Urbania,PUEBLO LIBRE,150121,Jr. General José Ramón Pizarro 925,Pueblo Libre,409313.0,65.0,6297.123076923077,1,2,0,1.0,1,6248.0,406120.0,-0.008,1875.0,,8,264,0.238,empeorando,0.602,0.682,0.833694777634525,0.779682
149562770,Urbania,PUEBLO LIBRE,150121,Jiron Clovis,Pueblo Libre,409500.0,58.0,7060.3448275862065,2,2,0,0.0,1,6248.0,362384.0,-0.13,1875.0,,8,264,0.238,empeorando,0.602,0.682,0.833694777634525,0.779682
147501830,Urbania,PUEBLO LIBRE,150121,Roberto Acevedo al 371,La Mar,418750.0,73.0,5736.301369863014,3,2,1,250.0,1,6248.0,456104.0,0.082,1875.0,,8,264,0.238,empeorando,0.602,0.682,0.833694777634525,0.779682
143878947,Urbania,PUEBLO LIBRE,150121,"Av LA Marina N° 4xx, Dpto. X02",Pueblo Libre,419000.0,61.0,6868.852459016393,2,2,1,0.0,1,6248.0,381128.0,-0.099,1875.0,,8,264,0.238,empeorando,0.602,0.682,0.833694777634525,0.779682
148794653,Urbania,PUEBLO LIBRE,150121,Calle Angela Podesta al 200,Pueblo Libre,419375.0,100.0,4193.75,3,3,0,0.0,1,6248.0,624800.0,0.329,1875.0,,8,264,0.238,empeorando,0.602,0.682,0.833694777634525,0.779682
63052254,Urbania,PUEBLO LIBRE,150121,Jr. José Ramón Pizarro,Pueblo Libre,420000.0,92.0,4565.217391304348,2,1,1,130.0,8,6248.0,574816.0,0.269,1875.0,,8,264,0.238,empeorando,0.602,0.682,0.833694777634525,0.779682
149766485,Urbania,PUEBLO LIBRE,150121,Avenida de la Marina 449,Pueblo Libre,420000.0,65.0,6461.538461538462,2,2,1,250.0,1,6248.0,406120.0,-0.034,1875.0,,8,264,0.238,empeorando,0.602,0.682,0.833694777634525,0.779682
149167569,Urbania,PUEBLO LIBRE,150121,Jiron José Gregorio Paredes 273,Pueblo Libre,420000.0,64.0,6562.5,2,2,0,0.0,1,6248.0,399872.0,-0.05,1875.0,,8,264,0.238,empeorando,0.602,0.682,0.833694777634525,0.779682
149418245,Urbania,PUEBLO LIBRE,150121,Pueblo Libre,Pueblo Libre,420000.0,58.0,7241.379310344828,2,2,0,200.0,1,6248.0,362384.0,-0.159,1875.0,,8,264,0.238,empeorando,0.602,0.682,0.833694777634525,0.779682
149271401,Urbania,PUEBLO LIBRE,150121,Santa Marta,Pueblo Libre,420000.0,56.0,7500.0,2,2,0,0.0,1,6248.0,349888.0,-0.2,1875.0,,8,264,0.238,empeorando,0.602,0.682,0.833694777634525,0.779682
148978008,Urbania,PUEBLO LIBRE,150121,Jr. Clovis al 600,Pueblo Libre,420200.0,58.0,7244.827586206897,2,2,1,0.0,1,6248.0,362384.0,-0.16,1875.0,,8,264,0.238,empeorando,0.602,0.682,0.833694777634525,0.779682
146106995,Urbania,PUEBLO LIBRE,150121,JOSE SANTIAGO WAGNER 2850,Pueblo Libre,421979.0,90.0,4688.655555555555,2,2,0,0.0,1,6248.0,562320.0,0.25,1875.0,,8,264,0.238,empeorando,0.602,0.682,0.833694777634525,0.779682
147503444,Urbania,PUEBLO LIBRE,150121,"Calle Ugarteche, Pueblo Libre",Pueblo Libre,422862.0,64.0,6607.21875,3,2,0,0.0,1,6248.0,399872.0,-0.057,1875.0,,8,264,0.238,empeorando,0.602,0.682,0.833694777634525,0.779682
146310357,Urbania,PUEBLO LIBRE,150121,Departamento de 3 Dormitorios en Pueblo Libre Cerca a Av. Brasil,Pueblo Libre,423000.0,64.0,6609.375,3,2,0,0.0,1,6248.0,399872.0,-0.058,1875.0,,8,264,0.238,empeorando,0.602,0.682,0.833694777634525,0.779682
144382572,Urbania,PUEBLO LIBRE,150121,pueblo libre,Isla Verde,424736.0,66.0,6435.393939393939,2,2,1,0.0,1,6248.0,412368.0,-0.03,1875.0,,8,264,0.238,empeorando,0.602,0.682,0.833694777634525,0.779682
148526443,Urbania,PUEBLO LIBRE,150121,Calle de Noguera 133,Pueblo Libre,425000.0,88.0,4829.545454545455,3,2,0,350.0,1,6248.0,549824.0,0.227,1875.0,,8,264,0.238,empeorando,0.602,0.682,0.833694777634525,0.779682
147930716,Urbania,PUEBLO LIBRE,150121,Cadiz al 400,Pueblo Libre,426000.0,60.0,7100.0,2,2,0,0.0,1,6248.0,374880.0,-0.136,1875.0,,8,264,0.238,empeorando,0.602,0.682,0.833694777634525,0.779682
147503650,Urbania,PUEBLO LIBRE,150121,Jose  Gregorio Paredes 2700,Pueblo Libre,426000.0,66.0,6454.545454545455,2,2,0,0.0,1,6248.0,412368.0,-0.033,1875.0,,8,264,0.238,empeorando,0.602,0.682,0.833694777634525,0.779682
147596217,Urbania,PUEBLO LIBRE,150121,Av. Sevilla 200 Pueblo Libre,Pueblo Libre,427368.0,59.0,7243.525423728814,2,2,0,1.0,1,6248.0,368632.0,-0.159,1875.0,,8,264,0.238,empeorando,0.602,0.682,0.833694777634525,0.779682
149483830,Urbania,PUEBLO LIBRE,150121,Cipriano Dulanto - Bello Flat de 80 mts - 3 Dorm - Vista Exterior,Pueblo Libre,428800.0,79.0,5427.848101265823,3,2,0,0.0,1,6248.0,493592.0,0.131,1875.0,,8,264,0.238,empeorando,0.602,0.682,0.833694777634525,0.779682
146508356,Urbania,PUEBLO LIBRE,150121,Avenida Sevilla  Pueblo Libre,San Martin,429000.0,72.0,5958.333333333333,3,2,0,0.0,1,6248.0,449856.0,0.046,1875.0,,8,264,0.238,empeorando,0.602,0.682,0.833694777634525,0.779682
149181418,Urbania,PUEBLO LIBRE,150121,Galicia 378,Pueblo Libre,430000.0,69.0,6231.884057971014,3,2,1,370.0,1,6248.0,431112.0,0.003,1875.0,,8,264,0.238,empeorando,0.602,0.682,0.833694777634525,0.779682
148608707,Urbania,PUEBLO LIBRE,150121,Jr. José Manuel Ugarteche cuadra,Pueblo Libre,430900.0,64.0,6732.8125,3,2,0,0.0,1,6248.0,399872.0,-0.078,1875.0,,8,264,0.238,empeorando,0.602,0.682,0.833694777634525,0.779682
148362356,Urbania,PUEBLO LIBRE,150121,Av Bolivar 516,Pueblo Libre,431000.0,85.0,5070.588235294118,3,2,0,220.0,10,6248.0,531080.0,0.188,1875.0,,8,264,0.238,empeorando,0.602,0.682,0.833694777634525,0.779682
148439147,Urbania,PUEBLO LIBRE,150121,Jr. José Manuel Ugarteche 139,Pueblo Libre,431000.0,65.0,6630.7692307692305,3,2,0,0.0,1,6248.0,406120.0,-0.061,1875.0,,8,264,0.238,empeorando,0.602,0.682,0.833694777634525,0.779682
148345183,Urbania,PUEBLO LIBRE,150121,Av. Sucre 1282,Pueblo Libre,432000.0,99.0,4363.636363636364,3,2,0,120.0,1,6248.0,618552.0,0.302,1875.0,,8,264,0.238,empeorando,0.602,0.682,0.833694777634525,0.779682
149582073,Urbania,PUEBLO LIBRE,150121,Jirón General José Ramón Pizarro 460,San Bernardo,433500.0,79.0,5487.341772151899,3,2,0,250.0,1,6248.0,493592.0,0.122,1875.0,,8,264,0.238,empeorando,0.602,0.682,0.833694777634525,0.779682
149705292,Urbania,PUEBLO LIBRE,150121,Avenida de la Marina 2689,Pueblo Libre,435000.0,69.0,6304.347826086957,2,2,1,250.0,1,6248.0,431112.0,-0.009,1875.0,,8,264,0.238,empeorando,0.602,0.682,0.833694777634525,0.779682
149640336,Urbania,PUEBLO LIBRE,150121,Jr. Bolívar 416,Pueblo Libre,437500.0,84.0,5208.333333333333,2,2,0,0.0,1,6248.0,524832.0,0.166,1875.0,,8,264,0.238,empeorando,0.602,0.682,0.833694777634525,0.779682
4327519,Urbania,PUEBLO LIBRE,150121,Calle Manuel Seoane,Pueblo Libre,440960.0,82.0,5377.5609756097565,2,1,1,280.0,1,6248.0,512336.0,0.139,1875.0,,8,264,0.238,empeorando,0.602,0.682,0.833694777634525,0.779682
149752360,Urbania,PUEBLO LIBRE,150121,Simón Bolivar  al 400,Pueblo Libre,442000.0,85.0,5200.0,3,2,0,200.0,1,6248.0,531080.0,0.168,1875.0,,8,264,0.238,empeorando,0.602,0.682,0.833694777634525,0.779682
145863980,Urbania,PUEBLO LIBRE,150121,Av. Cipriano al 1000-super Oportunidad DE Compra!,Pueblo Libre,445000.0,84.0,5297.619047619048,3,2,1,250.0,1,6248.0,524832.0,0.152,1875.0,,8,264,0.238,empeorando,0.602,0.682,0.833694777634525,0.779682
148246941,Urbania,PUEBLO LIBRE,150121,Dirección no informada,Pueblo Libre,448500.0,103.0,4354.368932038835,3,1,0,150.0,1,6248.0,643544.0,0.303,1875.0,,8,264,0.238,empeorando,0.602,0.682,0.833694777634525,0.779682
149831499,Urbania,PUEBLO LIBRE,150121,Jr. José Manuel Ugarteche,Pueblo Libre,450000.0,70.0,6428.571428571428,3,2,0,0.0,10,6248.0,437360.0,-0.029,1875.0,,8,264,0.238,empeorando,0.602,0.682,0.833694777634525,0.779682
148286216,Urbania,PUEBLO LIBRE,150121,Cipriano Dulanto 1358,Pueblo Libre,450000.0,77.0,5844.1558441558445,3,2,1,360.0,1,6248.0,481096.0,0.065,1875.0,,8,264,0.238,empeorando,0.602,0.682,0.833694777634525,0.779682
146514676,Urbania,PUEBLO LIBRE,150121,calle clovis 678,Pueblo Libre,450000.0,65.0,6923.076923076923,2,2,0,280.0,1,6248.0,406120.0,-0.108,1875.0,,8,264,0.238,empeorando,0.602,0.682,0.833694777634525,0.779682
148958304,Urbania,PUEBLO LIBRE,150121,Av. José Leguía y Meléndez 1826 Dpto. 202,La Estancia,450000.0,63.0,7142.857142857143,2,1,1,200.0,1,6248.0,393624.0,-0.143,1875.0,,8,264,0.238,empeorando,0.602,0.682,0.833694777634525,0.779682
148883863,Urbania,PUEBLO LIBRE,150121,Jr. José Manuel Ugarteche,Pueblo Libre,450000.0,69.0,6521.739130434783,3,2,0,0.0,1,6248.0,431112.0,-0.044,1875.0,,8,264,0.238,empeorando,0.602,0.682,0.833694777634525,0.779682
148086599,Urbania,PUEBLO LIBRE,150121,Avenida Vivanco,Villa Militar Pueblo Libre,451000.0,112.0,4026.785714285714,3,3,0,0.0,1,6248.0,699776.0,0.356,1875.0,,8,264,0.238,empeorando,0.602,0.682,0.833694777634525,0.779682
144607411,Urbania,PUEBLO LIBRE,150121,SAN MARCOS,Pueblo Libre,452200.0,65.0,6956.923076923077,3,2,1,1.0,1,6248.0,406120.0,-0.113,1875.0,,8,264,0.238,empeorando,0.602,0.682,0.833694777634525,0.779682
148073669,Urbania,PUEBLO LIBRE,150121,AVENIDA BRASIL,Pueblo Libre,453904.0,66.0,6877.333333333333,2,2,0,200.0,1,6248.0,412368.0,-0.101,1875.0,,8,264,0.238,empeorando,0.602,0.682,0.833694777634525,0.779682
147900086,Urbania,PUEBLO LIBRE,150121,"Av. La Mar 1417, Pueblo libre",Pueblo Libre,455000.0,84.0,5416.666666666667,3,2,0,280.0,10,6248.0,524832.0,0.133,1875.0,,8,264,0.238,empeorando,0.602,0.682,0.833694777634525,0.779682
148526326,Urbania,PUEBLO LIBRE,150121,416 Av. Simón Bolívar,Isla Verde,455400.0,85.0,5357.64705882353,3,2,1,220.0,10,6248.0,531080.0,0.143,1875.0,,8,264,0.238,empeorando,0.602,0.682,0.833694777634525,0.779682
145733177,Urbania,PUEBLO LIBRE,150121,Av Sucre 1301,Mariscal Antonio Jose De Sucre,457000.0,74.0,6175.675675675676,3,2,0,150.0,1,6248.0,462352.0,0.012,1875.0,,8,264,0.238,empeorando,0.602,0.682,0.833694777634525,0.779682
147791681,Urbania,PUEBLO LIBRE,150121,Aragon 375,Pueblo Libre,459000.0,74.0,6202.7027027027025,3,2,1,0.0,1,6248.0,462352.0,0.007,1875.0,,8,264,0.238,empeorando,0.602,0.682,0.833694777634525,0.779682
148664744,Urbania,PUEBLO LIBRE,150121,Av. Simón Bolívar,Pueblo Libre,459000.0,85.0,5400.0,3,2,0,215.0,1,6248.0,531080.0,0.136,1875.0,,8,264,0.238,empeorando,0.602,0.682,0.833694777634525,0.779682
149538569,Urbania,PUEBLO LIBRE,150121,Av. Simón Bolívar,Pueblo Libre,461700.0,85.0,5431.764705882353,3,2,0,215.0,1,6248.0,531080.0,0.131,1875.0,,8,264,0.238,empeorando,0.602,0.682,0.833694777634525,0.779682
149887584,Urbania,PUEBLO LIBRE,150121,Avenida General Manuel I. Vivanco 1077,Pueblo Libre,463880.0,72.0,6442.777777777777,3,2,0,250.0,1,6248.0,449856.0,-0.031,1875.0,,8,264,0.238,empeorando,0.602,0.682,0.833694777634525,0.779682
146720680,Urbania,PUEBLO LIBRE,150121,Av. Brasil 1238,Pueblo Libre,465000.0,83.0,5602.409638554217,2,2,1,280.0,1,6248.0,518584.0,0.103,1875.0,,8,264,0.238,empeorando,0.602,0.682,0.833694777634525,0.779682
149791224,Urbania,PUEBLO LIBRE,150121,Avenida la Marina 445,Pueblo Libre,465000.0,65.0,7153.846153846154,2,2,1,250.0,10,6248.0,406120.0,-0.145,1875.0,,8,264,0.238,empeorando,0.602,0.682,0.833694777634525,0.779682
149860724,Urbania,PUEBLO LIBRE,150121,Av. la Marina 1400,Pueblo Libre,465000.0,65.0,7153.846153846154,2,2,1,250.0,1,6248.0,406120.0,-0.145,1875.0,,8,264,0.238,empeorando,0.602,0.682,0.833694777634525,0.779682
143878948,Urbania,PUEBLO LIBRE,150121,"Av LA Marina N° 4xx, Dpto. X03",Pueblo Libre,469000.0,72.0,6513.888888888889,2,2,1,0.0,1,6248.0,449856.0,-0.043,1875.0,,8,264,0.238,empeorando,0.602,0.682,0.833694777634525,0.779682
148450865,Urbania,PUEBLO LIBRE,150121,Av Jaime Herrera Ardiles  Pueblo Libre,Pueblo Libre,469024.0,70.0,6700.342857142857,3,2,0,0.0,1,6248.0,437360.0,-0.072,1875.0,,8,264,0.238,empeorando,0.602,0.682,0.833694777634525,0.779682
143173042,Urbania,PUEBLO LIBRE,150121,"Av. Simón Bolívar N°14xx, Dpto. 1804",Pueblo Libre,470000.0,68.0,6911.764705882353,2,2,0,0.0,1,6248.0,424864.0,-0.106,1875.0,,8,264,0.238,empeorando,0.602,0.682,0.833694777634525,0.779682
149506663,Urbania,PUEBLO LIBRE,150121,RIO Moche Cuadra 2,Pueblo Libre,471463.0,88.0,5357.534090909091,3,2,0,0.0,1,6248.0,549824.0,0.143,1875.0,,8,264,0.238,empeorando,0.602,0.682,0.833694777634525,0.779682
149145306,Urbania,PUEBLO LIBRE,150121,Av. Brasil 1636,Pueblo Libre,473000.0,88.0,5375.0,3,2,1,300.0,1,6248.0,549824.0,0.14,1875.0,,8,264,0.238,empeorando,0.602,0.682,0.833694777634525,0.779682
148856222,Urbania,PUEBLO LIBRE,150121,Abraham Valdelomar 738,Pueblo Libre,473000.0,95.0,4978.9473684210525,2,2,0,250.0,1,6248.0,593560.0,0.203,1875.0,,8,264,0.238,empeorando,0.602,0.682,0.833694777634525,0.779682
144899980,Urbania,PUEBLO LIBRE,150121,Av. Brasil 1470 - Pueblo Libre,Pueblo Libre,478000.0,89.0,5370.786516853933,3,2,1,290.0,1,6248.0,556072.0,0.14,1875.0,,8,264,0.238,empeorando,0.602,0.682,0.833694777634525,0.779682
149721521,Urbania,PUEBLO LIBRE,150121,Av. Manuel Cipriano Dulanto,Pueblo Libre,478800.0,85.0,5632.941176470588,3,2,1,380.0,1,6248.0,531080.0,0.098,1875.0,,8,264,0.238,empeorando,0.602,0.682,0.833694777634525,0.779682
147184376,Urbania,PUEBLO LIBRE,150121,JORGE CHAVEZ,Oyague,478800.0,78.0,6138.461538461538,3,2,0,300.0,1,6248.0,487344.0,0.018,1875.0,,8,264,0.238,empeorando,0.602,0.682,0.833694777634525,0.779682
149365001,Urbania,PUEBLO LIBRE,150121,Av. Simón Bolívar 528,Pueblo Libre,479000.0,78.0,6141.025641025641,3,2,1,250.0,1,6248.0,487344.0,0.017,1875.0,,8,264,0.238,empeorando,0.602,0.682,0.833694777634525,0.779682
148479980,Urbania,PUEBLO LIBRE,150121,Av. Sucre Pueblo Libre 13,Mariscal Antonio Jose De Sucre,480498.0,81.0,5932.074074074074,3,3,0,0.0,1,6248.0,506088.0,0.051,1875.0,,8,264,0.238,empeorando,0.602,0.682,0.833694777634525,0.779682
147280307,Urbania,PUEBLO LIBRE,150121,Jr. Daniel Hernández al 1200,Pueblo Libre,482000.0,70.0,6885.714285714285,3,2,0,0.0,1,6248.0,437360.0,-0.102,1875.0,,8,264,0.238,empeorando,0.602,0.682,0.833694777634525,0.779682
147947180,Urbania,PUEBLO LIBRE,150121,Av. Del Río 257 - Dpto 303,Pueblo Libre,484900.0,68.0,7130.882352941177,3,1,0,350.0,1,6248.0,424864.0,-0.141,1875.0,,8,264,0.238,empeorando,0.602,0.682,0.833694777634525,0.779682
149289951,Urbania,PUEBLO LIBRE,150121,Avenida Mariano H. Cornejo,La Esperanza,486310.0,82.0,5930.609756097561,3,2,0,0.0,10,6248.0,512336.0,0.051,1875.0,,8,264,0.238,empeorando,0.602,0.682,0.833694777634525,0.779682
149517795,Urbania,PUEBLO LIBRE,150121,Av. Brasil 1636,Pueblo Libre,487000.0,77.0,6324.675324675325,3,2,1,270.0,1,6248.0,481096.0,-0.012,1875.0,,8,264,0.238,empeorando,0.602,0.682,0.833694777634525,0.779682
149156101,Urbania,PUEBLO LIBRE,150121,Av Rio Grande  al 2xx,Pueblo Libre,489000.0,78.0,6269.2307692307695,3,2,0,0.0,1,6248.0,487344.0,-0.003,1875.0,,8,264,0.238,empeorando,0.602,0.682,0.833694777634525,0.779682
149483374,Urbania,PUEBLO LIBRE,150121,Leguia Melendez- Al Lado de Plaza VEA,Pueblo Libre,489500.0,79.0,6196.202531645569,3,2,0,0.0,1,6248.0,493592.0,0.008,1875.0,,8,264,0.238,empeorando,0.602,0.682,0.833694777634525,0.779682
143667646,Urbania,PUEBLO LIBRE,150121,Mariano Cornejo,Pueblo Libre,489600.0,87.0,5627.586206896552,3,2,1,150.0,1,6248.0,543576.0,0.099,1875.0,,8,264,0.238,empeorando,0.602,0.682,0.833694777634525,0.779682
149471372,Urbania,PUEBLO LIBRE,150121,Abraham Valdelomar,Pueblo Libre,490000.0,95.0,5157.894736842105,3,2,0,250.0,1,6248.0,593560.0,0.174,1875.0,,8,264,0.238,empeorando,0.602,0.682,0.833694777634525,0.779682
149496658,Urbania,PUEBLO LIBRE,150121,Av. Brasil  1636,Pueblo Libre,490000.0,77.0,6363.636363636364,3,2,1,270.0,1,6248.0,481096.0,-0.019,1875.0,,8,264,0.238,empeorando,0.602,0.682,0.833694777634525,0.779682
148112560,Urbania,PUEBLO LIBRE,150121,Manuel Ugarteche,Pueblo Libre,490626.0,78.0,6290.076923076923,3,2,1,0.0,1,6248.0,487344.0,-0.007,1875.0,,8,264,0.238,empeorando,0.602,0.682,0.833694777634525,0.779682
149644737,Urbania,PUEBLO LIBRE,150121,Avenida Bolivar  al 1000,Pueblo Libre,492250.0,73.0,6743.1506849315065,3,2,1,0.0,1,6248.0,456104.0,-0.079,1875.0,,8,264,0.238,empeorando,0.602,0.682,0.833694777634525,0.779682
149811811,Urbania,PUEBLO LIBRE,150121,Cádiz,Pueblo Libre,495000.0,80.0,6187.5,2,2,0,0.0,1,6248.0,499840.0,0.01,1875.0,,8,264,0.238,empeorando,0.602,0.682,0.833694777634525,0.779682
148211937,Urbania,PUEBLO LIBRE,150121,Santander,Pueblo Libre,499000.0,81.0,6160.493827160494,3,2,1,0.0,1,6248.0,506088.0,0.014,1875.0,,8,264,0.238,empeorando,0.602,0.682,0.833694777634525,0.779682
149039784,Urbania,PUEBLO LIBRE,150121,Av. Colombia 245,Pueblo Libre,499000.0,74.0,6743.243243243243,3,2,1,250.0,1,6248.0,462352.0,-0.079,1875.0,,8,264,0.238,empeorando,0.602,0.682,0.833694777634525,0.779682
149046691,Urbania,PUEBLO LIBRE,150121,Jr. Aragón 361,Pueblo Libre,500000.0,70.0,7142.857142857143,3,2,0,120.0,1,6248.0,437360.0,-0.143,1875.0,,8,264,0.238,empeorando,0.602,0.682,0.833694777634525,0.779682
149470471,Urbania,PUEBLO LIBRE,150121,Murillo,Pueblo Libre,500000.0,102.0,4901.9607843137255,2,2,0,100.0,1,6248.0,637296.0,0.215,1875.0,,8,264,0.238,empeorando,0.602,0.682,0.833694777634525,0.779682
149293586,Urbania,PUEBLO LIBRE,150121,Avenida Mariano H. Cornejo,Pueblo Libre,500200.0,86.0,5816.279069767442,3,2,0,0.0,1,6248.0,537328.0,0.069,1875.0,,8,264,0.238,empeorando,0.602,0.682,0.833694777634525,0.779682
149288084,Urbania,PUEBLO LIBRE,150121,Av. Mariano H. Cornejo,La Esperanza,500550.0,82.0,6104.268292682927,3,2,0,0.0,1,6248.0,512336.0,0.023,1875.0,,8,264,0.238,empeorando,0.602,0.682,0.833694777634525,0.779682
147280223,Urbania,PUEBLO LIBRE,150121,Jr. Daniel Hernández al 1200,Pueblo Libre,502000.0,68.0,7382.35294117647,2,2,0,0.0,8,6248.0,424864.0,-0.182,1875.0,,8,264,0.238,empeorando,0.602,0.682,0.833694777634525,0.779682
91125620,Urbania,PUEBLO LIBRE,150121,Ramon Pizarro xxx,El Carmen,502000.0,115.0,4365.217391304348,3,2,0,0.0,1,6248.0,718520.0,0.301,1875.0,,8,264,0.238,empeorando,0.602,0.682,0.833694777634525,0.779682
143700728,Urbania,PUEBLO LIBRE,150121,Mariano Cornejo,Pueblo Libre,503200.0,86.0,5851.162790697675,3,2,0,150.0,1,6248.0,537328.0,0.064,1875.0,,8,264,0.238,empeorando,0.602,0.682,0.833694777634525,0.779682
149177032,Urbania,PUEBLO LIBRE,150121,Calle Olavegoya  al 100,Pueblo Libre,505163.0,100.0,5051.63,3,2,1,0.0,1,6248.0,624800.0,0.191,1875.0,,8,264,0.238,empeorando,0.602,0.682,0.833694777634525,0.779682
143503485,Urbania,PUEBLO LIBRE,150121,AV.UNIVERSITARIA CERCA U.CATÓLICA Y UNMSM 1ER.PISO 100M2 3DORM. PATIO,Los Jardines De La Catolica,506000.0,100.0,5060.0,3,2,0,20.0,1,6248.0,624800.0,0.19,1875.0,,8,264,0.238,empeorando,0.602,0.682,0.833694777634525,0.779682
147820421,Urbania,PUEBLO LIBRE,150121,Zaragoza 200,Pueblo Libre,506000.0,77.0,6571.428571428572,3,2,0,0.0,1,6248.0,481096.0,-0.052,1875.0,,8,264,0.238,empeorando,0.602,0.682,0.833694777634525,0.779682
149760453,Urbania,PUEBLO LIBRE,150121,Avenida Manuel Cipriano Dulanto 1464,Pueblo Libre,507500.0,63.0,8055.555555555556,2,2,1,260.0,10,6248.0,393624.0,-0.289,1875.0,,8,264,0.238,empeorando,0.602,0.682,0.833694777634525,0.779682
148827230,Urbania,PUEBLO LIBRE,150121,Av. Brasil 1392,Pueblo Libre,507500.0,90.0,5638.888888888889,4,3,1,0.0,1,6248.0,562320.0,0.097,1875.0,,8,264,0.238,empeorando,0.602,0.682,0.833694777634525,0.779682
148072907,Urbania,PUEBLO LIBRE,150121,AV BRASIL,Pueblo Libre,508200.0,76.0,6686.8421052631575,3,2,0,200.0,1,6248.0,474848.0,-0.07,1875.0,,8,264,0.238,empeorando,0.602,0.682,0.833694777634525,0.779682
149620795,Urbania,PUEBLO LIBRE,150121,JIRON AGUSTIN LANGUE,Pueblo Libre,512500.0,107.0,4789.719626168225,3,2,0,0.0,1,6248.0,668536.0,0.233,1875.0,,8,264,0.238,empeorando,0.602,0.682,0.833694777634525,0.779682
149231882,Urbania,PUEBLO LIBRE,150121,Pueblo Libre,Pueblo Libre,516284.0,74.0,6976.810810810811,3,2,0,0.0,1,6248.0,462352.0,-0.117,1875.0,,8,264,0.238,empeorando,0.602,0.682,0.833694777634525,0.779682
148639098,Urbania,PUEBLO LIBRE,150121,Jaime Herrera,Pueblo Libre,517123.0,72.0,7182.263888888889,3,2,1,0.0,1,6248.0,449856.0,-0.15,1875.0,,8,264,0.238,empeorando,0.602,0.682,0.833694777634525,0.779682
147820786,Urbania,PUEBLO LIBRE,150121,Zaragoza 200,Pueblo Libre,518000.0,75.0,6906.666666666667,3,3,0,0.0,1,6248.0,468600.0,-0.105,1875.0,,8,264,0.238,empeorando,0.602,0.682,0.833694777634525,0.779682
148196616,Urbania,PUEBLO LIBRE,150121,Santander,Pueblo Libre,519000.0,90.0,5766.666666666667,2,2,1,0.0,1,6248.0,562320.0,0.077,1875.0,,8,264,0.238,empeorando,0.602,0.682,0.833694777634525,0.779682
147260186,Urbania,PUEBLO LIBRE,150121,Parque Enrique Leon Garcia,Pueblo Libre,520000.0,85.0,6117.64705882353,3,2,0,300.0,1,6248.0,531080.0,0.021,1875.0,,8,264,0.238,empeorando,0.602,0.682,0.833694777634525,0.779682
143173606,Urbania,PUEBLO LIBRE,150121,"Av. RIO Grande N°3xx, Dpto. 1601",Pueblo Libre,520000.0,76.0,6842.105263157895,3,2,1,0.0,1,6248.0,474848.0,-0.095,1875.0,,8,264,0.238,empeorando,0.602,0.682,0.833694777634525,0.779682
149395955,Urbania,PUEBLO LIBRE,150121,Jr. Gral. Artigas 764,Pueblo Libre,523260.0,84.0,6229.285714285715,3,2,0,210.0,1,6248.0,524832.0,0.003,1875.0,,8,264,0.238,empeorando,0.602,0.682,0.833694777634525,0.779682
149041767,Urbania,PUEBLO LIBRE,150121,Departamento de 3 Dormitorios en Pueblo Libre Cerca a Av. Brasil,Pueblo Libre,524000.0,69.0,7594.202898550725,3,2,0,0.0,1,6248.0,431112.0,-0.215,1875.0,,8,264,0.238,empeorando,0.602,0.682,0.833694777634525,0.779682
149740796,Urbania,PUEBLO LIBRE,150121,Maipu 648 650,Pueblo Libre,525000.0,85.0,6176.470588235294,3,2,1,180.0,1,6248.0,531080.0,0.011,1875.0,,8,264,0.238,empeorando,0.602,0.682,0.833694777634525,0.779682
148763488,Urbania,PUEBLO LIBRE,150121,Av. Manuel Cipriano Dulanto 1358,Pueblo Libre,525000.0,84.0,6250.0,3,2,1,300.0,1,6248.0,524832.0,-0.0,1875.0,,8,264,0.238,empeorando,0.602,0.682,0.833694777634525,0.779682
147678692,Urbania,PUEBLO LIBRE,150121,Calle Rio Huaura  361 Pueblo Libre,Pueblo Libre,530000.0,79.0,6708.860759493671,3,2,0,250.0,1,6248.0,493592.0,-0.074,1875.0,,8,264,0.238,empeorando,0.602,0.682,0.833694777634525,0.779682
145258473,Urbania,PUEBLO LIBRE,150121,Jirón Río Huaura 361,Pueblo Libre,530000.0,78.0,6794.871794871795,3,2,1,0.0,1,6248.0,487344.0,-0.088,1875.0,,8,264,0.238,empeorando,0.602,0.682,0.833694777634525,0.779682
149264637,Urbania,PUEBLO LIBRE,150121,JR. Abraham Valdelomar 735,Pueblo Libre,532000.0,88.0,6045.454545454545,3,2,0,0.0,8,6248.0,549824.0,0.032,1875.0,,8,264,0.238,empeorando,0.602,0.682,0.833694777634525,0.779682
148955433,Urbania,PUEBLO LIBRE,150121,Oré 121,Pueblo Libre,532650.0,103.0,5171.359223300971,3,2,0,1.0,1,6248.0,643544.0,0.172,1875.0,,8,264,0.238,empeorando,0.602,0.682,0.833694777634525,0.779682
145892261,Urbania,PUEBLO LIBRE,150121,JR. Clovis 6XX Dpto X02,Pueblo Libre,533500.0,71.0,7514.084507042254,3,2,1,0.0,1,6248.0,443608.0,-0.203,1875.0,,8,264,0.238,empeorando,0.602,0.682,0.833694777634525,0.779682
149297886,Urbania,PUEBLO LIBRE,150121,Jose Ramón Pizarro al 1200,Pueblo Libre,533800.0,80.0,6672.5,3,2,1,250.0,1,6248.0,499840.0,-0.068,1875.0,,8,264,0.238,empeorando,0.602,0.682,0.833694777634525,0.779682
149910641,Urbania,PUEBLO LIBRE,150121,Avenida Horacio Urteaga 1537,Pueblo Libre,535000.0,82.0,6524.390243902439,2,2,1,220.0,1,6248.0,512336.0,-0.044,1875.0,,8,264,0.238,empeorando,0.602,0.682,0.833694777634525,0.779682
145892329,Urbania,PUEBLO LIBRE,150121,JR. Clovis 6XX Dpto X01,Pueblo Libre,541500.0,72.0,7520.833333333333,3,2,1,0.0,1,6248.0,449856.0,-0.204,1875.0,,8,264,0.238,empeorando,0.602,0.682,0.833694777634525,0.779682
149574968,Urbania,PUEBLO LIBRE,150121,Av Del Rio  al 300,Pueblo Libre,542335.0,87.0,6233.735632183908,3,3,0,0.0,10,6248.0,543576.0,0.002,1875.0,,8,264,0.238,empeorando,0.602,0.682,0.833694777634525,0.779682
148972576,Urbania,PUEBLO LIBRE,150121,Coronel Ernesto Odriozola 129,Pueblo Libre,542500.0,144.0,3767.3611111111113,3,2,0,0.0,10,6248.0,899712.0,0.397,1875.0,,8,264,0.238,empeorando,0.602,0.682,0.833694777634525,0.779682
148626700,Urbania,PUEBLO LIBRE,150121,Jiron Jose Gregorio Paredes 273,Pueblo Libre,544900.0,97.0,5617.525773195876,3,2,1,330.0,1,6248.0,606056.0,0.101,1875.0,,8,264,0.238,empeorando,0.602,0.682,0.833694777634525,0.779682
148825531,Urbania,PUEBLO LIBRE,150121,José Gregorio Paredes,Pueblo Libre,544900.0,80.0,6811.25,3,2,1,330.0,1,6248.0,499840.0,-0.09,1875.0,,8,264,0.238,empeorando,0.602,0.682,0.833694777634525,0.779682
143648707,Urbania,PUEBLO LIBRE,150121,Jr Daniel Hernandez 740,Pueblo Libre,550000.0,105.0,5238.0952380952385,3,1,2,100.0,1,6248.0,656040.0,0.162,1875.0,,8,264,0.238,empeorando,0.602,0.682,0.833694777634525,0.779682
149228162,Urbania,PUEBLO LIBRE,150121,Jirón Ángela Podestá Pescheira 120,Pueblo Libre,550000.0,107.0,5140.186915887851,3,2,0,0.0,1,6248.0,668536.0,0.177,1875.0,,8,264,0.238,empeorando,0.602,0.682,0.833694777634525,0.779682
147823004,Urbania,PUEBLO LIBRE,150121,Zaragoza 200,Pueblo Libre,555000.0,85.0,6529.411764705882,3,2,0,0.0,1,6248.0,531080.0,-0.045,1875.0,,8,264,0.238,empeorando,0.602,0.682,0.833694777634525,0.779682
149898159,Urbania,PUEBLO LIBRE,150121,Pueblo Libre,Pueblo Libre,560000.0,90.0,6222.222222222223,3,2,1,200.0,1,6248.0,562320.0,0.004,1875.0,,8,264,0.238,empeorando,0.602,0.682,0.833694777634525,0.779682
149028400,Urbania,PUEBLO LIBRE,150121,Calle Isla San Lorenzo,Pueblo Libre,560000.0,82.0,6829.268292682927,3,2,0,0.0,1,6248.0,512336.0,-0.093,1875.0,,8,264,0.238,empeorando,0.602,0.682,0.833694777634525,0.779682
145510436,Urbania,PUEBLO LIBRE,150121,CALLE FERNANDINI,Pueblo Libre,562300.0,76.0,7398.684210526316,3,2,0,0.0,1,6248.0,474848.0,-0.184,1875.0,,8,264,0.238,empeorando,0.602,0.682,0.833694777634525,0.779682
148844310,Urbania,PUEBLO LIBRE,150121,Av. Simón Bolívar al 1400,El Carmen,562520.0,138.0,4076.231884057971,4,1,0,0.0,1,6248.0,862224.0,0.348,1875.0,,8,264,0.238,empeorando,0.602,0.682,0.833694777634525,0.779682
148073518,Urbania,PUEBLO LIBRE,150121,AV BRASIL,Pueblo Libre,563000.0,84.0,6702.380952380952,3,2,0,200.0,1,6248.0,524832.0,-0.073,1875.0,,8,264,0.238,empeorando,0.602,0.682,0.833694777634525,0.779682
149773899,Urbania,PUEBLO LIBRE,150121,Zaragoza al 100,Pueblo Libre,564655.0,85.0,6643.0,3,2,0,0.0,1,6248.0,531080.0,-0.063,1875.0,,8,264,0.238,empeorando,0.602,0.682,0.833694777634525,0.779682
149220099,Urbania,PUEBLO LIBRE,150121,Jirón Río Huaura,28 De Julio,565000.0,78.0,7243.589743589743,3,2,0,220.0,1,6248.0,487344.0,-0.159,1875.0,,8,264,0.238,empeorando,0.602,0.682,0.833694777634525,0.779682
149193535,Urbania,PUEBLO LIBRE,150121,Jirón Río Huaura,Pueblo Libre,567000.0,79.0,7177.215189873417,3,2,0,200.0,1,6248.0,493592.0,-0.149,1875.0,,8,264,0.238,empeorando,0.602,0.682,0.833694777634525,0.779682
149264563,Urbania,PUEBLO LIBRE,150121,JR. Abraham Valdelomar  735,Pueblo Libre,567000.0,93.0,6096.774193548387,3,2,0,0.0,1,6248.0,581064.0,0.024,1875.0,,8,264,0.238,empeorando,0.602,0.682,0.833694777634525,0.779682
149361394,Urbania,PUEBLO LIBRE,150121,Tándem Pueblo Libre,Pueblo Libre,567600.0,89.0,6377.528089887641,3,2,2,0.0,1,6248.0,556072.0,-0.021,1875.0,,8,264,0.238,empeorando,0.602,0.682,0.833694777634525,0.779682
146239320,Urbania,PUEBLO LIBRE,150121,"Jr. José Santiago Wagner ,",Pueblo Libre,568000.0,86.0,6604.6511627906975,2,2,0,0.0,10,6248.0,537328.0,-0.057,1875.0,,8,264,0.238,empeorando,0.602,0.682,0.833694777634525,0.779682
149273566,Urbania,PUEBLO LIBRE,150121,Jr. Río Huaura – Pueblo Libre,Pueblo Libre,570000.0,78.0,7307.692307692308,3,2,1,0.0,1,6248.0,487344.0,-0.17,1875.0,,8,264,0.238,empeorando,0.602,0.682,0.833694777634525,0.779682
142507635,Urbania,PUEBLO LIBRE,150121,Sucre,Pueblo Libre,573500.0,110.0,5213.636363636364,5,5,1,0.0,1,6248.0,687280.0,0.166,1875.0,,8,264,0.238,empeorando,0.602,0.682,0.833694777634525,0.779682
147503636,Urbania,PUEBLO LIBRE,150121,Simón Bolivar 947,Pueblo Libre,574788.0,92.0,6247.695652173913,3,2,0,0.0,1,6248.0,574816.0,0.0,1875.0,,8,264,0.238,empeorando,0.602,0.682,0.833694777634525,0.779682
149147078,Urbania,PUEBLO LIBRE,150121,Parque San Martín 241,San Martin,577500.0,80.0,7218.75,3,3,1,300.0,1,6248.0,499840.0,-0.155,1875.0,,8,264,0.238,empeorando,0.602,0.682,0.833694777634525,0.779682
146194733,Urbania,PUEBLO LIBRE,150121,JR. Jose Ramon Pizarro 9XX DPT  701,Pueblo Libre,577500.0,87.0,6637.931034482759,3,2,1,0.0,1,6248.0,543576.0,-0.062,1875.0,,8,264,0.238,empeorando,0.602,0.682,0.833694777634525,0.779682
148293233,Urbania,PUEBLO LIBRE,150121,Av Antonio José de Sucre 1301,Pueblo Libre,578800.0,90.0,6431.111111111111,3,2,0,0.0,1,6248.0,562320.0,-0.029,1875.0,,8,264,0.238,empeorando,0.602,0.682,0.833694777634525,0.779682
149315196,Urbania,PUEBLO LIBRE,150121,Jr. Gral. José Ramon Pizarro  1432,Pueblo Libre,580000.0,72.0,8055.555555555556,2,2,1,200.0,10,6248.0,449856.0,-0.289,1875.0,,8,264,0.238,empeorando,0.602,0.682,0.833694777634525,0.779682
149688846,Urbania,PUEBLO LIBRE,150121,Av. del Río,Pueblo Libre,581880.0,87.0,6688.275862068966,3,2,0,0.0,1,6248.0,543576.0,-0.07,1875.0,,8,264,0.238,empeorando,0.602,0.682,0.833694777634525,0.779682
144432400,Urbania,PUEBLO LIBRE,150121,pueblo libre,Isla Verde,583000.0,82.0,7109.756097560976,3,2,1,0.0,1,6248.0,512336.0,-0.138,1875.0,,8,264,0.238,empeorando,0.602,0.682,0.833694777634525,0.779682
148479878,Urbania,PUEBLO LIBRE,150121,Av. Sucre Pueblo Libre 13,Mariscal Antonio Jose De Sucre,586930.0,90.0,6521.444444444444,3,2,0,0.0,1,6248.0,562320.0,-0.044,1875.0,,8,264,0.238,empeorando,0.602,0.682,0.833694777634525,0.779682
149574856,Urbania,PUEBLO LIBRE,150121,Jirón Victor Pantoja Castillo,San Martin,591500.0,94.0,6292.553191489362,3,2,1,150.0,1,6248.0,587312.0,-0.007,1875.0,,8,264,0.238,empeorando,0.602,0.682,0.833694777634525,0.779682
149652711,Urbania,PUEBLO LIBRE,150121,Avenida Simón Bolívar 1324,Pueblo Libre,597000.0,85.0,7023.529411764706,3,2,1,400.0,10,6248.0,531080.0,-0.124,1875.0,,8,264,0.238,empeorando,0.602,0.682,0.833694777634525,0.779682
149335800,Urbania,PUEBLO LIBRE,150121,Eleazar Blanco 209,Pueblo Libre,600000.0,105.0,5714.285714285715,3,2,1,280.0,1,6248.0,656040.0,0.085,1875.0,,8,264,0.238,empeorando,0.602,0.682,0.833694777634525,0.779682
149796436,Urbania,PUEBLO LIBRE,150121,Avenida Sucre 1301,Pueblo Libre,603750.0,90.0,6708.333333333333,3,3,0,0.0,1,6248.0,562320.0,-0.074,1875.0,,8,264,0.238,empeorando,0.602,0.682,0.833694777634525,0.779682
149828706,Urbania,PUEBLO LIBRE,150121,Dirección no informada,El Suta,603750.0,110.0,5488.636363636364,2,2,1,290.0,1,6248.0,687280.0,0.122,1875.0,,8,264,0.238,empeorando,0.602,0.682,0.833694777634525,0.779682
145843974,Urbania,PUEBLO LIBRE,150121,avenida La Marina 2XX,Pueblo Libre,608400.0,80.0,7605.0,2,3,0,0.0,1,6248.0,499840.0,-0.217,1875.0,,8,264,0.238,empeorando,0.602,0.682,0.833694777634525,0.779682
147542220,Urbania,PUEBLO LIBRE,150121,Mariano Cornejo 1430 Urb Dpt 1902,Pueblo Libre,608700.0,120.0,5072.5,3,3,1,490.0,1,6248.0,749760.0,0.188,1875.0,,8,264,0.238,empeorando,0.602,0.682,0.833694777634525,0.779682
144678511,Urbania,PUEBLO LIBRE,150121,Cdra. 15 JUAN PABLO FERNANDINI,Pueblo Libre,613831.0,75.0,8184.413333333333,3,2,1,0.0,1,6248.0,468600.0,-0.31,1875.0,,8,264,0.238,empeorando,0.602,0.682,0.833694777634525,0.779682
147822809,Urbania,PUEBLO LIBRE,150121,Zaragoza 200,Pueblo Libre,617000.0,106.0,5820.754716981132,3,2,0,0.0,1,6248.0,662288.0,0.068,1875.0,,8,264,0.238,empeorando,0.602,0.682,0.833694777634525,0.779682
149822412,Urbania,PUEBLO LIBRE,150121,Jr. General José Ramón Pizarro 970,El Carmen,619200.0,102.0,6070.588235294118,3,2,0,250.0,1,6248.0,637296.0,0.028,1875.0,,8,264,0.238,empeorando,0.602,0.682,0.833694777634525,0.779682
149874557,Urbania,PUEBLO LIBRE,150121,Av. Bolívar 947,Pueblo Libre,620000.0,92.0,6739.130434782609,3,2,0,320.0,1,6248.0,574816.0,-0.079,1875.0,,8,264,0.238,empeorando,0.602,0.682,0.833694777634525,0.779682
147824301,Urbania,PUEBLO LIBRE,150121,Zaragoza 200,Pueblo Libre,627000.0,93.0,6741.935483870968,4,3,0,0.0,1,6248.0,581064.0,-0.079,1875.0,,8,264,0.238,empeorando,0.602,0.682,0.833694777634525,0.779682
146194958,Urbania,PUEBLO LIBRE,150121,JR. Jose Ramon Pizarro 9XX DPT 401 AL 801,Pueblo Libre,629954.0,89.0,7078.134831460674,3,2,1,0.0,1,6248.0,556072.0,-0.133,1875.0,,8,264,0.238,empeorando,0.602,0.682,0.833694777634525,0.779682
149034416,Urbania,PUEBLO LIBRE,150121,Parque El Carmen 1384,Pueblo Libre,629986.0,112.0,5624.875,3,3,1,0.0,1,6248.0,699776.0,0.1,1875.0,,8,264,0.238,empeorando,0.602,0.682,0.833694777634525,0.779682
149038916,Urbania,PUEBLO LIBRE,150121,Jirón Rio de Janeiro,Pueblo Libre,630289.0,74.0,8517.418918918918,3,2,0,0.0,1,6248.0,462352.0,-0.363,1875.0,,8,264,0.238,empeorando,0.602,0.682,0.833694777634525,0.779682
147692586,Urbania,PUEBLO LIBRE,150121,"Av. Manuel Cipriano Dulanto 1815, Pueblo Libre",Pueblo Libre,632000.0,120.0,5266.666666666667,3,2,1,250.0,1,6248.0,749760.0,0.157,1875.0,,8,264,0.238,empeorando,0.602,0.682,0.833694777634525,0.779682
149044577,Urbania,PUEBLO LIBRE,150121,Santiago Rossel - Venta Duplex Pueblo Libre Estreno,Pueblo Libre,638000.0,108.0,5907.407407407408,3,2,1,0.0,1,6248.0,674784.0,0.055,1875.0,,8,264,0.238,empeorando,0.602,0.682,0.833694777634525,0.779682
149325370,Urbania,PUEBLO LIBRE,150121,Eleazar blanco 300,La Mar,638250.0,175.0,3647.1428571428573,4,3,0,100.0,1,6248.0,1093400.0,0.416,1875.0,,8,264,0.238,empeorando,0.602,0.682,0.833694777634525,0.779682
149151824,Urbania,PUEBLO LIBRE,150121,Jiron Nicolas Alcazar  al 600,Pueblo Libre,638400.0,127.0,5026.771653543307,4,2,0,0.0,1,6248.0,793496.0,0.195,1875.0,,8,264,0.238,empeorando,0.602,0.682,0.833694777634525,0.779682
148684214,Urbania,PUEBLO LIBRE,150121,Av. del Río,Pueblo Libre,645500.0,165.0,3912.121212121212,3,3,1,350.0,1,6248.0,1030920.0,0.374,1875.0,,8,264,0.238,empeorando,0.602,0.682,0.833694777634525,0.779682
148293377,Urbania,PUEBLO LIBRE,150121,Jose Antonio de Sucre Cuadra 13,Pueblo Libre,648400.0,108.0,6003.7037037037035,3,3,0,170.0,1,6248.0,674784.0,0.039,1875.0,,8,264,0.238,empeorando,0.602,0.682,0.833694777634525,0.779682
148480008,Urbania,PUEBLO LIBRE,150121,Av. Sucre Pueblo Libre 13,Mariscal Antonio Jose De Sucre,649793.0,108.0,6016.601851851852,3,3,0,0.0,10,6248.0,674784.0,0.037,1875.0,,8,264,0.238,empeorando,0.602,0.682,0.833694777634525,0.779682
149783621,Urbania,PUEBLO LIBRE,150121,José Ugarteche,Pueblo Libre,650000.0,92.0,7065.217391304348,2,2,0,300.0,1,6248.0,574816.0,-0.131,1875.0,,8,264,0.238,empeorando,0.602,0.682,0.833694777634525,0.779682
148086466,Urbania,PUEBLO LIBRE,150121,Calle los Cabo Nicolas Gutarra,Pueblo Libre,656750.0,132.0,4975.378787878788,3,1,1,145.0,1,6248.0,824736.0,0.204,1875.0,,8,264,0.238,empeorando,0.602,0.682,0.833694777634525,0.779682
149277458,Urbania,PUEBLO LIBRE,150121,Eleazar Blanco 200,Colmenares,657000.0,171.0,3842.1052631578946,3,3,0,100.0,1,6248.0,1068408.0,0.385,1875.0,,8,264,0.238,empeorando,0.602,0.682,0.833694777634525,0.779682
149831236,Urbania,PUEBLO LIBRE,150121,Jr. Clovis al 600,Pueblo Libre,666300.0,98.0,6798.9795918367345,3,2,0,0.0,1,6248.0,612304.0,-0.088,1875.0,,8,264,0.238,empeorando,0.602,0.682,0.833694777634525,0.779682
148938558,Urbania,PUEBLO LIBRE,150121,Parque San Martín,San Bernardo,671220.0,104.0,6454.038461538462,3,2,1,220.0,1,6248.0,649792.0,-0.033,1875.0,,8,264,0.238,empeorando,0.602,0.682,0.833694777634525,0.779682
149795957,Urbania,PUEBLO LIBRE,150121,AV. Sucre,Pueblo Libre,672000.0,109.0,6165.137614678899,3,3,0,0.0,1,6248.0,681032.0,0.013,1875.0,,8,264,0.238,empeorando,0.602,0.682,0.833694777634525,0.779682
90133335,Urbania,PUEBLO LIBRE,150121,Ca. Colmenares,Pueblo Libre,675000.0,128.0,5273.4375,3,2,1,240.0,1,6248.0,799744.0,0.156,1875.0,,8,264,0.238,empeorando,0.602,0.682,0.833694777634525,0.779682
4401767,Urbania,PUEBLO LIBRE,150121,Calle parque el carmen,Pueblo Libre,676600.0,135.0,5011.851851851852,3,2,0,99.0,10,6248.0,843480.0,0.198,1875.0,,8,264,0.238,empeorando,0.602,0.682,0.833694777634525,0.779682
148946514,Urbania,PUEBLO LIBRE,150121,Parque San Martin  al 300,Pueblo Libre,680000.0,104.0,6538.461538461538,3,2,1,0.0,1,6248.0,649792.0,-0.046,1875.0,,8,264,0.238,empeorando,0.602,0.682,0.833694777634525,0.779682
148896061,Urbania,PUEBLO LIBRE,150121,Pueblo Libre,Pueblo Libre,719034.0,83.0,8663.060240963856,3,2,0,0.0,1,6248.0,518584.0,-0.387,1875.0,,8,264,0.238,empeorando,0.602,0.682,0.833694777634525,0.779682
148996701,Urbania,PUEBLO LIBRE,150121,Jirón General José Ramón Pizarro 576,Pueblo Libre,750000.0,202.0,3712.871287128713,6,2,0,0.0,1,6248.0,1262096.0,0.406,1875.0,,8,264,0.238,empeorando,0.602,0.682,0.833694777634525,0.779682
147980821,Urbania,PUEBLO LIBRE,150121,Cadiz  al 400,Pueblo Libre,770000.0,100.0,7700.0,3,2,1,350.0,1,6248.0,624800.0,-0.232,1875.0,,8,264,0.238,empeorando,0.602,0.682,0.833694777634525,0.779682
149141726,Urbania,PUEBLO LIBRE,150121,Jr. General José Ramón Pizarro 1092,Colmenares,777400.0,165.0,4711.515151515152,5,4,1,0.0,1,6248.0,1030920.0,0.246,1875.0,,8,264,0.238,empeorando,0.602,0.682,0.833694777634525,0.779682
147706329,Urbania,PUEBLO LIBRE,150121,Calle Santa Isabel Pueblo Libre,Pueblo Libre,814915.0,105.0,7761.0952380952385,3,2,0,0.0,10,6248.0,656040.0,-0.242,1875.0,,8,264,0.238,empeorando,0.602,0.682,0.833694777634525,0.779682
149652418,Urbania,PUEBLO LIBRE,150121,"Av. Manuel Cipriano Dulanto al 1430, Pueblo Libre",Colmenares,824550.0,173.0,4766.184971098266,4,3,1,0.0,1,6248.0,1080904.0,0.237,1875.0,,8,264,0.238,empeorando,0.602,0.682,0.833694777634525,0.779682
149800998,Urbania,PUEBLO LIBRE,150121,Calle Río Moche,Pueblo Libre,840000.0,133.0,6315.789473684211,3,2,1,350.0,1,6248.0,830984.0,-0.011,1875.0,,8,264,0.238,empeorando,0.602,0.682,0.833694777634525,0.779682
148196967,Urbania,PUEBLO LIBRE,150121,Santander,Pueblo Libre,859000.0,162.0,5302.469135802469,3,2,1,0.0,1,6248.0,1012176.0,0.151,1875.0,,8,264,0.238,empeorando,0.602,0.682,0.833694777634525,0.779682
149738808,Urbania,PUEBLO LIBRE,150121,Callle Rio Moche  al 300,Pueblo Libre,875000.0,134.0,6529.850746268657,3,3,1,0.0,1,6248.0,837232.0,-0.045,1875.0,,8,264,0.238,empeorando,0.602,0.682,0.833694777634525,0.779682
148749611,Urbania,PUEBLO LIBRE,150121,Jr. Gral. José Ramón Pizarro,Pueblo Libre,879000.0,116.0,7577.586206896552,3,2,0,0.0,1,6248.0,724768.0,-0.213,1875.0,,8,264,0.238,empeorando,0.602,0.682,0.833694777634525,0.779682
147613080,Urbania,PUEBLO LIBRE,150121,Parque colombia Pueblo Libre,Pueblo Libre,880000.0,155.0,5677.419354838709,3,3,0,0.0,1,6248.0,968440.0,0.091,1875.0,,8,264,0.238,empeorando,0.602,0.682,0.833694777634525,0.779682
149430449,Urbania,PUEBLO LIBRE,150121,Morelos 256,Pueblo Libre,884940.0,184.0,4809.45652173913,4,3,0,0.0,1,6248.0,1149632.0,0.23,1875.0,,8,264,0.238,empeorando,0.602,0.682,0.833694777634525,0.779682
148062957,Urbania,PUEBLO LIBRE,150121,Urb. Parque San Martín Pueblo Libre,San Martin,891000.0,173.0,5150.289017341041,3,3,1,400.0,1,6248.0,1080904.0,0.176,1875.0,,8,264,0.238,empeorando,0.602,0.682,0.833694777634525,0.779682
145438155,Urbania,PUEBLO LIBRE,150121,Cadiz,Pueblo Libre,896250.0,154.0,5819.805194805195,3,3,0,0.0,1,6248.0,962192.0,0.069,1875.0,,8,264,0.238,empeorando,0.602,0.682,0.833694777634525,0.779682
148113015,Urbania,PUEBLO LIBRE,150121,Manuel Ugarteche,Pueblo Libre,902217.0,146.0,6179.568493150685,3,3,1,0.0,1,6248.0,912208.0,0.011,1875.0,,8,264,0.238,empeorando,0.602,0.682,0.833694777634525,0.779682
148511417,Urbania,PUEBLO LIBRE,150121,Pueblo libre,Circolo,915000.0,150.0,6100.0,3,2,2,0.0,1,6248.0,937200.0,0.024,1875.0,,8,264,0.238,empeorando,0.602,0.682,0.833694777634525,0.779682
147856770,Urbania,PUEBLO LIBRE,150121,Parque Bahía 150,Pueblo Libre,990000.0,150.0,6600.0,3,3,1,0.0,1,6248.0,937200.0,-0.056,1875.0,,8,264,0.238,empeorando,0.602,0.682,0.833694777634525,0.779682
149498536,Urbania,PUEBLO LIBRE,150121,Rio Moche al 368,Pueblo Libre,1000000.0,190.0,5263.1578947368425,3,3,1,700.0,1,6248.0,1187120.0,0.158,1875.0,,8,264,0.238,empeorando,0.602,0.682,0.833694777634525,0.779682
148896087,Urbania,PUEBLO LIBRE,150121,Pueblo Libre,Pueblo Libre,1048388.0,159.0,6593.635220125786,3,3,0,0.0,1,6248.0,993432.0,-0.055,1875.0,,8,264,0.238,empeorando,0.602,0.682,0.833694777634525,0.779682
149645239,Urbania,PUEBLO LIBRE,150121,Parque Rospigliosi  al 100,Pueblo Libre,1200000.0,230.0,5217.391304347826,4,5,2,0.0,1,6248.0,1437040.0,0.165,1875.0,,8,264,0.238,empeorando,0.602,0.682,0.833694777634525,0.779682
149341595,Urbania,PUEBLO LIBRE,150121,Jr. General José Ramón Pizarro -,Pueblo Libre,1208157.0,176.0,6864.528409090909,4,3,0,1.0,1,6248.0,1099648.0,-0.099,1875.0,,8,264,0.238,empeorando,0.602,0.682,0.833694777634525,0.779682
149789451,Urbania,PUEBLO LIBRE,150121,Calle Juan Roberto Acevedo,Pueblo Libre,1225000.0,263.0,4657.794676806084,4,3,2,300.0,1,6248.0,1643224.0,0.255,1875.0,,8,264,0.238,empeorando,0.602,0.682,0.833694777634525,0.779682
149589354,Urbania,SAN BORJA,150130,Calle de la Técnica 280,San Juan Masias,291550.0,54.0,5399.074074074074,2,1,0,80.0,1,6331.0,341874.0,0.147,2098.61,,4,120,0.337,estable,0.373,0.518,0.8236163632543219,0.463208
149466076,Urbania,SAN BORJA,150130,Av. Velasco Astete 300,Mariscal Ramon Castilla,330000.0,62.0,5322.580645161291,1,1,1,0.0,1,6331.0,392522.0,0.159,2098.61,,4,120,0.337,estable,0.373,0.518,0.8236163632543219,0.463208
146526553,Urbania,SAN BORJA,150130,calle 30,San Borja,388000.0,55.0,7054.545454545455,1,1,1,120.0,1,6331.0,348205.0,-0.114,2098.61,,4,120,0.337,estable,0.373,0.518,0.8236163632543219,0.463208
149593226,Urbania,SAN BORJA,150130,Ca. John Hassinger cdra. 1,San Borja,396750.0,68.0,5834.558823529412,2,1,0,350.0,1,6331.0,430508.0,0.078,2098.61,,4,120,0.337,estable,0.373,0.518,0.8236163632543219,0.463208
149697951,Urbania,SAN BORJA,150130,Av. Javier Prado Este al 3000,San Borja,408000.0,84.0,4857.142857142857,2,1,0,0.0,1,6331.0,531804.0,0.233,2098.61,,4,120,0.337,estable,0.373,0.518,0.8236163632543219,0.463208
149825530,Urbania,SAN BORJA,150130,Avenida Velasco Astete,Mariscal Ramon Castilla,414000.0,63.0,6571.428571428572,2,1,1,250.0,1,6331.0,398853.0,-0.038,2098.61,,4,120,0.337,estable,0.373,0.518,0.8236163632543219,0.463208
148219435,Urbania,SAN BORJA,150130,"Velasco Astete 312, San Borja",San Borja,415400.0,64.0,6490.625,1,1,1,280.0,10,6331.0,405184.0,-0.025,2098.61,,4,120,0.337,estable,0.373,0.518,0.8236163632543219,0.463208
149581168,Urbania,SAN BORJA,150130,Alfa Escorpión,San Borja,438000.0,70.0,6257.142857142857,2,1,0,250.0,1,6331.0,443170.0,0.012,2098.61,,4,120,0.337,estable,0.373,0.518,0.8236163632543219,0.463208
149144679,Urbania,SAN BORJA,150130,CALLE 24,Mariscal Ramon Castilla,472600.0,90.0,5251.111111111111,2,1,0,200.0,1,6331.0,569790.0,0.171,2098.61,,4,120,0.337,estable,0.373,0.518,0.8236163632543219,0.463208
144503951,Urbania,SAN BORJA,150130,Avenida Boulevard,San Borja,479550.0,92.0,5212.5,2,2,1,150.0,1,6331.0,582452.0,0.177,2098.61,,4,120,0.337,estable,0.373,0.518,0.8236163632543219,0.463208
148842091,Urbania,SAN BORJA,150130,Av. Aviación,San Borja,495000.0,124.0,3991.935483870968,3,2,0,110.0,1,6331.0,785044.0,0.369,2098.61,,4,120,0.337,estable,0.373,0.518,0.8236163632543219,0.463208
146004544,Urbania,SAN BORJA,150130,Pissarro,San Borja,496800.0,85.0,5844.705882352941,2,2,0,120.0,1,6331.0,538135.0,0.077,2098.61,,4,120,0.337,estable,0.373,0.518,0.8236163632543219,0.463208
58447980,Urbania,SAN BORJA,150130,Calle,Monterrico Norte,525400.0,94.0,5589.36170212766,2,3,1,250.0,1,6331.0,595114.0,0.117,2098.61,,4,120,0.337,estable,0.373,0.518,0.8236163632543219,0.463208
149469321,Urbania,SAN BORJA,150130,Av. San Borja Sur 443,San Borja Sur,530000.0,116.0,4568.9655172413795,3,3,0,300.0,1,6331.0,734396.0,0.278,2098.61,,4,120,0.337,estable,0.373,0.518,0.8236163632543219,0.463208
149519017,Urbania,SAN BORJA,150130,Av. San Borja Sur,San Borja,537000.0,118.0,4550.847457627118,3,2,0,0.0,1,6331.0,747058.0,0.281,2098.61,,4,120,0.337,estable,0.373,0.518,0.8236163632543219,0.463208
147663746,Urbania,SAN BORJA,150130,"Mercator , san Borja",San Borja Norte,552750.0,110.0,5025.0,3,1,0,300.0,1,6331.0,696410.0,0.206,2098.61,,4,120,0.337,estable,0.373,0.518,0.8236163632543219,0.463208
148450683,Urbania,SAN BORJA,150130,AV AVIACION CUADRA 33,San Borja,560000.0,101.0,5544.554455445545,2,1,0,0.0,10,6331.0,639431.0,0.124,2098.61,,4,120,0.337,estable,0.373,0.518,0.8236163632543219,0.463208
147569954,Urbania,SAN BORJA,150130,Jiron 10 324,San Borja,560000.0,121.0,4628.099173553719,3,2,1,300.0,1,6331.0,766051.0,0.269,2098.61,,4,120,0.337,estable,0.373,0.518,0.8236163632543219,0.463208
149608534,Urbania,SAN BORJA,150130,Avenida San Borja Norte,San Borja,569000.0,71.0,8014.084507042254,3,2,1,200.0,1,6331.0,449501.0,-0.266,2098.61,,4,120,0.337,estable,0.373,0.518,0.8236163632543219,0.463208
149466354,Urbania,SAN BORJA,150130,Avenida Aviación 2324,San Borja,569250.0,116.0,4907.327586206897,3,2,0,50.0,1,6331.0,734396.0,0.225,2098.61,,4,120,0.337,estable,0.373,0.518,0.8236163632543219,0.463208
148607655,Urbania,SAN BORJA,150130,Jean Sibelius,San Borja,574431.0,84.0,6838.464285714285,3,2,1,160.0,1,6331.0,531804.0,-0.08,2098.61,,4,120,0.337,estable,0.373,0.518,0.8236163632543219,0.463208
66465995,Urbania,SAN BORJA,150130,Avenida Boulevard de Surco,Chacarilla,578000.0,116.0,4982.758620689655,3,3,1,0.0,10,6331.0,734396.0,0.213,2098.61,,4,120,0.337,estable,0.373,0.518,0.8236163632543219,0.463208
149778367,Urbania,SAN BORJA,150130,Avenida San Borja Norte 629,San Borja,584500.0,90.0,6494.444444444444,2,2,2,0.0,1,6331.0,569790.0,-0.026,2098.61,,4,120,0.337,estable,0.373,0.518,0.8236163632543219,0.463208
146157046,Urbania,SAN BORJA,150130,johanes vermeer san borja s/n,Las Artes,592000.0,100.0,5920.0,3,2,0,0.0,1,6331.0,633100.0,0.065,2098.61,,4,120,0.337,estable,0.373,0.518,0.8236163632543219,0.463208
148586374,Urbania,SAN BORJA,150130,AV JAVIER PRADO ESTE 2400,San Borja,599000.0,106.0,5650.943396226415,3,1,1,0.0,1,6331.0,671086.0,0.107,2098.61,,4,120,0.337,estable,0.373,0.518,0.8236163632543219,0.463208
148073281,Urbania,SAN BORJA,150130,Portinari al 100,San Borja,599400.0,117.0,5123.076923076923,3,2,1,200.0,1,6331.0,740727.0,0.191,2098.61,,4,120,0.337,estable,0.373,0.518,0.8236163632543219,0.463208
149727432,Urbania,SAN BORJA,150130,San borja,San Borja Sur,600000.0,105.0,5714.285714285715,4,3,2,220.0,1,6331.0,664755.0,0.097,2098.61,,4,120,0.337,estable,0.373,0.518,0.8236163632543219,0.463208
148989949,Urbania,SAN BORJA,150130,Calle Portinari  al 100 - 117m² - Remodelado - Vista a la Calle  - 3 Dormitorios,San Borja,603000.0,117.0,5153.846153846154,3,2,1,200.0,1,6331.0,740727.0,0.186,2098.61,,4,120,0.337,estable,0.373,0.518,0.8236163632543219,0.463208
147098494,Urbania,SAN BORJA,150130,Jirón 10 510,San Borja,604187.0,104.0,5809.490384615385,3,3,0,350.0,1,6331.0,658424.0,0.082,2098.61,,4,120,0.337,estable,0.373,0.518,0.8236163632543219,0.463208
149115544,Urbania,SAN BORJA,150130,Dirección no informada,San Borja,606600.0,117.0,5184.615384615385,3,2,1,1.0,1,6331.0,740727.0,0.181,2098.61,,4,120,0.337,estable,0.373,0.518,0.8236163632543219,0.463208
149020374,Urbania,SAN BORJA,150130,Avenida San Borja Norte,San Borja,612500.0,98.0,6250.0,3,2,1,350.0,1,6331.0,620438.0,0.013,2098.61,,4,120,0.337,estable,0.373,0.518,0.8236163632543219,0.463208
148994714,Urbania,SAN BORJA,150130,Géminis 150,Juan XXIII,613000.0,95.0,6452.631578947368,3,2,0,120.0,1,6331.0,601445.0,-0.019,2098.61,,4,120,0.337,estable,0.373,0.518,0.8236163632543219,0.463208
144861365,Urbania,SAN BORJA,150130,Av Parque sur 748,San Borja Sur,614690.0,85.0,7231.64705882353,3,2,0,0.0,1,6331.0,538135.0,-0.142,2098.61,,4,120,0.337,estable,0.373,0.518,0.8236163632543219,0.463208
148005580,Urbania,SAN BORJA,150130,AV. SAN BORJA NORTE 758 SAN BORJA,San Borja,619750.0,114.0,5436.403508771929,3,2,0,300.0,1,6331.0,721734.0,0.141,2098.61,,4,120,0.337,estable,0.373,0.518,0.8236163632543219,0.463208
149898906,Urbania,SAN BORJA,150130,Calle Vicente Morales Duarez,Chacarilla Del Estanque,621600.0,101.0,6154.455445544554,3,1,1,180.0,1,6331.0,639431.0,0.028,2098.61,,4,120,0.337,estable,0.373,0.518,0.8236163632543219,0.463208
149813922,Urbania,SAN BORJA,150130,Pasaje Robert Boyle 100 ESQ CON Galvez Barrenechea Cuadra 9,San Borja,624710.0,115.0,5432.260869565217,2,3,1,500.0,1,6331.0,728065.0,0.142,2098.61,,4,120,0.337,estable,0.373,0.518,0.8236163632543219,0.463208
146076945,Urbania,SAN BORJA,150130,JR 3 Nº DPTO . Urb Monterrico Norte SAN BORJA,Monterrico Norte,633150.0,106.0,5973.11320754717,3,3,2,350.0,1,6331.0,671086.0,0.057,2098.61,,4,120,0.337,estable,0.373,0.518,0.8236163632543219,0.463208
143338989,Urbania,SAN BORJA,150130,calle Lopez de ayala 279,San Borja Sur,633500.0,84.0,7541.666666666667,2,3,1,300.0,1,6331.0,531804.0,-0.191,2098.61,,4,120,0.337,estable,0.373,0.518,0.8236163632543219,0.463208
149664044,Urbania,SAN BORJA,150130,Juan Gris Cerca AL Pentagonito,San Borja,633750.0,135.0,4694.444444444444,3,3,0,70.0,1,6331.0,854685.0,0.258,2098.61,,4,120,0.337,estable,0.373,0.518,0.8236163632543219,0.463208
149232684,Urbania,SAN BORJA,150130,Gaetano Donizetti 245,San Borja,643000.0,160.0,4018.75,3,3,0,150.0,1,6331.0,1012960.0,0.365,2098.61,,4,120,0.337,estable,0.373,0.518,0.8236163632543219,0.463208
149656221,Urbania,SAN BORJA,150130,Calle 35,Mariscal Ramon Castilla,646000.0,107.0,6037.383177570094,3,2,0,0.0,1,6331.0,677417.0,0.046,2098.61,,4,120,0.337,estable,0.373,0.518,0.8236163632543219,0.463208
149844352,Urbania,SAN BORJA,150130,Severini 171,San Borja,647500.0,115.0,5630.434782608696,2,2,1,300.0,1,6331.0,728065.0,0.111,2098.61,,4,120,0.337,estable,0.373,0.518,0.8236163632543219,0.463208
4661907,Urbania,SAN BORJA,150130,av. san borja sur 934,San Borja,650000.0,104.0,6250.0,3,2,1,350.0,1,6331.0,658424.0,0.013,2098.61,,4,120,0.337,estable,0.373,0.518,0.8236163632543219,0.463208
149379906,Urbania,SAN BORJA,150130,Av. Parque Sur Cdra 7  San Borja Serca a La Rambla San Borja y Plaza Vea San Borja,San Borja,654165.0,76.0,8607.434210526315,3,2,0,0.0,1,6331.0,481156.0,-0.36,2098.61,,4,120,0.337,estable,0.373,0.518,0.8236163632543219,0.463208
149128229,Urbania,SAN BORJA,150130,"AV DEL Parque Sur, SAN Borja",San Borja,654165.0,76.0,8607.434210526315,3,2,0,0.0,1,6331.0,481156.0,-0.36,2098.61,,4,120,0.337,estable,0.373,0.518,0.8236163632543219,0.463208
148167414,Urbania,SAN BORJA,150130,Rousseau,San Borja,661320.0,97.0,6817.731958762886,3,2,1,220.0,1,6331.0,614107.0,-0.077,2098.61,,4,120,0.337,estable,0.373,0.518,0.8236163632543219,0.463208
145665107,Urbania,SAN BORJA,150130,CARZOU,San Borja,661500.0,125.0,5292.0,2,3,1,400.0,1,6331.0,791375.0,0.164,2098.61,,4,120,0.337,estable,0.373,0.518,0.8236163632543219,0.463208
149754955,Urbania,SAN BORJA,150130,Calle Von Leonard Philip 103,Corpac,665000.0,90.0,7388.888888888889,3,3,1,400.0,1,6331.0,569790.0,-0.167,2098.61,,4,120,0.337,estable,0.373,0.518,0.8236163632543219,0.463208
149131784,Urbania,SAN BORJA,150130,Av. San Borja Nte. 1101,San Borja,666650.0,90.0,7407.222222222223,3,2,1,0.0,10,6331.0,569790.0,-0.17,2098.61,,4,120,0.337,estable,0.373,0.518,0.8236163632543219,0.463208
149544084,Urbania,SAN BORJA,150130,Jr. Millet 175,San Borja,670000.0,90.0,7444.444444444444,3,2,0,250.0,1,6331.0,569790.0,-0.176,2098.61,,4,120,0.337,estable,0.373,0.518,0.8236163632543219,0.463208
147555133,Urbania,SAN BORJA,150130,Jr. Millet 173 San Borja,San Borja,670000.0,90.0,7444.444444444444,3,3,0,0.0,1,6331.0,569790.0,-0.176,2098.61,,4,120,0.337,estable,0.373,0.518,0.8236163632543219,0.463208
149124813,Urbania,SAN BORJA,150130,Calle Leonard Bernstein 185,San Borja,670000.0,90.0,7444.444444444444,3,2,1,350.0,10,6331.0,569790.0,-0.176,2098.61,,4,120,0.337,estable,0.373,0.518,0.8236163632543219,0.463208
148609150,Urbania,SAN BORJA,150130,Av. de las Artes Sur 391,San Borja Sur,675800.0,90.0,7508.888888888889,3,3,1,200.0,10,6331.0,569790.0,-0.186,2098.61,,4,120,0.337,estable,0.373,0.518,0.8236163632543219,0.463208
149854487,Urbania,SAN BORJA,150130,Amadeo Avogadro 123,Corpac,678000.0,126.0,5380.952380952381,3,3,1,400.0,1,6331.0,797706.0,0.15,2098.61,,4,120,0.337,estable,0.373,0.518,0.8236163632543219,0.463208
149640070,Urbania,SAN BORJA,150130,Jirón Isaac Albeniz 373,Las Magnolias,682500.0,93.0,7338.709677419355,4,3,1,275.0,1,6331.0,588783.0,-0.159,2098.61,,4,120,0.337,estable,0.373,0.518,0.8236163632543219,0.463208
149225027,Urbania,SAN BORJA,150130,Av. Buena Vista al 100,San Borja,686000.0,147.0,4666.666666666667,2,2,2,450.0,1,6331.0,930657.0,0.263,2098.61,,4,120,0.337,estable,0.373,0.518,0.8236163632543219,0.463208
149792151,Urbania,SAN BORJA,150130,Avenida San Borja Sur 300,San Borja,690000.0,124.0,5564.5161290322585,3,3,1,350.0,1,6331.0,785044.0,0.121,2098.61,,4,120,0.337,estable,0.373,0.518,0.8236163632543219,0.463208
149356852,Urbania,SAN BORJA,150130,Jirón Andres Vesalio,Las Artes,692000.0,102.0,6784.313725490196,4,2,1,0.0,1,6331.0,645762.0,-0.072,2098.61,,4,120,0.337,estable,0.373,0.518,0.8236163632543219,0.463208
149219210,Urbania,SAN BORJA,150130,Jr. 2,Monterrico Norte,699000.0,108.0,6472.222222222223,2,2,1,0.0,1,6331.0,683748.0,-0.022,2098.61,,4,120,0.337,estable,0.373,0.518,0.8236163632543219,0.463208
148609287,Urbania,SAN BORJA,150130,"Avenida Jose Galvez Barrenechea 947,",Corpac,719600.0,90.0,7995.555555555556,3,3,0,0.0,1,6331.0,569790.0,-0.263,2098.61,,4,120,0.337,estable,0.373,0.518,0.8236163632543219,0.463208
148357431,Urbania,SAN BORJA,150130,Galvez Barrenechea - San Borja,Corpac,719600.0,90.0,7995.555555555556,3,3,1,0.0,1,6331.0,569790.0,-0.263,2098.61,,4,120,0.337,estable,0.373,0.518,0.8236163632543219,0.463208
149109545,Urbania,SAN BORJA,150130,Gálvez Barrenechea  al 900,San Borja,719600.0,90.0,7995.555555555556,3,2,1,0.0,1,6331.0,569790.0,-0.263,2098.61,,4,120,0.337,estable,0.373,0.518,0.8236163632543219,0.463208
145435051,Urbania,SAN BORJA,150130,AV. SAN BORJA SUR 541,San Borja Sur,720250.0,120.0,6002.083333333333,3,3,1,308.0,1,6331.0,759720.0,0.052,2098.61,,4,120,0.337,estable,0.373,0.518,0.8236163632543219,0.463208
149139124,Urbania,SAN BORJA,150130,Calle Barajas,San Borja,725000.0,104.0,6971.153846153846,3,2,2,500.0,1,6331.0,658424.0,-0.101,2098.61,,4,120,0.337,estable,0.373,0.518,0.8236163632543219,0.463208
91264765,Urbania,SAN BORJA,150130,Pietro Marchand 110,San Borja,725000.0,109.0,6651.376146788991,3,3,2,0.0,1,6331.0,690079.0,-0.051,2098.61,,4,120,0.337,estable,0.373,0.518,0.8236163632543219,0.463208
148609289,Urbania,SAN BORJA,150130,"Av. Galvez Barrenechea 947, San Borja",Corpac,726800.0,89.0,8166.29213483146,3,3,0,0.0,1,6331.0,563459.0,-0.29,2098.61,,4,120,0.337,estable,0.373,0.518,0.8236163632543219,0.463208
148732148,Urbania,SAN BORJA,150130,Av. San Borja Sur al 500,San Borja Sur,731000.0,119.0,6142.857142857143,3,3,1,310.0,1,6331.0,753389.0,0.03,2098.61,,4,120,0.337,estable,0.373,0.518,0.8236163632543219,0.463208
149224549,Urbania,SAN BORJA,150130,"Av. San Borja Nte. 1281, San Borja 15037, Perú",San Borja,735000.0,131.0,5610.687022900764,3,3,1,0.0,1,6331.0,829361.0,0.114,2098.61,,4,120,0.337,estable,0.373,0.518,0.8236163632543219,0.463208
148786510,Urbania,SAN BORJA,150130,Joaquín Turina 196,San Borja Sur,736682.0,162.0,4547.419753086419,3,2,1,380.0,1,6331.0,1025622.0,0.282,2098.61,,4,120,0.337,estable,0.373,0.518,0.8236163632543219,0.463208
149280288,Urbania,SAN BORJA,150130,Av. del Parque Sur 524,San Borja,737000.0,137.0,5379.56204379562,3,2,1,270.0,1,6331.0,867347.0,0.15,2098.61,,4,120,0.337,estable,0.373,0.518,0.8236163632543219,0.463208
149155985,Urbania,SAN BORJA,150130,Calle Toscanini al 100,Las Begonias,737760.0,90.0,8197.333333333334,2,2,1,578.0,1,6331.0,569790.0,-0.295,2098.61,,4,120,0.337,estable,0.373,0.518,0.8236163632543219,0.463208
149259393,Urbania,SAN BORJA,150130,Avenida San Borja Norte,San Borja,739000.0,90.0,8211.111111111111,3,2,1,380.0,1,6331.0,569790.0,-0.297,2098.61,,4,120,0.337,estable,0.373,0.518,0.8236163632543219,0.463208
149028626,Urbania,SAN BORJA,150130,San Borja,San Borja,739860.0,93.0,7955.4838709677415,3,2,1,0.0,10,6331.0,588783.0,-0.257,2098.61,,4,120,0.337,estable,0.373,0.518,0.8236163632543219,0.463208
149372599,Urbania,SAN BORJA,150130,Jirón Bronzino,San Borja,744600.0,115.0,6474.782608695652,3,2,2,300.0,1,6331.0,728065.0,-0.023,2098.61,,4,120,0.337,estable,0.373,0.518,0.8236163632543219,0.463208
146445894,Urbania,SAN BORJA,150130,VAN DE VELDE 177,San Borja,748000.0,134.0,5582.089552238806,3,3,1,200.0,1,6331.0,848354.0,0.118,2098.61,,4,120,0.337,estable,0.373,0.518,0.8236163632543219,0.463208
149905137,Urbania,SAN BORJA,150130,"Calle Poussin 100, Piso 4 Jacarandá, SAN Borja",San Borja,750000.0,92.0,8152.173913043478,3,2,1,320.0,1,6331.0,582452.0,-0.288,2098.61,,4,120,0.337,estable,0.373,0.518,0.8236163632543219,0.463208
149800679,Urbania,SAN BORJA,150130,Gozzoli al 300,San Borja,751483.0,91.0,8258.054945054944,3,2,1,0.0,1,6331.0,576121.0,-0.304,2098.61,,4,120,0.337,estable,0.373,0.518,0.8236163632543219,0.463208
149306832,Urbania,SAN BORJA,150130,Salzillo al 119,San Borja,754000.0,140.0,5385.714285714285,4,2,0,150.0,1,6331.0,886340.0,0.149,2098.61,,4,120,0.337,estable,0.373,0.518,0.8236163632543219,0.463208
149190301,Urbania,SAN BORJA,150130,Calle 7 141,Monterrico Norte,770000.0,130.0,5923.076923076923,3,3,1,350.0,1,6331.0,823030.0,0.064,2098.61,,4,120,0.337,estable,0.373,0.518,0.8236163632543219,0.463208
148620439,Urbania,SAN BORJA,150130,Jose Galvez Barrenechea  al 900,San Borja,770000.0,90.0,8555.555555555555,3,3,1,500.0,1,6331.0,569790.0,-0.351,2098.61,,4,120,0.337,estable,0.373,0.518,0.8236163632543219,0.463208
3387862,Urbania,SAN BORJA,150130,CALLE ANDRES SEGOVIA N°120 Dpto.. 201 SAN BORJA,Las Magnolias,770500.0,116.0,6642.241379310345,3,2,2,240.0,1,6331.0,734396.0,-0.049,2098.61,,4,120,0.337,estable,0.373,0.518,0.8236163632543219,0.463208
149825739,Urbania,SAN BORJA,150130,Av. del Parque Sur 510,San Borja,775000.0,110.0,7045.454545454545,3,2,1,450.0,1,6331.0,696410.0,-0.113,2098.61,,4,120,0.337,estable,0.373,0.518,0.8236163632543219,0.463208
149255508,Urbania,SAN BORJA,150130,san Borja Norte 12xx,San Borja,776250.0,107.0,7254.672897196262,3,2,1,0.0,1,6331.0,677417.0,-0.146,2098.61,,4,120,0.337,estable,0.373,0.518,0.8236163632543219,0.463208
149588003,Urbania,SAN BORJA,150130,Calle 23,San Borja,776250.0,109.0,7121.559633027523,3,2,1,450.0,1,6331.0,690079.0,-0.125,2098.61,,4,120,0.337,estable,0.373,0.518,0.8236163632543219,0.463208
149578019,Urbania,SAN BORJA,150130,"Jr. Benlliure 395, Lima 15036",San Borja Norte,777000.0,218.0,3564.2201834862385,3,2,2,0.0,1,6331.0,1380158.0,0.437,2098.61,,4,120,0.337,estable,0.373,0.518,0.8236163632543219,0.463208
148995457,Urbania,SAN BORJA,150130,Calle John Neper,San Borja,782000.0,120.0,6516.666666666667,3,2,2,200.0,1,6331.0,759720.0,-0.029,2098.61,,4,120,0.337,estable,0.373,0.518,0.8236163632543219,0.463208
149343505,Urbania,SAN BORJA,150130,Calle las Canarias 145,Chacarilla Del Estanque,785000.0,120.0,6541.666666666667,4,3,2,350.0,1,6331.0,759720.0,-0.033,2098.61,,4,120,0.337,estable,0.373,0.518,0.8236163632543219,0.463208
149536815,Urbania,SAN BORJA,150130,Copernico al 100,San Borja Sur,798500.0,128.0,6238.28125,2,2,1,600.0,1,6331.0,810368.0,0.015,2098.61,,4,120,0.337,estable,0.373,0.518,0.8236163632543219,0.463208
148337392,Urbania,SAN BORJA,150130,Copernico con Leonhard Euler,San Borja,798500.0,128.0,6238.28125,2,2,1,600.0,1,6331.0,810368.0,0.015,2098.61,,4,120,0.337,estable,0.373,0.518,0.8236163632543219,0.463208
148712641,Urbania,SAN BORJA,150130,Avenida San Borja Sur,San Borja,800000.0,122.0,6557.377049180328,3,2,2,670.0,1,6331.0,772382.0,-0.036,2098.61,,4,120,0.337,estable,0.373,0.518,0.8236163632543219,0.463208
149129223,Urbania,SAN BORJA,150130,"Calle 2, Urb. Monterrico Norte, SAN Borja",San Borja,805732.0,112.0,7194.035714285715,3,3,0,0.0,1,6331.0,709072.0,-0.136,2098.61,,4,120,0.337,estable,0.373,0.518,0.8236163632543219,0.463208
148848434,Urbania,SAN BORJA,150130,Miguel Angel 483,San Borja,808800.0,130.0,6221.538461538462,3,2,2,350.0,1,6331.0,823030.0,0.017,2098.61,,4,120,0.337,estable,0.373,0.518,0.8236163632543219,0.463208
149633032,Urbania,SAN BORJA,150130,Av. San Borja Norte Cuadra 2,San Borja,815500.0,97.0,8407.216494845361,3,2,1,0.0,1,6331.0,614107.0,-0.328,2098.61,,4,120,0.337,estable,0.373,0.518,0.8236163632543219,0.463208
149387044,Urbania,SAN BORJA,150130,Av. San Borja Sur,San Borja,828000.0,114.0,7263.1578947368425,3,3,2,400.0,1,6331.0,721734.0,-0.147,2098.61,,4,120,0.337,estable,0.373,0.518,0.8236163632543219,0.463208
149460103,Urbania,SAN BORJA,150130,Fray Angélico 429,San Borja,828000.0,114.0,7263.1578947368425,3,2,1,200.0,1,6331.0,721734.0,-0.147,2098.61,,4,120,0.337,estable,0.373,0.518,0.8236163632543219,0.463208
149685631,Urbania,SAN BORJA,150130,Jr.,Monterrico Norte,829500.0,112.0,7406.25,3,2,1,350.0,1,6331.0,709072.0,-0.17,2098.61,,4,120,0.337,estable,0.373,0.518,0.8236163632543219,0.463208
148517042,Urbania,SAN BORJA,150130,AV. SAN BORJA SUR  359,San Borja,830000.0,110.0,7545.454545454545,3,3,0,0.0,1,6331.0,696410.0,-0.192,2098.61,,4,120,0.337,estable,0.373,0.518,0.8236163632543219,0.463208
149158962,Urbania,SAN BORJA,150130,CALLE GALEON,San Borja,833000.0,115.0,7243.478260869565,3,4,2,800.0,1,6331.0,728065.0,-0.144,2098.61,,4,120,0.337,estable,0.373,0.518,0.8236163632543219,0.463208
149456465,Urbania,SAN BORJA,150130,Jr. Pietro Torrigiano 400 - a 2 Cuadras de Parque de la Familia y Ebony,Corpac,835250.0,112.0,7457.589285714285,3,2,1,400.0,1,6331.0,709072.0,-0.178,2098.61,,4,120,0.337,estable,0.373,0.518,0.8236163632543219,0.463208
149633804,Urbania,SAN BORJA,150130,Av. San Borja Norte Cuadra 2,San Borja,840000.0,112.0,7500.0,3,2,1,0.0,1,6331.0,709072.0,-0.185,2098.61,,4,120,0.337,estable,0.373,0.518,0.8236163632543219,0.463208
149667585,Urbania,SAN BORJA,150130,San Borja,San Borja,840000.0,185.0,4540.540540540541,6,3,0,120.0,1,6331.0,1171235.0,0.283,2098.61,,4,120,0.337,estable,0.373,0.518,0.8236163632543219,0.463208
149662920,Urbania,SAN BORJA,150130,Jirón Gozzoli Sur,San Borja Sur,840000.0,185.0,4540.540540540541,6,4,0,0.0,10,6331.0,1171235.0,0.283,2098.61,,4,120,0.337,estable,0.373,0.518,0.8236163632543219,0.463208
149192265,Urbania,SAN BORJA,150130,Av. del Parque Sur 564,San Borja Sur,850000.0,144.0,5902.777777777777,3,2,2,450.0,10,6331.0,911664.0,0.068,2098.61,,4,120,0.337,estable,0.373,0.518,0.8236163632543219,0.463208
149309051,Urbania,SAN BORJA,150130,"Jr. 2 - 690, Urbanización Monterrico Norte - San Borja al 600",Monterrico Norte,850600.0,112.0,7594.642857142857,3,3,0,0.0,1,6331.0,709072.0,-0.2,2098.61,,4,120,0.337,estable,0.373,0.518,0.8236163632543219,0.463208
148156076,Urbania,SAN BORJA,150130,JIRON TASSO,San Borja,851000.0,98.0,8683.673469387755,3,2,1,350.0,1,6331.0,620438.0,-0.372,2098.61,,4,120,0.337,estable,0.373,0.518,0.8236163632543219,0.463208
148953164,Urbania,SAN BORJA,150130,Av San Borja Norte 299 San Borja,San Borja Norte,857500.0,114.0,7521.929824561404,3,3,2,0.0,1,6331.0,721734.0,-0.188,2098.61,,4,120,0.337,estable,0.373,0.518,0.8236163632543219,0.463208
149772539,Urbania,SAN BORJA,150130,Urb. Mariscal Castilla,Mariscal Ramon Castilla,868630.0,112.0,7755.625,3,3,1,0.0,1,6331.0,709072.0,-0.225,2098.61,,4,120,0.337,estable,0.373,0.518,0.8236163632543219,0.463208
149400469,Urbania,SAN BORJA,150130,Calle Pablo Usandizaga  al 500,Chacarilla Del Estanque,870000.0,218.0,3990.8256880733943,4,4,2,200.0,1,6331.0,1380158.0,0.37,2098.61,,4,120,0.337,estable,0.373,0.518,0.8236163632543219,0.463208
149549557,Urbania,SAN BORJA,150130,Dalton 169,San Borja,871335.0,120.0,7261.125,3,2,1,350.0,1,6331.0,759720.0,-0.147,2098.61,,4,120,0.337,estable,0.373,0.518,0.8236163632543219,0.463208
149784588,Urbania,SAN BORJA,150130,Jirón Millet 175,San Borja,875000.0,138.0,6340.579710144928,3,3,0,600.0,1,6331.0,873678.0,-0.002,2098.61,,4,120,0.337,estable,0.373,0.518,0.8236163632543219,0.463208
149393601,Urbania,SAN BORJA,150130,Jr. Millet 173,San Borja,875000.0,138.0,6340.579710144928,3,3,0,0.0,1,6331.0,873678.0,-0.002,2098.61,,4,120,0.337,estable,0.373,0.518,0.8236163632543219,0.463208
149302673,Urbania,SAN BORJA,150130,López de Ayala,San Borja Norte,875000.0,116.0,7543.103448275862,3,2,1,350.0,1,6331.0,734396.0,-0.191,2098.61,,4,120,0.337,estable,0.373,0.518,0.8236163632543219,0.463208
148144485,Urbania,SAN BORJA,150130,San Borja norte,San Borja Norte,875420.0,118.0,7418.813559322034,1,1,1,300.0,1,6331.0,747058.0,-0.172,2098.61,,4,120,0.337,estable,0.373,0.518,0.8236163632543219,0.463208
148109383,Urbania,SAN BORJA,150130,Avenida San Borja Norte al 600,San Borja,877200.0,118.0,7433.8983050847455,3,2,1,450.0,1,6331.0,747058.0,-0.174,2098.61,,4,120,0.337,estable,0.373,0.518,0.8236163632543219,0.463208
149861884,Urbania,SAN BORJA,150130,Av. San Luis 2692,Las Magnolias,880000.0,140.0,6285.714285714285,4,3,1,450.0,1,6331.0,886340.0,0.007,2098.61,,4,120,0.337,estable,0.373,0.518,0.8236163632543219,0.463208
149746036,Urbania,SAN BORJA,150130,Correggio 155,San Borja,880000.0,195.0,4512.820512820513,4,3,2,750.0,1,6331.0,1234545.0,0.287,2098.61,,4,120,0.337,estable,0.373,0.518,0.8236163632543219,0.463208
146392453,Urbania,SAN BORJA,150130,Av del Parque Sur 750,San Borja Sur,885505.0,119.0,7441.218487394958,3,2,0,200.0,1,6331.0,753389.0,-0.175,2098.61,,4,120,0.337,estable,0.373,0.518,0.8236163632543219,0.463208
149027772,Urbania,SAN BORJA,150130,Argenta al 100,Las Begonias,889000.0,176.0,5051.136363636364,3,3,2,400.0,1,6331.0,1114256.0,0.202,2098.61,,4,120,0.337,estable,0.373,0.518,0.8236163632543219,0.463208
149850515,Urbania,SAN BORJA,150130,LOPEZ DE AYALA 1350,San Borja,900000.0,240.0,3750.0,5,4,2,350.0,1,6331.0,1519440.0,0.408,2098.61,,4,120,0.337,estable,0.373,0.518,0.8236163632543219,0.463208
149086070,Urbania,SAN BORJA,150130,San Borja Norte al 700 - Piso 8,San Borja,910000.0,213.0,4272.300469483568,3,4,1,300.0,1,6331.0,1348503.0,0.325,2098.61,,4,120,0.337,estable,0.373,0.518,0.8236163632543219,0.463208
148160627,Urbania,SAN BORJA,150130,San Borja Sur  al 800,San Borja,912600.0,178.0,5126.966292134832,3,4,0,450.0,1,6331.0,1126918.0,0.19,2098.61,,4,120,0.337,estable,0.373,0.518,0.8236163632543219,0.463208
90051049,Urbania,SAN BORJA,150130,Av. San Borja Sur,San Borja,921000.0,130.0,7084.615384615385,3,3,2,700.0,1,6331.0,823030.0,-0.119,2098.61,,4,120,0.337,estable,0.373,0.518,0.8236163632543219,0.463208
148476245,Urbania,SAN BORJA,150130,Pedro Lopez De Ayala al 800,San Borja,927414.0,125.0,7419.312,3,2,2,0.0,1,6331.0,791375.0,-0.172,2098.61,,4,120,0.337,estable,0.373,0.518,0.8236163632543219,0.463208
149152105,Urbania,SAN BORJA,150130,Av. San Borja Sur 850,San Borja Sur,928520.0,120.0,7737.666666666667,3,3,1,250.0,1,6331.0,759720.0,-0.222,2098.61,,4,120,0.337,estable,0.373,0.518,0.8236163632543219,0.463208
149372169,Urbania,SAN BORJA,150130,Jirón Hermano Lobo,Chacarilla Del Estanque,929938.0,119.0,7814.605042016807,3,4,0,1.0,1,6331.0,753389.0,-0.234,2098.61,,4,120,0.337,estable,0.373,0.518,0.8236163632543219,0.463208
148073276,Urbania,SAN BORJA,150130,Calle LOS Recuerdos 473,San Borja,932400.0,126.0,7400.0,2,2,2,590.0,1,6331.0,797706.0,-0.169,2098.61,,4,120,0.337,estable,0.373,0.518,0.8236163632543219,0.463208
145546855,Urbania,SAN BORJA,150130,Av. San Borja Sur 513,San Borja,945000.0,177.0,5338.983050847458,4,4,2,0.0,1,6331.0,1120587.0,0.157,2098.61,,4,120,0.337,estable,0.373,0.518,0.8236163632543219,0.463208
149796766,Urbania,SAN BORJA,150130,Avenida San Borja Norte,San Borja,945000.0,240.0,3937.5,5,4,2,350.0,1,6331.0,1519440.0,0.378,2098.61,,4,120,0.337,estable,0.373,0.518,0.8236163632543219,0.463208
148565553,Urbania,SAN BORJA,150130,Calle Avogadro,San Borja Sur,948000.0,297.0,3191.919191919192,5,3,3,0.0,1,6331.0,1880307.0,0.496,2098.61,,4,120,0.337,estable,0.373,0.518,0.8236163632543219,0.463208
149129917,Urbania,SAN BORJA,150130,AV. Buena Vista,San Borja,951825.0,120.0,7931.875,3,3,1,0.0,1,6331.0,759720.0,-0.253,2098.61,,4,120,0.337,estable,0.373,0.518,0.8236163632543219,0.463208
148662355,Urbania,SAN BORJA,150130,Calle 7  211 Urb. Monterrico Norte  SAN Borja,Monterrico Norte,962000.0,177.0,5435.0282485875705,3,3,2,400.0,1,6331.0,1120587.0,0.142,2098.61,,4,120,0.337,estable,0.373,0.518,0.8236163632543219,0.463208
65679102,Urbania,SAN BORJA,150130,Portinari 198,San Borja Norte,962000.0,181.0,5314.917127071823,3,3,1,130.0,1,6331.0,1145911.0,0.16,2098.61,,4,120,0.337,estable,0.373,0.518,0.8236163632543219,0.463208
145994064,Urbania,SAN BORJA,150130,JR LEONARDO DA VINCI,San Borja,962500.0,128.0,7519.53125,3,2,2,400.0,1,6331.0,810368.0,-0.188,2098.61,,4,120,0.337,estable,0.373,0.518,0.8236163632543219,0.463208
147761560,Urbania,SAN BORJA,150130,Av san Borja norte,San Borja Norte,971850.0,127.0,7652.36220472441,3,3,1,350.0,1,6331.0,804037.0,-0.209,2098.61,,4,120,0.337,estable,0.373,0.518,0.8236163632543219,0.463208
148990391,Urbania,SAN BORJA,150130,Jirón Batrich Bozovich  al 300,San Borja,972000.0,167.0,5820.359281437126,4,3,1,250.0,1,6331.0,1057277.0,0.081,2098.61,,4,120,0.337,estable,0.373,0.518,0.8236163632543219,0.463208
149682910,Urbania,SAN BORJA,150130,Pietro Torrigiano Corpac San Borja,Corpac,973000.0,185.0,5259.459459459459,4,3,1,400.0,10,6331.0,1171235.0,0.169,2098.61,,4,120,0.337,estable,0.373,0.518,0.8236163632543219,0.463208
147153718,Urbania,SAN BORJA,150130,PRIMAVERA 1007,San Borja,974400.0,180.0,5413.333333333333,4,3,2,500.0,1,6331.0,1139580.0,0.145,2098.61,,4,120,0.337,estable,0.373,0.518,0.8236163632543219,0.463208
148921819,Urbania,SAN BORJA,150130,"Calle LOS Recuerdos, Urb. Chacarilla",Chacarilla,980000.0,126.0,7777.777777777777,2,3,2,600.0,1,6331.0,797706.0,-0.229,2098.61,,4,120,0.337,estable,0.373,0.518,0.8236163632543219,0.463208
148647377,Urbania,SAN BORJA,150130,Jirón Pietro Torrigiano al 100,Corpac,981000.0,185.0,5302.7027027027025,4,3,0,400.0,1,6331.0,1171235.0,0.162,2098.61,,4,120,0.337,estable,0.373,0.518,0.8236163632543219,0.463208
149651548,Urbania,SAN BORJA,150130,Av Buena Vista,San Borja,986000.0,197.0,5005.076142131979,3,2,2,1.0,1,6331.0,1247207.0,0.209,2098.61,,4,120,0.337,estable,0.373,0.518,0.8236163632543219,0.463208
148324134,Urbania,SAN BORJA,150130,Jr. 24 Piso 3 San Borja - VTA,San Borja,986000.0,200.0,4930.0,4,3,2,0.0,1,6331.0,1266200.0,0.221,2098.61,,4,120,0.337,estable,0.373,0.518,0.8236163632543219,0.463208
144349428,Urbania,SAN BORJA,150130,LUIGI PIRANDELLO,San Borja,988000.0,209.0,4727.272727272727,5,3,1,135.0,1,6331.0,1323179.0,0.253,2098.61,,4,120,0.337,estable,0.373,0.518,0.8236163632543219,0.463208
149898912,Urbania,SAN BORJA,150130,Jr. 9,Monterrico Norte,997500.0,250.0,3990.0,4,3,2,400.0,1,6331.0,1582750.0,0.37,2098.61,,4,120,0.337,estable,0.373,0.518,0.8236163632543219,0.463208
144730078,Urbania,SAN BORJA,150130,"Avenida Buena Vista 6, Chacarilla, San Borja",Chacarilla Del Estanque,999000.0,156.0,6403.846153846154,3,3,2,450.0,1,6331.0,987636.0,-0.012,2098.61,,4,120,0.337,estable,0.373,0.518,0.8236163632543219,0.463208
149319493,Urbania,SAN BORJA,150130,Cerca de San Borja Norte con Boulevard de Surco,Las Artes,1000000.0,194.0,5154.639175257732,4,4,2,350.0,1,6331.0,1228214.0,0.186,2098.61,,4,120,0.337,estable,0.373,0.518,0.8236163632543219,0.463208
149135963,Urbania,SAN BORJA,150130,Hermano Lobo  al 500,Chacarilla,1004665.0,119.0,8442.563025210084,3,2,1,0.0,1,6331.0,753389.0,-0.334,2098.61,,4,120,0.337,estable,0.373,0.518,0.8236163632543219,0.463208
149430843,Urbania,SAN BORJA,150130,"Calle Galeon, Chacarilla  al 100",Chacarilla Del Estanque,1008000.0,214.0,4710.280373831775,3,4,2,0.0,10,6331.0,1354834.0,0.256,2098.61,,4,120,0.337,estable,0.373,0.518,0.8236163632543219,0.463208
149610146,Urbania,SAN BORJA,150130,BUENA VISTA,Chacarilla Del Estanque,1013000.0,155.0,6535.4838709677415,3,3,2,650.0,1,6331.0,981305.0,-0.032,2098.61,,4,120,0.337,estable,0.373,0.518,0.8236163632543219,0.463208
145429480,Urbania,SAN BORJA,150130,picaflores 200,Chacarilla,1015000.0,155.0,6548.387096774193,2,3,2,580.0,1,6331.0,981305.0,-0.034,2098.61,,4,120,0.337,estable,0.373,0.518,0.8236163632543219,0.463208
149730551,Urbania,SAN BORJA,150130,Calle 31,Mariscal Ramon Castilla,1016000.0,130.0,7815.384615384615,3,2,2,750.0,1,6331.0,823030.0,-0.234,2098.61,,4,120,0.337,estable,0.373,0.518,0.8236163632543219,0.463208
149712692,Urbania,SAN BORJA,150130,Av. Buena Vista  140,Chacarilla Del Estanque,1016600.0,195.0,5213.333333333333,3,2,2,520.0,1,6331.0,1234545.0,0.177,2098.61,,4,120,0.337,estable,0.373,0.518,0.8236163632543219,0.463208
148147504,Urbania,SAN BORJA,150130,C.25 san broja,San Borja,1016740.0,187.0,5437.1122994652405,3,4,1,180.0,10,6331.0,1183897.0,0.141,2098.61,,4,120,0.337,estable,0.373,0.518,0.8236163632543219,0.463208
147727657,Urbania,SAN BORJA,150130,av buena vista 567,Mariscal Ramon Castilla,1017750.0,120.0,8481.25,3,2,1,450.0,1,6331.0,759720.0,-0.34,2098.61,,4,120,0.337,estable,0.373,0.518,0.8236163632543219,0.463208
142708586,Urbania,SAN BORJA,150130,calle LOS SAUCES,Jacaranda,1019000.0,200.0,5095.0,4,3,2,200.0,1,6331.0,1266200.0,0.195,2098.61,,4,120,0.337,estable,0.373,0.518,0.8236163632543219,0.463208
149780849,Urbania,SAN BORJA,150130,Jirón GINO SEVERINI N° 166,San Borja,1028100.0,178.0,5775.842696629214,3,3,2,500.0,10,6331.0,1126918.0,0.088,2098.61,,4,120,0.337,estable,0.373,0.518,0.8236163632543219,0.463208
149905116,Urbania,SAN BORJA,150130,"Calle 29, SAN Borja",San Borja,1029550.0,165.0,6239.69696969697,3,3,2,450.0,1,6331.0,1044615.0,0.014,2098.61,,4,120,0.337,estable,0.373,0.518,0.8236163632543219,0.463208
149870438,Urbania,SAN BORJA,150130,Calle Venecia al 200,Chacarilla Del Estanque,1032500.0,200.0,5162.5,5,3,1,350.0,1,6331.0,1266200.0,0.185,2098.61,,4,120,0.337,estable,0.373,0.518,0.8236163632543219,0.463208
149845570,Urbania,SAN BORJA,150130,Matamoros 129 Chacarilla SAN Borja,San Borja,1036260.0,120.0,8635.5,3,3,1,0.0,1,6331.0,759720.0,-0.364,2098.61,,4,120,0.337,estable,0.373,0.518,0.8236163632543219,0.463208
149629256,Urbania,SAN BORJA,150130,Gozzoli Norte al 700,San Borja Sur,1038000.0,180.0,5766.666666666667,4,3,2,0.0,1,6331.0,1139580.0,0.089,2098.61,,4,120,0.337,estable,0.373,0.518,0.8236163632543219,0.463208
149845932,Urbania,SAN BORJA,150130,Trinidad  Chacarilla San Borja,San Borja,1038000.0,119.0,8722.689075630253,3,3,1,0.0,1,6331.0,753389.0,-0.378,2098.61,,4,120,0.337,estable,0.373,0.518,0.8236163632543219,0.463208
148210427,Urbania,SAN BORJA,150130,"Calle Mayorazgo 1, Chacarilla del Estanque, San Borja",Chacarilla Del Estanque,1038500.0,200.0,5192.5,4,4,2,0.0,1,6331.0,1266200.0,0.18,2098.61,,4,120,0.337,estable,0.373,0.518,0.8236163632543219,0.463208
147976925,Urbania,SAN BORJA,150130,AV BOULEBARD 1000,San Borja,1043000.0,120.0,8691.666666666666,3,3,2,500.0,10,6331.0,759720.0,-0.373,2098.61,,4,120,0.337,estable,0.373,0.518,0.8236163632543219,0.463208
146599026,Urbania,SAN BORJA,150130,JR MAYORAZGO CHACARILLA DEL ESTANQUE  SAN BORJA  DUPLEX 200M2  3 HAB  4 BAÑOS  1 ESTAC.,San Borja,1044700.0,200.0,5223.5,3,4,1,1.0,1,6331.0,1266200.0,0.175,2098.61,,4,120,0.337,estable,0.373,0.518,0.8236163632543219,0.463208
149800883,Urbania,SAN BORJA,150130,Durero,San Borja,1052250.0,201.0,5235.074626865671,4,4,2,200.0,1,6331.0,1272531.0,0.173,2098.61,,4,120,0.337,estable,0.373,0.518,0.8236163632543219,0.463208
149905147,Urbania,SAN BORJA,150130,Av. Bielovucic Cavalier  Frente al Pentagonito,San Borja,1052250.0,222.0,4739.864864864865,3,3,2,520.0,1,6331.0,1405482.0,0.251,2098.61,,4,120,0.337,estable,0.373,0.518,0.8236163632543219,0.463208
149394609,Urbania,SAN BORJA,150130,Avenida San Borja Norte,San Borja,1053150.0,127.0,8292.51968503937,3,2,2,450.0,1,6331.0,804037.0,-0.31,2098.61,,4,120,0.337,estable,0.373,0.518,0.8236163632543219,0.463208
145053251,Urbania,SAN BORJA,150130,CALLE 20 156,San Borja,1064000.0,155.0,6864.5161290322585,3,3,2,500.0,1,6331.0,981305.0,-0.084,2098.61,,4,120,0.337,estable,0.373,0.518,0.8236163632543219,0.463208
146308800,Urbania,SAN BORJA,150130,CHACARRILLA DEL ESTANQUE SAN BORJA,Chacarilla Del Estanque,1065600.0,120.0,8880.0,3,3,2,0.0,1,6331.0,759720.0,-0.403,2098.61,,4,120,0.337,estable,0.373,0.518,0.8236163632543219,0.463208
146313190,Urbania,SAN BORJA,150130,SAN BORJA NORTE,San Borja Norte,1065600.0,172.0,6195.3488372093025,4,4,1,0.0,1,6331.0,1088932.0,0.021,2098.61,,4,120,0.337,estable,0.373,0.518,0.8236163632543219,0.463208
149394495,Urbania,SAN BORJA,150130,Avenida San Borja Norte,San Borja,1067430.0,135.0,7906.888888888889,3,2,2,450.0,1,6331.0,854685.0,-0.249,2098.61,,4,120,0.337,estable,0.373,0.518,0.8236163632543219,0.463208
148693684,Urbania,SAN BORJA,150130,Bielovucic Cavalier,San Borja,1067500.0,222.0,4808.558558558559,3,2,2,550.0,1,6331.0,1405482.0,0.24,2098.61,,4,120,0.337,estable,0.373,0.518,0.8236163632543219,0.463208
149462493,Urbania,SAN BORJA,150130,Av. San Borja Sur 410,San Borja,1070460.0,116.0,9228.103448275862,3,2,1,0.0,1,6331.0,734396.0,-0.458,2098.61,,4,120,0.337,estable,0.373,0.518,0.8236163632543219,0.463208
149713808,Urbania,SAN BORJA,150130,Durero,San Borja,1071000.0,171.0,6263.1578947368425,4,3,2,350.0,1,6331.0,1082601.0,0.011,2098.61,,4,120,0.337,estable,0.373,0.518,0.8236163632543219,0.463208
149193809,Urbania,SAN BORJA,150130,Av. del Parque Sur,Corpac,1075440.0,234.0,4595.897435897436,4,3,1,0.0,1,6331.0,1481454.0,0.274,2098.61,,4,120,0.337,estable,0.373,0.518,0.8236163632543219,0.463208
149542195,Urbania,SAN BORJA,150130,Jr. Millet 175,San Borja Norte,1080000.0,179.0,6033.519553072626,3,2,0,250.0,1,6331.0,1133249.0,0.047,2098.61,,4,120,0.337,estable,0.373,0.518,0.8236163632543219,0.463208
149569130,Urbania,SAN BORJA,150130,Chacarilla,Chacarilla,1080450.0,195.0,5540.7692307692305,3,2,2,570.0,1,6331.0,1234545.0,0.125,2098.61,,4,120,0.337,estable,0.373,0.518,0.8236163632543219,0.463208
148609202,Urbania,SAN BORJA,150130,Av. José Galvez Barrenechea 947,Corpac,1085000.0,180.0,6027.777777777777,3,4,0,0.0,1,6331.0,1139580.0,0.048,2098.61,,4,120,0.337,estable,0.373,0.518,0.8236163632543219,0.463208
149557778,Urbania,SAN BORJA,150130,Pacaritambo,Chacarilla,1085000.0,190.0,5710.526315789473,3,2,2,600.0,1,6331.0,1202890.0,0.098,2098.61,,4,120,0.337,estable,0.373,0.518,0.8236163632543219,0.463208
149760203,Urbania,SAN BORJA,150130,BUENA VISTA,San Borja,1088000.0,170.0,6400.0,3,4,2,450.0,1,6331.0,1076270.0,-0.011,2098.61,,4,120,0.337,estable,0.373,0.518,0.8236163632543219,0.463208
149106410,Urbania,SAN BORJA,150130,Pacaritambo  al 200,San Borja,1088000.0,152.0,7157.894736842105,3,2,2,0.0,1,6331.0,962312.0,-0.131,2098.61,,4,120,0.337,estable,0.373,0.518,0.8236163632543219,0.463208
149559152,Urbania,SAN BORJA,150130,Pasaje Robert Boyle,Corpac,1093050.0,197.0,5548.477157360406,3,4,2,600.0,10,6331.0,1247207.0,0.124,2098.61,,4,120,0.337,estable,0.373,0.518,0.8236163632543219,0.463208
149812923,Urbania,SAN BORJA,150130,Avenida Buena Vista 219,Chacarilla Del Estanque,1099000.0,172.0,6389.53488372093,3,3,2,0.0,1,6331.0,1088932.0,-0.009,2098.61,,4,120,0.337,estable,0.373,0.518,0.8236163632543219,0.463208
149851975,Urbania,SAN BORJA,150130,Chacarilla del Estanque Este,San Borja,1100000.0,163.0,6748.4662576687115,3,2,2,750.0,1,6331.0,1031953.0,-0.066,2098.61,,4,120,0.337,estable,0.373,0.518,0.8236163632543219,0.463208
147787681,Urbania,SAN BORJA,150130,"Calle Luiggi Pirandello 434, San Borja",San Borja,1102000.0,121.0,9107.438016528926,3,2,2,0.0,1,6331.0,766051.0,-0.439,2098.61,,4,120,0.337,estable,0.373,0.518,0.8236163632543219,0.463208
149167818,Urbania,SAN BORJA,150130,Calle Velasquez 371 san Borja,San Borja,1105000.0,208.0,5312.5,4,5,1,100.0,1,6331.0,1316848.0,0.161,2098.61,,4,120,0.337,estable,0.373,0.518,0.8236163632543219,0.463208
148198525,Urbania,SAN BORJA,150130,SAN BORJA,San Borja Sur,1112200.0,190.0,5853.684210526316,3,3,2,500.0,1,6331.0,1202890.0,0.075,2098.61,,4,120,0.337,estable,0.373,0.518,0.8236163632543219,0.463208
148182240,Urbania,SAN BORJA,150130,Carzou,San Borja,1120000.0,252.0,4444.444444444444,3,3,2,30.0,1,6331.0,1595412.0,0.298,2098.61,,4,120,0.337,estable,0.373,0.518,0.8236163632543219,0.463208
149870275,Urbania,SAN BORJA,150130,Calle 20,Mariscal Ramon Castilla,1121400.0,186.0,6029.032258064516,3,2,2,0.0,1,6331.0,1177566.0,0.048,2098.61,,4,120,0.337,estable,0.373,0.518,0.8236163632543219,0.463208
149717975,Urbania,SAN BORJA,150130,Chacarilla San Borja 1,Chacarilla Del Estanque,1125040.0,154.0,7305.454545454545,3,2,2,850.0,1,6331.0,974974.0,-0.154,2098.61,,4,120,0.337,estable,0.373,0.518,0.8236163632543219,0.463208
148663020,Urbania,SAN BORJA,150130,Los Recuerdos,Chacarilla Del Estanque,1142430.0,167.0,6840.898203592815,3,2,2,750.0,1,6331.0,1057277.0,-0.081,2098.61,,4,120,0.337,estable,0.373,0.518,0.8236163632543219,0.463208
147332605,Urbania,SAN BORJA,150130,Av. Boulevard de Surco,San Borja Norte,1150000.0,180.0,6388.888888888889,4,3,2,800.0,1,6331.0,1139580.0,-0.009,2098.61,,4,120,0.337,estable,0.373,0.518,0.8236163632543219,0.463208
149870636,Urbania,SAN BORJA,150130,Av. del Pinar 250,Chacarilla Del Estanque,1151500.0,264.0,4361.742424242424,3,3,2,671.0,1,6331.0,1671384.0,0.311,2098.61,,4,120,0.337,estable,0.373,0.518,0.8236163632543219,0.463208
149861642,Urbania,SAN BORJA,150130,Avenida Boulevard de Surco 1052,San Borja,1155750.0,130.0,8890.384615384615,3,2,2,500.0,1,6331.0,823030.0,-0.404,2098.61,,4,120,0.337,estable,0.373,0.518,0.8236163632543219,0.463208
148473217,Urbania,SAN BORJA,150130,Avenida Buena Vista al 654,Buenavista,1155750.0,259.0,4462.355212355213,4,4,2,850.0,1,6331.0,1639729.0,0.295,2098.61,,4,120,0.337,estable,0.373,0.518,0.8236163632543219,0.463208
148922472,Urbania,SAN BORJA,150130,Pacaritambo 291,Chacarilla,1156000.0,200.0,5780.0,3,2,2,700.0,1,6331.0,1266200.0,0.087,2098.61,,4,120,0.337,estable,0.373,0.518,0.8236163632543219,0.463208
149896604,Urbania,SAN BORJA,150130,Av. Buena Vista 662,San Borja,1156000.0,284.0,4070.4225352112676,3,3,2,750.0,1,6331.0,1798004.0,0.357,2098.61,,4,120,0.337,estable,0.373,0.518,0.8236163632543219,0.463208
149188971,Urbania,SAN BORJA,150130,calle los recuerdos xxx,Chacarilla Del Estanque,1162000.0,188.0,6180.851063829788,3,2,2,1200.0,1,6331.0,1190228.0,0.024,2098.61,,4,120,0.337,estable,0.373,0.518,0.8236163632543219,0.463208
3831439,Urbania,SAN BORJA,150130,CALLE POUSIN,San Borja,1170000.0,190.0,6157.894736842105,3,2,2,350.0,1,6331.0,1202890.0,0.027,2098.61,,4,120,0.337,estable,0.373,0.518,0.8236163632543219,0.463208
147910190,Urbania,SAN BORJA,150130,Calle Frangonard,San Borja,1171800.0,179.0,6546.368715083799,3,3,2,0.0,1,6331.0,1133249.0,-0.034,2098.61,,4,120,0.337,estable,0.373,0.518,0.8236163632543219,0.463208
147154558,Urbania,SAN BORJA,150130,Avenida Buena Vista al 100,Chacarilla Del Estanque,1184000.0,186.0,6365.591397849463,3,2,2,500.0,1,6331.0,1177566.0,-0.005,2098.61,,4,120,0.337,estable,0.373,0.518,0.8236163632543219,0.463208
146870308,Urbania,SAN BORJA,150130,AV VELASCO ASTTEETE 955,San Borja,1190000.0,254.0,4685.03937007874,4,3,2,680.0,1,6331.0,1608074.0,0.26,2098.61,,4,120,0.337,estable,0.373,0.518,0.8236163632543219,0.463208
145095791,Urbania,SAN BORJA,150130,"Av SAN Borja Norte N° 8xx, Dpto. 201",San Borja,1196217.0,135.0,8860.866666666667,3,2,0,0.0,1,6331.0,854685.0,-0.4,2098.61,,4,120,0.337,estable,0.373,0.518,0.8236163632543219,0.463208
149493505,Urbania,SAN BORJA,150130,Donizetti al 200,San Borja,1196350.0,172.0,6955.523255813953,4,4,2,0.0,10,6331.0,1088932.0,-0.099,2098.61,,4,120,0.337,estable,0.373,0.518,0.8236163632543219,0.463208
148548434,Urbania,SAN BORJA,150130,Avenida Esmeralda al 300,Chacarilla,1197000.0,235.0,5093.617021276596,3,3,4,400.0,1,6331.0,1487785.0,0.195,2098.61,,4,120,0.337,estable,0.373,0.518,0.8236163632543219,0.463208
144684751,Urbania,SAN BORJA,150130,Dirección no informada,Mariscal Ramon Castilla,1200000.0,280.0,4285.714285714285,4,3,2,450.0,1,6331.0,1772680.0,0.323,2098.61,,4,120,0.337,estable,0.373,0.518,0.8236163632543219,0.463208
148597358,Urbania,SAN BORJA,150130,Avenida San Borja Sur,San Borja,1200000.0,174.0,6896.551724137931,3,3,0,650.0,1,6331.0,1101594.0,-0.089,2098.61,,4,120,0.337,estable,0.373,0.518,0.8236163632543219,0.463208
147623566,Urbania,SAN BORJA,150130,av san borja sur,San Borja Sur,1210550.0,235.0,5151.276595744681,4,4,2,400.0,1,6331.0,1487785.0,0.186,2098.61,,4,120,0.337,estable,0.373,0.518,0.8236163632543219,0.463208
146673768,Urbania,SAN BORJA,150130,CALLE 20,San Borja,1223000.0,130.0,9407.692307692309,3,3,2,400.0,1,6331.0,823030.0,-0.486,2098.61,,4,120,0.337,estable,0.373,0.518,0.8236163632543219,0.463208
144847825,Urbania,SAN BORJA,150130,Jirón,Monterrico Norte,1225000.0,400.0,3062.5,3,2,2,0.0,1,6331.0,2532400.0,0.516,2098.61,,4,120,0.337,estable,0.373,0.518,0.8236163632543219,0.463208
149629850,Urbania,SAN BORJA,150130,Avenida Velasco Astete 109,Mariscal Ramon Castilla,1227600.0,245.0,5010.6122448979595,4,4,2,360.0,1,6331.0,1551095.0,0.209,2098.61,,4,120,0.337,estable,0.373,0.518,0.8236163632543219,0.463208
146308669,Urbania,SAN BORJA,150130,CHACARILLA DEL ESTANQUE SAN BORJA,Chacarilla Del Estanque,1232100.0,141.0,8738.297872340425,3,3,2,0.0,1,6331.0,892671.0,-0.38,2098.61,,4,120,0.337,estable,0.373,0.518,0.8236163632543219,0.463208
149262376,Urbania,SAN BORJA,150130,Pisano,San Borja Sur,1242500.0,195.0,6371.794871794872,3,2,1,0.0,1,6331.0,1234545.0,-0.006,2098.61,,4,120,0.337,estable,0.373,0.518,0.8236163632543219,0.463208
146673360,Urbania,SAN BORJA,150130,SAN BORJA NORTE,San Borja,1246000.0,183.0,6808.743169398907,3,3,2,400.0,10,6331.0,1158573.0,-0.075,2098.61,,4,120,0.337,estable,0.373,0.518,0.8236163632543219,0.463208
149186809,Urbania,SAN BORJA,150130,Calle Las Garzas,Chacarilla Del Estanque,1246900.0,185.0,6740.0,3,4,2,750.0,1,6331.0,1171235.0,-0.065,2098.61,,4,120,0.337,estable,0.373,0.518,0.8236163632543219,0.463208
148479863,Urbania,SAN BORJA,150130,calle melissa,Chacarilla,1259250.0,200.0,6296.25,3,3,2,0.0,1,6331.0,1266200.0,0.005,2098.61,,4,120,0.337,estable,0.373,0.518,0.8236163632543219,0.463208
149314984,Urbania,SAN BORJA,150130,Calle TIÉPOLO 121 - 1º PISO,San Borja,1260000.0,223.0,5650.224215246637,3,2,2,50.0,1,6331.0,1411813.0,0.108,2098.61,,4,120,0.337,estable,0.373,0.518,0.8236163632543219,0.463208
149827453,Urbania,SAN BORJA,150130,Calle Melissa 184,Chacarilla Del Estanque,1261700.0,191.0,6605.759162303665,3,3,2,700.0,1,6331.0,1209221.0,-0.043,2098.61,,4,120,0.337,estable,0.373,0.518,0.8236163632543219,0.463208
149079101,Urbania,SAN BORJA,150130,Las Garzas,Chacarilla Del Estanque,1275000.0,185.0,6891.891891891892,3,4,2,750.0,1,6331.0,1171235.0,-0.089,2098.61,,4,120,0.337,estable,0.373,0.518,0.8236163632543219,0.463208
149634088,Urbania,SAN BORJA,150130,Av. San Borja Norte Cuadra 2,San Borja,1277500.0,196.0,6517.857142857143,3,4,2,0.0,1,6331.0,1240876.0,-0.03,2098.61,,4,120,0.337,estable,0.373,0.518,0.8236163632543219,0.463208
148157104,Urbania,SAN BORJA,150130,SAN BORJA NORTE,San Borja,1278000.0,196.0,6520.408163265306,3,3,1,450.0,1,6331.0,1240876.0,-0.03,2098.61,,4,120,0.337,estable,0.373,0.518,0.8236163632543219,0.463208
149149072,Urbania,SAN BORJA,150130,Calle Carzou Charles al 100,San Borja,1289716.0,220.0,5862.345454545454,3,4,4,400.0,1,6331.0,1392820.0,0.074,2098.61,,4,120,0.337,estable,0.373,0.518,0.8236163632543219,0.463208
149613643,Urbania,SAN BORJA,150130,Bello Horizonte,Chacarilla Del Estanque,1295000.0,180.0,7194.444444444444,3,3,2,750.0,10,6331.0,1139580.0,-0.136,2098.61,,4,120,0.337,estable,0.373,0.518,0.8236163632543219,0.463208
148950992,Urbania,SAN BORJA,150130,Jirón Jose Maria Sert N° 215,San Borja,1296000.0,382.0,3392.670157068063,3,3,1,0.0,1,6331.0,2418442.0,0.464,2098.61,,4,120,0.337,estable,0.373,0.518,0.8236163632543219,0.463208
149352562,Urbania,SAN BORJA,150130,Jiron la Pradera 372,Chacarilla Del Estanque,1303000.0,140.0,9307.142857142857,3,3,2,750.0,1,6331.0,886340.0,-0.47,2098.61,,4,120,0.337,estable,0.373,0.518,0.8236163632543219,0.463208
142957341,Urbania,SAN BORJA,150130,A un paso del pentagonito,Chacarilla,1310400.0,212.0,6181.132075471698,3,3,2,0.0,1,6331.0,1342172.0,0.024,2098.61,,4,120,0.337,estable,0.373,0.518,0.8236163632543219,0.463208
145667222,Urbania,SAN BORJA,150130,Calle Venecia 209 Piso 3,Chacarilla Del Estanque,1319300.0,175.0,7538.857142857143,3,2,2,700.0,10,6331.0,1107925.0,-0.191,2098.61,,4,120,0.337,estable,0.373,0.518,0.8236163632543219,0.463208
144311594,Urbania,SAN BORJA,150130,Calle La Pradera,San Borja,1320000.0,212.0,6226.415094339623,3,2,2,650.0,1,6331.0,1342172.0,0.017,2098.61,,4,120,0.337,estable,0.373,0.518,0.8236163632543219,0.463208
148010809,Urbania,SAN BORJA,150130,Venecia  al 200,Chacarilla Del Estanque,1323250.0,258.0,5128.875968992248,3,2,2,0.0,1,6331.0,1633398.0,0.19,2098.61,,4,120,0.337,estable,0.373,0.518,0.8236163632543219,0.463208
148922302,Urbania,SAN BORJA,150130,Calle Venecia al 200,Chacarilla Del Estanque,1323250.0,175.0,7561.428571428572,3,2,2,700.0,1,6331.0,1107925.0,-0.194,2098.61,,4,120,0.337,estable,0.373,0.518,0.8236163632543219,0.463208
148958589,Urbania,SAN BORJA,150130,Calle Venecia,Chacarilla Del Estanque,1324435.0,175.0,7568.2,3,3,2,700.0,1,6331.0,1107925.0,-0.195,2098.61,,4,120,0.337,estable,0.373,0.518,0.8236163632543219,0.463208
147611214,Urbania,SAN BORJA,150130,San Borja,San Borja,1337000.0,158.0,8462.025316455696,3,2,2,0.0,1,6331.0,1000298.0,-0.337,2098.61,,4,120,0.337,estable,0.373,0.518,0.8236163632543219,0.463208
148513558,Urbania,SAN BORJA,150130,"San Borja Norte, san Borja",San Borja,1339050.0,229.0,5847.379912663755,3,3,2,600.0,1,6331.0,1449799.0,0.076,2098.61,,4,120,0.337,estable,0.373,0.518,0.8236163632543219,0.463208
149833765,Urbania,SAN BORJA,150130,Trinidad,San Borja,1345500.0,144.0,9343.75,3,3,2,1.0,1,6331.0,911664.0,-0.476,2098.61,,4,120,0.337,estable,0.373,0.518,0.8236163632543219,0.463208
149207330,Urbania,SAN BORJA,150130,Buena Vista al 200,Chacarilla Del Estanque,1349056.0,234.0,5765.196581196581,3,2,2,850.0,1,6331.0,1481454.0,0.089,2098.61,,4,120,0.337,estable,0.373,0.518,0.8236163632543219,0.463208
146944531,Urbania,SAN BORJA,150130,Av. San Borja Nte. 1305,San Borja Norte,1351308.0,183.0,7384.196721311476,3,2,0,0.0,1,6331.0,1158573.0,-0.166,2098.61,,4,120,0.337,estable,0.373,0.518,0.8236163632543219,0.463208
149717670,Urbania,SAN BORJA,150130,Carzou 103,San Borja Norte,1355200.0,190.0,7132.631578947368,4,3,1,400.0,1,6331.0,1202890.0,-0.127,2098.61,,4,120,0.337,estable,0.373,0.518,0.8236163632543219,0.463208
149520354,Urbania,SAN BORJA,150130,AV. DEL Parque SUR al 600,San Borja Sur,1356000.0,270.0,5022.222222222223,5,6,2,600.0,1,6331.0,1709370.0,0.207,2098.61,,4,120,0.337,estable,0.373,0.518,0.8236163632543219,0.463208
149871753,Urbania,SAN BORJA,150130,Jirón Galeón 130,Chacarilla Del Estanque,1356600.0,217.0,6251.612903225807,3,4,4,0.0,1,6331.0,1373827.0,0.013,2098.61,,4,120,0.337,estable,0.373,0.518,0.8236163632543219,0.463208
148835968,Urbania,SAN BORJA,150130,Jiron La Pradera,Chacarilla Del Estanque,1358000.0,212.0,6405.66037735849,3,3,2,880.0,1,6331.0,1342172.0,-0.012,2098.61,,4,120,0.337,estable,0.373,0.518,0.8236163632543219,0.463208
149406610,Urbania,SAN BORJA,150130,Avenida del Parque Sur 677,San Borja,1370000.0,256.0,5351.5625,4,3,2,410.0,1,6331.0,1620736.0,0.155,2098.61,,4,120,0.337,estable,0.373,0.518,0.8236163632543219,0.463208
146243071,Urbania,SAN BORJA,150130,Av. Alejandro Velasco Astete,San Borja,1411935.0,233.0,6059.806866952789,3,5,2,0.0,1,6331.0,1475123.0,0.043,2098.61,,4,120,0.337,estable,0.373,0.518,0.8236163632543219,0.463208
144545375,Urbania,SAN BORJA,150130,avenida boulevard,San Borja,1444000.0,180.0,8022.222222222223,3,4,2,800.0,10,6331.0,1139580.0,-0.267,2098.61,,4,120,0.337,estable,0.373,0.518,0.8236163632543219,0.463208
143356565,Urbania,SAN BORJA,150130,Calle 39,Mariscal Ramon Castilla,1467000.0,230.0,6378.260869565217,4,3,2,490.0,1,6331.0,1456130.0,-0.007,2098.61,,4,120,0.337,estable,0.373,0.518,0.8236163632543219,0.463208
149791086,Urbania,SAN BORJA,150130,Jr Torrigiano Pietro  al 100,Corpac,1479240.0,234.0,6321.538461538462,3,4,2,680.0,1,6331.0,1481454.0,0.001,2098.61,,4,120,0.337,estable,0.373,0.518,0.8236163632543219,0.463208
149605091,Urbania,SAN BORJA,150130,Avenida del Pinar,Chacarilla Del Estanque,1489440.0,249.0,5981.686746987952,3,2,2,0.0,1,6331.0,1576419.0,0.055,2098.61,,4,120,0.337,estable,0.373,0.518,0.8236163632543219,0.463208
147037279,Urbania,SAN BORJA,150130,CHACARILLA SAN BORJA,San Borja,1506200.0,180.0,8367.777777777777,3,3,2,600.0,10,6331.0,1139580.0,-0.322,2098.61,,4,120,0.337,estable,0.373,0.518,0.8236163632543219,0.463208
148242388,Urbania,SAN BORJA,150130,HERMANO LOBO,Chacarilla Del Estanque,1506650.0,181.0,8324.033149171271,3,3,2,550.0,10,6331.0,1145911.0,-0.315,2098.61,,4,120,0.337,estable,0.373,0.518,0.8236163632543219,0.463208
149472903,Urbania,SAN BORJA,150130,Flat de Estreno con Vista a Parque  Excelente Distribucion muy Luminoso y Zona Tranquila - C. Buen Retiro,San Borja,1522700.0,158.0,9637.341772151898,3,3,2,0.0,1,6331.0,1000298.0,-0.522,2098.61,,4,120,0.337,estable,0.373,0.518,0.8236163632543219,0.463208
149142263,Urbania,SAN BORJA,150130,Trinidad 528,Chacarilla Del Estanque,1530000.0,208.0,7355.7692307692305,3,3,3,1200.0,1,6331.0,1316848.0,-0.162,2098.61,,4,120,0.337,estable,0.373,0.518,0.8236163632543219,0.463208
148705453,Urbania,SAN BORJA,150130,av. Buenavista Cuadra 3,Chacarilla Del Estanque,1530000.0,245.0,6244.897959183673,3,3,2,0.0,1,6331.0,1551095.0,0.014,2098.61,,4,120,0.337,estable,0.373,0.518,0.8236163632543219,0.463208
148538086,Urbania,SAN BORJA,150130,Av. Buena Vista 318,Chacarilla,1533350.0,361.0,4247.5069252077565,3,3,2,801.0,1,6331.0,2285491.0,0.329,2098.61,,4,120,0.337,estable,0.373,0.518,0.8236163632543219,0.463208
148854929,Urbania,SAN BORJA,150130,Los Recuerdos,San Borja,1537650.0,258.0,5959.883720930233,4,4,2,1300.0,1,6331.0,1633398.0,0.059,2098.61,,4,120,0.337,estable,0.373,0.518,0.8236163632543219,0.463208
145060511,Urbania,SAN BORJA,150130,CALLE,San Borja Norte,1550300.0,231.0,6711.255411255412,4,3,2,490.0,1,6331.0,1462461.0,-0.06,2098.61,,4,120,0.337,estable,0.373,0.518,0.8236163632543219,0.463208
147917264,Urbania,SAN BORJA,150130,Vendo Departamento DE Estreno EN Chacarilla SAN Borja - Entrega Inmediata,Chacarilla Del Estanque,1550500.0,181.0,8566.298342541437,3,4,2,0.0,1,6331.0,1145911.0,-0.353,2098.61,,4,120,0.337,estable,0.373,0.518,0.8236163632543219,0.463208
148242535,Urbania,SAN BORJA,150130,HERMANO LOBO 200,Chacarilla Del Estanque,1600000.0,182.0,8791.208791208792,3,3,2,550.0,1,6331.0,1152242.0,-0.389,2098.61,,4,120,0.337,estable,0.373,0.518,0.8236163632543219,0.463208
148728192,Urbania,SAN BORJA,150130,Jirón Conde de la Vega del Ren 178,Chacarilla Del Estanque,1650000.0,371.0,4447.43935309973,4,5,2,1950.0,1,6331.0,2348801.0,0.298,2098.61,,4,120,0.337,estable,0.373,0.518,0.8236163632543219,0.463208
149764951,Urbania,SAN BORJA,150130,Gozzoli 2,Santo Tomas,1732500.0,366.0,4733.606557377049,5,6,2,0.0,1,6331.0,2317146.0,0.252,2098.61,,4,120,0.337,estable,0.373,0.518,0.8236163632543219,0.463208
149245992,Urbania,SAN BORJA,150130,Vendo Departamento Primer Piso/ Estreno/ Chacarilla SAN Borja,Chacarilla Del Estanque,1739500.0,254.0,6848.425196850394,3,3,2,0.0,1,6331.0,1608074.0,-0.082,2098.61,,4,120,0.337,estable,0.373,0.518,0.8236163632543219,0.463208
147520560,Urbania,SAN BORJA,150130,"Alameda Picaflores, San Borja",Chacarilla Del Estanque,1775500.0,352.0,5044.034090909091,4,4,4,1000.0,1,6331.0,2228512.0,0.203,2098.61,,4,120,0.337,estable,0.373,0.518,0.8236163632543219,0.463208
149452867,Urbania,SAN BORJA,150130,Calle Trinidad,Chacarilla Del Estanque,1780000.0,250.0,7120.0,3,3,2,500.0,1,6331.0,1582750.0,-0.125,2098.61,,4,120,0.337,estable,0.373,0.518,0.8236163632543219,0.463208
147221973,Urbania,SAN BORJA,150130,Chacarilla del Estanque - San Borja,Chacarilla Del Estanque,1794500.0,231.0,7768.398268398269,4,3,0,0.0,1,6331.0,1462461.0,-0.227,2098.61,,4,120,0.337,estable,0.373,0.518,0.8236163632543219,0.463208
145646777,Urbania,SAN BORJA,150130,calle 30 #111,San Borja Norte,1821350.0,562.0,3240.836298932384,5,4,2,0.0,1,6331.0,3558022.0,0.488,2098.61,,4,120,0.337,estable,0.373,0.518,0.8236163632543219,0.463208
144863914,Urbania,SAN BORJA,150130,trinidad 220 san borja,Chacarilla Del Estanque,1830834.0,231.0,7925.688311688312,4,3,2,0.0,1,6331.0,1462461.0,-0.252,2098.61,,4,120,0.337,estable,0.373,0.518,0.8236163632543219,0.463208
148447915,Urbania,SAN BORJA,150130,Bielovucic Cavalier 133 al 100,San Borja,1831200.0,300.0,6104.0,3,4,3,0.0,1,6331.0,1899300.0,0.036,2098.61,,4,120,0.337,estable,0.373,0.518,0.8236163632543219,0.463208
149905107,Urbania,SAN BORJA,150130,"JR. Paseo DEL Bosque , Ramon Castilla , SAN Borja",San Borja,1837000.0,248.0,7407.258064516129,5,2,2,375.0,10,6331.0,1570088.0,-0.17,2098.61,,4,120,0.337,estable,0.373,0.518,0.8236163632543219,0.463208
143658355,Urbania,SAN BORJA,150130,Alameda Picaflores,San Borja,1870000.0,302.0,6192.05298013245,3,3,2,1200.0,1,6331.0,1911962.0,0.022,2098.61,,4,120,0.337,estable,0.373,0.518,0.8236163632543219,0.463208
145132666,Urbania,SAN BORJA,150130,TRINIDAD 220,Chacarilla Del Estanque,1870044.0,256.0,7304.859375,3,3,2,0.0,1,6331.0,1620736.0,-0.154,2098.61,,4,120,0.337,estable,0.373,0.518,0.8236163632543219,0.463208
146330825,Urbania,SAN BORJA,150130,"Avenida Buena Vista 6, Piso 4, Chacarilla, San Borja",Chacarilla Del Estanque,1890000.0,300.0,6300.0,4,4,4,400.0,1,6331.0,1899300.0,0.005,2098.61,,4,120,0.337,estable,0.373,0.518,0.8236163632543219,0.463208
149826887,Urbania,SAN BORJA,150130,"Av, Del Pinar 324 Dpto, 202 Chacarilla",San Borja,1893240.0,224.0,8451.964285714286,3,3,2,0.0,1,6331.0,1418144.0,-0.335,2098.61,,4,120,0.337,estable,0.373,0.518,0.8236163632543219,0.463208
148950993,Urbania,SAN BORJA,150130,Los Recuerdos 411,Chacarilla Del Estanque,1955000.0,426.0,4589.2018779342725,4,3,3,1600.0,1,6331.0,2697006.0,0.275,2098.61,,4,120,0.337,estable,0.373,0.518,0.8236163632543219,0.463208
148085890,Urbania,SAN BORJA,150130,"Buena Vista, san Borja, Lima",San Borja,1970250.0,305.0,6459.836065573771,3,2,2,700.0,10,6331.0,1930955.0,-0.02,2098.61,,4,120,0.337,estable,0.373,0.518,0.8236163632543219,0.463208
149242869,Urbania,SAN BORJA,150130,"Venta DE Duplex EN Chacarilla DEL Estanque , SAN Borja",Chacarilla Del Estanque,2134000.0,270.0,7903.7037037037035,4,3,2,0.0,1,6331.0,1709370.0,-0.248,2098.61,,4,120,0.337,estable,0.373,0.518,0.8236163632543219,0.463208
147036763,Urbania,SAN BORJA,150130,HERMANO LOBO,San Borja,2134412.0,270.0,7905.22962962963,4,4,2,600.0,1,6331.0,1709370.0,-0.249,2098.61,,4,120,0.337,estable,0.373,0.518,0.8236163632543219,0.463208
148432729,Urbania,SAN BORJA,150130,Andalucia 189,Chacarilla Del Estanque,2184000.0,398.0,5487.437185929648,3,3,3,1200.0,1,6331.0,2519738.0,0.133,2098.61,,4,120,0.337,estable,0.373,0.518,0.8236163632543219,0.463208
146062689,Urbania,SAN BORJA,150130,AV. DEL Pinar 4XX DPT 102,Chacarilla Del Estanque,2206600.0,316.0,6982.911392405063,3,3,2,0.0,1,6331.0,2000596.0,-0.103,2098.61,,4,120,0.337,estable,0.373,0.518,0.8236163632543219,0.463208
149784383,Urbania,SAN BORJA,150130,Bello Horizonte Chacarilla San Borja,San Borja,2210000.0,348.0,6350.574712643678,4,4,3,800.0,1,6331.0,2203188.0,-0.003,2098.61,,4,120,0.337,estable,0.373,0.518,0.8236163632543219,0.463208
149547772,Urbania,SAN BORJA,150130,Jirón Monte Carmelo Cuadra 5,San Borja,2228000.0,494.0,4510.121457489879,3,3,2,1200.0,1,6331.0,3127514.0,0.288,2098.61,,4,120,0.337,estable,0.373,0.518,0.8236163632543219,0.463208
145544118,Urbania,SAN BORJA,150130,ANDALUCÍA 189,Chacarilla Del Estanque,2340000.0,393.0,5954.198473282443,3,3,3,1200.0,1,6331.0,2488083.0,0.06,2098.61,,4,120,0.337,estable,0.373,0.518,0.8236163632543219,0.463208
4658571,Urbania,SAN BORJA,150130,andalucia,Chacarilla Del Estanque,2372500.0,398.0,5961.05527638191,4,5,3,1200.0,1,6331.0,2519738.0,0.058,2098.61,,4,120,0.337,estable,0.373,0.518,0.8236163632543219,0.463208
148772003,Urbania,SAN BORJA,150130,Juan Bielovucic Cavalier  al 300,Chacarilla Del Estanque,2411500.0,434.0,5556.451612903225,3,3,2,400.0,1,6331.0,2747654.0,0.122,2098.61,,4,120,0.337,estable,0.373,0.518,0.8236163632543219,0.463208
149168406,Urbania,SAN BORJA,150130,Jr Galeon 195 San borja,Chacarilla Del Estanque,2559160.0,253.0,10115.256916996048,3,5,2,0.0,1,6331.0,1601743.0,-0.598,2098.61,,4,120,0.337,estable,0.373,0.518,0.8236163632543219,0.463208
144620217,Urbania,SAN BORJA,150130,Velasco Astete 700,San Borja,2656800.0,340.0,7814.117647058823,5,6,4,1100.0,1,6331.0,2152540.0,-0.234,2098.61,,4,120,0.337,estable,0.373,0.518,0.8236163632543219,0.463208
144484709,Urbania,SAN BORJA,150130,"CALLE TRINIDAD 420, SAN BORJA",San Borja,2800000.0,492.0,5691.056910569106,3,4,3,1800.0,1,6331.0,3114852.0,0.101,2098.61,,4,120,0.337,estable,0.373,0.518,0.8236163632543219,0.463208
149126168,Urbania,SAN BORJA,150130,Jirón Hermano Lobo 230,Chacarilla Del Estanque,3242661.0,404.0,8026.388613861386,4,4,1,0.0,1,6331.0,2557724.0,-0.268,2098.61,,4,120,0.337,estable,0.373,0.518,0.8236163632543219,0.463208
147036212,Urbania,SAN BORJA,150130,CHACARILLA SAN BORJA,San Borja,4124319.0,550.0,7498.761818181818,4,4,2,600.0,1,6331.0,3482050.0,-0.184,2098.61,,4,120,0.337,estable,0.373,0.518,0.8236163632543219,0.463208
149126614,Urbania,SAN BORJA,150130,Jirón Hermano Lobo 230,Chacarilla Del Estanque,4368292.0,550.0,7942.349090909091,4,4,2,0.0,1,6331.0,3482050.0,-0.255,2098.61,,4,120,0.337,estable,0.373,0.518,0.8236163632543219,0.463208
149584772,Urbania,SAN ISIDRO,150131,Av. Dos de Mayo,Country Club,360000.0,52.0,6923.076923076923,1,1,0,200.0,1,8118.0,422136.0,0.147,2604.5,,3,161,0.51,mejorando,0.425,0.458,0.788832417484799,0.0573463
142918302,Urbania,SAN ISIDRO,150131,Las Palmeras,San Isidro,366047.0,40.0,9151.175,1,1,1,0.0,1,8118.0,324720.0,-0.127,2604.5,,3,161,0.51,mejorando,0.425,0.458,0.788832417484799,0.0573463
149724570,Urbania,SAN ISIDRO,150131,Av. Salaverry,San Isidro,375000.0,41.0,9146.341463414634,1,1,0,0.0,1,8118.0,332838.0,-0.127,2604.5,,3,161,0.51,mejorando,0.425,0.458,0.788832417484799,0.0573463
4642051,Urbania,SAN ISIDRO,150131,Canaval y Moreyra,San Isidro,410000.0,45.0,9111.111111111111,1,1,1,0.0,1,8118.0,365310.0,-0.122,2604.5,,3,161,0.51,mejorando,0.425,0.458,0.788832417484799,0.0573463
146747481,Urbania,SAN ISIDRO,150131,Ca. Los Laureles 250,San Isidro,430000.0,47.0,9148.936170212766,1,1,1,0.0,1,8118.0,381546.0,-0.127,2604.5,,3,161,0.51,mejorando,0.425,0.458,0.788832417484799,0.0573463
148977849,Urbania,SAN ISIDRO,150131,Calle Coronel Odriozola 128,San Isidro,430000.0,45.0,9555.555555555555,1,1,0,350.0,1,8118.0,365310.0,-0.177,2604.5,,3,161,0.51,mejorando,0.425,0.458,0.788832417484799,0.0573463
149481697,Urbania,SAN ISIDRO,150131,Avenida José Gálvez Barrenechea,Corpac,448000.0,70.0,6400.0,2,1,1,285.0,1,8118.0,568260.0,0.212,2604.5,,3,161,0.51,mejorando,0.425,0.458,0.788832417484799,0.0573463
149843000,Urbania,SAN ISIDRO,150131,Av. Javier Prado Este 595 San Isidro al 500,San Isidro,460000.0,45.0,10222.222222222223,1,1,0,0.0,1,8118.0,365310.0,-0.259,2604.5,,3,161,0.51,mejorando,0.425,0.458,0.788832417484799,0.0573463
149053753,Urbania,SAN ISIDRO,150131,Av. República de Panamá  4075,Limatambo,465750.0,70.0,6653.571428571428,3,2,1,200.0,1,8118.0,568260.0,0.18,2604.5,,3,161,0.51,mejorando,0.425,0.458,0.788832417484799,0.0573463
149863433,Urbania,SAN ISIDRO,150131,Dean Valdivia,San Isidro,470000.0,47.0,10000.0,1,1,0,300.0,1,8118.0,381546.0,-0.232,2604.5,,3,161,0.51,mejorando,0.425,0.458,0.788832417484799,0.0573463
148994149,Urbania,SAN ISIDRO,150131,Av. Javier Prado Cerca al Centro Financiero,San Isidro,484400.0,45.0,10764.444444444445,1,1,0,280.0,1,8118.0,365310.0,-0.326,2604.5,,3,161,0.51,mejorando,0.425,0.458,0.788832417484799,0.0573463
149478124,Urbania,SAN ISIDRO,150131,Av. Canaval y Moreyra,San Isidro,485750.0,45.0,10794.444444444445,1,1,0,200.0,1,8118.0,365310.0,-0.33,2604.5,,3,161,0.51,mejorando,0.425,0.458,0.788832417484799,0.0573463
148819259,Urbania,SAN ISIDRO,150131,C. 32,San Isidro,530100.0,121.0,4380.99173553719,3,2,1,0.0,1,8118.0,982278.0,0.46,2604.5,,3,161,0.51,mejorando,0.425,0.458,0.788832417484799,0.0573463
149685565,Urbania,SAN ISIDRO,150131,Av. Salaverry Frente a Real Plaza,San Isidro,532000.0,56.0,9500.0,2,2,1,300.0,1,8118.0,454608.0,-0.17,2604.5,,3,161,0.51,mejorando,0.425,0.458,0.788832417484799,0.0573463
149699489,Urbania,SAN ISIDRO,150131,Alberto del Campo al 400,San Isidro,535000.0,70.0,7642.857142857143,2,2,1,0.0,1,8118.0,568260.0,0.059,2604.5,,3,161,0.51,mejorando,0.425,0.458,0.788832417484799,0.0573463
149264726,Urbania,SAN ISIDRO,150131,"Avenida. Arequipa, san Isidro",San Isidro,538200.0,83.0,6484.3373493975905,3,2,0,250.0,1,8118.0,673794.0,0.201,2604.5,,3,161,0.51,mejorando,0.425,0.458,0.788832417484799,0.0573463
149432676,Urbania,SAN ISIDRO,150131,Calle Los Sauces,San Isidro,540000.0,74.0,7297.2972972972975,1,1,1,283.0,1,8118.0,600732.0,0.101,2604.5,,3,161,0.51,mejorando,0.425,0.458,0.788832417484799,0.0573463
149172074,Urbania,SAN ISIDRO,150131,Calle las Palmeras,Orrantia,544790.0,78.0,6984.48717948718,1,1,1,300.0,1,8118.0,633204.0,0.14,2604.5,,3,161,0.51,mejorando,0.425,0.458,0.788832417484799,0.0573463
149843178,Urbania,SAN ISIDRO,150131,Canaval y Moreyra 185 San Isidro,San Isidro,545000.0,52.0,10480.76923076923,1,1,0,0.0,1,8118.0,422136.0,-0.291,2604.5,,3,161,0.51,mejorando,0.425,0.458,0.788832417484799,0.0573463
149903824,Urbania,SAN ISIDRO,150131,Av. Javier Prado Este al 1100,San Isidro,564300.0,89.0,6340.449438202248,2,1,1,185.0,1,8118.0,722502.0,0.219,2604.5,,3,161,0.51,mejorando,0.425,0.458,0.788832417484799,0.0573463
149864977,Urbania,SAN ISIDRO,150131,Calle Los Álamos,San Isidro,568750.0,65.0,8750.0,1,1,0,350.0,10,8118.0,527670.0,-0.078,2604.5,,3,161,0.51,mejorando,0.425,0.458,0.788832417484799,0.0573463
149266054,Urbania,SAN ISIDRO,150131,Calle 32,Corpac,570000.0,71.0,8028.169014084507,2,2,1,170.0,1,8118.0,576378.0,0.011,2604.5,,3,161,0.51,mejorando,0.425,0.458,0.788832417484799,0.0573463
149041851,Urbania,SAN ISIDRO,150131,Calle German Schreiber Gulsmanco 257,San Isidro,571200.0,129.0,4427.906976744186,4,3,0,0.0,1,8118.0,1047222.0,0.455,2604.5,,3,161,0.51,mejorando,0.425,0.458,0.788832417484799,0.0573463
149127304,Urbania,SAN ISIDRO,150131,Calle Miguel G. Seminario 190,Corpac,589000.0,60.0,9816.666666666666,2,2,1,380.0,1,8118.0,487080.0,-0.209,2604.5,,3,161,0.51,mejorando,0.425,0.458,0.788832417484799,0.0573463
149451497,Urbania,SAN ISIDRO,150131,Av. General Salaverry 3590  - Dpto 802,San Isidro,595000.0,60.0,9916.666666666666,2,2,1,280.0,1,8118.0,487080.0,-0.222,2604.5,,3,161,0.51,mejorando,0.425,0.458,0.788832417484799,0.0573463
149764725,Urbania,SAN ISIDRO,150131,C. Miguel G. Seminario  190 San Isidro,San Isidro,598000.0,60.0,9966.666666666666,2,2,1,0.0,1,8118.0,487080.0,-0.228,2604.5,,3,161,0.51,mejorando,0.425,0.458,0.788832417484799,0.0573463
149791098,Urbania,SAN ISIDRO,150131,"Los Pinos 561, San Isidro",San Isidro,605000.0,54.0,11203.703703703704,2,2,0,0.0,1,8118.0,438372.0,-0.38,2604.5,,3,161,0.51,mejorando,0.425,0.458,0.788832417484799,0.0573463
149903261,Urbania,SAN ISIDRO,150131,Edificio Nuevo de Estreno en el Corazón del Centro Financiero en Navarrete,San Isidro,610540.0,45.0,13567.555555555555,1,3,1,300.0,1,8118.0,365310.0,-0.671,2604.5,,3,161,0.51,mejorando,0.425,0.458,0.788832417484799,0.0573463
149501461,Urbania,SAN ISIDRO,150131,"Av. Arequipa  3235, Piso 5 | Edificio The Classic Edifica | Ideal Para Inversión",El Olivar,615000.0,62.0,9919.354838709678,2,2,1,320.0,10,8118.0,503316.0,-0.222,2604.5,,3,161,0.51,mejorando,0.425,0.458,0.788832417484799,0.0573463
143679848,Urbania,SAN ISIDRO,150131,Av. Augusto Perez Aranibar,San Isidro,632700.0,60.0,10545.0,2,2,1,0.0,1,8118.0,487080.0,-0.299,2604.5,,3,161,0.51,mejorando,0.425,0.458,0.788832417484799,0.0573463
147057587,Urbania,SAN ISIDRO,150131,Av. Canaval y Moreyra,San Isidro,638145.0,75.0,8508.6,2,2,0,0.0,1,8118.0,608850.0,-0.048,2604.5,,3,161,0.51,mejorando,0.425,0.458,0.788832417484799,0.0573463
149321027,Urbania,SAN ISIDRO,150131,Av. Canaval y Moreyra 185 San Isidro,San Isidro,645000.0,63.0,10238.095238095239,2,2,0,0.0,1,8118.0,511434.0,-0.261,2604.5,,3,161,0.51,mejorando,0.425,0.458,0.788832417484799,0.0573463
149904402,Urbania,SAN ISIDRO,150131,"AV. Salaverry, Orrantia DEL MAR SAN Isidro",San Isidro,647000.0,65.0,9953.846153846154,2,2,1,350.0,1,8118.0,527670.0,-0.226,2604.5,,3,161,0.51,mejorando,0.425,0.458,0.788832417484799,0.0573463
149124802,Urbania,SAN ISIDRO,150131,Av. Canaval   y Moreyra,San Isidro,649900.0,63.0,10315.873015873016,2,2,0,0.0,1,8118.0,511434.0,-0.271,2604.5,,3,161,0.51,mejorando,0.425,0.458,0.788832417484799,0.0573463
149653016,Urbania,SAN ISIDRO,150131,Av Salaverry,San Isidro,650940.0,58.0,11223.103448275862,2,2,1,0.0,1,8118.0,470844.0,-0.382,2604.5,,3,161,0.51,mejorando,0.425,0.458,0.788832417484799,0.0573463
149810793,Urbania,SAN ISIDRO,150131,Calle Manuel Ugarte y Moscoso 580,San Isidro,655482.0,86.0,7621.883720930233,3,2,1,400.0,1,8118.0,698148.0,0.061,2604.5,,3,161,0.51,mejorando,0.425,0.458,0.788832417484799,0.0573463
149498022,Urbania,SAN ISIDRO,150131,Calle Audiencia 190,San Isidro,659000.0,62.0,10629.032258064517,2,2,1,300.0,1,8118.0,503316.0,-0.309,2604.5,,3,161,0.51,mejorando,0.425,0.458,0.788832417484799,0.0573463
146887303,Urbania,SAN ISIDRO,150131,Luis Felipe Villaran,San Isidro,659950.0,80.0,8249.375,2,2,1,450.0,1,8118.0,649440.0,-0.016,2604.5,,3,161,0.51,mejorando,0.425,0.458,0.788832417484799,0.0573463
149615325,Urbania,SAN ISIDRO,150131,Avenida Canaval y Moreyra,San Isidro,670000.0,61.0,10983.606557377048,2,2,0,250.0,1,8118.0,495198.0,-0.353,2604.5,,3,161,0.51,mejorando,0.425,0.458,0.788832417484799,0.0573463
149473033,Urbania,SAN ISIDRO,150131,Calle Las Palmeras al 200,San Isidro,677344.0,71.0,9540.05633802817,3,2,0,0.0,1,8118.0,576378.0,-0.175,2604.5,,3,161,0.51,mejorando,0.425,0.458,0.788832417484799,0.0573463
149887993,Urbania,SAN ISIDRO,150131,Av. Alberto del Campo al 488,San Isidro,680000.0,104.0,6538.461538461538,3,2,1,350.0,1,8118.0,844272.0,0.195,2604.5,,3,161,0.51,mejorando,0.425,0.458,0.788832417484799,0.0573463
147753121,Urbania,SAN ISIDRO,150131,Manuel Gonzales la Rosa y Roque de Bergallo,San Isidro,700000.0,120.0,5833.333333333333,3,2,0,250.0,1,8118.0,974160.0,0.281,2604.5,,3,161,0.51,mejorando,0.425,0.458,0.788832417484799,0.0573463
148909707,Urbania,SAN ISIDRO,150131,Av. Rivera Navarrete,San Isidro,720000.0,67.0,10746.268656716418,2,2,1,320.0,1,8118.0,543906.0,-0.324,2604.5,,3,161,0.51,mejorando,0.425,0.458,0.788832417484799,0.0573463
149359957,Urbania,SAN ISIDRO,150131,Avenida 2 de Mayo 1300,Orrantia,722600.0,119.0,6072.268907563025,2,2,1,0.0,1,8118.0,966042.0,0.252,2604.5,,3,161,0.51,mejorando,0.425,0.458,0.788832417484799,0.0573463
149242903,Urbania,SAN ISIDRO,150131,Los Robles al 200,San Isidro,726950.0,120.0,6057.916666666667,2,2,2,550.0,1,8118.0,974160.0,0.254,2604.5,,3,161,0.51,mejorando,0.425,0.458,0.788832417484799,0.0573463
149475881,Urbania,SAN ISIDRO,150131,Av. Jorge Basadre Grohmann 840,Orrantia,733150.0,112.0,6545.982142857143,2,2,2,750.0,1,8118.0,909216.0,0.194,2604.5,,3,161,0.51,mejorando,0.425,0.458,0.788832417484799,0.0573463
149738697,Urbania,SAN ISIDRO,150131,Calle Amador Merino Reyna,San Isidro,734850.0,62.0,11852.41935483871,2,2,0,278.0,1,8118.0,503316.0,-0.46,2604.5,,3,161,0.51,mejorando,0.425,0.458,0.788832417484799,0.0573463
146199180,Urbania,SAN ISIDRO,150131,"Avenida Rivera Navarrete 5, Piso 5, San Isidro",San Isidro,737000.0,65.0,11338.461538461539,2,2,1,300.0,10,8118.0,527670.0,-0.397,2604.5,,3,161,0.51,mejorando,0.425,0.458,0.788832417484799,0.0573463
149280718,Urbania,SAN ISIDRO,150131,Av. Salaverry 2347,San Isidro,745000.0,90.0,8277.777777777777,2,2,1,280.0,1,8118.0,730620.0,-0.02,2604.5,,3,161,0.51,mejorando,0.425,0.458,0.788832417484799,0.0573463
149661786,Urbania,SAN ISIDRO,150131,Alberto del Campo,San Isidro,748000.0,111.0,6738.738738738739,2,2,1,460.0,1,8118.0,901098.0,0.17,2604.5,,3,161,0.51,mejorando,0.425,0.458,0.788832417484799,0.0573463
149196670,Urbania,SAN ISIDRO,150131,Av. Salaverry  3500. San Isidro,Orrantia Del Mar,782000.0,84.0,9309.52380952381,3,2,1,320.0,1,8118.0,681912.0,-0.147,2604.5,,3,161,0.51,mejorando,0.425,0.458,0.788832417484799,0.0573463
149777813,Urbania,SAN ISIDRO,150131,Av. Juan de Aliaga  al 600,Orrantia,782000.0,152.0,5144.736842105263,3,2,1,400.0,1,8118.0,1233936.0,0.366,2604.5,,3,161,0.51,mejorando,0.425,0.458,0.788832417484799,0.0573463
149056642,Urbania,SAN ISIDRO,150131,"Avenida Antonio Pezet N 1, Piso 5, San Isidro",San Isidro,787250.0,120.0,6560.416666666667,2,2,2,0.0,1,8118.0,974160.0,0.192,2604.5,,3,161,0.51,mejorando,0.425,0.458,0.788832417484799,0.0573463
149271605,Urbania,SAN ISIDRO,150131,Jirón Daniel Carrión 500 Magdalena,Orrantia,791200.0,101.0,7833.663366336634,2,2,1,300.0,7,8118.0,819918.0,0.035,2604.5,,3,161,0.51,mejorando,0.425,0.458,0.788832417484799,0.0573463
62359154,Urbania,SAN ISIDRO,150131,AV. SALAVERRY 3370,Orrantia,793500.0,90.0,8816.666666666666,2,2,0,0.0,1,8118.0,730620.0,-0.086,2604.5,,3,161,0.51,mejorando,0.425,0.458,0.788832417484799,0.0573463
4663672,Urbania,SAN ISIDRO,150131,"Av. Salaverry 3370, San Isidro",San Isidro,796950.0,90.0,8855.0,1,1,2,300.0,1,8118.0,730620.0,-0.091,2604.5,,3,161,0.51,mejorando,0.425,0.458,0.788832417484799,0.0573463
146921256,Urbania,SAN ISIDRO,150131,Avenida José Gálvez Barrenechea 481,San Isidro,798660.0,143.0,5585.034965034965,3,2,2,450.0,1,8118.0,1160874.0,0.312,2604.5,,3,161,0.51,mejorando,0.425,0.458,0.788832417484799,0.0573463
149541778,Urbania,SAN ISIDRO,150131,Av. Arequipa 3100,San Isidro,799000.0,256.0,3121.09375,3,1,1,0.0,1,8118.0,2078208.0,0.616,2604.5,,3,161,0.51,mejorando,0.425,0.458,0.788832417484799,0.0573463
149673998,Urbania,SAN ISIDRO,150131,Av. Arequipa 3383,Chacarilla Santa Cruz,799000.0,123.0,6495.934959349594,2,2,2,0.0,1,8118.0,998514.0,0.2,2604.5,,3,161,0.51,mejorando,0.425,0.458,0.788832417484799,0.0573463
149136496,Urbania,SAN ISIDRO,150131,Calle Santa Luisa 195,San Isidro,803400.0,126.0,6376.190476190476,2,1,1,750.0,1,8118.0,1022868.0,0.215,2604.5,,3,161,0.51,mejorando,0.425,0.458,0.788832417484799,0.0573463
149498377,Urbania,SAN ISIDRO,150131,Calle Los Pinos,Orrantia,807820.0,136.0,5939.85294117647,2,2,1,520.0,1,8118.0,1104048.0,0.268,2604.5,,3,161,0.51,mejorando,0.425,0.458,0.788832417484799,0.0573463
149490861,Urbania,SAN ISIDRO,150131,Orrantia San Isidro,Orrantia,824550.0,136.0,6062.867647058823,2,2,1,520.0,1,8118.0,1104048.0,0.253,2604.5,,3,161,0.51,mejorando,0.425,0.458,0.788832417484799,0.0573463
148862041,Urbania,SAN ISIDRO,150131,La Florida 155 San Isidro,San Isidro,836625.0,67.0,12486.940298507463,2,2,1,400.0,1,8118.0,543906.0,-0.538,2604.5,,3,161,0.51,mejorando,0.425,0.458,0.788832417484799,0.0573463
148303643,Urbania,SAN ISIDRO,150131,Los Castaños,San Isidro,837500.0,116.0,7219.827586206897,2,2,2,420.0,10,8118.0,941688.0,0.111,2604.5,,3,161,0.51,mejorando,0.425,0.458,0.788832417484799,0.0573463
146828843,Urbania,SAN ISIDRO,150131,CALLE JOSE DEL LLANO ZAPATA,San Isidro,867000.0,185.0,4686.486486486487,4,5,0,0.0,1,8118.0,1501830.0,0.423,2604.5,,3,161,0.51,mejorando,0.425,0.458,0.788832417484799,0.0573463
149343779,Urbania,SAN ISIDRO,150131,Calle Los Castaños 281,Country Club,872000.0,110.0,7927.272727272727,2,2,1,420.0,1,8118.0,892980.0,0.023,2604.5,,3,161,0.51,mejorando,0.425,0.458,0.788832417484799,0.0573463
147697069,Urbania,SAN ISIDRO,150131,CALLE LAS GOLONDRINAS 230,Limatambo,880600.0,117.0,7526.495726495727,3,2,2,500.0,1,8118.0,949806.0,0.073,2604.5,,3,161,0.51,mejorando,0.425,0.458,0.788832417484799,0.0573463
149377216,Urbania,SAN ISIDRO,150131,Golondrinas 230,Limatambo,889200.0,117.0,7600.0,3,2,2,500.0,1,8118.0,949806.0,0.064,2604.5,,3,161,0.51,mejorando,0.425,0.458,0.788832417484799,0.0573463
149623430,Urbania,SAN ISIDRO,150131,Calle Chinchón 881,Corpac,895700.0,170.0,5268.823529411765,3,2,1,240.0,1,8118.0,1380060.0,0.351,2604.5,,3,161,0.51,mejorando,0.425,0.458,0.788832417484799,0.0573463
148162388,Urbania,SAN ISIDRO,150131,LOS PINOS,San Isidro,910000.0,150.0,6066.666666666667,3,2,2,550.0,1,8118.0,1217700.0,0.253,2604.5,,3,161,0.51,mejorando,0.425,0.458,0.788832417484799,0.0573463
149310781,Urbania,SAN ISIDRO,150131,Av. del Parque Nte.,El Palomar,918000.0,120.0,7650.0,3,3,2,400.0,1,8118.0,974160.0,0.058,2604.5,,3,161,0.51,mejorando,0.425,0.458,0.788832417484799,0.0573463
149903509,Urbania,SAN ISIDRO,150131,AV 2 DE Mayo 1248 Dpto 700 - SAN Isidro,San Isidro,920000.0,120.0,7666.666666666667,3,2,2,570.0,1,8118.0,974160.0,0.056,2604.5,,3,161,0.51,mejorando,0.425,0.458,0.788832417484799,0.0573463
147496872,Urbania,SAN ISIDRO,150131,Calle 27 384,Corpac,937000.0,147.0,6374.149659863946,3,2,1,0.0,1,8118.0,1193346.0,0.215,2604.5,,3,161,0.51,mejorando,0.425,0.458,0.788832417484799,0.0573463
147112014,Urbania,SAN ISIDRO,150131,Calle Olavide,San Isidro,943500.0,115.0,8204.347826086956,3,3,0,280.0,1,8118.0,933570.0,-0.011,2604.5,,3,161,0.51,mejorando,0.425,0.458,0.788832417484799,0.0573463
149535627,Urbania,SAN ISIDRO,150131,Malecón Bernales al 100 Frente al Parque Domingo Pantigoso y a 1 Cuadra del Parque de la Pera,San Isidro,946200.0,134.0,7061.194029850746,3,2,2,375.0,1,8118.0,1087812.0,0.13,2604.5,,3,161,0.51,mejorando,0.425,0.458,0.788832417484799,0.0573463
4663493,Urbania,SAN ISIDRO,150131,"Av. Salaverry 3370, San Isidro",San Isidro,949331.0,130.0,7302.546153846154,2,1,2,341.0,10,8118.0,1055340.0,0.1,2604.5,,3,161,0.51,mejorando,0.425,0.458,0.788832417484799,0.0573463
147826213,Urbania,SAN ISIDRO,150131,Av. Carriquiry al 800 3D 117m2 Y 01 Cochera,San Isidro,960000.0,117.0,8205.128205128205,3,2,1,400.0,1,8118.0,949806.0,-0.011,2604.5,,3,161,0.51,mejorando,0.425,0.458,0.788832417484799,0.0573463
149686212,Urbania,SAN ISIDRO,150131,Av. Salaverry 29xx,San Isidro,966000.0,119.0,8117.64705882353,3,2,1,500.0,1,8118.0,966042.0,0.0,2604.5,,3,161,0.51,mejorando,0.425,0.458,0.788832417484799,0.0573463
149448906,Urbania,SAN ISIDRO,150131,Calle Augusto Bolognesi 14,San Isidro,966000.0,195.0,4953.846153846154,3,2,0,710.0,1,8118.0,1583010.0,0.39,2604.5,,3,161,0.51,mejorando,0.425,0.458,0.788832417484799,0.0573463
148922563,Urbania,SAN ISIDRO,150131,Av. Carriquiry  al 800 | 3 Dorm | Piso 26 | Depa + Cochera | Vista Panorámica,San Isidro,970000.0,117.0,8290.598290598291,3,2,1,400.0,1,8118.0,949806.0,-0.021,2604.5,,3,161,0.51,mejorando,0.425,0.458,0.788832417484799,0.0573463
148972112,Urbania,SAN ISIDRO,150131,Av. Dos de Mayo,San Isidro,971500.0,152.0,6391.4473684210525,3,2,2,690.0,1,8118.0,1233936.0,0.213,2604.5,,3,161,0.51,mejorando,0.425,0.458,0.788832417484799,0.0573463
149907950,Urbania,SAN ISIDRO,150131,Av. dos Mayo Entre la Cuadra 16 y 17 de Javier Prado Oeste,San Isidro,982600.0,151.0,6507.284768211921,3,2,2,690.0,1,8118.0,1225818.0,0.198,2604.5,,3,161,0.51,mejorando,0.425,0.458,0.788832417484799,0.0573463
148883945,Urbania,SAN ISIDRO,150131,Manuel Villavicencio,Jardin,1021750.0,150.0,6811.666666666667,3,3,1,0.0,1,8118.0,1217700.0,0.161,2604.5,,3,161,0.51,mejorando,0.425,0.458,0.788832417484799,0.0573463
149432035,Urbania,SAN ISIDRO,150131,Calle Prolongación Alfredo Salazar  al 100 161m2 3dormitorios Y 01 Cochera,San Isidro,1031550.0,161.0,6407.142857142857,3,2,1,400.0,1,8118.0,1306998.0,0.211,2604.5,,3,161,0.51,mejorando,0.425,0.458,0.788832417484799,0.0573463
149711083,Urbania,SAN ISIDRO,150131,Calle paz y Perfecta Unión  San Isidro,Corpac,1031550.0,147.0,7017.34693877551,3,3,1,450.0,1,8118.0,1193346.0,0.136,2604.5,,3,161,0.51,mejorando,0.425,0.458,0.788832417484799,0.0573463
149329994,Urbania,SAN ISIDRO,150131,Basadre,San Isidro,1036305.0,95.0,10908.473684210527,1,1,2,0.0,1,8118.0,771210.0,-0.344,2604.5,,3,161,0.51,mejorando,0.425,0.458,0.788832417484799,0.0573463
149408431,Urbania,SAN ISIDRO,150131,LOS Sauces  al 300,San Isidro,1037000.0,160.0,6481.25,3,3,2,0.0,1,8118.0,1298880.0,0.202,2604.5,,3,161,0.51,mejorando,0.425,0.458,0.788832417484799,0.0573463
149561732,Urbania,SAN ISIDRO,150131,Av José Gálvez Barrenechea,San Isidro,1050000.0,152.0,6907.894736842105,3,2,2,400.0,1,8118.0,1233936.0,0.149,2604.5,,3,161,0.51,mejorando,0.425,0.458,0.788832417484799,0.0573463
4540749,Urbania,SAN ISIDRO,150131,Av. Javier Prado Oeste 2067,Country Club,1054620.0,129.0,8175.3488372093025,3,2,2,450.0,1,8118.0,1047222.0,-0.007,2604.5,,3,161,0.51,mejorando,0.425,0.458,0.788832417484799,0.0573463
148613346,Urbania,SAN ISIDRO,150131,Ugarte y Moscoso al 300,San Isidro,1068000.0,110.0,9709.09090909091,3,3,2,500.0,1,8118.0,892980.0,-0.196,2604.5,,3,161,0.51,mejorando,0.425,0.458,0.788832417484799,0.0573463
148654206,Urbania,SAN ISIDRO,150131,Calle Manuel Ugarte y Moscoso,San Isidro,1071660.0,115.0,9318.782608695652,3,2,2,500.0,1,8118.0,933570.0,-0.148,2604.5,,3,161,0.51,mejorando,0.425,0.458,0.788832417484799,0.0573463
149592835,Urbania,SAN ISIDRO,150131,Carlos Porras Osores al 200,San Isidro,1088000.0,147.0,7401.360544217687,3,3,1,570.0,1,8118.0,1193346.0,0.088,2604.5,,3,161,0.51,mejorando,0.425,0.458,0.788832417484799,0.0573463
149516550,Urbania,SAN ISIDRO,150131,Avenida Javier Prado Oeste 12,San Isidro,1101120.0,136.0,8096.470588235294,3,3,2,480.0,1,8118.0,1104048.0,0.003,2604.5,,3,161,0.51,mejorando,0.425,0.458,0.788832417484799,0.0573463
149501448,Urbania,SAN ISIDRO,150131,Calle Doctor Carlos Ferreyros,Corpac,1103000.0,153.0,7209.150326797386,4,3,3,300.0,1,8118.0,1242054.0,0.112,2604.5,,3,161,0.51,mejorando,0.425,0.458,0.788832417484799,0.0573463
149469049,Urbania,SAN ISIDRO,150131,Calle Miguel G. Seminario 190,Santa Ana,1104000.0,115.0,9600.0,2,2,1,750.0,1,8118.0,933570.0,-0.183,2604.5,,3,161,0.51,mejorando,0.425,0.458,0.788832417484799,0.0573463
148654381,Urbania,SAN ISIDRO,150131,Av. Parque Sur  446 San Isidro,San Isidro,1108400.0,149.0,7438.926174496644,3,2,2,0.0,10,8118.0,1209582.0,0.084,2604.5,,3,161,0.51,mejorando,0.425,0.458,0.788832417484799,0.0573463
148031625,Urbania,SAN ISIDRO,150131,Javier Prado Oeste esquina Ugarte y Moscoso,Country Club,1116329.0,110.0,10148.445454545454,3,2,1,550.0,1,8118.0,892980.0,-0.25,2604.5,,3,161,0.51,mejorando,0.425,0.458,0.788832417484799,0.0573463
149666049,Urbania,SAN ISIDRO,150131,Urb. Orrantia al 100,Orrantia,1134250.0,120.0,9452.083333333334,2,2,0,800.0,1,8118.0,974160.0,-0.164,2604.5,,3,161,0.51,mejorando,0.425,0.458,0.788832417484799,0.0573463
149484770,Urbania,SAN ISIDRO,150131,Calle Los Castaños 310,Country Club,1139000.0,141.0,8078.014184397163,2,2,2,600.0,1,8118.0,1144638.0,0.005,2604.5,,3,161,0.51,mejorando,0.425,0.458,0.788832417484799,0.0573463
149316462,Urbania,SAN ISIDRO,150131,Av. Conquistadores al 1100,San Isidro,1142400.0,180.0,6346.666666666667,2,2,2,0.0,1,8118.0,1461240.0,0.218,2604.5,,3,161,0.51,mejorando,0.425,0.458,0.788832417484799,0.0573463
148846989,Urbania,SAN ISIDRO,150131,Avenidda Javier Prado Oeste al 1300,Country Club,1143000.0,146.0,7828.767123287671,3,2,2,600.0,1,8118.0,1185228.0,0.036,2604.5,,3,161,0.51,mejorando,0.425,0.458,0.788832417484799,0.0573463
144213848,Urbania,SAN ISIDRO,150131,Av 2 de Mayo 961,San Isidro,1148501.0,146.0,7866.445205479452,3,3,1,0.0,1,8118.0,1185228.0,0.031,2604.5,,3,161,0.51,mejorando,0.425,0.458,0.788832417484799,0.0573463
148133160,Urbania,SAN ISIDRO,150131,Ca. Porras Osores,San Isidro,1150522.0,147.0,7826.680272108843,3,4,1,512.0,1,8118.0,1193346.0,0.036,2604.5,,3,161,0.51,mejorando,0.425,0.458,0.788832417484799,0.0573463
149739218,Urbania,SAN ISIDRO,150131,Avenida Javier Prado Oeste 1267,Orrantia,1155000.0,218.0,5298.165137614679,2,5,2,900.0,1,8118.0,1769724.0,0.347,2604.5,,3,161,0.51,mejorando,0.425,0.458,0.788832417484799,0.0573463
147889600,Urbania,SAN ISIDRO,150131,"Av. Faustino Sánchez Carrión, san Isidro, urb Country Club",Country Club,1155750.0,209.0,5529.904306220095,3,3,1,400.0,1,8118.0,1696662.0,0.319,2604.5,,3,161,0.51,mejorando,0.425,0.458,0.788832417484799,0.0573463
149316093,Urbania,SAN ISIDRO,150131,Av. del Parque Nte.,San Isidro,1166000.0,160.0,7287.5,3,2,2,570.0,1,8118.0,1298880.0,0.102,2604.5,,3,161,0.51,mejorando,0.425,0.458,0.788832417484799,0.0573463
149809249,Urbania,SAN ISIDRO,150131,Parque Norte,San Isidro,1168900.0,170.0,6875.882352941177,3,3,3,1000.0,10,8118.0,1380060.0,0.153,2604.5,,3,161,0.51,mejorando,0.425,0.458,0.788832417484799,0.0573463
148840828,Urbania,SAN ISIDRO,150131,"Calle Los Ficus N 3, San Isidro",San Isidro,1169150.0,528.0,2214.2992424242425,4,4,2,0.0,1,8118.0,4286304.0,0.727,2604.5,,3,161,0.51,mejorando,0.425,0.458,0.788832417484799,0.0573463
149276857,Urbania,SAN ISIDRO,150131,Av. del Parque Nte.,San Isidro,1170000.0,170.0,6882.35294117647,3,3,3,1022.0,1,8118.0,1380060.0,0.152,2604.5,,3,161,0.51,mejorando,0.425,0.458,0.788832417484799,0.0573463
149563909,Urbania,SAN ISIDRO,150131,Avenida Jorge Basadre Grohmann,Orrantia,1171023.0,111.0,10549.756756756757,1,2,2,0.0,1,8118.0,901098.0,-0.3,2604.5,,3,161,0.51,mejorando,0.425,0.458,0.788832417484799,0.0573463
146746695,Urbania,SAN ISIDRO,150131,PARQUE ACOSTA,San Isidro,1176500.0,109.0,10793.577981651377,1,2,1,1.0,1,8118.0,884862.0,-0.33,2604.5,,3,161,0.51,mejorando,0.425,0.458,0.788832417484799,0.0573463
149630997,Urbania,SAN ISIDRO,150131,Proyecto Cipreses 343 | A Pasos del  Centro Empresarial de San Isidro y El Golf,El Olivar,1200000.0,130.0,9230.76923076923,3,4,2,0.0,1,8118.0,1055340.0,-0.137,2604.5,,3,161,0.51,mejorando,0.425,0.458,0.788832417484799,0.0573463
148149588,Urbania,SAN ISIDRO,150131,Javier Prado,San Isidro,1200000.0,133.0,9022.556390977443,3,2,1,500.0,1,8118.0,1079694.0,-0.111,2604.5,,3,161,0.51,mejorando,0.425,0.458,0.788832417484799,0.0573463
147285148,Urbania,SAN ISIDRO,150131,Av Salaverry,Orrantia Del Mar,1202000.0,155.0,7754.8387096774195,3,2,2,750.0,1,8118.0,1258290.0,0.045,2604.5,,3,161,0.51,mejorando,0.425,0.458,0.788832417484799,0.0573463
147814602,Urbania,SAN ISIDRO,150131,Parque Acosta,San Isidro,1207500.0,117.0,10320.51282051282,2,2,2,0.0,1,8118.0,949806.0,-0.271,2604.5,,3,161,0.51,mejorando,0.425,0.458,0.788832417484799,0.0573463
149167269,Urbania,SAN ISIDRO,150131,AV. PARQUE NORTE 800 SAN ISIDRO,Corpac,1220000.0,226.0,5398.230088495575,3,2,2,0.0,1,8118.0,1834668.0,0.335,2604.5,,3,161,0.51,mejorando,0.425,0.458,0.788832417484799,0.0573463
148320379,Urbania,SAN ISIDRO,150131,"Calle Roma , San Isidro, Lima",San Isidro,1233000.0,151.0,8165.562913907284,3,3,2,800.0,10,8118.0,1225818.0,-0.006,2604.5,,3,161,0.51,mejorando,0.425,0.458,0.788832417484799,0.0573463
149573300,Urbania,SAN ISIDRO,150131,Los Fresnos,San Isidro,1245000.0,200.0,6225.0,2,3,2,600.0,1,8118.0,1623600.0,0.233,2604.5,,3,161,0.51,mejorando,0.425,0.458,0.788832417484799,0.0573463
143247022,Urbania,SAN ISIDRO,150131,avenida 2 de mayo 955,Orrantia,1262950.0,292.0,4325.171232876713,2,3,2,450.0,1,8118.0,2370456.0,0.467,2604.5,,3,161,0.51,mejorando,0.425,0.458,0.788832417484799,0.0573463
13292400,Urbania,SAN ISIDRO,150131,Av. Salaverry 3370,San Isidro,1265000.0,150.0,8433.333333333334,3,3,0,500.0,1,8118.0,1217700.0,-0.039,2604.5,,3,161,0.51,mejorando,0.425,0.458,0.788832417484799,0.0573463
148306758,Urbania,SAN ISIDRO,150131,Av. Miguel de Cervantes Saavedra 780,San Isidro,1278864.0,170.0,7522.729411764706,3,2,1,600.0,10,8118.0,1380060.0,0.073,2604.5,,3,161,0.51,mejorando,0.425,0.458,0.788832417484799,0.0573463
149508627,Urbania,SAN ISIDRO,150131,Calle 32 272,Corpac,1280000.0,195.0,6564.102564102564,5,3,1,250.0,1,8118.0,1583010.0,0.191,2604.5,,3,161,0.51,mejorando,0.425,0.458,0.788832417484799,0.0573463
4662238,Urbania,SAN ISIDRO,150131,"Av. Salaverry 3370, San Isidro",San Isidro,1282050.0,150.0,8547.0,3,2,2,400.0,10,8118.0,1217700.0,-0.053,2604.5,,3,161,0.51,mejorando,0.425,0.458,0.788832417484799,0.0573463
149776416,Urbania,SAN ISIDRO,150131,Parque Norte 685 Corpac San Isidro,Corpac,1288000.0,170.0,7576.470588235294,2,4,2,0.0,1,8118.0,1380060.0,0.067,2604.5,,3,161,0.51,mejorando,0.425,0.458,0.788832417484799,0.0573463
143363591,Urbania,SAN ISIDRO,150131,AV. CONQUISTADORES 1010,San Isidro,1292000.0,196.0,6591.836734693878,3,2,2,300.0,10,8118.0,1591128.0,0.188,2604.5,,3,161,0.51,mejorando,0.425,0.458,0.788832417484799,0.0573463
149430573,Urbania,SAN ISIDRO,150131,Av. Dos de Mayo al 1700,Country Club,1312500.0,198.0,6628.787878787879,3,3,2,0.0,1,8118.0,1607364.0,0.183,2604.5,,3,161,0.51,mejorando,0.425,0.458,0.788832417484799,0.0573463
149606399,Urbania,SAN ISIDRO,150131,Calle Los Sauces,Orrantia,1327200.0,167.0,7947.305389221557,3,3,2,520.0,1,8118.0,1355706.0,0.021,2604.5,,3,161,0.51,mejorando,0.425,0.458,0.788832417484799,0.0573463
148825162,Urbania,SAN ISIDRO,150131,Dirección no informada,San Isidro,1331150.0,167.0,7970.958083832335,3,3,2,450.0,1,8118.0,1355706.0,0.018,2604.5,,3,161,0.51,mejorando,0.425,0.458,0.788832417484799,0.0573463
149021650,Urbania,SAN ISIDRO,150131,Calle General La Fuente,San Isidro,1339900.0,130.0,10306.923076923076,3,3,1,0.0,1,8118.0,1055340.0,-0.27,2604.5,,3,161,0.51,mejorando,0.425,0.458,0.788832417484799,0.0573463
149693558,Urbania,SAN ISIDRO,150131,Blas Cerdeña 4,Santa Teresita,1342050.0,137.0,9795.985401459853,3,2,2,1200.0,1,8118.0,1112166.0,-0.207,2604.5,,3,161,0.51,mejorando,0.425,0.458,0.788832417484799,0.0573463
149773011,Urbania,SAN ISIDRO,150131,Calle 25,San Isidro,1343000.0,283.0,4745.5830388692575,5,3,4,350.0,1,8118.0,2297394.0,0.415,2604.5,,3,161,0.51,mejorando,0.425,0.458,0.788832417484799,0.0573463
149847246,Urbania,SAN ISIDRO,150131,"Octavio Espinosa al 400 290m2 3D, Gran Terraza y Remodelado",San Isidro,1344000.0,290.0,4634.482758620689,3,2,1,760.0,1,8118.0,2354220.0,0.429,2604.5,,3,161,0.51,mejorando,0.425,0.458,0.788832417484799,0.0573463
149846475,Urbania,SAN ISIDRO,150131,Av. Salaverry 2999,San Isidro,1356600.0,161.0,8426.08695652174,3,3,2,900.0,1,8118.0,1306998.0,-0.038,2604.5,,3,161,0.51,mejorando,0.425,0.458,0.788832417484799,0.0573463
149312204,Urbania,SAN ISIDRO,150131,Calle Mariscal Blas Cerdeña,Santa Teresita,1361500.0,137.0,9937.956204379561,3,2,2,1200.0,1,8118.0,1112166.0,-0.224,2604.5,,3,161,0.51,mejorando,0.425,0.458,0.788832417484799,0.0573463
143959035,Urbania,SAN ISIDRO,150131,AV SALAVERRY,San Isidro,1368000.0,150.0,9120.0,3,2,2,350.0,1,8118.0,1217700.0,-0.123,2604.5,,3,161,0.51,mejorando,0.425,0.458,0.788832417484799,0.0573463
147590990,Urbania,SAN ISIDRO,150131,Av. Javier Prado Oeste Cdra. 9 -  San Isidro,San Isidro,1387103.0,122.0,11369.696721311475,3,3,0,0.0,10,8118.0,990396.0,-0.401,2604.5,,3,161,0.51,mejorando,0.425,0.458,0.788832417484799,0.0573463
148172881,Urbania,SAN ISIDRO,150131,Avenida Parque Sur al 400,San Isidro,1396000.0,280.0,4985.714285714285,3,3,2,850.0,1,8118.0,2273040.0,0.386,2604.5,,3,161,0.51,mejorando,0.425,0.458,0.788832417484799,0.0573463
149569470,Urbania,SAN ISIDRO,150131,Calle Las Garzas Norte,Limatambo,1402200.0,218.0,6432.1100917431195,3,3,2,500.0,1,8118.0,1769724.0,0.208,2604.5,,3,161,0.51,mejorando,0.425,0.458,0.788832417484799,0.0573463
149320344,Urbania,SAN ISIDRO,150131,Av. Camino Real 620,San Isidro,1402200.0,180.0,7790.0,3,2,2,600.0,1,8118.0,1461240.0,0.04,2604.5,,3,161,0.51,mejorando,0.425,0.458,0.788832417484799,0.0573463
4322286,Urbania,SAN ISIDRO,150131,LOS CEDROS,San Isidro,1406300.0,197.0,7138.578680203046,3,3,2,950.0,1,8118.0,1599246.0,0.121,2604.5,,3,161,0.51,mejorando,0.425,0.458,0.788832417484799,0.0573463
149685900,Urbania,SAN ISIDRO,150131,Los Manzanos al 454,San Isidro,1420000.0,181.0,7845.303867403315,3,3,2,900.0,1,8118.0,1469358.0,0.034,2604.5,,3,161,0.51,mejorando,0.425,0.458,0.788832417484799,0.0573463
149271146,Urbania,SAN ISIDRO,150131,Av. Parque Sur 460,Corpac,1423107.0,280.0,5082.525,3,3,2,680.0,1,8118.0,2273040.0,0.374,2604.5,,3,161,0.51,mejorando,0.425,0.458,0.788832417484799,0.0573463
149506235,Urbania,SAN ISIDRO,150131,Calle  General Mendiburu  585,San Isidro,1428000.0,237.0,6025.316455696203,3,3,2,0.0,1,8118.0,1923966.0,0.258,2604.5,,3,161,0.51,mejorando,0.425,0.458,0.788832417484799,0.0573463
147240369,Urbania,SAN ISIDRO,150131,Alberto del Campo,Orrantia,1428000.0,264.0,5409.090909090909,3,2,3,900.0,1,8118.0,2143152.0,0.334,2604.5,,3,161,0.51,mejorando,0.425,0.458,0.788832417484799,0.0573463
149198217,Urbania,SAN ISIDRO,150131,Los Cedros,San Isidro,1437150.0,180.0,7984.166666666667,3,3,2,1050.0,1,8118.0,1461240.0,0.016,2604.5,,3,161,0.51,mejorando,0.425,0.458,0.788832417484799,0.0573463
149890180,Urbania,SAN ISIDRO,150131,Avenida Octavio Espinosa,San Isidro,1445000.0,242.0,5971.074380165289,3,3,2,1400.0,1,8118.0,1964556.0,0.264,2604.5,,3,161,0.51,mejorando,0.425,0.458,0.788832417484799,0.0573463
147794697,Urbania,SAN ISIDRO,150131,"Octavio Espinosa Cdra 1 Pisos 3, 4 y 5",San Isidro,1445000.0,242.0,5971.074380165289,3,3,2,1450.0,1,8118.0,1964556.0,0.264,2604.5,,3,161,0.51,mejorando,0.425,0.458,0.788832417484799,0.0573463
147839100,Urbania,SAN ISIDRO,150131,"Av. Octavio Espinoza 123, San Isidro",Country Club,1445000.0,242.0,5971.074380165289,3,3,2,1500.0,1,8118.0,1964556.0,0.264,2604.5,,3,161,0.51,mejorando,0.425,0.458,0.788832417484799,0.0573463
146262471,Urbania,SAN ISIDRO,150131,Salaverry Cdra 33 Piso 2,San Isidro,1461500.0,173.0,8447.976878612717,2,2,2,550.0,1,8118.0,1404414.0,-0.041,2604.5,,3,161,0.51,mejorando,0.425,0.458,0.788832417484799,0.0573463
149415351,Urbania,SAN ISIDRO,150131,Los Pinos 322,San Isidro,1475760.0,324.0,4554.814814814815,3,3,2,0.0,1,8118.0,2630232.0,0.439,2604.5,,3,161,0.51,mejorando,0.425,0.458,0.788832417484799,0.0573463
149111595,Urbania,SAN ISIDRO,150131,ca Republica  al 800,San Isidro,1479450.0,135.0,10958.888888888889,3,3,2,0.0,1,8118.0,1095930.0,-0.35,2604.5,,3,161,0.51,mejorando,0.425,0.458,0.788832417484799,0.0573463
149330025,Urbania,SAN ISIDRO,150131,Basadre,San Isidro,1499400.0,152.0,9864.473684210527,2,2,3,0.0,1,8118.0,1233936.0,-0.215,2604.5,,3,161,0.51,mejorando,0.425,0.458,0.788832417484799,0.0573463
147508020,Urbania,SAN ISIDRO,150131,Salaverry Cdra 35 Pisos 8 y 9,San Isidro,1505000.0,243.0,6193.415637860082,3,2,2,1100.0,1,8118.0,1972674.0,0.237,2604.5,,3,161,0.51,mejorando,0.425,0.458,0.788832417484799,0.0573463
147860109,Urbania,SAN ISIDRO,150131,Av. El Rosario,San Isidro,1507500.0,177.0,8516.949152542373,3,2,2,945.0,1,8118.0,1436886.0,-0.049,2604.5,,3,161,0.51,mejorando,0.425,0.458,0.788832417484799,0.0573463
149094591,Urbania,SAN ISIDRO,150131,Avenida General Pezet,Santa Monica,1525000.0,216.0,7060.185185185185,3,2,1,980.0,1,8118.0,1753488.0,0.13,2604.5,,3,161,0.51,mejorando,0.425,0.458,0.788832417484799,0.0573463
148288136,Urbania,SAN ISIDRO,150131,Golf Millenium,San Isidro,1527000.0,177.0,8627.118644067798,3,3,2,1076.0,1,8118.0,1436886.0,-0.063,2604.5,,3,161,0.51,mejorando,0.425,0.458,0.788832417484799,0.0573463
149608549,Urbania,SAN ISIDRO,150131,"Exclusivo Flat en San Isidro, 207 m² Frente a Parque, con Amplios Espacios y Entorno Tranquilo",San Isidro,1541000.0,151.0,10205.298013245034,3,2,2,0.0,1,8118.0,1225818.0,-0.257,2604.5,,3,161,0.51,mejorando,0.425,0.458,0.788832417484799,0.0573463
149037647,Urbania,SAN ISIDRO,150131,"Terraza Gigante y Patio Grande.  3 Habitaiciones, Cuarto de Juegos Edificio con Piscina y Gym.",San Isidro,1553000.0,258.0,6019.37984496124,3,2,2,0.0,1,8118.0,2094444.0,0.259,2604.5,,3,161,0.51,mejorando,0.425,0.458,0.788832417484799,0.0573463
143961176,Urbania,SAN ISIDRO,150131,Calle Anchorena 001,San Isidro,1561500.0,146.0,10695.205479452055,3,2,1,432.0,10,8118.0,1185228.0,-0.317,2604.5,,3,161,0.51,mejorando,0.425,0.458,0.788832417484799,0.0573463
148944116,Urbania,SAN ISIDRO,150131,Av. Aurelio Miró Quesada 920,Santa Rosa,1564000.0,195.0,8020.51282051282,3,2,2,800.0,1,8118.0,1583010.0,0.012,2604.5,,3,161,0.51,mejorando,0.425,0.458,0.788832417484799,0.0573463
147492074,Urbania,SAN ISIDRO,150131,Pent House en Av. Alberto del Campo - Límite con San Isidro,Country Club,1565200.0,294.0,5323.809523809524,5,5,2,900.0,1,8118.0,2386692.0,0.344,2604.5,,3,161,0.51,mejorando,0.425,0.458,0.788832417484799,0.0573463
146683940,Urbania,SAN ISIDRO,150131,los nogales,San Isidro,1587750.0,184.0,8629.076086956522,2,2,2,1400.0,1,8118.0,1493712.0,-0.063,2604.5,,3,161,0.51,mejorando,0.425,0.458,0.788832417484799,0.0573463
148742378,Urbania,SAN ISIDRO,150131,Avenida Javier Prado Oeste,Santa Rosa,1590000.0,300.0,5300.0,4,4,3,790.0,1,8118.0,2435400.0,0.347,2604.5,,3,161,0.51,mejorando,0.425,0.458,0.788832417484799,0.0573463
149178876,Urbania,SAN ISIDRO,150131,Avenida Octavio Espinosa 444,San Isidro,1600000.0,273.0,5860.805860805861,3,3,1,750.0,1,8118.0,2216214.0,0.278,2604.5,,3,161,0.51,mejorando,0.425,0.458,0.788832417484799,0.0573463
147472748,Urbania,SAN ISIDRO,150131,"Calle La Republica 833, San Isidro, Lima",El Olivar,1608630.0,135.0,11915.777777777777,3,2,2,728.0,1,8118.0,1095930.0,-0.468,2604.5,,3,161,0.51,mejorando,0.425,0.458,0.788832417484799,0.0573463
149250062,Urbania,SAN ISIDRO,150131,Av AURELIO MIRO QUESADA  164 - 201,San Isidro,1624500.0,267.0,6084.269662921349,3,3,2,700.0,1,8118.0,2167506.0,0.251,2604.5,,3,161,0.51,mejorando,0.425,0.458,0.788832417484799,0.0573463
148152218,Urbania,SAN ISIDRO,150131,"Pezet, San Isidro , San Isidro, Lima",San Isidro,1632000.0,180.0,9066.666666666666,3,2,2,760.0,1,8118.0,1461240.0,-0.117,2604.5,,3,161,0.51,mejorando,0.425,0.458,0.788832417484799,0.0573463
148594281,Urbania,SAN ISIDRO,150131,Calle Baltazar La Torre al 200,San Isidro,1633460.0,184.0,8877.5,3,2,1,0.0,1,8118.0,1493712.0,-0.094,2604.5,,3,161,0.51,mejorando,0.425,0.458,0.788832417484799,0.0573463
145978060,Urbania,SAN ISIDRO,150131,Aurelio Miroquesada 136,Golf,1642500.0,200.0,8212.5,2,2,2,1100.0,1,8118.0,1623600.0,-0.012,2604.5,,3,161,0.51,mejorando,0.425,0.458,0.788832417484799,0.0573463
148623751,Urbania,SAN ISIDRO,150131,Angamos Oeste,San Isidro,1649000.0,206.0,8004.854368932039,3,4,3,1019.0,1,8118.0,1672308.0,0.014,2604.5,,3,161,0.51,mejorando,0.425,0.458,0.788832417484799,0.0573463
148624062,Urbania,SAN ISIDRO,150131,Alberto Chabrier,San Isidro,1665660.0,185.0,9003.567567567568,3,4,2,0.0,10,8118.0,1501830.0,-0.109,2604.5,,3,161,0.51,mejorando,0.425,0.458,0.788832417484799,0.0573463
148201276,Urbania,SAN ISIDRO,150131,Dirección no informada,Golf,1666000.0,300.0,5553.333333333333,3,4,1,1100.0,1,8118.0,2435400.0,0.316,2604.5,,3,161,0.51,mejorando,0.425,0.458,0.788832417484799,0.0573463
4167826,Urbania,SAN ISIDRO,150131,Angamos Oeste 1580,San Isidro,1673250.0,215.0,7782.558139534884,3,3,3,1100.0,1,8118.0,1745370.0,0.041,2604.5,,3,161,0.51,mejorando,0.425,0.458,0.788832417484799,0.0573463
149461762,Urbania,SAN ISIDRO,150131,"Av. Jorge Basadre  al 1000- Departamento en 1er Piso con  2 Terraza, a Pasos del Golf",San Isidro,1674890.0,286.0,5856.258741258741,2,2,3,1000.0,1,8118.0,2321748.0,0.279,2604.5,,3,161,0.51,mejorando,0.425,0.458,0.788832417484799,0.0573463
149608485,Urbania,SAN ISIDRO,150131,"Exclusivo Dúplex en San Isidro, 238 m² Frente a Parque, con Amplios Espacios y Entorno Tranquilo",San Isidro,1675000.0,141.0,11879.432624113475,3,3,2,0.0,1,8118.0,1144638.0,-0.463,2604.5,,3,161,0.51,mejorando,0.425,0.458,0.788832417484799,0.0573463
146857502,Urbania,SAN ISIDRO,150131,calle luis aldana 357,Corpac,1700000.0,280.0,6071.428571428572,5,4,2,600.0,1,8118.0,2273040.0,0.252,2604.5,,3,161,0.51,mejorando,0.425,0.458,0.788832417484799,0.0573463
148571591,Urbania,SAN ISIDRO,150131,Avenida Dos de Mayo al 1400,Country Club,1713000.0,206.0,8315.533980582524,3,2,2,0.0,1,8118.0,1672308.0,-0.024,2604.5,,3,161,0.51,mejorando,0.425,0.458,0.788832417484799,0.0573463
148528566,Urbania,SAN ISIDRO,150131,Calle Teniente Alberto Chabrier,Golf,1714650.0,185.0,9268.378378378378,3,3,2,0.0,1,8118.0,1501830.0,-0.142,2604.5,,3,161,0.51,mejorando,0.425,0.458,0.788832417484799,0.0573463
149867972,Urbania,SAN ISIDRO,150131,"Calle Los Nogales, San Isidro",San Isidro,1715000.0,182.0,9423.076923076924,3,2,3,950.0,1,8118.0,1477476.0,-0.161,2604.5,,3,161,0.51,mejorando,0.425,0.458,0.788832417484799,0.0573463
149086162,Urbania,SAN ISIDRO,150131,Miró Quesada  al 200,Golf,1719653.0,203.0,8471.197044334975,3,3,2,205.0,1,8118.0,1647954.0,-0.044,2604.5,,3,161,0.51,mejorando,0.425,0.458,0.788832417484799,0.0573463
149151973,Urbania,SAN ISIDRO,150131,Nicolás de Ribera #838 - 202,San Isidro,1733000.0,214.0,8098.130841121495,3,3,2,1100.0,1,8118.0,1737252.0,0.002,2604.5,,3,161,0.51,mejorando,0.425,0.458,0.788832417484799,0.0573463
149041223,Urbania,SAN ISIDRO,150131,LOS Eucaliptos al 300,San Isidro,1735000.0,235.0,7382.978723404255,3,4,2,760.0,10,8118.0,1907730.0,0.091,2604.5,,3,161,0.51,mejorando,0.425,0.458,0.788832417484799,0.0573463
146560537,Urbania,SAN ISIDRO,150131,Carlos Porras Osores 370,Country Club,1742000.0,283.0,6155.47703180212,3,2,2,1100.0,1,8118.0,2297394.0,0.242,2604.5,,3,161,0.51,mejorando,0.425,0.458,0.788832417484799,0.0573463
149022850,Urbania,SAN ISIDRO,150131,Calle General La Fuente,San Isidro,1751040.0,215.0,8144.372093023256,3,3,1,0.0,1,8118.0,1745370.0,-0.003,2604.5,,3,161,0.51,mejorando,0.425,0.458,0.788832417484799,0.0573463
148579610,Urbania,SAN ISIDRO,150131,"Av. Miro Quesada , Cdra 6",San Isidro,1751955.0,203.0,8630.320197044335,2,3,2,1073.0,1,8118.0,1647954.0,-0.063,2604.5,,3,161,0.51,mejorando,0.425,0.458,0.788832417484799,0.0573463
146596442,Urbania,SAN ISIDRO,150131,LOS CASTAÑOS 400,Country Club,1759720.0,164.0,10730.0,2,2,1,690.0,1,8118.0,1331352.0,-0.322,2604.5,,3,161,0.51,mejorando,0.425,0.458,0.788832417484799,0.0573463
146470599,Urbania,SAN ISIDRO,150131,ANTERO ASPILLAGA 205,El Olivar,1831500.0,187.0,9794.117647058823,3,3,2,1200.0,1,8118.0,1518066.0,-0.206,2604.5,,3,161,0.51,mejorando,0.425,0.458,0.788832417484799,0.0573463
145128695,Urbania,SAN ISIDRO,150131,Tomas Edison,San Isidro,1849700.0,200.0,9248.5,3,3,2,650.0,1,8118.0,1623600.0,-0.139,2604.5,,3,161,0.51,mejorando,0.425,0.458,0.788832417484799,0.0573463
149847556,Urbania,SAN ISIDRO,150131,Av. Gral. Juan Antonio Pezet & Av Coronel Pedro Portillo,San Isidro,1863000.0,151.0,12337.74834437086,2,2,0,0.0,1,8118.0,1225818.0,-0.52,2604.5,,3,161,0.51,mejorando,0.425,0.458,0.788832417484799,0.0573463
147925860,Urbania,SAN ISIDRO,150131,Alfredo Salazar,San Isidro,1870000.0,210.0,8904.761904761905,3,3,1,1166.0,1,8118.0,1704780.0,-0.097,2604.5,,3,161,0.51,mejorando,0.425,0.458,0.788832417484799,0.0573463
149621447,Urbania,SAN ISIDRO,150131,Calle Alfredo Salazar al 600,San Isidro,1870000.0,212.0,8820.754716981131,3,3,1,1160.0,1,8118.0,1721016.0,-0.087,2604.5,,3,161,0.51,mejorando,0.425,0.458,0.788832417484799,0.0573463
149848096,Urbania,SAN ISIDRO,150131,Av. Aurelio Miroquesada,San Isidro,1870000.0,220.0,8500.0,3,2,2,0.0,1,8118.0,1785960.0,-0.047,2604.5,,3,161,0.51,mejorando,0.425,0.458,0.788832417484799,0.0573463
149716400,Urbania,SAN ISIDRO,150131,La Fuente al 200,San Isidro,1877000.0,215.0,8730.232558139534,3,4,2,0.0,1,8118.0,1745370.0,-0.075,2604.5,,3,161,0.51,mejorando,0.425,0.458,0.788832417484799,0.0573463
146343547,Urbania,SAN ISIDRO,150131,AV. GENERAL JUAN ANTONIO PEZET 1970,Country Club,1896080.0,313.0,6057.76357827476,3,5,3,1600.0,1,8118.0,2540934.0,0.254,2604.5,,3,161,0.51,mejorando,0.425,0.458,0.788832417484799,0.0573463
149156472,Urbania,SAN ISIDRO,150131,Avenida Coronel Pedro Portillo,San Isidro,1914000.0,220.0,8700.0,4,3,2,890.0,1,8118.0,1785960.0,-0.072,2604.5,,3,161,0.51,mejorando,0.425,0.458,0.788832417484799,0.0573463
149159229,Urbania,SAN ISIDRO,150131,Parque Norte 685 Corpac San Isidro al 600,San Isidro,1950000.0,250.0,7800.0,3,5,0,0.0,1,8118.0,2029500.0,0.039,2604.5,,3,161,0.51,mejorando,0.425,0.458,0.788832417484799,0.0573463
148719489,Urbania,SAN ISIDRO,150131,REAL CLUB SAN ISIDRO,San Isidro,1950800.0,256.0,7620.3125,3,3,3,1621.0,1,8118.0,2078208.0,0.061,2604.5,,3,161,0.51,mejorando,0.425,0.458,0.788832417484799,0.0573463
149896717,Urbania,SAN ISIDRO,150131,Lima Golf Club,San Isidro,1959750.0,244.0,8031.762295081967,3,4,2,990.0,1,8118.0,1980792.0,0.011,2604.5,,3,161,0.51,mejorando,0.425,0.458,0.788832417484799,0.0573463
147196339,Urbania,SAN ISIDRO,150131,Calle Tomas  Edison 292 Urb. Country Club San Isidro,San Isidro,1963500.0,220.0,8925.0,3,4,3,790.0,1,8118.0,1785960.0,-0.099,2604.5,,3,161,0.51,mejorando,0.425,0.458,0.788832417484799,0.0573463
59625385,Urbania,SAN ISIDRO,150131,AV. SALAVERRY 3370,Orrantia,1977500.0,292.0,6772.260273972603,3,3,0,600.0,1,8118.0,2370456.0,0.166,2604.5,,3,161,0.51,mejorando,0.425,0.458,0.788832417484799,0.0573463
148623721,Urbania,SAN ISIDRO,150131,"La Pinta, El Olivar de San Isidro",San Isidro,1995460.0,188.0,10614.148936170213,3,3,2,0.0,1,8118.0,1526184.0,-0.307,2604.5,,3,161,0.51,mejorando,0.425,0.458,0.788832417484799,0.0573463
149520736,Urbania,SAN ISIDRO,150131,Av. Javier Prado Oeste 1748,San Isidro,2000000.0,388.0,5154.639175257732,3,3,2,700.0,1,8118.0,3149784.0,0.365,2604.5,,3,161,0.51,mejorando,0.425,0.458,0.788832417484799,0.0573463
149458789,Urbania,SAN ISIDRO,150131,Boulevard Roosevelt,San Isidro,2023000.0,172.0,11761.627906976744,2,2,2,1200.0,10,8118.0,1396296.0,-0.449,2604.5,,3,161,0.51,mejorando,0.425,0.458,0.788832417484799,0.0573463
149688984,Urbania,SAN ISIDRO,150131,Av. Gral. Juan Antonio Pezet  al 1600,San Isidro,2040000.0,203.0,10049.261083743842,4,3,0,0.0,1,8118.0,1647954.0,-0.238,2604.5,,3,161,0.51,mejorando,0.425,0.458,0.788832417484799,0.0573463
146721528,Urbania,SAN ISIDRO,150131,frente al parque Hurtado Abadia,San Isidro,2046000.0,281.0,7281.138790035588,3,2,2,1600.0,1,8118.0,2281158.0,0.103,2604.5,,3,161,0.51,mejorando,0.425,0.458,0.788832417484799,0.0573463
149496582,Urbania,SAN ISIDRO,150131,Calle La Pinta 120,San Isidro,2054150.0,189.0,10868.518518518518,3,3,2,0.0,10,8118.0,1534302.0,-0.339,2604.5,,3,161,0.51,mejorando,0.425,0.458,0.788832417484799,0.0573463
147493238,Urbania,SAN ISIDRO,150131,LA Pinta - SAN Isidro,El Olivar,2054150.0,188.0,10926.329787234043,3,3,2,0.0,1,8118.0,1526184.0,-0.346,2604.5,,3,161,0.51,mejorando,0.425,0.458,0.788832417484799,0.0573463
149055027,Urbania,SAN ISIDRO,150131,Calle Los Sauces 377,Orrantia,2156800.0,225.0,9585.777777777777,3,3,3,520.0,1,8118.0,1826550.0,-0.181,2604.5,,3,161,0.51,mejorando,0.425,0.458,0.788832417484799,0.0573463
148593899,Urbania,SAN ISIDRO,150131,Dirección no informada,San Isidro,2190500.0,204.0,10737.745098039215,4,3,3,1000.0,1,8118.0,1656072.0,-0.323,2604.5,,3,161,0.51,mejorando,0.425,0.458,0.788832417484799,0.0573463
148688853,Urbania,SAN ISIDRO,150131,Avenida Jorge Basadre 1435,San Isidro,2204400.0,330.0,6680.0,3,3,2,1400.0,1,8118.0,2678940.0,0.177,2604.5,,3,161,0.51,mejorando,0.425,0.458,0.788832417484799,0.0573463
149564089,Urbania,SAN ISIDRO,150131,Avenida Jorge Basadre Grohmann,Orrantia,2205199.0,238.0,9265.542016806723,2,3,3,0.0,1,8118.0,1932084.0,-0.141,2604.5,,3,161,0.51,mejorando,0.425,0.458,0.788832417484799,0.0573463
149043542,Urbania,SAN ISIDRO,150131,Calle Los Libertadores 6xx,San Isidro,2244500.0,265.0,8469.811320754718,2,3,2,1100.0,1,8118.0,2151270.0,-0.043,2604.5,,3,161,0.51,mejorando,0.425,0.458,0.788832417484799,0.0573463
149747425,Urbania,SAN ISIDRO,150131,2 de Mayo,San Isidro,2277000.0,569.0,4001.757469244288,3,3,3,0.0,1,8118.0,4619142.0,0.507,2604.5,,3,161,0.51,mejorando,0.425,0.458,0.788832417484799,0.0573463
4639923,Urbania,SAN ISIDRO,150131,Avenida Nicolas de Rivera,Orrantia,2311000.0,223.0,10363.22869955157,3,2,2,750.0,1,8118.0,1810314.0,-0.277,2604.5,,3,161,0.51,mejorando,0.425,0.458,0.788832417484799,0.0573463
149582212,Urbania,SAN ISIDRO,150131,Calle Los Nogales,Orrantia,2346000.0,354.0,6627.118644067797,3,3,2,1385.0,1,8118.0,2873772.0,0.184,2604.5,,3,161,0.51,mejorando,0.425,0.458,0.788832417484799,0.0573463
146889189,Urbania,SAN ISIDRO,150131,Choquehuanca san isidro,San Isidro,2383329.0,225.0,10592.573333333334,3,3,2,1.0,10,8118.0,1826550.0,-0.305,2604.5,,3,161,0.51,mejorando,0.425,0.458,0.788832417484799,0.0573463
148077929,Urbania,SAN ISIDRO,150131,Miro Quesada,San Isidro,2442150.0,313.0,7802.3961661341855,3,3,3,1450.0,1,8118.0,2540934.0,0.039,2604.5,,3,161,0.51,mejorando,0.425,0.458,0.788832417484799,0.0573463
149825758,Urbania,SAN ISIDRO,150131,Av. Aurelio Miroquesada,Golf,2550000.0,298.0,8557.046979865772,4,3,2,0.0,1,8118.0,2419164.0,-0.054,2604.5,,3,161,0.51,mejorando,0.425,0.458,0.788832417484799,0.0573463
149455678,Urbania,SAN ISIDRO,150131,Parque Miguel Dammert 192  San Isidro.,San Isidro,2551500.0,378.0,6750.0,3,4,3,0.0,1,8118.0,3068604.0,0.169,2604.5,,3,161,0.51,mejorando,0.425,0.458,0.788832417484799,0.0573463
149455605,Urbania,SAN ISIDRO,150131,Calle Republica  al 300,San Isidro,2640000.0,290.0,9103.448275862069,3,4,2,1164.0,1,8118.0,2354220.0,-0.121,2604.5,,3,161,0.51,mejorando,0.425,0.458,0.788832417484799,0.0573463
149765226,Urbania,SAN ISIDRO,150131,Av. 2 de Mayo,San Isidro,2646500.0,570.0,4642.982456140351,4,3,3,1063.0,1,8118.0,4627260.0,0.428,2604.5,,3,161,0.51,mejorando,0.425,0.458,0.788832417484799,0.0573463
149746162,Urbania,SAN ISIDRO,150131,Av. Aurelio Miró Quesada,San Isidro,2652000.0,260.0,10200.0,2,4,2,1166.0,1,8118.0,2110680.0,-0.256,2604.5,,3,161,0.51,mejorando,0.425,0.458,0.788832417484799,0.0573463
149806511,Urbania,SAN ISIDRO,150131,Calle Los Libertadores,San Isidro,2690000.0,330.0,8151.515151515152,3,5,3,1000.0,1,8118.0,2678940.0,-0.004,2604.5,,3,161,0.51,mejorando,0.425,0.458,0.788832417484799,0.0573463
148712699,Urbania,SAN ISIDRO,150131,"Av. Jorge Basadre 800, San Isidro",Country Club,2738466.0,411.0,6662.934306569343,4,4,3,1450.0,1,8118.0,3336498.0,0.179,2604.5,,3,161,0.51,mejorando,0.425,0.458,0.788832417484799,0.0573463
149606334,Urbania,SAN ISIDRO,150131,Jorge Basadre  al 800,San Isidro,2820000.0,411.0,6861.313868613139,4,4,3,1450.0,1,8118.0,3336498.0,0.155,2604.5,,3,161,0.51,mejorando,0.425,0.458,0.788832417484799,0.0573463
149320040,Urbania,SAN ISIDRO,150131,Tudela y Varela,San Isidro,2880000.0,413.0,6973.365617433414,4,4,3,1800.0,1,8118.0,3352734.0,0.141,2604.5,,3,161,0.51,mejorando,0.425,0.458,0.788832417484799,0.0573463
149630789,Urbania,SAN ISIDRO,150131,Proyecto Cipreses 343 | A Pasos del  Centro Empresarial de San Isidro y El Golf,El Olivar,2899000.0,230.0,12604.347826086956,3,4,2,0.0,10,8118.0,1867140.0,-0.553,2604.5,,3,161,0.51,mejorando,0.425,0.458,0.788832417484799,0.0573463
148234492,Urbania,SAN ISIDRO,150131,Av. Coronel  Portillo 390 - Dpto 1702,San Isidro,2900000.0,188.0,15425.531914893618,2,2,2,900.0,1,8118.0,1526184.0,-0.9,2604.5,,3,161,0.51,mejorando,0.425,0.458,0.788832417484799,0.0573463
148623690,Urbania,SAN ISIDRO,150131,Aurelio Miroquesada,Golf,2900000.0,200.0,14500.0,3,4,3,1100.0,1,8118.0,1623600.0,-0.786,2604.5,,3,161,0.51,mejorando,0.425,0.458,0.788832417484799,0.0573463
147979191,Urbania,SAN ISIDRO,150131,Los Eucaliptos,Country Club,2967000.0,398.0,7454.773869346734,3,3,3,1000.0,1,8118.0,3230964.0,0.082,2604.5,,3,161,0.51,mejorando,0.425,0.458,0.788832417484799,0.0573463
146598824,Urbania,SAN ISIDRO,150131,Calle Las Flores 360,Country Club,2990000.0,432.0,6921.2962962962965,3,4,2,1690.0,1,8118.0,3506976.0,0.147,2604.5,,3,161,0.51,mejorando,0.425,0.458,0.788832417484799,0.0573463
146390594,Urbania,SAN ISIDRO,150131,CIPRESES,El Olivar,3035000.0,400.0,7587.5,3,3,4,1800.0,1,8118.0,3247200.0,0.065,2604.5,,3,161,0.51,mejorando,0.425,0.458,0.788832417484799,0.0573463
146329039,Urbania,SAN ISIDRO,150131,SALAMANCA,El Rosario,3082000.0,388.0,7943.298969072165,4,3,3,0.0,1,8118.0,3149784.0,0.022,2604.5,,3,161,0.51,mejorando,0.425,0.458,0.788832417484799,0.0573463
149518186,Urbania,SAN ISIDRO,150131,"Pezet CON Vista Directa AL Golf. Impecable. 3 Dormitorios, 2 Cocheras Edificio A1",San Isidro,3194100.0,258.0,12380.232558139534,3,4,2,900.0,1,8118.0,2094444.0,-0.525,2604.5,,3,161,0.51,mejorando,0.425,0.458,0.788832417484799,0.0573463
149698642,Urbania,SAN ISIDRO,150131,Avenida Tudela y Varela 4,Santa Isabel,3277500.0,286.0,11459.79020979021,3,3,3,2200.0,1,8118.0,2321748.0,-0.412,2604.5,,3,161,0.51,mejorando,0.425,0.458,0.788832417484799,0.0573463
148435665,Urbania,SAN ISIDRO,150131,Dirección no informada,San Isidro,3309600.0,532.0,6221.0526315789475,3,4,3,1470.0,1,8118.0,4318776.0,0.234,2604.5,,3,161,0.51,mejorando,0.425,0.458,0.788832417484799,0.0573463
148697103,Urbania,SAN ISIDRO,150131,"Avenida Aurelio Miro Quesada 1, Piso 2, San Isidro",Golf,3350000.0,230.0,14565.217391304348,3,3,2,700.0,1,8118.0,1867140.0,-0.794,2604.5,,3,161,0.51,mejorando,0.425,0.458,0.788832417484799,0.0573463
149288553,Urbania,SAN ISIDRO,150131,Avenida General Pezet,San Isidro,3358850.0,532.0,6313.627819548872,3,3,3,1470.0,1,8118.0,4318776.0,0.222,2604.5,,3,161,0.51,mejorando,0.425,0.458,0.788832417484799,0.0573463
149385251,Urbania,SAN ISIDRO,150131,Av. Santo Toribio  al 200,San Isidro,3361400.0,405.0,8299.753086419752,3,3,3,0.0,1,8118.0,3287790.0,-0.022,2604.5,,3,161,0.51,mejorando,0.425,0.458,0.788832417484799,0.0573463
149902947,Urbania,SAN ISIDRO,150131,Calle Baltazar la Torre  al 1000,San Isidro,3385800.0,648.0,5225.0,4,3,4,0.0,1,8118.0,5260464.0,0.356,2604.5,,3,161,0.51,mejorando,0.425,0.458,0.788832417484799,0.0573463
4112700,Urbania,SAN ISIDRO,150131,Av. pezet,San Isidro,3420000.0,260.0,13153.846153846154,3,3,2,1100.0,1,8118.0,2110680.0,-0.62,2604.5,,3,161,0.51,mejorando,0.425,0.458,0.788832417484799,0.0573463
4516614,Urbania,SAN ISIDRO,150131,AV. JORGE BASADRE 1256,San Isidro,3420000.0,358.0,9553.072625698323,3,4,4,1450.0,1,8118.0,2906244.0,-0.177,2604.5,,3,161,0.51,mejorando,0.425,0.458,0.788832417484799,0.0573463
145463140,Urbania,SAN ISIDRO,150131,Dirección no informada,San Isidro,3572000.0,550.0,6494.545454545455,6,5,3,2520.0,1,8118.0,4464900.0,0.2,2604.5,,3,161,0.51,mejorando,0.425,0.458,0.788832417484799,0.0573463
4262370,Urbania,SAN ISIDRO,150131,Contralmirante mora,San Isidro,3692600.0,300.0,12308.666666666666,3,3,2,1600.0,1,8118.0,2435400.0,-0.516,2604.5,,3,161,0.51,mejorando,0.425,0.458,0.788832417484799,0.0573463
3901277,Urbania,SAN ISIDRO,150131,Dirección no informada,El Olivar,3734640.0,683.0,5467.994143484627,5,7,2,2850.0,1,8118.0,5544594.0,0.326,2604.5,,3,161,0.51,mejorando,0.425,0.458,0.788832417484799,0.0573463
148229057,Urbania,SAN ISIDRO,150131,Av.  Coronel Portillo 390 - Dúplex 2202,San Isidro,3864000.0,302.0,12794.701986754966,3,3,2,1800.0,1,8118.0,2451636.0,-0.576,2604.5,,3,161,0.51,mejorando,0.425,0.458,0.788832417484799,0.0573463
145229150,Urbania,SAN ISIDRO,150131,NICOLAS DE LA RIBERA 838 san isidro,San Isidro,3869847.0,380.0,10183.807894736841,5,4,2,0.0,1,8118.0,3084840.0,-0.254,2604.5,,3,161,0.51,mejorando,0.425,0.458,0.788832417484799,0.0573463
149240623,Urbania,SAN ISIDRO,150131,Los Nogales,San Isidro,4000000.0,520.0,7692.307692307692,4,4,2,2000.0,1,8118.0,4221360.0,0.052,2604.5,,3,161,0.51,mejorando,0.425,0.458,0.788832417484799,0.0573463
149864734,Urbania,SAN ISIDRO,150131,muy cerca al Golf,Golf,4036500.0,500.0,8073.0,5,5,3,1450.0,1,8118.0,4059000.0,0.006,2604.5,,3,161,0.51,mejorando,0.425,0.458,0.788832417484799,0.0573463
148875574,Urbania,SAN ISIDRO,150131,Av. Gral. Juan Antonio Pezet & Av Coronel Pedro Portillo,Golf,4060200.0,302.0,13444.370860927153,4,4,1,0.0,1,8118.0,2451636.0,-0.656,2604.5,,3,161,0.51,mejorando,0.425,0.458,0.788832417484799,0.0573463
149537932,Urbania,SAN ISIDRO,150131,Camino Real Frente al Golf,San Isidro,4080000.0,346.0,11791.907514450868,4,3,4,1000.0,1,8118.0,2808828.0,-0.453,2604.5,,3,161,0.51,mejorando,0.425,0.458,0.788832417484799,0.0573463
148320318,Urbania,SAN ISIDRO,150131,Coronel Portillo  Cdra 3 Dpto 1101,Golf,4120000.0,302.0,13642.384105960266,4,4,0,0.0,1,8118.0,2451636.0,-0.681,2604.5,,3,161,0.51,mejorando,0.425,0.458,0.788832417484799,0.0573463
149802862,Urbania,SAN ISIDRO,150131,Calle Alfredo Salazar,Santa Isabel,4250000.0,290.0,14655.172413793103,3,3,3,0.0,1,8118.0,2354220.0,-0.805,2604.5,,3,161,0.51,mejorando,0.425,0.458,0.788832417484799,0.0573463
4605044,Urbania,SAN ISIDRO,150131,av. pedro portillo,San Gabriel,4255000.0,324.0,13132.716049382716,3,4,2,1.0,10,8118.0,2630232.0,-0.618,2604.5,,3,161,0.51,mejorando,0.425,0.458,0.788832417484799,0.0573463
148809473,Urbania,SAN ISIDRO,150131,"Calle Salamanca N 1, Piso 2, Urb. El Rosario, San Isidro",El Rosario,4288000.0,388.0,11051.546391752578,4,3,6,0.0,1,8118.0,3149784.0,-0.361,2604.5,,3,161,0.51,mejorando,0.425,0.458,0.788832417484799,0.0573463
142706000,Urbania,SAN ISIDRO,150131,Angamos Oeste,San Isidro,4300800.0,378.0,11377.777777777777,4,3,6,0.0,1,8118.0,3068604.0,-0.402,2604.5,,3,161,0.51,mejorando,0.425,0.458,0.788832417484799,0.0573463
146164069,Urbania,SAN ISIDRO,150131,AVENIDA GENERAL PEZET 200,San Gabriel,4329000.0,323.0,13402.476780185758,3,3,2,1400.0,1,8118.0,2622114.0,-0.651,2604.5,,3,161,0.51,mejorando,0.425,0.458,0.788832417484799,0.0573463
148224629,Urbania,SAN ISIDRO,150131,Av. Coronel  Portillo 390 - Dpto  1801,San Isidro,4622000.0,302.0,15304.635761589405,4,4,2,1200.0,1,8118.0,2451636.0,-0.885,2604.5,,3,161,0.51,mejorando,0.425,0.458,0.788832417484799,0.0573463
146626177,Urbania,SAN ISIDRO,150131,LOS CASTAÑOS  400,Country Club,5790500.0,490.0,11817.34693877551,3,5,4,1500.0,1,8118.0,3977820.0,-0.456,2604.5,,3,161,0.51,mejorando,0.425,0.458,0.788832417484799,0.0573463
148624296,Urbania,SAN ISIDRO,150131,Avenida Álvarez Calderón,San Isidro,7990000.0,805.0,9925.465838509317,6,6,7,3900.0,1,8118.0,6534990.0,-0.223,2604.5,,3,161,0.51,mejorando,0.425,0.458,0.788832417484799,0.0573463
148214169,Urbania,SAN ISIDRO,150131,Av. Coronel Pedro Portillo 3D Piso 22,Golf,8007439.0,616.0,12999.089285714286,3,3,2,0.0,1,8118.0,5000688.0,-0.601,2604.5,,3,161,0.51,mejorando,0.425,0.458,0.788832417484799,0.0573463
144012712,Urbania,SAN ISIDRO,150131,LOS CEDROS 701,San Isidro,9435000.0,827.0,11408.706166868198,3,3,4,2500.0,1,8118.0,6713586.0,-0.405,2604.5,,3,161,0.51,mejorando,0.425,0.458,0.788832417484799,0.0573463
149281475,Urbania,SAN ISIDRO,150131,Boulevard Roosevelt 300,San Isidro,10177500.0,703.0,14477.24039829303,3,3,6,2900.0,1,8118.0,5706954.0,-0.783,2604.5,,3,161,0.51,mejorando,0.425,0.458,0.788832417484799,0.0573463
149383269,Urbania,SAN JUAN DE LURIGANCHO,150132,A.h. La Unión de Santa Cruz  - El Paraíso de Huachipa,San Juan de Lurigancho,117440.0,70.0,1677.7142857142858,2,1,0,0.0,1,2965.0,207550.0,0.434,,,3,244,0.272,mejorando,0.164,0.446,0.701053025277506,17.70394
146876201,Urbania,SAN JUAN DE LURIGANCHO,150132,El Periodista  al 100,San Juan de Lurigancho,122850.0,47.0,2613.8297872340427,1,1,0,0.0,9,2965.0,139355.0,0.118,,,3,244,0.272,mejorando,0.164,0.446,0.701053025277506,17.70394
149813914,Urbania,SAN JUAN DE LURIGANCHO,150132,Jr. Este 5373,Ciudad Mariscal Caceres,155000.0,70.0,2214.285714285714,2,1,0,0.0,1,2965.0,207550.0,0.253,,,3,244,0.272,mejorando,0.164,0.446,0.701053025277506,17.70394
149813521,Urbania,SAN JUAN DE LURIGANCHO,150132,Jr. Este 5373,Mariscal Andres Avelino Caceres,158240.0,70.0,2260.5714285714284,2,1,0,0.0,1,2965.0,207550.0,0.238,,,3,244,0.272,mejorando,0.164,0.446,0.701053025277506,17.70394
146973110,Urbania,SAN JUAN DE LURIGANCHO,150132,URB Campoy,Campoy,163300.0,42.0,3888.095238095238,2,1,0,0.0,1,2965.0,124530.0,-0.311,,,3,244,0.272,mejorando,0.164,0.446,0.701053025277506,17.70394
149590097,Urbania,SAN JUAN DE LURIGANCHO,150132,Av. Malecón Checa,Zarate,164640.0,60.0,2744.0,2,1,0,0.0,1,2965.0,177900.0,0.075,,,3,244,0.272,mejorando,0.164,0.446,0.701053025277506,17.70394
147524752,Urbania,SAN JUAN DE LURIGANCHO,150132,Jiron Baritina  al 200,Inca Manco Capac,176000.0,70.0,2514.285714285714,3,1,0,0.0,1,2965.0,207550.0,0.152,,,3,244,0.272,mejorando,0.164,0.446,0.701053025277506,17.70394
147714176,Urbania,SAN JUAN DE LURIGANCHO,150132,Jr. Tahuantisuyo  San Juan de Lurigancho,Zarate,189750.0,64.0,2964.84375,2,1,0,0.0,10,2965.0,189760.0,0.0,,,3,244,0.272,mejorando,0.164,0.446,0.701053025277506,17.70394
149476405,Urbania,SAN JUAN DE LURIGANCHO,150132,Urb. LOS Jazmines,San Juan de Lurigancho,191950.0,67.0,2864.9253731343283,2,1,0,0.0,1,2965.0,198655.0,0.034,,,3,244,0.272,mejorando,0.164,0.446,0.701053025277506,17.70394
149697527,Urbania,SAN JUAN DE LURIGANCHO,150132,Jr. Río Amazonas,San Juan de Lurigancho,198930.0,69.0,2883.0434782608695,2,1,0,0.0,1,2965.0,204585.0,0.028,,,3,244,0.272,mejorando,0.164,0.446,0.701053025277506,17.70394
149195951,Urbania,SAN JUAN DE LURIGANCHO,150132,Urb. Huampani. Condominio Mirador DEL Golf. II Etapa. Dpto al 700,Chosica,200000.0,50.0,4000.0,2,1,0,0.0,1,2965.0,148250.0,-0.349,,,3,244,0.272,mejorando,0.164,0.446,0.701053025277506,17.70394
149590034,Urbania,SAN JUAN DE LURIGANCHO,150132,Av. Malecón Checa,Zarate,201341.0,78.0,2581.2948717948716,2,1,0,0.0,1,2965.0,231270.0,0.129,,,3,244,0.272,mejorando,0.164,0.446,0.701053025277506,17.70394
147694425,Urbania,SAN JUAN DE LURIGANCHO,150132,Jirón Las Calendulas 542,Las Flores,205800.0,78.0,2638.4615384615386,2,1,0,0.0,1,2965.0,231270.0,0.11,,,3,244,0.272,mejorando,0.164,0.446,0.701053025277506,17.70394
149558311,Urbania,SAN JUAN DE LURIGANCHO,150132,Urbanización Mirasol de Huampani,San Juan de Lurigancho,206000.0,86.0,2395.3488372093025,3,2,1,0.0,1,2965.0,254990.0,0.192,,,3,244,0.272,mejorando,0.164,0.446,0.701053025277506,17.70394
149540238,Urbania,SAN JUAN DE LURIGANCHO,150132,Campoy,Campoy,208603.0,67.0,3113.4776119402986,3,2,0,180.0,1,2965.0,198655.0,-0.05,,,3,244,0.272,mejorando,0.164,0.446,0.701053025277506,17.70394
149789388,Urbania,SAN JUAN DE LURIGANCHO,150132,Centro de Salud Mangomarca,San Juan de Lurigancho,210000.0,68.0,3088.235294117647,2,2,0,0.0,1,2965.0,201620.0,-0.042,,,3,244,0.272,mejorando,0.164,0.446,0.701053025277506,17.70394
149606828,Urbania,SAN JUAN DE LURIGANCHO,150132,Luis Manrique W.    9.9.9.6.1.7.7.8..8,Zarate,210180.0,53.0,3965.6603773584907,2,1,0,0.0,1,2965.0,157145.0,-0.337,,,3,244,0.272,mejorando,0.164,0.446,0.701053025277506,17.70394
149279132,Urbania,SAN JUAN DE LURIGANCHO,150132,Av. Alcaparras 355,Las Flores,218000.0,118.0,1847.457627118644,3,2,0,0.0,1,2965.0,349870.0,0.377,,,3,244,0.272,mejorando,0.164,0.446,0.701053025277506,17.70394
149243949,Urbania,SAN JUAN DE LURIGANCHO,150132,AV. Bernardo DE Balaguer  -chosica-ñaña al 100,Los Jardines De Ñaña,223780.0,71.0,3151.830985915493,3,2,1,0.0,1,2965.0,210515.0,-0.063,,,3,244,0.272,mejorando,0.164,0.446,0.701053025277506,17.70394
149272944,Urbania,SAN JUAN DE LURIGANCHO,150132,Los Eucaliptos Mz.P1 - Lt.15,San Juan de Lurigancho,227500.0,130.0,1750.0,3,2,0,0.0,1,2965.0,385450.0,0.41,,,3,244,0.272,mejorando,0.164,0.446,0.701053025277506,17.70394
149119357,Urbania,SAN JUAN DE LURIGANCHO,150132,"C. 21 Mz.61a - Lt.10, San Juan de Lurigancho 15416, Perú",San Juan de Lurigancho,231150.0,108.0,2140.277777777778,3,3,0,0.0,1,2965.0,320220.0,0.278,,,3,244,0.272,mejorando,0.164,0.446,0.701053025277506,17.70394
148064958,Urbania,SAN JUAN DE LURIGANCHO,150132,Las Flores,San Juan de Lurigancho,236240.0,120.0,1968.6666666666667,1,1,0,0.0,1,2965.0,355800.0,0.336,,,3,244,0.272,mejorando,0.164,0.446,0.701053025277506,17.70394
149238254,Urbania,SAN JUAN DE LURIGANCHO,150132,Urbanizacion Los Pinos Mz H Lote 12,San Juan de Lurigancho,238000.0,72.0,3305.5555555555557,2,2,0,0.0,1,2965.0,213480.0,-0.115,,,3,244,0.272,mejorando,0.164,0.446,0.701053025277506,17.70394
145806688,Urbania,SAN JUAN DE LURIGANCHO,150132,Av. El Santuario 2450,San Juan de Lurigancho,245000.0,69.0,3550.7246376811595,2,1,0,0.0,1,2965.0,204585.0,-0.198,,,3,244,0.272,mejorando,0.164,0.446,0.701053025277506,17.70394
146660421,Urbania,SAN JUAN DE LURIGANCHO,150132,Pasaje jose maria arguedas 174,Chacarilla De Otero,246000.0,115.0,2139.1304347826085,4,2,0,0.0,1,2965.0,340975.0,0.279,,,3,244,0.272,mejorando,0.164,0.446,0.701053025277506,17.70394
146289504,Urbania,SAN JUAN DE LURIGANCHO,150132,"Av. El Santuario 2450,",San Juan de Lurigancho,246260.0,65.0,3788.6153846153848,2,2,0,0.0,1,2965.0,192725.0,-0.278,,,3,244,0.272,mejorando,0.164,0.446,0.701053025277506,17.70394
149651544,Urbania,SAN JUAN DE LURIGANCHO,150132,Campoy,San Juan de Lurigancho,252000.0,59.0,4271.186440677966,3,2,1,0.0,1,2965.0,174935.0,-0.441,,,3,244,0.272,mejorando,0.164,0.446,0.701053025277506,17.70394
149355867,Urbania,SAN JUAN DE LURIGANCHO,150132,Puruchuco,Mangomarca,252580.0,92.0,2745.4347826086955,3,2,0,80.0,1,2965.0,272780.0,0.074,,,3,244,0.272,mejorando,0.164,0.446,0.701053025277506,17.70394
149874544,Urbania,SAN JUAN DE LURIGANCHO,150132,LAS Galenas SAN Hilarion,Sagrado Corazon De Jesus,257400.0,70.0,3677.1428571428573,2,2,0,0.0,10,2965.0,207550.0,-0.24,,,3,244,0.272,mejorando,0.164,0.446,0.701053025277506,17.70394
149874545,Urbania,SAN JUAN DE LURIGANCHO,150132,San Hilario,San Hilarion,258210.0,70.0,3688.714285714286,2,2,0,0.0,1,2965.0,207550.0,-0.244,,,3,244,0.272,mejorando,0.164,0.446,0.701053025277506,17.70394
148518100,Urbania,SAN JUAN DE LURIGANCHO,150132,Urb los Jazmines,San Juan de Lurigancho,260000.0,100.0,2600.0,3,2,0,0.0,1,2965.0,296500.0,0.123,,,3,244,0.272,mejorando,0.164,0.446,0.701053025277506,17.70394
149695672,Urbania,SAN JUAN DE LURIGANCHO,150132,Avenida Próceres de la Independencia 3302,San Juan de Lurigancho,260000.0,75.0,3466.6666666666665,3,1,0,100.0,1,2965.0,222375.0,-0.169,,,3,244,0.272,mejorando,0.164,0.446,0.701053025277506,17.70394
146876109,Urbania,SAN JUAN DE LURIGANCHO,150132,El Periodista  al 100,San Juan de Lurigancho,263250.0,99.0,2659.090909090909,2,2,0,0.0,1,2965.0,293535.0,0.103,,,3,244,0.272,mejorando,0.164,0.446,0.701053025277506,17.70394
149399826,Urbania,SAN JUAN DE LURIGANCHO,150132,Av. Circunvalacion  al 400,Campoy,263250.0,74.0,3557.4324324324325,3,1,0,50.0,1,2965.0,219410.0,-0.2,,,3,244,0.272,mejorando,0.164,0.446,0.701053025277506,17.70394
149735488,Urbania,SAN JUAN DE LURIGANCHO,150132,Pasaje Boulevard los Mirables 935,Los Jardines De San Juan,263250.0,70.0,3760.714285714286,3,1,0,150.0,1,2965.0,207550.0,-0.268,,,3,244,0.272,mejorando,0.164,0.446,0.701053025277506,17.70394
143291268,Urbania,SAN JUAN DE LURIGANCHO,150132,jiron kotosh 1218,Mangomarca,270000.0,86.0,3139.5348837209303,3,1,0,0.0,1,2965.0,254990.0,-0.059,,,3,244,0.272,mejorando,0.164,0.446,0.701053025277506,17.70394
145966920,Urbania,SAN JUAN DE LURIGANCHO,150132,"Calle 1 con jiron Los Jazmines , Campoy. San Juan De Lurigancho.",Campoy,270000.0,76.0,3552.6315789473683,3,2,4,0.0,1,2965.0,225340.0,-0.198,,,3,244,0.272,mejorando,0.164,0.446,0.701053025277506,17.70394
149341048,Urbania,SAN JUAN DE LURIGANCHO,150132,Jirón el Rosario 470,Canto Grande,271800.0,86.0,3160.4651162790697,3,2,0,0.0,1,2965.0,254990.0,-0.066,,,3,244,0.272,mejorando,0.164,0.446,0.701053025277506,17.70394
149622213,Urbania,SAN JUAN DE LURIGANCHO,150132,Los Acianos  al 500,Las Flores,278640.0,90.0,3096.0,2,2,1,0.0,1,2965.0,266850.0,-0.044,,,3,244,0.272,mejorando,0.164,0.446,0.701053025277506,17.70394
149327814,Urbania,SAN JUAN DE LURIGANCHO,150132,Av. Sta. Rosa de Lima,San Juan de Lurigancho,278800.0,160.0,1742.5,3,2,0,0.0,1,2965.0,474400.0,0.412,,,3,244,0.272,mejorando,0.164,0.446,0.701053025277506,17.70394
148514705,Urbania,SAN JUAN DE LURIGANCHO,150132,Jr Galenas,San Hilarion,285000.0,150.0,1900.0,3,2,0,0.0,1,2965.0,444750.0,0.359,,,3,244,0.272,mejorando,0.164,0.446,0.701053025277506,17.70394
148254600,Urbania,SAN JUAN DE LURIGANCHO,150132,Mz J  lote 2 Los Pinos,Los Pinos,287100.0,98.0,2929.591836734694,3,2,0,50.0,1,2965.0,290570.0,0.012,,,3,244,0.272,mejorando,0.164,0.446,0.701053025277506,17.70394
149173638,Urbania,SAN JUAN DE LURIGANCHO,150132,Zarate-  Distrito de SAN Juan DE Lurigancho,San Juan de Lurigancho,290700.0,148.0,1964.1891891891892,3,2,0,0.0,1,2965.0,438820.0,0.338,,,3,244,0.272,mejorando,0.164,0.446,0.701053025277506,17.70394
149904527,Urbania,SAN JUAN DE LURIGANCHO,150132,Asociacion Pro-Vivienda San Hilarión,San Juan de Lurigancho,290700.0,160.0,1816.875,2,2,0,0.0,1,2965.0,474400.0,0.387,,,3,244,0.272,mejorando,0.164,0.446,0.701053025277506,17.70394
149722047,Urbania,SAN JUAN DE LURIGANCHO,150132,Sillustani 2315,Mangomarca,293500.0,80.0,3668.75,2,2,0,0.0,1,2965.0,237200.0,-0.237,,,3,244,0.272,mejorando,0.164,0.446,0.701053025277506,17.70394
147831975,Urbania,SAN JUAN DE LURIGANCHO,150132,Jr. Los Jazmines 264. San Juan de Lurigancho,San Juan de Lurigancho,294588.0,155.0,1900.5677419354838,5,2,0,0.0,1,2965.0,459575.0,0.359,,,3,244,0.272,mejorando,0.164,0.446,0.701053025277506,17.70394
148608937,Urbania,SAN JUAN DE LURIGANCHO,150132,Jr. Las Rimarimas 713,San Juan de Lurigancho,299000.0,92.0,3250.0,4,2,0,60.0,10,2965.0,272780.0,-0.096,,,3,244,0.272,mejorando,0.164,0.446,0.701053025277506,17.70394
149801891,Urbania,SAN JUAN DE LURIGANCHO,150132,Avenida Los Álamos 525,San Juan de Lurigancho,299999.0,78.0,3846.141025641026,2,2,0,0.0,6,2965.0,231270.0,-0.297,,,3,244,0.272,mejorando,0.164,0.446,0.701053025277506,17.70394
148268874,Urbania,SAN JUAN DE LURIGANCHO,150132,jr los Calamos  al 1483,Los Jardines,304245.0,165.0,1843.909090909091,3,1,0,0.0,1,2965.0,489225.0,0.378,,,3,244,0.272,mejorando,0.164,0.446,0.701053025277506,17.70394
149187234,Urbania,SAN JUAN DE LURIGANCHO,150132,Jirón Las Rimarimas 2025,Las Flores,304380.0,92.0,3308.478260869565,4,2,0,60.0,1,2965.0,272780.0,-0.116,,,3,244,0.272,mejorando,0.164,0.446,0.701053025277506,17.70394
148932861,Urbania,SAN JUAN DE LURIGANCHO,150132,Puruchuco 838,Mangomarca,305000.0,107.0,2850.467289719626,3,2,0,0.0,1,2965.0,317255.0,0.039,,,3,244,0.272,mejorando,0.164,0.446,0.701053025277506,17.70394
148064963,Urbania,SAN JUAN DE LURIGANCHO,150132,LAS Flores,San Juan de Lurigancho,311400.0,120.0,2595.0,2,2,0,0.0,1,2965.0,355800.0,0.125,,,3,244,0.272,mejorando,0.164,0.446,0.701053025277506,17.70394
149045111,Urbania,SAN JUAN DE LURIGANCHO,150132,Akapana 1169,Mangomarca,315000.0,100.0,3150.0,3,1,0,0.0,1,2965.0,296500.0,-0.062,,,3,244,0.272,mejorando,0.164,0.446,0.701053025277506,17.70394
148212425,Urbania,SAN JUAN DE LURIGANCHO,150132,Jr  Los Calamos  al 1483,Las Flores,319000.0,153.0,2084.967320261438,3,2,0,0.0,1,2965.0,453645.0,0.297,,,3,244,0.272,mejorando,0.164,0.446,0.701053025277506,17.70394
148427994,Urbania,SAN JUAN DE LURIGANCHO,150132,Zárate,San Juan de Lurigancho,320450.0,149.0,2150.6711409395975,3,2,0,0.0,1,2965.0,441785.0,0.275,,,3,244,0.272,mejorando,0.164,0.446,0.701053025277506,17.70394
149355831,Urbania,SAN JUAN DE LURIGANCHO,150132,Puruchuco 888,Mangomarca,321780.0,107.0,3007.2897196261683,3,2,0,80.0,1,2965.0,317255.0,-0.014,,,3,244,0.272,mejorando,0.164,0.446,0.701053025277506,17.70394
148874451,Urbania,SAN JUAN DE LURIGANCHO,150132,Mz k1 Lote 15 Urb. Los Pinos,Los Pinos,324070.0,85.0,3812.5882352941176,2,2,0,0.0,1,2965.0,252025.0,-0.286,,,3,244,0.272,mejorando,0.164,0.446,0.701053025277506,17.70394
145991836,Urbania,SAN JUAN DE LURIGANCHO,150132,Akapana 1169,Mangomarca,343000.0,127.0,2700.787401574803,2,2,0,0.0,1,2965.0,376555.0,0.089,,,3,244,0.272,mejorando,0.164,0.446,0.701053025277506,17.70394
149238301,Urbania,SAN JUAN DE LURIGANCHO,150132,"Jr. Contisuyo 617 Mz. F3 Lt. 41, Urb. Zarate, San Juan de Lurigancho",Zarate,346500.0,143.0,2423.076923076923,5,2,1,0.0,1,2965.0,423995.0,0.183,,,3,244,0.272,mejorando,0.164,0.446,0.701053025277506,17.70394
149044994,Urbania,SAN JUAN DE LURIGANCHO,150132,Akapana 1169,Mangomarca,350000.0,120.0,2916.6666666666665,3,1,1,0.0,1,2965.0,355800.0,0.016,,,3,244,0.272,mejorando,0.164,0.446,0.701053025277506,17.70394
147694490,Urbania,SAN JUAN DE LURIGANCHO,150132,Jirón Las Calendulas 538,Las Flores,355000.0,138.0,2572.463768115942,4,1,0,0.0,10,2965.0,409170.0,0.132,,,3,244,0.272,mejorando,0.164,0.446,0.701053025277506,17.70394
147510968,Urbania,SAN JUAN DE LURIGANCHO,150132,Av Santuario 2368,Mangomarca,359000.0,110.0,3263.6363636363635,3,2,0,120.0,1,2965.0,326150.0,-0.101,,,3,244,0.272,mejorando,0.164,0.446,0.701053025277506,17.70394
149371779,Urbania,SAN JUAN DE LURIGANCHO,150132,Luis     9.9.9.6.1.7.7.8.8,Zarate,362730.0,128.0,2833.828125,3,1,0,0.0,1,2965.0,379520.0,0.044,,,3,244,0.272,mejorando,0.164,0.446,0.701053025277506,17.70394
149760781,Urbania,SAN JUAN DE LURIGANCHO,150132,Mangomarca,Mangomarca,378000.0,88.0,4295.454545454545,3,1,0,0.0,1,2965.0,260920.0,-0.449,,,3,244,0.272,mejorando,0.164,0.446,0.701053025277506,17.70394
145196667,Urbania,SAN JUAN DE LURIGANCHO,150132,los chasquis 433,Zarate,384000.0,183.0,2098.3606557377047,3,2,0,80.0,1,2965.0,542595.0,0.292,,,3,244,0.272,mejorando,0.164,0.446,0.701053025277506,17.70394
146876952,Urbania,SAN JUAN DE LURIGANCHO,150132,El Periodista al 200,San Juan de Lurigancho,386100.0,138.0,2797.8260869565215,3,2,0,0.0,1,2965.0,409170.0,0.056,,,3,244,0.272,mejorando,0.164,0.446,0.701053025277506,17.70394
149331007,Urbania,SAN JUAN DE LURIGANCHO,150132,Avenida Huachipa,Santa Maria De Chosica,387550.0,102.0,3799.5098039215686,3,3,2,0.0,1,2965.0,302430.0,-0.281,,,3,244,0.272,mejorando,0.164,0.446,0.701053025277506,17.70394
149689150,Urbania,SAN JUAN DE LURIGANCHO,150132,Coop la Fragata,La Fragata,404400.0,210.0,1925.7142857142858,4,3,0,0.0,1,2965.0,622650.0,0.351,,,3,244,0.272,mejorando,0.164,0.446,0.701053025277506,17.70394
149443899,Urbania,SAN JUAN DE LURIGANCHO,150132,Akapana 1169,Mangomarca,407000.0,127.0,3204.7244094488187,2,2,0,0.0,1,2965.0,376555.0,-0.081,,,3,244,0.272,mejorando,0.164,0.446,0.701053025277506,17.70394
147476596,Urbania,SAN JUAN DE LURIGANCHO,150132,Puruchuco 632,Mangomarca,424800.0,125.0,3398.4,3,2,0,0.0,1,2965.0,370625.0,-0.146,,,3,244,0.272,mejorando,0.164,0.446,0.701053025277506,17.70394
149534331,Urbania,SAN JUAN DE LURIGANCHO,150132,Papiros 367 Urb,San Silvestre,425080.0,105.0,4048.3809523809523,3,2,0,0.0,10,2965.0,311325.0,-0.365,,,3,244,0.272,mejorando,0.164,0.446,0.701053025277506,17.70394
149650836,Urbania,SAN JUAN DE LURIGANCHO,150132,Papiros,San Juan de Lurigancho,429000.0,105.0,4085.714285714286,3,2,0,0.0,1,2965.0,311325.0,-0.378,,,3,244,0.272,mejorando,0.164,0.446,0.701053025277506,17.70394
148349856,Urbania,SAN JUAN DE LURIGANCHO,150132,Av. El Santuario 2450 dep 301,San Juan de Lurigancho,451500.0,131.0,3446.5648854961833,3,2,0,0.0,1,2965.0,388415.0,-0.162,,,3,244,0.272,mejorando,0.164,0.446,0.701053025277506,17.70394
149227820,Urbania,SAN JUAN DE LURIGANCHO,150132,SAN Hilarion,San Juan de Lurigancho,467100.0,137.0,3409.4890510948903,3,2,0,0.0,1,2965.0,406205.0,-0.15,,,3,244,0.272,mejorando,0.164,0.446,0.701053025277506,17.70394
147615872,Urbania,SAN JUAN DE LURIGANCHO,150132,SAN Hilarion,San Juan de Lurigancho,501700.0,137.0,3662.043795620438,3,2,0,0.0,1,2965.0,406205.0,-0.235,,,3,244,0.272,mejorando,0.164,0.446,0.701053025277506,17.70394
148460834,Urbania,SAN JUAN DE LURIGANCHO,150132,"Las Bellotitas, Sn Juan de Lurigancho",San Juan de Lurigancho,504000.0,240.0,2100.0,3,2,0,0.0,1,2965.0,711600.0,0.292,,,3,244,0.272,mejorando,0.164,0.446,0.701053025277506,17.70394
142615846,Urbania,SAN JUAN DE LURIGANCHO,150132,"Calle Las Hiedras 775, Los Jazmines",Los Jazmines,514750.0,184.0,2797.554347826087,4,3,2,0.0,1,2965.0,545560.0,0.056,,,3,244,0.272,mejorando,0.164,0.446,0.701053025277506,17.70394
149874543,Urbania,SAN JUAN DE LURIGANCHO,150132,jr las Galenas 351,San Juan de Lurigancho,521888.0,154.0,3388.883116883117,4,4,0,0.0,1,2965.0,456610.0,-0.143,,,3,244,0.272,mejorando,0.164,0.446,0.701053025277506,17.70394
147615861,Urbania,SAN JUAN DE LURIGANCHO,150132,San Hilarion,San Juan de Lurigancho,543220.0,148.0,3670.4054054054054,2,2,0,0.0,1,2965.0,438820.0,-0.238,,,3,244,0.272,mejorando,0.164,0.446,0.701053025277506,17.70394
143123598,Urbania,SAN JUAN DE LURIGANCHO,150132,Calle Roma Mz M2 Lote 03 Urb. Horacio Zevallos San Juan de Lurigancho,San Juan de Lurigancho,662000.0,200.0,3310.0,3,2,2,0.0,1,2965.0,593000.0,-0.116,,,3,244,0.272,mejorando,0.164,0.446,0.701053025277506,17.70394
148065022,Urbania,SAN JUAN DE LURIGANCHO,150132,San Hilarion,San Juan de Lurigancho,1392000.0,422.0,3298.5781990521327,8,6,0,0.0,1,2965.0,1251230.0,-0.113,,,3,244,0.272,mejorando,0.164,0.446,0.701053025277506,17.70394
147265405,Urbania,SAN MARTIN DE PORRES,150135,MZ. M1 LOTE,Valdiviezo,84721.0,34.0,2491.794117647059,1,1,0,0.0,1,2773.0,94282.0,0.101,,,6,1073,0.192,mejorando,0.593,0.7,0.741997963067072,10.343179
149756570,Urbania,SAN MARTIN DE PORRES,150135,Ampliación  Los Portales de Chavin 4ta Etapa Mz D Lote 13,Ampliacion Los Portales De Chavin Et.4,101790.0,59.0,1725.2542372881355,2,2,0,0.0,1,2773.0,163607.0,0.378,,,6,1073,0.192,mejorando,0.593,0.7,0.741997963067072,10.343179
149867093,Urbania,SAN MARTIN DE PORRES,150135,Jr. Cuzco 3515,San Martín de Porres,109440.0,45.0,2432.0,1,1,0,0.0,1,2773.0,124785.0,0.123,,,6,1073,0.192,mejorando,0.593,0.7,0.741997963067072,10.343179
146069591,Urbania,SAN MARTIN DE PORRES,150135,Jiron Tacna 3298,Peru,129500.0,48.0,2697.9166666666665,2,1,0,0.0,1,2773.0,133104.0,0.027,,,6,1073,0.192,mejorando,0.593,0.7,0.741997963067072,10.343179
147065710,Urbania,SAN MARTIN DE PORRES,150135,calle montevideo,San Martín de Porres,140000.0,66.0,2121.212121212121,2,2,0,100.0,1,2773.0,183018.0,0.235,,,6,1073,0.192,mejorando,0.593,0.7,0.741997963067072,10.343179
149086701,Urbania,SAN MARTIN DE PORRES,150135,Quiñones 503,Zarumilla,142147.0,41.0,3467.0,2,1,0,0.0,1,2773.0,113693.0,-0.25,,,6,1073,0.192,mejorando,0.593,0.7,0.741997963067072,10.343179
149423331,Urbania,SAN MARTIN DE PORRES,150135,Jr Ernesto Avila,San Martín de Porres,142332.0,44.0,3234.818181818182,2,1,0,0.0,1,2773.0,122012.0,-0.167,,,6,1073,0.192,mejorando,0.593,0.7,0.741997963067072,10.343179
148408759,Urbania,SAN MARTIN DE PORRES,150135,CONDOMINIO SAN DIEGO DE ALCALÁ,San Martín de Porres,149000.0,60.0,2483.3333333333335,3,2,0,170.0,1,2773.0,166380.0,0.104,,,6,1073,0.192,mejorando,0.593,0.7,0.741997963067072,10.343179
148659917,Urbania,SAN MARTIN DE PORRES,150135,Santa Rosa,San Martín de Porres,149999.0,79.0,1898.7215189873418,3,3,0,0.0,1,2773.0,219067.0,0.315,,,6,1073,0.192,mejorando,0.593,0.7,0.741997963067072,10.343179
3473191,Urbania,SAN MARTIN DE PORRES,150135,Av. Universitaria,San Martín de Porres,150750.0,56.0,2691.964285714286,2,1,0,0.0,1,2773.0,155288.0,0.029,,,6,1073,0.192,mejorando,0.593,0.7,0.741997963067072,10.343179
147497741,Urbania,SAN MARTIN DE PORRES,150135,Jr. Elías Aguirre 256 al 200,San Martín de Porres,151200.0,50.0,3024.0,1,1,0,0.0,10,2773.0,138650.0,-0.091,,,6,1073,0.192,mejorando,0.593,0.7,0.741997963067072,10.343179
146805571,Urbania,SAN MARTIN DE PORRES,150135,"Av. Pacasmayo 3322 , San Martin de Porres, Lima, Lima",San Martín de Porres,158840.0,52.0,3054.6153846153848,2,1,0,50.0,1,2773.0,144196.0,-0.102,,,6,1073,0.192,mejorando,0.593,0.7,0.741997963067072,10.343179
149842840,Urbania,SAN MARTIN DE PORRES,150135,Jiron Parobamba al 100,San Martín de Porres,159600.0,73.0,2186.301369863014,2,1,0,0.0,1,2773.0,202429.0,0.212,,,6,1073,0.192,mejorando,0.593,0.7,0.741997963067072,10.343179
147787672,Urbania,SAN MARTIN DE PORRES,150135,"Mateo Aguilar 264, San Martín de Porres",San Martín de Porres,161100.0,50.0,3222.0,2,1,0,0.0,10,2773.0,138650.0,-0.162,,,6,1073,0.192,mejorando,0.593,0.7,0.741997963067072,10.343179
147503674,Urbania,SAN MARTIN DE PORRES,150135,AV Lima 4121,San Martín de Porres,166500.0,66.0,2522.7272727272725,2,2,0,0.0,1,2773.0,183018.0,0.09,,,6,1073,0.192,mejorando,0.593,0.7,0.741997963067072,10.343179
145951800,Urbania,SAN MARTIN DE PORRES,150135,"AV. CARLOS YZAGUIRRE, SAN MARTIN DE PORRES",Santa Rosa,166500.0,55.0,3027.2727272727275,2,1,0,0.0,1,2773.0,152515.0,-0.092,,,6,1073,0.192,mejorando,0.593,0.7,0.741997963067072,10.343179
148593780,Urbania,SAN MARTIN DE PORRES,150135,Jesús Vera 5,San Amadeo De Garagay,166660.0,86.0,1937.906976744186,2,1,0,0.0,1,2773.0,238478.0,0.301,,,6,1073,0.192,mejorando,0.593,0.7,0.741997963067072,10.343179
149117833,Urbania,SAN MARTIN DE PORRES,150135,JIRON JOSE SABOGAL 380,San Martín de Porres,170000.0,65.0,2615.3846153846152,2,2,0,0.0,1,2773.0,180245.0,0.057,,,6,1073,0.192,mejorando,0.593,0.7,0.741997963067072,10.343179
149868069,Urbania,SAN MARTIN DE PORRES,150135,Urbanización Coopip,Coopip,171000.0,67.0,2552.2388059701493,2,2,0,0.0,1,2773.0,185791.0,0.08,,,6,1073,0.192,mejorando,0.593,0.7,0.741997963067072,10.343179
148474678,Urbania,SAN MARTIN DE PORRES,150135,"Jirón Ica, San Martin de Porres",San Martín de Porres,174720.0,90.0,1941.3333333333333,3,1,0,0.0,1,2773.0,249570.0,0.3,,,6,1073,0.192,mejorando,0.593,0.7,0.741997963067072,10.343179
148661789,Urbania,SAN MARTIN DE PORRES,150135,Magno Fernandez Moreano,San Martín de Porres,175000.0,105.0,1666.6666666666667,4,2,0,0.0,1,2773.0,291165.0,0.399,,,6,1073,0.192,mejorando,0.593,0.7,0.741997963067072,10.343179
149842997,Urbania,SAN MARTIN DE PORRES,150135,Jiron Parobamba  al 100,San Martín de Porres,178000.0,44.0,4045.4545454545455,2,1,0,0.0,1,2773.0,122012.0,-0.459,,,6,1073,0.192,mejorando,0.593,0.7,0.741997963067072,10.343179
147787676,Urbania,SAN MARTIN DE PORRES,150135,"Jr. Moquegua Cuadra 37, San Martín de Porres",San Martín de Porres,178500.0,73.0,2445.205479452055,3,1,0,0.0,1,2773.0,202429.0,0.118,,,6,1073,0.192,mejorando,0.593,0.7,0.741997963067072,10.343179
149868351,Urbania,SAN MARTIN DE PORRES,150135,Av. San Diego de Alcala 1157,San Martín de Porres,180000.0,80.0,2250.0,4,3,0,200.0,10,2773.0,221840.0,0.189,,,6,1073,0.192,mejorando,0.593,0.7,0.741997963067072,10.343179
147406365,Urbania,SAN MARTIN DE PORRES,150135,"Av. Pacasmayo , San Martin de Porres, Lima, Lima",San Martín de Porres,180000.0,60.0,3000.0,2,1,0,0.0,1,2773.0,166380.0,-0.082,,,6,1073,0.192,mejorando,0.593,0.7,0.741997963067072,10.343179
149688789,Urbania,SAN MARTIN DE PORRES,150135,Av. Los Próceres 628,San Pedro De Garagay,180000.0,64.0,2812.5,2,1,0,0.0,1,2773.0,177472.0,-0.014,,,6,1073,0.192,mejorando,0.593,0.7,0.741997963067072,10.343179
149103868,Urbania,SAN MARTIN DE PORRES,150135,"Tobias Meyer, Urb. El Pacífico, San Martín de Porres",El Pacifico Etapa I,185000.0,65.0,2846.153846153846,2,2,0,0.0,1,2773.0,180245.0,-0.026,,,6,1073,0.192,mejorando,0.593,0.7,0.741997963067072,10.343179
145953554,Urbania,SAN MARTIN DE PORRES,150135,YZAGUIRRE SAN MARTIN DE PORRES,Santa Rosa,185500.0,68.0,2727.9411764705883,3,1,0,0.0,1,2773.0,188564.0,0.016,,,6,1073,0.192,mejorando,0.593,0.7,0.741997963067072,10.343179
148906778,Urbania,SAN MARTIN DE PORRES,150135,Pasaje Huari,San Martín de Porres,186000.0,126.0,1476.1904761904761,2,2,0,0.0,1,2773.0,349398.0,0.468,,,6,1073,0.192,mejorando,0.593,0.7,0.741997963067072,10.343179
146184984,Urbania,SAN MARTIN DE PORRES,150135,Jr. Virgen de Guadalupe  Urb. San Diego,San Diego,188100.0,76.0,2475.0,2,1,0,0.0,1,2773.0,210748.0,0.107,,,6,1073,0.192,mejorando,0.593,0.7,0.741997963067072,10.343179
149867083,Urbania,SAN MARTIN DE PORRES,150135,Jirón Perusa,San Martín de Porres,188100.0,76.0,2475.0,2,1,0,0.0,1,2773.0,210748.0,0.107,,,6,1073,0.192,mejorando,0.593,0.7,0.741997963067072,10.343179
148248557,Urbania,SAN MARTIN DE PORRES,150135,Parque N°1 Chicmabamba,San Martín de Porres,188512.0,79.0,2386.227848101266,3,2,0,0.0,1,2773.0,219067.0,0.139,,,6,1073,0.192,mejorando,0.593,0.7,0.741997963067072,10.343179
149650712,Urbania,SAN MARTIN DE PORRES,150135,Arnaldo Márquez 141,San Martín de Porres,189200.0,58.0,3262.0689655172414,2,1,0,0.0,1,2773.0,160834.0,-0.176,,,6,1073,0.192,mejorando,0.593,0.7,0.741997963067072,10.343179
147302554,Urbania,SAN MARTIN DE PORRES,150135,Jr. Ayacucho,Peru,189750.0,77.0,2464.285714285714,3,1,0,0.0,1,2773.0,213521.0,0.111,,,6,1073,0.192,mejorando,0.593,0.7,0.741997963067072,10.343179
148583115,Urbania,SAN MARTIN DE PORRES,150135,"Jirón Bello Horizonte 1473, San Martín de Porres 15101",San Martín de Porres,191520.0,85.0,2253.176470588235,2,1,0,0.0,10,2773.0,235705.0,0.187,,,6,1073,0.192,mejorando,0.593,0.7,0.741997963067072,10.343179
147650531,Urbania,SAN MARTIN DE PORRES,150135,"Venta Departamento Cerca del Mercado Caquetá, 2 Dormitorios, 4 Piso sin Ascensor, no Condominio",San Martín de Porres,192600.0,56.0,3439.285714285714,2,1,0,50.0,1,2773.0,155288.0,-0.24,,,6,1073,0.192,mejorando,0.593,0.7,0.741997963067072,10.343179
149843098,Urbania,SAN MARTIN DE PORRES,150135,Jiron Parobamba 121,San Martín de Porres,194000.0,48.0,4041.6666666666665,2,1,0,0.0,1,2773.0,133104.0,-0.458,,,6,1073,0.192,mejorando,0.593,0.7,0.741997963067072,10.343179
149375092,Urbania,SAN MARTIN DE PORRES,150135,Tiziano Munoz 175,Ingenieria,195000.0,76.0,2565.7894736842104,2,1,0,0.0,1,2773.0,210748.0,0.075,,,6,1073,0.192,mejorando,0.593,0.7,0.741997963067072,10.343179
148823690,Urbania,SAN MARTIN DE PORRES,150135,"AV German Aguirre NUM 413 Unid Inmb N°4 - Segundo Piso, San Martín de Porres 15103, Perú",San Martín de Porres,196000.0,70.0,2800.0,2,1,0,0.0,1,2773.0,194110.0,-0.01,,,6,1073,0.192,mejorando,0.593,0.7,0.741997963067072,10.343179
147787671,Urbania,SAN MARTIN DE PORRES,150135,"Mateo Aguilar 240, San Martín de Porres",San Martín de Porres,196350.0,65.0,3020.769230769231,1,1,0,0.0,1,2773.0,180245.0,-0.089,,,6,1073,0.192,mejorando,0.593,0.7,0.741997963067072,10.343179
148868650,Urbania,SAN MARTIN DE PORRES,150135,jr Alejandro Deustua  al 3800,San Martín de Porres,197650.0,102.0,1937.7450980392157,2,1,0,0.0,1,2773.0,282846.0,0.301,,,6,1073,0.192,mejorando,0.593,0.7,0.741997963067072,10.343179
149803558,Urbania,SAN MARTIN DE PORRES,150135,Ampliación Los Portales de Chavín – 4ta Etapa,Ampliacion Los Portales De Chavin Et.4,198360.0,49.0,4048.1632653061224,2,1,0,0.0,1,2773.0,135877.0,-0.46,,,6,1073,0.192,mejorando,0.593,0.7,0.741997963067072,10.343179
149645232,Urbania,SAN MARTIN DE PORRES,150135,Calle Filadelfia 3,Filadelfia,200000.0,83.0,2409.6385542168673,4,1,0,0.0,10,2773.0,230159.0,0.131,,,6,1073,0.192,mejorando,0.593,0.7,0.741997963067072,10.343179
147790003,Urbania,SAN MARTIN DE PORRES,150135,JR. Tobias Meyer 150 EL Pacifico,El Pacifico Etapa Ii,202350.0,68.0,2975.735294117647,2,2,1,50.0,1,2773.0,188564.0,-0.073,,,6,1073,0.192,mejorando,0.593,0.7,0.741997963067072,10.343179
149842801,Urbania,SAN MARTIN DE PORRES,150135,Jiron Parobamba  al 100,San Martín de Porres,207000.0,73.0,2835.6164383561645,2,1,0,0.0,1,2773.0,202429.0,-0.023,,,6,1073,0.192,mejorando,0.593,0.7,0.741997963067072,10.343179
148556277,Urbania,SAN MARTIN DE PORRES,150135,Condevilla Señor,San Martín de Porres,210000.0,129.0,1627.906976744186,3,2,0,0.0,1,2773.0,357717.0,0.413,,,6,1073,0.192,mejorando,0.593,0.7,0.741997963067072,10.343179
149052936,Urbania,SAN MARTIN DE PORRES,150135,Jiron Pedro Paulet,Ingenieria,210000.0,81.0,2592.5925925925926,3,2,0,0.0,1,2773.0,224613.0,0.065,,,6,1073,0.192,mejorando,0.593,0.7,0.741997963067072,10.343179
4675547,Urbania,SAN MARTIN DE PORRES,150135,Parque Cabo linares,Vipol De Naranjal,213000.0,101.0,2108.910891089109,4,2,0,0.0,10,2773.0,280073.0,0.239,,,6,1073,0.192,mejorando,0.593,0.7,0.741997963067072,10.343179
149548731,Urbania,SAN MARTIN DE PORRES,150135,Avenida 10 DE Junio 990,San Martín de Porres,214500.0,64.0,3351.5625,3,2,0,0.0,10,2773.0,177472.0,-0.209,,,6,1073,0.192,mejorando,0.593,0.7,0.741997963067072,10.343179
149671816,Urbania,SAN MARTIN DE PORRES,150135,Av. 10 de Junio al 1000,San Martín de Porres,214520.0,55.0,3900.3636363636365,2,2,0,150.0,1,2773.0,152515.0,-0.407,,,6,1073,0.192,mejorando,0.593,0.7,0.741997963067072,10.343179
149219443,Urbania,SAN MARTIN DE PORRES,150135,Urb. San Germán Jirón Julio Delgado,San Martín de Porres,218000.0,74.0,2945.945945945946,3,1,0,0.0,1,2773.0,205202.0,-0.062,,,6,1073,0.192,mejorando,0.593,0.7,0.741997963067072,10.343179
149522789,Urbania,SAN MARTIN DE PORRES,150135,Calle LOS Laureles 3748,San Martín de Porres,220000.0,76.0,2894.7368421052633,2,2,1,0.0,1,2773.0,210748.0,-0.044,,,6,1073,0.192,mejorando,0.593,0.7,0.741997963067072,10.343179
148581749,Urbania,SAN MARTIN DE PORRES,150135,"Jirón Bello Horizonte 1473, San Martín de Porres 15101",San Martín de Porres,222300.0,151.0,1472.1854304635763,4,1,0,0.0,1,2773.0,418723.0,0.469,,,6,1073,0.192,mejorando,0.593,0.7,0.741997963067072,10.343179
149859518,Urbania,SAN MARTIN DE PORRES,150135,Calle Hidalgo Mz. R Lt. 7,Valdiviezo,224000.0,81.0,2765.432098765432,3,1,0,0.0,1,2773.0,224613.0,0.003,,,6,1073,0.192,mejorando,0.593,0.7,0.741997963067072,10.343179
149803354,Urbania,SAN MARTIN DE PORRES,150135,Ampliación Los Portales de Chavín – 4ta Etapa - Mz D - Lote 13,San Martín de Porres,224250.0,59.0,3800.8474576271187,2,1,0,0.0,1,2773.0,163607.0,-0.371,,,6,1073,0.192,mejorando,0.593,0.7,0.741997963067072,10.343179
149792090,Urbania,SAN MARTIN DE PORRES,150135,Ampliación Los Portales de Chavín 4ta Etapa Mz D Lote 13,Ampliacion Los Portales De Chavin Et.4,224900.0,59.0,3811.864406779661,2,1,0,0.0,1,2773.0,163607.0,-0.375,,,6,1073,0.192,mejorando,0.593,0.7,0.741997963067072,10.343179
147497743,Urbania,SAN MARTIN DE PORRES,150135,Jr. Elías Aguirre 256	 al 200,San Martín de Porres,228480.0,75.0,3046.4,3,2,0,0.0,1,2773.0,207975.0,-0.099,,,6,1073,0.192,mejorando,0.593,0.7,0.741997963067072,10.343179
149093874,Urbania,SAN MARTIN DE PORRES,150135,Av San Diego de Alcala al 1300,San Martín de Porres,230000.0,127.0,1811.023622047244,3,2,0,180.0,1,2773.0,352171.0,0.347,,,6,1073,0.192,mejorando,0.593,0.7,0.741997963067072,10.343179
149123573,Urbania,SAN MARTIN DE PORRES,150135,Calle Los Pinos,San Martín de Porres,230000.0,115.0,2000.0,3,1,0,0.0,1,2773.0,318895.0,0.279,,,6,1073,0.192,mejorando,0.593,0.7,0.741997963067072,10.343179
149391336,Urbania,SAN MARTIN DE PORRES,150135,Avenida Chuquitanta,San Martín de Porres,232000.0,81.0,2864.1975308641977,3,1,0,0.0,1,2773.0,224613.0,-0.033,,,6,1073,0.192,mejorando,0.593,0.7,0.741997963067072,10.343179
149554162,Urbania,SAN MARTIN DE PORRES,150135,Av. 10 de Junio 920,San Martín de Porres,235000.0,65.0,3615.3846153846152,3,2,1,0.0,1,2773.0,180245.0,-0.304,,,6,1073,0.192,mejorando,0.593,0.7,0.741997963067072,10.343179
149725853,Urbania,SAN MARTIN DE PORRES,150135,Urb. Residencial Vipol Naranjal MZ F Lt. 41,Vipol De Naranjal,236041.0,72.0,3278.347222222222,2,2,0,0.0,1,2773.0,199656.0,-0.182,,,6,1073,0.192,mejorando,0.593,0.7,0.741997963067072,10.343179
149695859,Urbania,SAN MARTIN DE PORRES,150135,Cinco,San Martín de Porres,238000.0,64.0,3718.75,3,2,0,0.0,1,2773.0,177472.0,-0.341,,,6,1073,0.192,mejorando,0.593,0.7,0.741997963067072,10.343179
148628054,Urbania,SAN MARTIN DE PORRES,150135,"0051, San Martín de Porres 15109, Perú",San Martín de Porres,241200.0,90.0,2680.0,2,1,0,0.0,10,2773.0,249570.0,0.034,,,6,1073,0.192,mejorando,0.593,0.7,0.741997963067072,10.343179
149456435,Urbania,SAN MARTIN DE PORRES,150135,calle 5 Mz H Lote 8,Los Jardines De Naranjal Et.2,245000.0,65.0,3769.230769230769,3,2,0,0.0,1,2773.0,180245.0,-0.359,,,6,1073,0.192,mejorando,0.593,0.7,0.741997963067072,10.343179
149733726,Urbania,SAN MARTIN DE PORRES,150135,Baca Flor,Ingenieria,248200.0,79.0,3141.772151898734,2,1,0,70.0,10,2773.0,219067.0,-0.133,,,6,1073,0.192,mejorando,0.593,0.7,0.741997963067072,10.343179
149133432,Urbania,SAN MARTIN DE PORRES,150135,Jiron Piedritas 301,Zarumilla,249380.0,90.0,2770.8888888888887,3,1,0,0.0,1,2773.0,249570.0,0.001,,,6,1073,0.192,mejorando,0.593,0.7,0.741997963067072,10.343179
148635133,Urbania,SAN MARTIN DE PORRES,150135,Avenida Alcides Carrión 280,San Martín de Porres,250000.0,78.0,3205.128205128205,3,2,0,0.0,1,2773.0,216294.0,-0.156,,,6,1073,0.192,mejorando,0.593,0.7,0.741997963067072,10.343179
147449997,Urbania,SAN MARTIN DE PORRES,150135,"AV. 12 DE Octubre, SMP",San Martín de Porres,250000.0,82.0,3048.7804878048782,3,2,0,0.0,1,2773.0,227386.0,-0.099,,,6,1073,0.192,mejorando,0.593,0.7,0.741997963067072,10.343179
148646507,Urbania,SAN MARTIN DE PORRES,150135,"Calle Jade, El Manantial, San Martín de Porres",San Martín de Porres,251250.0,87.0,2887.9310344827586,3,2,0,0.0,1,2773.0,241251.0,-0.041,,,6,1073,0.192,mejorando,0.593,0.7,0.741997963067072,10.343179
149803432,Urbania,SAN MARTIN DE PORRES,150135,Ampliación Los Portales de Chavín – 4ta Etapa - Mz D - Lote 13,Ampliacion Los Portales De Chavin Et.4,251850.0,66.0,3815.909090909091,2,1,0,0.0,1,2773.0,183018.0,-0.376,,,6,1073,0.192,mejorando,0.593,0.7,0.741997963067072,10.343179
148560483,Urbania,SAN MARTIN DE PORRES,150135,condominio paseo san martin,San Martín de Porres,257000.0,58.0,4431.0344827586205,3,2,1,140.0,1,2773.0,160834.0,-0.598,,,6,1073,0.192,mejorando,0.593,0.7,0.741997963067072,10.343179
147855267,Urbania,SAN MARTIN DE PORRES,150135,Calle 5 LOS Cedros DE Naranjal SAN Martin DE Porres,Los Cedros De Naranjal,258000.0,147.0,1755.1020408163265,3,2,0,0.0,1,2773.0,407631.0,0.367,,,6,1073,0.192,mejorando,0.593,0.7,0.741997963067072,10.343179
148082684,Urbania,SAN MARTIN DE PORRES,150135,"Asociación Santa Rosa De Piérola, Lt 8, San Martín De Porres",El Olivar,260000.0,94.0,2765.9574468085107,4,2,0,0.0,1,2773.0,260662.0,0.003,,,6,1073,0.192,mejorando,0.593,0.7,0.741997963067072,10.343179
149695000,Urbania,SAN MARTIN DE PORRES,150135,Felipe Cohaila,San German,261750.0,93.0,2814.516129032258,2,1,0,0.0,1,2773.0,257889.0,-0.015,,,6,1073,0.192,mejorando,0.593,0.7,0.741997963067072,10.343179
149747976,Urbania,SAN MARTIN DE PORRES,150135,Carlos Cabrera 805,San German,263250.0,100.0,2632.5,3,2,0,0.0,1,2773.0,277300.0,0.051,,,6,1073,0.192,mejorando,0.593,0.7,0.741997963067072,10.343179
149206816,Urbania,SAN MARTIN DE PORRES,150135,Av. Santa Rosa,Virgen De Fatima,264000.0,65.0,4061.5384615384614,3,2,0,0.0,1,2773.0,180245.0,-0.465,,,6,1073,0.192,mejorando,0.593,0.7,0.741997963067072,10.343179
148416013,Urbania,SAN MARTIN DE PORRES,150135,Los Alamos 127,San Martín de Porres,266030.0,89.0,2989.1011235955057,2,2,0,0.0,1,2773.0,246797.0,-0.078,,,6,1073,0.192,mejorando,0.593,0.7,0.741997963067072,10.343179
149634263,Urbania,SAN MARTIN DE PORRES,150135,"Jr, Venus Vipol - Narangal",Vipol De Naranjal,268000.0,96.0,2791.6666666666665,3,2,0,0.0,1,2773.0,266208.0,-0.007,,,6,1073,0.192,mejorando,0.593,0.7,0.741997963067072,10.343179
149830451,Urbania,SAN MARTIN DE PORRES,150135,Humboldt,San Martín de Porres,268000.0,132.0,2030.3030303030303,2,2,1,0.0,10,2773.0,366036.0,0.268,,,6,1073,0.192,mejorando,0.593,0.7,0.741997963067072,10.343179
149558560,Urbania,SAN MARTIN DE PORRES,150135,JR. LOS Diamantes,Rosario Del Norte,270000.0,69.0,3913.0434782608695,2,1,0,0.0,1,2773.0,191337.0,-0.411,,,6,1073,0.192,mejorando,0.593,0.7,0.741997963067072,10.343179
147185884,Urbania,SAN MARTIN DE PORRES,150135,Urb. Huerto Azul Mz. C Lote 10 Ref. Calle Los Jazmines con el Sol de Naranjal 10,San Martín de Porres,272000.0,117.0,2324.7863247863247,3,2,0,0.0,1,2773.0,324441.0,0.162,,,6,1073,0.192,mejorando,0.593,0.7,0.741997963067072,10.343179
149849005,Urbania,SAN MARTIN DE PORRES,150135,Calle Cinco,San Martín de Porres,275000.0,103.0,2669.902912621359,2,2,0,0.0,1,2773.0,285619.0,0.037,,,6,1073,0.192,mejorando,0.593,0.7,0.741997963067072,10.343179
149040841,Urbania,SAN MARTIN DE PORRES,150135,Santa Ana 744,San Diego,275340.0,111.0,2480.5405405405404,3,1,1,0.0,1,2773.0,307803.0,0.105,,,6,1073,0.192,mejorando,0.593,0.7,0.741997963067072,10.343179
149448186,Urbania,SAN MARTIN DE PORRES,150135,Agustín Gamarra 3310,San Martín de Porres,277500.0,95.0,2921.0526315789475,3,2,0,0.0,1,2773.0,263435.0,-0.053,,,6,1073,0.192,mejorando,0.593,0.7,0.741997963067072,10.343179
149871273,Urbania,SAN MARTIN DE PORRES,150135,Avenida Canta Callao,Las Brisas De Santa Rosa,280000.0,99.0,2828.282828282828,4,2,0,0.0,1,2773.0,274527.0,-0.02,,,6,1073,0.192,mejorando,0.593,0.7,0.741997963067072,10.343179
147525724,Urbania,SAN MARTIN DE PORRES,150135,condominio la rivera de san diego,San Martín de Porres,280000.0,86.0,3255.813953488372,4,3,0,0.0,1,2773.0,238478.0,-0.174,,,6,1073,0.192,mejorando,0.593,0.7,0.741997963067072,10.343179
149779353,Urbania,SAN MARTIN DE PORRES,150135,Mz.  A lote 30 EL HORIZONTE DE NARANJAL,San Martín de Porres,280360.0,126.0,2225.0793650793653,3,2,0,100.0,1,2773.0,349398.0,0.198,,,6,1073,0.192,mejorando,0.593,0.7,0.741997963067072,10.343179
149724463,Urbania,SAN MARTIN DE PORRES,150135,Carlos Cabrera 805,San German,280800.0,100.0,2808.0,3,2,0,0.0,1,2773.0,277300.0,-0.013,,,6,1073,0.192,mejorando,0.593,0.7,0.741997963067072,10.343179
149502270,Urbania,SAN MARTIN DE PORRES,150135,Corbeta Unión mz D Lote 28,San Francisco De Cayran,286620.0,115.0,2492.3478260869565,2,2,1,0.0,1,2773.0,318895.0,0.101,,,6,1073,0.192,mejorando,0.593,0.7,0.741997963067072,10.343179
148337949,Urbania,SAN MARTIN DE PORRES,150135,Urbanización El Pacífico - Smp,San Martín de Porres,287000.0,111.0,2585.5855855855857,3,1,0,0.0,1,2773.0,307803.0,0.068,,,6,1073,0.192,mejorando,0.593,0.7,0.741997963067072,10.343179
149695008,Urbania,SAN MARTIN DE PORRES,150135,Felipe Cohaila,San German,288207.0,93.0,3099.0,3,2,0,0.0,1,2773.0,257889.0,-0.118,,,6,1073,0.192,mejorando,0.593,0.7,0.741997963067072,10.343179
148906747,Urbania,SAN MARTIN DE PORRES,150135,Pasaje Huari,San Martín de Porres,293000.0,123.0,2382.1138211382113,4,2,0,0.0,10,2773.0,341079.0,0.141,,,6,1073,0.192,mejorando,0.593,0.7,0.741997963067072,10.343179
148900585,Urbania,SAN MARTIN DE PORRES,150135,Pasaje Huari,San Martín de Porres,293000.0,127.0,2307.0866141732286,4,2,0,0.0,1,2773.0,352171.0,0.168,,,6,1073,0.192,mejorando,0.593,0.7,0.741997963067072,10.343179
148906768,Urbania,SAN MARTIN DE PORRES,150135,Pasaje Huari,San Martín de Porres,293000.0,123.0,2382.1138211382113,4,2,0,0.0,1,2773.0,341079.0,0.141,,,6,1073,0.192,mejorando,0.593,0.7,0.741997963067072,10.343179
148819439,Urbania,SAN MARTIN DE PORRES,150135,"Av. Carlos Izaguirre 808, San Martín de Porres 15109",San Martín de Porres,295000.0,94.0,3138.2978723404253,3,2,0,0.0,1,2773.0,260662.0,-0.132,,,6,1073,0.192,mejorando,0.593,0.7,0.741997963067072,10.343179
147611711,Urbania,SAN MARTIN DE PORRES,150135,"San Martín de Porres 15103, Perú",San Martín de Porres,295840.0,101.0,2929.108910891089,3,2,0,0.0,10,2773.0,280073.0,-0.056,,,6,1073,0.192,mejorando,0.593,0.7,0.741997963067072,10.343179
145301381,Urbania,SAN MARTIN DE PORRES,150135,av. los alamos 127,San Martín de Porres,296535.0,91.0,3258.6263736263736,2,3,0,0.0,1,2773.0,252343.0,-0.175,,,6,1073,0.192,mejorando,0.593,0.7,0.741997963067072,10.343179
149223302,Urbania,SAN MARTIN DE PORRES,150135,Agustín Gamarra 3310,San Martín de Porres,297150.0,95.0,3127.8947368421054,3,2,0,0.0,1,2773.0,263435.0,-0.128,,,6,1073,0.192,mejorando,0.593,0.7,0.741997963067072,10.343179
149713414,Urbania,SAN MARTIN DE PORRES,150135,Carlos Cabrera 805,San German,298350.0,98.0,3044.387755102041,3,2,0,0.0,10,2773.0,271754.0,-0.098,,,6,1073,0.192,mejorando,0.593,0.7,0.741997963067072,10.343179
149420055,Urbania,SAN MARTIN DE PORRES,150135,Calle los topacios Mz B lote 38,San Martín de Porres,300585.0,145.0,2073.0,3,2,0,25.0,1,2773.0,402085.0,0.252,,,6,1073,0.192,mejorando,0.593,0.7,0.741997963067072,10.343179
145917512,Urbania,SAN MARTIN DE PORRES,150135,"Av. Alcides Vigo 1197, San Martín De Porres 15108, Perú",San Martín de Porres,300720.0,114.0,2637.8947368421054,3,2,0,0.0,1,2773.0,316122.0,0.049,,,6,1073,0.192,mejorando,0.593,0.7,0.741997963067072,10.343179
149002619,Urbania,SAN MARTIN DE PORRES,150135,Jirón Soto Martínez,San Martín de Porres,305128.0,113.0,2700.2477876106195,3,2,0,100.0,1,2773.0,313349.0,0.026,,,6,1073,0.192,mejorando,0.593,0.7,0.741997963067072,10.343179
148818204,Urbania,SAN MARTIN DE PORRES,150135,Carlos Cabrera  al 800,San Martín de Porres,307998.0,88.0,3499.9772727272725,3,2,0,0.0,1,2773.0,244024.0,-0.262,,,6,1073,0.192,mejorando,0.593,0.7,0.741997963067072,10.343179
149867273,Urbania,SAN MARTIN DE PORRES,150135,Calle 1,San Martín de Porres,309000.0,218.0,1417.4311926605506,3,2,0,0.0,1,2773.0,604514.0,0.489,,,6,1073,0.192,mejorando,0.593,0.7,0.741997963067072,10.343179
148440747,Urbania,SAN MARTIN DE PORRES,150135,Jiron Elias Aguirre,San Martín de Porres,309120.0,105.0,2944.0,3,2,1,0.0,1,2773.0,291165.0,-0.062,,,6,1073,0.192,mejorando,0.593,0.7,0.741997963067072,10.343179
148646506,Urbania,SAN MARTIN DE PORRES,150135,"Calle Jade, El Manantial, San Martín de Porres",San Martín de Porres,312480.0,87.0,3591.7241379310344,3,2,0,0.0,1,2773.0,241251.0,-0.295,,,6,1073,0.192,mejorando,0.593,0.7,0.741997963067072,10.343179
149815187,Urbania,SAN MARTIN DE PORRES,150135,AV Fray Bartolome DE LAS Casas Nº 550 Urb. LOS Jardines - SMP,San Martín de Porres,318320.0,99.0,3215.3535353535353,4,2,0,70.0,1,2773.0,274527.0,-0.16,,,6,1073,0.192,mejorando,0.593,0.7,0.741997963067072,10.343179
147954612,Urbania,SAN MARTIN DE PORRES,150135,2W37+MC4 San Martín de Porres,San Martín de Porres,320000.0,158.0,2025.3164556962026,3,2,1,0.0,1,2773.0,438134.0,0.27,,,6,1073,0.192,mejorando,0.593,0.7,0.741997963067072,10.343179
148301569,Urbania,SAN MARTIN DE PORRES,150135,Jiron Casma Asociacion de vivienda Los Nísperos San Martin de Porres,Los Nisperos Et.2,325500.0,124.0,2625.0,3,2,0,0.0,10,2773.0,343852.0,0.053,,,6,1073,0.192,mejorando,0.593,0.7,0.741997963067072,10.343179
149119926,Urbania,SAN MARTIN DE PORRES,150135,Jirón Pablo Verlaini,San Martín de Porres,326430.0,124.0,2632.5,4,3,0,0.0,1,2773.0,343852.0,0.051,,,6,1073,0.192,mejorando,0.593,0.7,0.741997963067072,10.343179
147568159,Urbania,SAN MARTIN DE PORRES,150135,Dario Valdizán 269,San Martín de Porres,327221.0,262.0,1248.9351145038167,5,2,0,0.0,1,2773.0,726526.0,0.55,,,6,1073,0.192,mejorando,0.593,0.7,0.741997963067072,10.343179
149115593,Urbania,SAN MARTIN DE PORRES,150135,JOSE DE LARREA Y LAREDO 448 (MZ. T LT. 12),San Martín de Porres,330000.0,119.0,2773.109243697479,3,2,0,0.0,1,2773.0,329987.0,-0.0,,,6,1073,0.192,mejorando,0.593,0.7,0.741997963067072,10.343179
149034311,Urbania,SAN MARTIN DE PORRES,150135,Av Izaguirre cruce con Av universitaria,San Martín de Porres,333000.0,99.0,3363.6363636363635,3,3,0,0.0,1,2773.0,274527.0,-0.213,,,6,1073,0.192,mejorando,0.593,0.7,0.741997963067072,10.343179
149493090,Urbania,SAN MARTIN DE PORRES,150135,José de la Riva Aguero,Condevilla,350000.0,110.0,3181.818181818182,3,2,0,0.0,1,2773.0,305030.0,-0.147,,,6,1073,0.192,mejorando,0.593,0.7,0.741997963067072,10.343179
148803825,Urbania,SAN MARTIN DE PORRES,150135,Av. Carlos Izaguirre 1815,San Martín de Porres,350700.0,90.0,3896.6666666666665,3,3,0,0.0,1,2773.0,249570.0,-0.405,,,6,1073,0.192,mejorando,0.593,0.7,0.741997963067072,10.343179
146961093,Urbania,SAN MARTIN DE PORRES,150135,Enrique La Rosa  al 100,San Martín de Porres,357380.0,190.0,1880.9473684210527,4,2,1,0.0,1,2773.0,526870.0,0.322,,,6,1073,0.192,mejorando,0.593,0.7,0.741997963067072,10.343179
148818264,Urbania,SAN MARTIN DE PORRES,150135,"Baca Flor 513, San Martín De Porres 15103, Perú",San Martín de Porres,365540.0,85.0,4300.470588235294,3,3,0,0.0,1,2773.0,235705.0,-0.551,,,6,1073,0.192,mejorando,0.593,0.7,0.741997963067072,10.343179
146701893,Urbania,SAN MARTIN DE PORRES,150135,Av. Los Olivos 902-986,San Martín de Porres,372000.0,145.0,2565.5172413793102,4,3,0,0.0,1,2773.0,402085.0,0.075,,,6,1073,0.192,mejorando,0.593,0.7,0.741997963067072,10.343179
149502563,Urbania,SAN MARTIN DE PORRES,150135,Ignacio Álvarez Thomas 3710,Condevilla,374000.0,135.0,2770.3703703703704,3,1,0,0.0,1,2773.0,374355.0,0.001,,,6,1073,0.192,mejorando,0.593,0.7,0.741997963067072,10.343179
147503469,Urbania,SAN MARTIN DE PORRES,150135,Santa María 430,San Martín de Porres,376923.0,171.0,2204.2280701754385,3,2,0,0.0,1,2773.0,474183.0,0.205,,,6,1073,0.192,mejorando,0.593,0.7,0.741997963067072,10.343179
149357162,Urbania,SAN MARTIN DE PORRES,150135,Constantino Caceres 469,San Amadeo De Garagay,378000.0,115.0,3286.9565217391305,2,2,1,15.0,1,2773.0,318895.0,-0.185,,,6,1073,0.192,mejorando,0.593,0.7,0.741997963067072,10.343179
149902237,Urbania,SAN MARTIN DE PORRES,150135,"Calle Coronel Manuel Ramírez Sica, Lote 42, Manzana A3, Urbanización Palao – Cuarta Etapa, San Martín de Porres.",San Martín de Porres,409500.0,110.0,3722.7272727272725,3,2,0,0.0,1,2773.0,305030.0,-0.342,,,6,1073,0.192,mejorando,0.593,0.7,0.741997963067072,10.343179
149029947,Urbania,SAN MARTIN DE PORRES,150135,Jr. las Peras 453,San Martín de Porres,420000.0,135.0,3111.1111111111113,3,1,0,0.0,1,2773.0,374355.0,-0.122,,,6,1073,0.192,mejorando,0.593,0.7,0.741997963067072,10.343179
148153338,Urbania,SAN MARTIN DE PORRES,150135,Auxiliar Av. Los Alisos 358	san Martin DE Porres,San Martín de Porres,427500.0,160.0,2671.875,4,1,0,0.0,1,2773.0,443680.0,0.036,,,6,1073,0.192,mejorando,0.593,0.7,0.741997963067072,10.343179
149030224,Urbania,SAN MARTIN DE PORRES,150135,Jr. las Peras 453,San Martín de Porres,437500.0,135.0,3240.740740740741,3,1,0,0.0,1,2773.0,374355.0,-0.169,,,6,1073,0.192,mejorando,0.593,0.7,0.741997963067072,10.343179
149014856,Urbania,SAN MARTIN DE PORRES,150135,Jirón Carlos Baca Flor,San Martín de Porres,442500.0,121.0,3657.0247933884298,3,2,0,0.0,1,2773.0,335533.0,-0.319,,,6,1073,0.192,mejorando,0.593,0.7,0.741997963067072,10.343179
147899976,Urbania,SAN MARTIN DE PORRES,150135,JR Pasco 3000,San Martín de Porres,444000.0,200.0,2220.0,3,2,0,0.0,1,2773.0,554600.0,0.199,,,6,1073,0.192,mejorando,0.593,0.7,0.741997963067072,10.343179
148889468,Urbania,SAN MARTIN DE PORRES,150135,Enrique Tovar 489,San Martín de Porres,451500.0,257.0,1756.8093385214008,5,4,0,0.0,1,2773.0,712661.0,0.366,,,6,1073,0.192,mejorando,0.593,0.7,0.741997963067072,10.343179
149030074,Urbania,SAN MARTIN DE PORRES,150135,Jr. las Peras 455,San Martín de Porres,479250.0,148.0,3238.175675675676,2,1,0,0.0,1,2773.0,410404.0,-0.168,,,6,1073,0.192,mejorando,0.593,0.7,0.741997963067072,10.343179
148318324,Urbania,SAN MARTIN DE PORRES,150135,Santa Carmela 218,Palao,484300.0,200.0,2421.5,3,2,1,0.0,1,2773.0,554600.0,0.127,,,6,1073,0.192,mejorando,0.593,0.7,0.741997963067072,10.343179
149453870,Urbania,SAN MARTIN DE PORRES,150135,Labarthe  al 400,Ingenieria,490000.0,123.0,3983.7398373983738,4,2,0,0.0,10,2773.0,341079.0,-0.437,,,6,1073,0.192,mejorando,0.593,0.7,0.741997963067072,10.343179
147022579,Urbania,SAN MARTIN DE PORRES,150135,AV. ALFREDO MENDIOLA 1576,Fiori,493000.0,179.0,2754.1899441340784,4,2,0,0.0,1,2773.0,496367.0,0.007,,,6,1073,0.192,mejorando,0.593,0.7,0.741997963067072,10.343179
148607796,Urbania,SAN MARTIN DE PORRES,150135,Los Algarrobos,San Martín de Porres,506600.0,245.0,2067.7551020408164,4,2,1,0.0,1,2773.0,679385.0,0.254,,,6,1073,0.192,mejorando,0.593,0.7,0.741997963067072,10.343179
146842247,Urbania,SAN MARTIN DE PORRES,150135,Jorge payet 456,San Martín de Porres,875000.0,200.0,4375.0,10,3,1,0.0,1,2773.0,554600.0,-0.578,,,6,1073,0.192,mejorando,0.593,0.7,0.741997963067072,10.343179
149428703,Urbania,SAN MIGUEL,150136,Av.costanera - Dpto Piso 10  con Vista al Mar,San Miguel,204000.0,37.0,5513.513513513513,1,1,0,1480.0,1,5853.0,216561.0,0.058,1637.33,,26,1624,0.194,mejorando,0.533,0.67,0.822400649705728,1.581726
149130617,Urbania,SAN MIGUEL,150136,"Calle SAN Martin, Urb. Miramar - SAN Miguel",San Miguel,213329.0,39.0,5469.974358974359,1,1,0,0.0,1,5853.0,228267.0,0.065,1637.33,,26,1624,0.194,mejorando,0.533,0.67,0.822400649705728,1.581726
149588514,Urbania,SAN MIGUEL,150136,Calle Pedrerías 164,San Miguel,238560.0,42.0,5680.0,1,1,0,0.0,1,5853.0,245826.0,0.03,1637.33,,26,1624,0.194,mejorando,0.533,0.67,0.822400649705728,1.581726
149008499,Urbania,SAN MIGUEL,150136,Av La Paz 118,San Miguel,240000.0,50.0,4800.0,2,2,0,200.0,1,5853.0,292650.0,0.18,1637.33,,26,1624,0.194,mejorando,0.533,0.67,0.822400649705728,1.581726
149765432,Urbania,SAN MIGUEL,150136,Calle Los Nazcas Cuadra 1,San Miguel,240000.0,35.0,6857.142857142857,1,1,0,0.0,1,5853.0,204855.0,-0.172,1637.33,,26,1624,0.194,mejorando,0.533,0.67,0.822400649705728,1.581726
149724431,Urbania,SAN MIGUEL,150136,Pacamarca,Maranga,240000.0,40.0,6000.0,1,1,0,100.0,1,5853.0,234120.0,-0.025,1637.33,,26,1624,0.194,mejorando,0.533,0.67,0.822400649705728,1.581726
149106535,Urbania,SAN MIGUEL,150136,Calle Los Nazcas al 100,San Miguel,244000.0,35.0,6971.428571428572,1,1,0,0.0,10,5853.0,204855.0,-0.191,1637.33,,26,1624,0.194,mejorando,0.533,0.67,0.822400649705728,1.581726
145573442,Urbania,SAN MIGUEL,150136,Departamento de 1 Dormitorio en San Miguel Cerca a la Av. Costanera,San Miguel,244000.0,30.0,8133.333333333333,1,1,0,0.0,1,5853.0,175590.0,-0.39,1637.33,,26,1624,0.194,mejorando,0.533,0.67,0.822400649705728,1.581726
147860018,Urbania,SAN MIGUEL,150136,Av. Andrés Rázuri 206,San Miguel,246587.0,33.0,7472.333333333333,1,1,0,0.0,1,5853.0,193149.0,-0.277,1637.33,,26,1624,0.194,mejorando,0.533,0.67,0.822400649705728,1.581726
149115211,Urbania,SAN MIGUEL,150136,Francisca Zubiaga al 300,San Miguel,255000.0,42.0,6071.428571428572,1,1,0,0.0,1,5853.0,245826.0,-0.037,1637.33,,26,1624,0.194,mejorando,0.533,0.67,0.822400649705728,1.581726
148675099,Urbania,SAN MIGUEL,150136,"Av DE LOS Patriotas N° 4xx, Dpto. 305 AL 505",San Miguel,255447.0,40.0,6386.175,1,1,1,0.0,1,5853.0,234120.0,-0.091,1637.33,,26,1624,0.194,mejorando,0.533,0.67,0.822400649705728,1.581726
149643334,Urbania,SAN MIGUEL,150136,Av. Monseñor Jorge Dintilhac 309,Pando,260000.0,58.0,4482.758620689655,1,1,0,0.0,1,5853.0,339474.0,0.234,1637.33,,26,1624,0.194,mejorando,0.533,0.67,0.822400649705728,1.581726
149887677,Urbania,SAN MIGUEL,150136,Av. Costanera 2210,Miramar,260000.0,40.0,6500.0,1,1,0,150.0,1,5853.0,234120.0,-0.111,1637.33,,26,1624,0.194,mejorando,0.533,0.67,0.822400649705728,1.581726
148190753,Urbania,SAN MIGUEL,150136,Coronel Inclan 177,Miramar,266000.0,67.0,3970.1492537313434,2,2,0,140.0,1,5853.0,392151.0,0.322,1637.33,,26,1624,0.194,mejorando,0.533,0.67,0.822400649705728,1.581726
149870094,Urbania,SAN MIGUEL,150136,Parque De La Medalla Milagrosa,San Miguel,270000.0,36.0,7500.0,1,1,0,180.0,1,5853.0,210708.0,-0.281,1637.33,,26,1624,0.194,mejorando,0.533,0.67,0.822400649705728,1.581726
147791674,Urbania,SAN MIGUEL,150136,AV Andrez Razuri 344,San Miguel,274500.0,47.0,5840.425531914893,1,1,0,150.0,1,5853.0,275091.0,0.002,1637.33,,26,1624,0.194,mejorando,0.533,0.67,0.822400649705728,1.581726
149866302,Urbania,SAN MIGUEL,150136,Jirón Arica,San Miguel,275760.0,36.0,7660.0,3,2,0,0.0,1,5853.0,210708.0,-0.309,1637.33,,26,1624,0.194,mejorando,0.533,0.67,0.822400649705728,1.581726
149470670,Urbania,SAN MIGUEL,150136,Jr. Libertad,San Miguel,278000.0,70.0,3971.4285714285716,2,2,0,70.0,1,5853.0,409710.0,0.321,1637.33,,26,1624,0.194,mejorando,0.533,0.67,0.822400649705728,1.581726
4641363,Urbania,SAN MIGUEL,150136,Malecón Bertolotto 850,San Miguel,280000.0,40.0,7000.0,1,1,0,200.0,1,5853.0,234120.0,-0.196,1637.33,,26,1624,0.194,mejorando,0.533,0.67,0.822400649705728,1.581726
148465891,Urbania,SAN MIGUEL,150136,Av. Costanera 150,Miramar,280000.0,65.0,4307.692307692308,3,2,0,230.0,1,5853.0,380445.0,0.264,1637.33,,26,1624,0.194,mejorando,0.533,0.67,0.822400649705728,1.581726
148780478,Urbania,SAN MIGUEL,150136,Universitaria al 300,San Miguel,287229.0,38.0,7558.6578947368425,1,1,0,0.0,1,5853.0,222414.0,-0.291,1637.33,,26,1624,0.194,mejorando,0.533,0.67,0.822400649705728,1.581726
149738355,Urbania,SAN MIGUEL,150136,"Calle SAN Martin, Urb. Miramar - SAN Miguel",San Miguel,289657.0,63.0,4597.730158730159,2,2,0,0.0,1,5853.0,368739.0,0.214,1637.33,,26,1624,0.194,mejorando,0.533,0.67,0.822400649705728,1.581726
149077207,Urbania,SAN MIGUEL,150136,Av. Bertolotto 600,San Miguel,290000.0,47.0,6170.212765957447,1,1,1,200.0,10,5853.0,275091.0,-0.054,1637.33,,26,1624,0.194,mejorando,0.533,0.67,0.822400649705728,1.581726
147910133,Urbania,SAN MIGUEL,150136,Calle Munaysenca San Miguel,San Miguel,292500.0,44.0,6647.727272727273,1,1,0,0.0,1,5853.0,257532.0,-0.136,1637.33,,26,1624,0.194,mejorando,0.533,0.67,0.822400649705728,1.581726
147788304,Urbania,SAN MIGUEL,150136,av. Universitaria 2011,Pando,299040.0,57.0,5246.315789473684,2,2,0,0.0,1,5853.0,333621.0,0.104,1637.33,,26,1624,0.194,mejorando,0.533,0.67,0.822400649705728,1.581726
149242705,Urbania,SAN MIGUEL,150136,Av. Libertad,Maranga Etapa Iii,299990.0,55.0,5454.363636363636,2,2,0,0.0,10,5853.0,321915.0,0.068,1637.33,,26,1624,0.194,mejorando,0.533,0.67,0.822400649705728,1.581726
149781127,Urbania,SAN MIGUEL,150136,Av. La Paz 990,San Miguel,300000.0,67.0,4477.611940298508,3,2,0,150.0,1,5853.0,392151.0,0.235,1637.33,,26,1624,0.194,mejorando,0.533,0.67,0.822400649705728,1.581726
148319485,Urbania,SAN MIGUEL,150136,JR. Nicolas DE Pierola SAN Miguel,San Miguel,304200.0,70.0,4345.714285714285,3,2,0,80.0,1,5853.0,409710.0,0.258,1637.33,,26,1624,0.194,mejorando,0.533,0.67,0.822400649705728,1.581726
149612496,Urbania,SAN MIGUEL,150136,Fray Luis de Leon,San Miguel,305300.0,49.0,6230.6122448979595,2,2,0,0.0,1,5853.0,286797.0,-0.065,1637.33,,26,1624,0.194,mejorando,0.533,0.67,0.822400649705728,1.581726
145340778,Urbania,SAN MIGUEL,150136,"Av. Precursores, San Miguel",San Miguel,308000.0,83.0,3710.843373493976,3,1,0,0.0,1,5853.0,485799.0,0.366,1637.33,,26,1624,0.194,mejorando,0.533,0.67,0.822400649705728,1.581726
149847184,Urbania,SAN MIGUEL,150136,Av. Rafael Escardo  al 600,San Miguel,309000.0,41.0,7536.585365853659,1,1,1,230.0,1,5853.0,239973.0,-0.288,1637.33,,26,1624,0.194,mejorando,0.533,0.67,0.822400649705728,1.581726
149421365,Urbania,SAN MIGUEL,150136,Talambo,San Miguel,312000.0,64.0,4875.0,2,1,1,0.0,1,5853.0,374592.0,0.167,1637.33,,26,1624,0.194,mejorando,0.533,0.67,0.822400649705728,1.581726
149052884,Urbania,SAN MIGUEL,150136,Av. La Paz 118,Miramar,315000.0,50.0,6300.0,2,2,0,160.0,1,5853.0,292650.0,-0.076,1637.33,,26,1624,0.194,mejorando,0.533,0.67,0.822400649705728,1.581726
149825788,Urbania,SAN MIGUEL,150136,Avenida de los Patriotas,San Miguel,315000.0,56.0,5625.0,1,1,0,0.0,1,5853.0,327768.0,0.039,1637.33,,26,1624,0.194,mejorando,0.533,0.67,0.822400649705728,1.581726
148171363,Urbania,SAN MIGUEL,150136,Av Venezuela  5335,San Miguel,315000.0,62.0,5080.645161290323,2,2,0,0.0,1,5853.0,362886.0,0.132,1637.33,,26,1624,0.194,mejorando,0.533,0.67,0.822400649705728,1.581726
149380196,Urbania,SAN MIGUEL,150136,Calle San Martín 130,San Miguel,315549.0,72.0,4382.625,3,2,0,350.0,1,5853.0,421416.0,0.251,1637.33,,26,1624,0.194,mejorando,0.533,0.67,0.822400649705728,1.581726
147707182,Urbania,SAN MIGUEL,150136,AVENIDA TACNA 505,San Miguel,319500.0,66.0,4840.909090909091,2,2,0,150.0,1,5853.0,386298.0,0.173,1637.33,,26,1624,0.194,mejorando,0.533,0.67,0.822400649705728,1.581726
149265835,Urbania,SAN MIGUEL,150136,Talambo,San Miguel,320000.0,65.0,4923.076923076923,2,2,0,0.0,1,5853.0,380445.0,0.159,1637.33,,26,1624,0.194,mejorando,0.533,0.67,0.822400649705728,1.581726
149594889,Urbania,SAN MIGUEL,150136,Talambo 121,San Miguel,320000.0,65.0,4923.076923076923,2,2,0,0.0,1,5853.0,380445.0,0.159,1637.33,,26,1624,0.194,mejorando,0.533,0.67,0.822400649705728,1.581726
149846168,Urbania,SAN MIGUEL,150136,San Miguel,San Miguel,320000.0,65.0,4923.076923076923,2,2,1,0.0,1,5853.0,380445.0,0.159,1637.33,,26,1624,0.194,mejorando,0.533,0.67,0.822400649705728,1.581726
149578781,Urbania,SAN MIGUEL,150136,Chinchaysuyo,San Miguel,320000.0,60.0,5333.333333333333,2,2,0,180.0,1,5853.0,351180.0,0.089,1637.33,,26,1624,0.194,mejorando,0.533,0.67,0.822400649705728,1.581726
146567148,Urbania,SAN MIGUEL,150136,calle talambo,San Miguel,320000.0,64.0,5000.0,2,2,1,0.0,1,5853.0,374592.0,0.146,1637.33,,26,1624,0.194,mejorando,0.533,0.67,0.822400649705728,1.581726
147857625,Urbania,SAN MIGUEL,150136,"Ca. Fray Martin de Murúa, San Miguel",San Miguel,320200.0,44.0,7277.272727272727,1,1,1,0.0,1,5853.0,257532.0,-0.243,1637.33,,26,1624,0.194,mejorando,0.533,0.67,0.822400649705728,1.581726
144211777,Urbania,SAN MIGUEL,150136,"Av LA PAZ N° 8xx, Dpto. 304 AL 704 A",San Miguel,320870.0,57.0,5629.298245614035,2,2,1,0.0,1,5853.0,333621.0,0.038,1637.33,,26,1624,0.194,mejorando,0.533,0.67,0.822400649705728,1.581726
148209668,Urbania,SAN MIGUEL,150136,los Yungas 270,San Miguel,322000.0,61.0,5278.688524590164,2,2,1,0.0,1,5853.0,357033.0,0.098,1637.33,,26,1624,0.194,mejorando,0.533,0.67,0.822400649705728,1.581726
149383946,Urbania,SAN MIGUEL,150136,los Pinos 267 al 400,Pando Etapa Iv,322575.0,70.0,4608.214285714285,3,3,0,0.0,1,5853.0,409710.0,0.213,1637.33,,26,1624,0.194,mejorando,0.533,0.67,0.822400649705728,1.581726
148904856,Urbania,SAN MIGUEL,150136,Av. Venezuela,San Miguel,323000.0,67.0,4820.895522388059,2,2,0,0.0,1,5853.0,392151.0,0.176,1637.33,,26,1624,0.194,mejorando,0.533,0.67,0.822400649705728,1.581726
149318178,Urbania,SAN MIGUEL,150136,Av. La Paz,San Miguel,324110.0,58.0,5588.103448275862,2,2,0,0.0,1,5853.0,339474.0,0.045,1637.33,,26,1624,0.194,mejorando,0.533,0.67,0.822400649705728,1.581726
149306122,Urbania,SAN MIGUEL,150136,Jirón Manco II Número 145 Urbanización Maranga,San Miguel,328838.0,45.0,7307.511111111111,1,1,1,220.0,1,5853.0,263385.0,-0.249,1637.33,,26,1624,0.194,mejorando,0.533,0.67,0.822400649705728,1.581726
148522228,Urbania,SAN MIGUEL,150136,"Calle Chacabuco 180, San Miguel",San Miguel,329923.0,69.0,4781.492753623188,3,2,0,180.0,1,5853.0,403857.0,0.183,1637.33,,26,1624,0.194,mejorando,0.533,0.67,0.822400649705728,1.581726
149747863,Urbania,SAN MIGUEL,150136,Av Carmenca al 170,San Miguel,330000.0,74.0,4459.459459459459,3,2,1,150.0,1,5853.0,433122.0,0.238,1637.33,,26,1624,0.194,mejorando,0.533,0.67,0.822400649705728,1.581726
149716348,Urbania,SAN MIGUEL,150136,Conjunto Habitacional Julio C. Tello,San Miguel,332500.0,87.0,3821.8390804597702,3,2,1,80.0,1,5853.0,509211.0,0.347,1637.33,,26,1624,0.194,mejorando,0.533,0.67,0.822400649705728,1.581726
145178852,Urbania,SAN MIGUEL,150136,Av Los Precursores,San Miguel,334000.0,51.0,6549.019607843137,1,1,1,0.0,1,5853.0,298503.0,-0.119,1637.33,,26,1624,0.194,mejorando,0.533,0.67,0.822400649705728,1.581726
149431197,Urbania,SAN MIGUEL,150136,Calle 16 180,San Miguel,339000.0,75.0,4520.0,3,2,0,250.0,1,5853.0,438975.0,0.228,1637.33,,26,1624,0.194,mejorando,0.533,0.67,0.822400649705728,1.581726
147613764,Urbania,SAN MIGUEL,150136,"Av Universitaria N° 3xx, Dpto. 205 AL 2205",San Miguel,339603.0,55.0,6174.6,2,2,0,0.0,1,5853.0,321915.0,-0.055,1637.33,,26,1624,0.194,mejorando,0.533,0.67,0.822400649705728,1.581726
149779274,Urbania,SAN MIGUEL,150136,Avenida La Paz 118,Miramar,340000.0,76.0,4473.684210526316,2,2,0,200.0,1,5853.0,444828.0,0.236,1637.33,,26,1624,0.194,mejorando,0.533,0.67,0.822400649705728,1.581726
149100547,Urbania,SAN MIGUEL,150136,Avenida Costanera,San Miguel,340000.0,78.0,4358.974358974359,3,2,0,280.0,1,5853.0,456534.0,0.255,1637.33,,26,1624,0.194,mejorando,0.533,0.67,0.822400649705728,1.581726
149813945,Urbania,SAN MIGUEL,150136,AV LA PAZ al 100,San Miguel,340000.0,76.0,4473.684210526316,2,2,0,200.0,1,5853.0,444828.0,0.236,1637.33,,26,1624,0.194,mejorando,0.533,0.67,0.822400649705728,1.581726
149475857,Urbania,SAN MIGUEL,150136,Av. de los Patriotas 186,San Miguel,342000.0,75.0,4560.0,3,2,0,200.0,1,5853.0,438975.0,0.221,1637.33,,26,1624,0.194,mejorando,0.533,0.67,0.822400649705728,1.581726
149826505,Urbania,SAN MIGUEL,150136,Av. Libertad 1380,Miramar,344000.0,82.0,4195.121951219512,3,2,0,180.0,10,5853.0,479946.0,0.283,1637.33,,26,1624,0.194,mejorando,0.533,0.67,0.822400649705728,1.581726
147440419,Urbania,SAN MIGUEL,150136,Av. La Paz 1147 San Miguel,San Miguel,345850.0,58.0,5962.931034482759,2,2,0,200.0,1,5853.0,339474.0,-0.019,1637.33,,26,1624,0.194,mejorando,0.533,0.67,0.822400649705728,1.581726
147860151,Urbania,SAN MIGUEL,150136,Av. Andrés Rázuri 206,San Miguel,346439.0,52.0,6662.288461538462,2,2,0,0.0,1,5853.0,304356.0,-0.138,1637.33,,26,1624,0.194,mejorando,0.533,0.67,0.822400649705728,1.581726
148350789,Urbania,SAN MIGUEL,150136,COSTANERA 2900,San Miguel,349000.0,63.0,5539.68253968254,2,2,1,250.0,1,5853.0,368739.0,0.054,1637.33,,26,1624,0.194,mejorando,0.533,0.67,0.822400649705728,1.581726
149491224,Urbania,SAN MIGUEL,150136,Av. Costanera  al 2200,San Miguel,349650.0,76.0,4600.6578947368425,3,2,0,200.0,1,5853.0,444828.0,0.214,1637.33,,26,1624,0.194,mejorando,0.533,0.67,0.822400649705728,1.581726
149191174,Urbania,SAN MIGUEL,150136,San Miguel,Maranga,349748.0,57.0,6135.929824561404,2,2,0,200.0,1,5853.0,333621.0,-0.048,1637.33,,26,1624,0.194,mejorando,0.533,0.67,0.822400649705728,1.581726
149685604,Urbania,SAN MIGUEL,150136,Av. Costanera 2560,San Miguel,350000.0,39.0,8974.358974358975,1,1,0,0.0,1,5853.0,228267.0,-0.533,1637.33,,26,1624,0.194,mejorando,0.533,0.67,0.822400649705728,1.581726
149582335,Urbania,SAN MIGUEL,150136,Avenida Brigida Silva de Ochoa 181,Plaza del Pacífico,350000.0,75.0,4666.666666666667,3,2,0,150.0,1,5853.0,438975.0,0.203,1637.33,,26,1624,0.194,mejorando,0.533,0.67,0.822400649705728,1.581726
149781630,Urbania,SAN MIGUEL,150136,Av. de los Patriotas 155,San Miguel,350000.0,74.0,4729.72972972973,3,2,0,0.0,1,5853.0,433122.0,0.192,1637.33,,26,1624,0.194,mejorando,0.533,0.67,0.822400649705728,1.581726
148883803,Urbania,SAN MIGUEL,150136,Av. La Paz 2127,San Miguel,351415.0,61.0,5760.901639344263,3,2,1,0.0,1,5853.0,357033.0,0.016,1637.33,,26,1624,0.194,mejorando,0.533,0.67,0.822400649705728,1.581726
148331795,Urbania,SAN MIGUEL,150136,Calle Carmenca  al 100,San Miguel,352000.0,56.0,6285.714285714285,3,2,0,0.0,1,5853.0,327768.0,-0.074,1637.33,,26,1624,0.194,mejorando,0.533,0.67,0.822400649705728,1.581726
146608775,Urbania,SAN MIGUEL,150136,Av. de los Patriotas,San Miguel,352700.0,52.0,6782.692307692308,2,2,0,150.0,1,5853.0,304356.0,-0.159,1637.33,,26,1624,0.194,mejorando,0.533,0.67,0.822400649705728,1.581726
149672550,Urbania,SAN MIGUEL,150136,Av. Venezuela 5355,San Miguel,355000.0,77.0,4610.38961038961,4,3,0,200.0,1,5853.0,450681.0,0.212,1637.33,,26,1624,0.194,mejorando,0.533,0.67,0.822400649705728,1.581726
147332131,Urbania,SAN MIGUEL,150136,costanera 824,San Miguel,356250.0,140.0,2544.6428571428573,3,2,0,0.0,1,5853.0,819420.0,0.565,1637.33,,26,1624,0.194,mejorando,0.533,0.67,0.822400649705728,1.581726
147613783,Urbania,SAN MIGUEL,150136,"Av Universitaria N° 3xx, Dpto. 306 AL 1106",San Miguel,356913.0,64.0,5576.765625,2,2,0,0.0,1,5853.0,374592.0,0.047,1637.33,,26,1624,0.194,mejorando,0.533,0.67,0.822400649705728,1.581726
147440411,Urbania,SAN MIGUEL,150136,av la paz 1150,San Miguel,358000.0,58.0,6172.413793103448,2,2,0,180.0,1,5853.0,339474.0,-0.055,1637.33,,26,1624,0.194,mejorando,0.533,0.67,0.822400649705728,1.581726
149415496,Urbania,SAN MIGUEL,150136,Av. La Paz,San Miguel,359090.0,65.0,5524.461538461538,3,2,0,0.0,1,5853.0,380445.0,0.056,1637.33,,26,1624,0.194,mejorando,0.533,0.67,0.822400649705728,1.581726
149635296,Urbania,SAN MIGUEL,150136,Andrés Castelo Mz.D - Lt.1,San Miguel,360150.0,65.0,5540.7692307692305,2,2,0,0.0,1,5853.0,380445.0,0.053,1637.33,,26,1624,0.194,mejorando,0.533,0.67,0.822400649705728,1.581726
149266090,Urbania,SAN MIGUEL,150136,"Av. Jose de la Riva Aguero, San Miguel",San Miguel,360461.0,59.0,6109.5084745762715,2,2,0,250.0,1,5853.0,345327.0,-0.044,1637.33,,26,1624,0.194,mejorando,0.533,0.67,0.822400649705728,1.581726
148837861,Urbania,SAN MIGUEL,150136,Calle Mercedes Gallagher al 300,San Miguel,362000.0,58.0,6241.379310344828,2,2,0,300.0,1,5853.0,339474.0,-0.066,1637.33,,26,1624,0.194,mejorando,0.533,0.67,0.822400649705728,1.581726
149635091,Urbania,SAN MIGUEL,150136,Calle Manuel Estacio,Pando,363000.0,70.0,5185.714285714285,3,2,0,230.0,1,5853.0,409710.0,0.114,1637.33,,26,1624,0.194,mejorando,0.533,0.67,0.822400649705728,1.581726
144212106,Urbania,SAN MIGUEL,150136,"Av LA PAZ N° 8xx, Dpto. 307 AL 507 A",San Miguel,364000.0,65.0,5600.0,3,2,0,0.0,10,5853.0,380445.0,0.043,1637.33,,26,1624,0.194,mejorando,0.533,0.67,0.822400649705728,1.581726
147788306,Urbania,SAN MIGUEL,150136,av. Universitaria,San Miguel,365000.0,51.0,7156.862745098039,2,2,0,0.0,1,5853.0,298503.0,-0.223,1637.33,,26,1624,0.194,mejorando,0.533,0.67,0.822400649705728,1.581726
149274120,Urbania,SAN MIGUEL,150136,Puquina 100,San Miguel,367200.0,77.0,4768.831168831169,3,2,0,170.0,1,5853.0,450681.0,0.185,1637.33,,26,1624,0.194,mejorando,0.533,0.67,0.822400649705728,1.581726
149748780,Urbania,SAN MIGUEL,150136,Condominio Los Prados de San Miguel,Los Prados de San Miguel,368000.0,80.0,4600.0,3,2,0,250.0,1,5853.0,468240.0,0.214,1637.33,,26,1624,0.194,mejorando,0.533,0.67,0.822400649705728,1.581726
146979230,Urbania,SAN MIGUEL,150136,Av. Los Patriotas,Maranga,369000.0,75.0,4920.0,3,2,1,150.0,1,5853.0,438975.0,0.159,1637.33,,26,1624,0.194,mejorando,0.533,0.67,0.822400649705728,1.581726
149468184,Urbania,SAN MIGUEL,150136,Avenida del Pacífico 180,Parques De La Huaca Etapa 3,369500.0,86.0,4296.511627906977,4,2,0,170.0,1,5853.0,503358.0,0.266,1637.33,,26,1624,0.194,mejorando,0.533,0.67,0.822400649705728,1.581726
149721981,Urbania,SAN MIGUEL,150136,Aviación al 100,San Miguel,369810.0,60.0,6163.5,2,2,0,0.0,1,5853.0,351180.0,-0.053,1637.33,,26,1624,0.194,mejorando,0.533,0.67,0.822400649705728,1.581726
149266016,Urbania,SAN MIGUEL,150136,Talambo,San Miguel,370000.0,75.0,4933.333333333333,3,2,1,0.0,1,5853.0,438975.0,0.157,1637.33,,26,1624,0.194,mejorando,0.533,0.67,0.822400649705728,1.581726
143259421,Urbania,SAN MIGUEL,150136,"Jr. Mariscal Ramón Castilla 740, San Miguel",San Miguel,370000.0,54.0,6851.851851851852,2,2,0,0.0,1,5853.0,316062.0,-0.171,1637.33,,26,1624,0.194,mejorando,0.533,0.67,0.822400649705728,1.581726
66268571,Urbania,SAN MIGUEL,150136,Calle Manco Segundo,San Miguel,371553.0,58.0,6406.086206896552,3,2,1,130.0,1,5853.0,339474.0,-0.094,1637.33,,26,1624,0.194,mejorando,0.533,0.67,0.822400649705728,1.581726
147947378,Urbania,SAN MIGUEL,150136,"Av Costanera, San Miguel",San Miguel,374000.0,84.0,4452.380952380952,3,2,0,180.0,1,5853.0,491652.0,0.239,1637.33,,26,1624,0.194,mejorando,0.533,0.67,0.822400649705728,1.581726
149258507,Urbania,SAN MIGUEL,150136,Calle Padre Urracar Cdra2,Maranga,374000.0,68.0,5500.0,2,2,1,0.0,1,5853.0,398004.0,0.06,1637.33,,26,1624,0.194,mejorando,0.533,0.67,0.822400649705728,1.581726
148964858,Urbania,SAN MIGUEL,150136,Jr Francisco Bolognesi 831   San Miguel,San Miguel,374000.0,78.0,4794.871794871795,3,2,1,0.0,1,5853.0,456534.0,0.181,1637.33,,26,1624,0.194,mejorando,0.533,0.67,0.822400649705728,1.581726
148526282,Urbania,SAN MIGUEL,150136,Calle Mollocmarca 376 San Miguel,San Miguel,375000.0,71.0,5281.69014084507,2,2,0,0.0,1,5853.0,415563.0,0.098,1637.33,,26,1624,0.194,mejorando,0.533,0.67,0.822400649705728,1.581726
148609316,Urbania,SAN MIGUEL,150136,Avenida Andrés Rázuri,Maranga Etapa Ii,375000.0,79.0,4746.835443037975,2,2,0,200.0,7,5853.0,462387.0,0.189,1637.33,,26,1624,0.194,mejorando,0.533,0.67,0.822400649705728,1.581726
149401537,Urbania,SAN MIGUEL,150136,DEPARTAMENTO DE 87 M² / 02  DORMITORIOS /  RECIEN RENOVADO,Pando,375000.0,87.0,4310.3448275862065,2,1,0,0.0,1,5853.0,509211.0,0.264,1637.33,,26,1624,0.194,mejorando,0.533,0.67,0.822400649705728,1.581726
149581033,Urbania,SAN MIGUEL,150136,Jirón Coronel Francisco Bolognesi 839,San Miguel,375500.0,69.0,5442.028985507246,3,3,0,200.0,1,5853.0,403857.0,0.07,1637.33,,26,1624,0.194,mejorando,0.533,0.67,0.822400649705728,1.581726
146926282,Urbania,SAN MIGUEL,150136,Calle Trinidad María Enríquez - San Miguel,Udima,377400.0,62.0,6087.096774193548,2,2,1,0.0,1,5853.0,362886.0,-0.04,1637.33,,26,1624,0.194,mejorando,0.533,0.67,0.822400649705728,1.581726
147791934,Urbania,SAN MIGUEL,150136,Calle Carmenca san Miguel Lima,Maranga,378000.0,62.0,6096.774193548387,2,1,0,350.0,1,5853.0,362886.0,-0.042,1637.33,,26,1624,0.194,mejorando,0.533,0.67,0.822400649705728,1.581726
148755462,Urbania,SAN MIGUEL,150136,Pasaje Isla de Corcovado  al 247,San Miguel,378884.0,96.0,3946.7083333333335,3,2,0,0.0,1,5853.0,561888.0,0.326,1637.33,,26,1624,0.194,mejorando,0.533,0.67,0.822400649705728,1.581726
149613919,Urbania,SAN MIGUEL,150136,Puquina 115,Los Prados de San Miguel,379000.0,79.0,4797.46835443038,3,2,0,220.0,1,5853.0,462387.0,0.18,1637.33,,26,1624,0.194,mejorando,0.533,0.67,0.822400649705728,1.581726
147856806,Urbania,SAN MIGUEL,150136,"Venta de Dpto. Calle Collasuyo 299 , San Miguel",Maranga Etapa Iv,379500.0,58.0,6543.103448275862,1,1,1,350.0,1,5853.0,339474.0,-0.118,1637.33,,26,1624,0.194,mejorando,0.533,0.67,0.822400649705728,1.581726
147791669,Urbania,SAN MIGUEL,150136,AV Andres Razuri 357 SAN Miguel,Maranga,380000.0,72.0,5277.777777777777,3,2,0,100.0,1,5853.0,421416.0,0.098,1637.33,,26,1624,0.194,mejorando,0.533,0.67,0.822400649705728,1.581726
149621371,Urbania,SAN MIGUEL,150136,Av. Costanera 1690,Miramar,380000.0,72.0,5277.777777777777,3,2,1,200.0,1,5853.0,421416.0,0.098,1637.33,,26,1624,0.194,mejorando,0.533,0.67,0.822400649705728,1.581726
149460977,Urbania,SAN MIGUEL,150136,Av. Costanera 980,Miramar,380000.0,62.0,6129.032258064516,1,2,0,185.0,1,5853.0,362886.0,-0.047,1637.33,,26,1624,0.194,mejorando,0.533,0.67,0.822400649705728,1.581726
148601807,Urbania,SAN MIGUEL,150136,Jr. Federico Gallese Tarichi al 900,San Miguel,380160.0,76.0,5002.105263157895,3,2,0,0.0,1,5853.0,444828.0,0.145,1637.33,,26,1624,0.194,mejorando,0.533,0.67,0.822400649705728,1.581726
149085828,Urbania,SAN MIGUEL,150136,Av. Costanera - Departamento en Venta Planos - Ideal Para Inversionistas!!,San Miguel,384300.0,61.0,6300.0,3,2,1,190.0,1,5853.0,357033.0,-0.076,1637.33,,26,1624,0.194,mejorando,0.533,0.67,0.822400649705728,1.581726
147850856,Urbania,SAN MIGUEL,150136,av faucett 571 sanmiguel,Elmer Faucett,385000.0,94.0,4095.744680851064,3,2,0,150.0,1,5853.0,550182.0,0.3,1637.33,,26,1624,0.194,mejorando,0.533,0.67,0.822400649705728,1.581726
147306686,Urbania,SAN MIGUEL,150136,Jr. Crnel. Francisco Bolognesi,Las Torres De San Miguelito,385000.0,90.0,4277.777777777777,3,1,0,120.0,1,5853.0,526770.0,0.269,1637.33,,26,1624,0.194,mejorando,0.533,0.67,0.822400649705728,1.581726
149562609,Urbania,SAN MIGUEL,150136,Jr. Contisuyo  al 200,Maranga Etapa Iv,385000.0,60.0,6416.666666666667,2,2,0,250.0,1,5853.0,351180.0,-0.096,1637.33,,26,1624,0.194,mejorando,0.533,0.67,0.822400649705728,1.581726
149112877,Urbania,SAN MIGUEL,150136,Calle Pumacurco 311 San Miguel,San Miguel,390000.0,59.0,6610.169491525424,2,2,0,0.0,10,5853.0,345327.0,-0.129,1637.33,,26,1624,0.194,mejorando,0.533,0.67,0.822400649705728,1.581726
148978207,Urbania,SAN MIGUEL,150136,Calle Aviación 170,San Miguel,390000.0,71.0,5492.957746478874,3,2,1,320.0,10,5853.0,415563.0,0.062,1637.33,,26,1624,0.194,mejorando,0.533,0.67,0.822400649705728,1.581726
146436763,Urbania,SAN MIGUEL,150136,"Jirón Arica N° 8xx, Dpto. 109 AL 509",San Miguel,391019.0,57.0,6859.982456140351,2,2,1,0.0,1,5853.0,333621.0,-0.172,1637.33,,26,1624,0.194,mejorando,0.533,0.67,0.822400649705728,1.581726
149651506,Urbania,SAN MIGUEL,150136,Av. La Paz,Miramar,392200.0,69.0,5684.057971014493,3,2,1,0.0,1,5853.0,403857.0,0.029,1637.33,,26,1624,0.194,mejorando,0.533,0.67,0.822400649705728,1.581726
147503642,Urbania,SAN MIGUEL,150136,Pasaje Venus 197,San Miguel,393750.0,90.0,4375.0,3,2,0,0.0,10,5853.0,526770.0,0.253,1637.33,,26,1624,0.194,mejorando,0.533,0.67,0.822400649705728,1.581726
148113146,Urbania,SAN MIGUEL,150136,Av De Los Patriotas,San Miguel,393906.0,61.0,6457.475409836065,2,2,0,0.0,1,5853.0,357033.0,-0.103,1637.33,,26,1624,0.194,mejorando,0.533,0.67,0.822400649705728,1.581726
149095138,Urbania,SAN MIGUEL,150136,"Jr. María José de Arce 2xx, San Miguel",Maranga,396000.0,72.0,5500.0,2,2,0,230.0,1,5853.0,421416.0,0.06,1637.33,,26,1624,0.194,mejorando,0.533,0.67,0.822400649705728,1.581726
149037996,Urbania,SAN MIGUEL,150136,"Av DE LOS Patriotas N° 4xx, Dpto. 403",San Miguel,398553.0,62.0,6428.274193548387,2,2,1,0.0,1,5853.0,362886.0,-0.098,1637.33,,26,1624,0.194,mejorando,0.533,0.67,0.822400649705728,1.581726
149614152,Urbania,SAN MIGUEL,150136,Urb. Miramar - Altura av. La Paz cdra. 25 y la av. Costanera,Miramar,400057.0,78.0,5128.9358974358975,3,2,1,0.0,1,5853.0,456534.0,0.124,1637.33,,26,1624,0.194,mejorando,0.533,0.67,0.822400649705728,1.581726
146876075,Urbania,SAN MIGUEL,150136,JIRÓN SIMON BOLIVAR SAN MIGUEL,San Miguel,402000.0,74.0,5432.4324324324325,2,2,0,240.0,1,5853.0,433122.0,0.072,1637.33,,26,1624,0.194,mejorando,0.533,0.67,0.822400649705728,1.581726
149256018,Urbania,SAN MIGUEL,150136,Ubinas,San Miguel,405000.0,61.0,6639.3442622950815,2,2,0,0.0,1,5853.0,357033.0,-0.134,1637.33,,26,1624,0.194,mejorando,0.533,0.67,0.822400649705728,1.581726
149350740,Urbania,SAN MIGUEL,150136,Altura del Cruce de Av. Faucett con Av. de Los Precursores,San Miguel,405000.0,61.0,6639.3442622950815,2,2,0,150.0,1,5853.0,357033.0,-0.134,1637.33,,26,1624,0.194,mejorando,0.533,0.67,0.822400649705728,1.581726
148113329,Urbania,SAN MIGUEL,150136,Av De Los Patriotas,San Miguel,405665.0,64.0,6338.515625,2,2,0,0.0,1,5853.0,374592.0,-0.083,1637.33,,26,1624,0.194,mejorando,0.533,0.67,0.822400649705728,1.581726
147526200,Urbania,SAN MIGUEL,150136,Calle Carmenca 100 San Miguel,San Miguel,406000.0,64.0,6343.75,2,2,0,0.0,1,5853.0,374592.0,-0.084,1637.33,,26,1624,0.194,mejorando,0.533,0.67,0.822400649705728,1.581726
149235383,Urbania,SAN MIGUEL,150136,Av del Pacífico 175,Parques De La Huaca Etapa 2,406800.0,91.0,4470.32967032967,3,3,0,200.0,1,5853.0,532623.0,0.236,1637.33,,26,1624,0.194,mejorando,0.533,0.67,0.822400649705728,1.581726
149470248,Urbania,SAN MIGUEL,150136,Jirón Arica 598,San Miguel,410000.0,60.0,6833.333333333333,2,2,1,0.0,1,5853.0,351180.0,-0.167,1637.33,,26,1624,0.194,mejorando,0.533,0.67,0.822400649705728,1.581726
144892987,Urbania,SAN MIGUEL,150136,"Av. Universitaria N°8xx, Dpto. 907",San Miguel,410200.0,66.0,6215.151515151515,3,2,1,0.0,1,5853.0,386298.0,-0.062,1637.33,,26,1624,0.194,mejorando,0.533,0.67,0.822400649705728,1.581726
142959133,Urbania,SAN MIGUEL,150136,JIRON HERMANOS CATARI 254 SAN MIGUEL,Maranga Etapa Ii,412500.0,78.0,5288.461538461538,3,2,1,0.0,1,5853.0,456534.0,0.096,1637.33,,26,1624,0.194,mejorando,0.533,0.67,0.822400649705728,1.581726
147048203,Urbania,SAN MIGUEL,150136,Departamento de 2 Dormitorios en San Miguel Av. De Los Patriotas,San Miguel,412500.0,57.0,7236.8421052631575,2,2,0,0.0,1,5853.0,333621.0,-0.236,1637.33,,26,1624,0.194,mejorando,0.533,0.67,0.822400649705728,1.581726
149179143,Urbania,SAN MIGUEL,150136,Calle Los Rosales 106,San Miguel,413000.0,144.0,2868.0555555555557,2,2,0,200.0,1,5853.0,842832.0,0.51,1637.33,,26,1624,0.194,mejorando,0.533,0.67,0.822400649705728,1.581726
149862592,Urbania,SAN MIGUEL,150136,Jiron Hernando de Magallanes,San Miguel,415350.0,73.0,5689.726027397261,3,2,1,0.0,1,5853.0,427269.0,0.028,1637.33,,26,1624,0.194,mejorando,0.533,0.67,0.822400649705728,1.581726
148662578,Urbania,SAN MIGUEL,150136,CUADRA 6 DE UNIVERSITARIA,San Miguel,416200.0,66.0,6306.060606060606,3,2,0,0.0,1,5853.0,386298.0,-0.077,1637.33,,26,1624,0.194,mejorando,0.533,0.67,0.822400649705728,1.581726
146593518,Urbania,SAN MIGUEL,150136,jose gabriel aguilar 780 san miguel,Maranga,417000.0,80.0,5212.5,1,1,1,250.0,1,5853.0,468240.0,0.109,1637.33,,26,1624,0.194,mejorando,0.533,0.67,0.822400649705728,1.581726
145145760,Urbania,SAN MIGUEL,150136,Calle Carlos Gonzales XXX DPT X05,San Miguel,417800.0,57.0,7329.824561403509,2,2,1,0.0,1,5853.0,333621.0,-0.252,1637.33,,26,1624,0.194,mejorando,0.533,0.67,0.822400649705728,1.581726
149003800,Urbania,SAN MIGUEL,150136,Calle Diego Quispe Tito  al 100,San Miguel,418250.0,95.0,4402.631578947368,3,2,0,0.0,1,5853.0,556035.0,0.248,1637.33,,26,1624,0.194,mejorando,0.533,0.67,0.822400649705728,1.581726
147677553,Urbania,SAN MIGUEL,150136,Av. Patriotas 589 San Miguel,San Miguel,418900.0,72.0,5818.055555555556,2,2,0,0.0,1,5853.0,421416.0,0.006,1637.33,,26,1624,0.194,mejorando,0.533,0.67,0.822400649705728,1.581726
149039025,Urbania,SAN MIGUEL,150136,Prolongación Ayacucho 805,San Miguel,420000.0,73.0,5753.424657534247,3,2,0,200.0,1,5853.0,427269.0,0.017,1637.33,,26,1624,0.194,mejorando,0.533,0.67,0.822400649705728,1.581726
145170337,Urbania,SAN MIGUEL,150136,"Ca. Fray Martin de Murúa, San Miguel",San Miguel,424600.0,55.0,7720.0,2,2,1,0.0,1,5853.0,321915.0,-0.319,1637.33,,26,1624,0.194,mejorando,0.533,0.67,0.822400649705728,1.581726
61370010,Urbania,SAN MIGUEL,150136,Calle Americo Vespucio 361,Maranga,425000.0,110.0,3863.6363636363635,3,1,0,0.0,1,5853.0,643830.0,0.34,1637.33,,26,1624,0.194,mejorando,0.533,0.67,0.822400649705728,1.581726
145639467,Urbania,SAN MIGUEL,150136,"Jirón Gran Mariscal Ramon Castilla N° 7xx, Dpto. 104 E",San Miguel,431121.0,63.0,6843.190476190476,3,2,1,0.0,1,5853.0,368739.0,-0.169,1637.33,,26,1624,0.194,mejorando,0.533,0.67,0.822400649705728,1.581726
149773513,Urbania,SAN MIGUEL,150136,Av. Bertolotto,San Miguel,432500.0,79.0,5474.683544303797,3,2,0,230.0,1,5853.0,462387.0,0.065,1637.33,,26,1624,0.194,mejorando,0.533,0.67,0.822400649705728,1.581726
148786247,Urbania,SAN MIGUEL,150136,Av. Bertolotto 250,San Miguel,434200.0,84.0,5169.047619047619,3,2,0,0.0,1,5853.0,491652.0,0.117,1637.33,,26,1624,0.194,mejorando,0.533,0.67,0.822400649705728,1.581726
143172722,Urbania,SAN MIGUEL,150136,"Av. LA PAZ N°11xx, Dpto 202 AL 702 A",San Miguel,434300.0,76.0,5714.473684210527,3,2,1,0.0,1,5853.0,444828.0,0.024,1637.33,,26,1624,0.194,mejorando,0.533,0.67,0.822400649705728,1.581726
145169578,Urbania,SAN MIGUEL,150136,"Maranga, San Miguel, Perú",San Miguel,435000.0,92.0,4728.260869565217,2,2,0,0.0,1,5853.0,538476.0,0.192,1637.33,,26,1624,0.194,mejorando,0.533,0.67,0.822400649705728,1.581726
148804227,Urbania,SAN MIGUEL,150136,"Jiron Arica, al 200",San Miguel,435600.0,60.0,7260.0,2,2,0,150.0,1,5853.0,351180.0,-0.24,1637.33,,26,1624,0.194,mejorando,0.533,0.67,0.822400649705728,1.581726
148281442,Urbania,SAN MIGUEL,150136,Jirón Arica Cuadra 2,San Miguel,437000.0,70.0,6242.857142857143,2,2,0,0.0,1,5853.0,409710.0,-0.067,1637.33,,26,1624,0.194,mejorando,0.533,0.67,0.822400649705728,1.581726
145555530,Urbania,SAN MIGUEL,150136,Jr. Ramón Castilla - Departamento de Estreno en Venta - A 5 Min. del CC Plaza San Miguel,San Miguel,437964.0,59.0,7423.118644067797,2,2,1,0.0,1,5853.0,345327.0,-0.268,1637.33,,26,1624,0.194,mejorando,0.533,0.67,0.822400649705728,1.581726
149813929,Urbania,SAN MIGUEL,150136,"Jiron Jose DE Sucre 480, SAN Miguel",San Miguel,439000.0,75.0,5853.333333333333,3,2,0,180.0,1,5853.0,438975.0,-0.0,1637.33,,26,1624,0.194,mejorando,0.533,0.67,0.822400649705728,1.581726
148990648,Urbania,SAN MIGUEL,150136,José Liborno 115,San Miguel,440000.0,77.0,5714.285714285715,3,3,0,0.0,1,5853.0,450681.0,0.024,1637.33,,26,1624,0.194,mejorando,0.533,0.67,0.822400649705728,1.581726
149817215,Urbania,SAN MIGUEL,150136,Calle Umachiri Cuadra 3,San Miguel,442837.0,63.0,7029.158730158731,3,2,0,0.0,10,5853.0,368739.0,-0.201,1637.33,,26,1624,0.194,mejorando,0.533,0.67,0.822400649705728,1.581726
149791328,Urbania,SAN MIGUEL,150136,De los Precursores al 800,San Miguel,444000.0,67.0,6626.865671641791,3,2,1,0.0,1,5853.0,392151.0,-0.132,1637.33,,26,1624,0.194,mejorando,0.533,0.67,0.822400649705728,1.581726
149145243,Urbania,SAN MIGUEL,150136,Av. Los Patriotas 359 - Flat + Aires,Maranga,444990.0,149.0,2986.510067114094,2,2,0,150.0,1,5853.0,872097.0,0.49,1637.33,,26,1624,0.194,mejorando,0.533,0.67,0.822400649705728,1.581726
147617581,Urbania,SAN MIGUEL,150136,mariana Echevarria 22x,Pando,445000.0,67.0,6641.79104477612,3,1,0,0.0,1,5853.0,392151.0,-0.135,1637.33,,26,1624,0.194,mejorando,0.533,0.67,0.822400649705728,1.581726
149830707,Urbania,SAN MIGUEL,150136,"AV Arica 275, SAN Miguel / Dpto 405",San Miguel,445000.0,63.0,7063.492063492064,2,2,0,200.0,1,5853.0,368739.0,-0.207,1637.33,,26,1624,0.194,mejorando,0.533,0.67,0.822400649705728,1.581726
147860433,Urbania,SAN MIGUEL,150136,Av. Andrés Rázuri 206,San Miguel,446423.0,68.0,6565.044117647059,3,2,0,0.0,10,5853.0,398004.0,-0.122,1637.33,,26,1624,0.194,mejorando,0.533,0.67,0.822400649705728,1.581726
142760705,Urbania,SAN MIGUEL,150136,"Calle Matarani , esquina  Manuel Ferreyros",Maranga,447200.0,80.0,5590.0,3,2,0,150.0,1,5853.0,468240.0,0.045,1637.33,,26,1624,0.194,mejorando,0.533,0.67,0.822400649705728,1.581726
147791932,Urbania,SAN MIGUEL,150136,AV. DE LOS Patriotas SAN Miguel,Maranga,450000.0,72.0,6250.0,2,2,1,350.0,1,5853.0,421416.0,-0.068,1637.33,,26,1624,0.194,mejorando,0.533,0.67,0.822400649705728,1.581726
147856808,Urbania,SAN MIGUEL,150136,Arica 289 San Miguel,San Miguel,450000.0,70.0,6428.571428571428,2,2,0,270.0,1,5853.0,409710.0,-0.098,1637.33,,26,1624,0.194,mejorando,0.533,0.67,0.822400649705728,1.581726
148604399,Urbania,SAN MIGUEL,150136,Av. de los Patriotas 600,San Miguel,450000.0,138.0,3260.8695652173915,3,1,0,0.0,1,5853.0,807714.0,0.443,1637.33,,26,1624,0.194,mejorando,0.533,0.67,0.822400649705728,1.581726
143173503,Urbania,SAN MIGUEL,150136,"Jirón Gran Mariscal Ramon Castilla N° 7xx, Dpto.  801d",San Miguel,452882.0,66.0,6861.848484848485,3,2,0,0.0,1,5853.0,386298.0,-0.172,1637.33,,26,1624,0.194,mejorando,0.533,0.67,0.822400649705728,1.581726
148672229,Urbania,SAN MIGUEL,150136,calle mario valdivia,San Miguel,454553.0,71.0,6402.154929577465,3,2,10,0.0,1,5853.0,415563.0,-0.094,1637.33,,26,1624,0.194,mejorando,0.533,0.67,0.822400649705728,1.581726
147517332,Urbania,SAN MIGUEL,150136,Jr. Cesar lopez rojas 185,San Miguel,455000.0,78.0,5833.333333333333,3,2,1,200.0,1,5853.0,456534.0,0.003,1637.33,,26,1624,0.194,mejorando,0.533,0.67,0.822400649705728,1.581726
144428507,Urbania,SAN MIGUEL,150136,Chongoyape,San Miguel,456451.0,66.0,6915.924242424242,3,2,1,0.0,10,5853.0,386298.0,-0.182,1637.33,,26,1624,0.194,mejorando,0.533,0.67,0.822400649705728,1.581726
148611905,Urbania,SAN MIGUEL,150136,Enrique Valladares 175,San Miguel,460000.0,73.0,6301.369863013699,3,2,0,0.0,1,5853.0,427269.0,-0.077,1637.33,,26,1624,0.194,mejorando,0.533,0.67,0.822400649705728,1.581726
143284946,Urbania,SAN MIGUEL,150136,San Miguel,Pando,464285.0,67.0,6929.626865671642,3,2,0,235.0,1,5853.0,392151.0,-0.184,1637.33,,26,1624,0.194,mejorando,0.533,0.67,0.822400649705728,1.581726
148780456,Urbania,SAN MIGUEL,150136,Universitaria al 300,San Miguel,464401.0,69.0,6730.449275362319,2,2,0,0.0,1,5853.0,403857.0,-0.15,1637.33,,26,1624,0.194,mejorando,0.533,0.67,0.822400649705728,1.581726
147674825,Urbania,SAN MIGUEL,150136,"Mario Valdivia 140, Lima  al 15000",San Miguel,465675.0,71.0,6558.802816901409,3,2,0,0.0,10,5853.0,415563.0,-0.121,1637.33,,26,1624,0.194,mejorando,0.533,0.67,0.822400649705728,1.581726
147791930,Urbania,SAN MIGUEL,150136,Calle Carmenca san Miguel Lima,Maranga,468000.0,66.0,7090.909090909091,3,2,0,350.0,10,5853.0,386298.0,-0.211,1637.33,,26,1624,0.194,mejorando,0.533,0.67,0.822400649705728,1.581726
149843042,Urbania,SAN MIGUEL,150136,Jiron Arica al 800,San Miguel,468000.0,71.0,6591.549295774648,3,2,0,0.0,1,5853.0,415563.0,-0.126,1637.33,,26,1624,0.194,mejorando,0.533,0.67,0.822400649705728,1.581726
148611887,Urbania,SAN MIGUEL,150136,Enrique Valladares 175,San Miguel,468800.0,73.0,6421.917808219178,3,2,0,0.0,10,5853.0,427269.0,-0.097,1637.33,,26,1624,0.194,mejorando,0.533,0.67,0.822400649705728,1.581726
149883203,Urbania,SAN MIGUEL,150136,Hermanos Catari Cuadra 3,San Miguel,469000.0,102.0,4598.0392156862745,2,2,0,0.0,1,5853.0,597006.0,0.214,1637.33,,26,1624,0.194,mejorando,0.533,0.67,0.822400649705728,1.581726
147856811,Urbania,SAN MIGUEL,150136,Arica 289,San Miguel,470000.0,67.0,7014.925373134329,3,2,0,280.0,1,5853.0,392151.0,-0.199,1637.33,,26,1624,0.194,mejorando,0.533,0.67,0.822400649705728,1.581726
148281457,Urbania,SAN MIGUEL,150136,Jirón Arica Cuadra 2,San Miguel,470000.0,67.0,7014.925373134329,3,2,0,0.0,1,5853.0,392151.0,-0.199,1637.33,,26,1624,0.194,mejorando,0.533,0.67,0.822400649705728,1.581726
144428794,Urbania,SAN MIGUEL,150136,Chongoyape,San Miguel,472411.0,70.0,6748.728571428572,3,2,1,0.0,1,5853.0,409710.0,-0.153,1637.33,,26,1624,0.194,mejorando,0.533,0.67,0.822400649705728,1.581726
149701807,Urbania,SAN MIGUEL,150136,Calle Francisca Zubiaga  372,San Miguel,472500.0,82.0,5762.195121951219,3,2,0,0.0,1,5853.0,479946.0,0.016,1637.33,,26,1624,0.194,mejorando,0.533,0.67,0.822400649705728,1.581726
149759711,Urbania,SAN MIGUEL,150136,Av. Los Patriotas  al 300,San Miguel,473000.0,70.0,6757.142857142857,3,2,0,0.0,1,5853.0,409710.0,-0.154,1637.33,,26,1624,0.194,mejorando,0.533,0.67,0.822400649705728,1.581726
149661438,Urbania,SAN MIGUEL,150136,Bertolotto 752,San Miguel,474217.0,76.0,6239.6973684210525,2,2,0,200.0,1,5853.0,444828.0,-0.066,1637.33,,26,1624,0.194,mejorando,0.533,0.67,0.822400649705728,1.581726
149848031,Urbania,SAN MIGUEL,150136,C. Carlos Gonzales Candamo 251,San Miguel,475380.0,83.0,5727.469879518072,3,2,0,300.0,1,5853.0,485799.0,0.021,1637.33,,26,1624,0.194,mejorando,0.533,0.67,0.822400649705728,1.581726
149828591,Urbania,SAN MIGUEL,150136,"La Mar 441, San Miguel 15088",San Miguel,479500.0,105.0,4566.666666666667,3,2,1,260.0,1,5853.0,614565.0,0.22,1637.33,,26,1624,0.194,mejorando,0.533,0.67,0.822400649705728,1.581726
145383694,Urbania,SAN MIGUEL,150136,Av. de los Patriotas,San Miguel,480000.0,70.0,6857.142857142857,3,2,1,200.0,1,5853.0,409710.0,-0.172,1637.33,,26,1624,0.194,mejorando,0.533,0.67,0.822400649705728,1.581726
147004263,Urbania,SAN MIGUEL,150136,Manco II 349,San Miguel,483000.0,75.0,6440.0,3,1,0,0.0,1,5853.0,438975.0,-0.1,1637.33,,26,1624,0.194,mejorando,0.533,0.67,0.822400649705728,1.581726
148754354,Urbania,SAN MIGUEL,150136,Av. Razuri  23x,San Miguel,485000.0,67.0,7238.805970149254,3,2,1,295.0,8,5853.0,392151.0,-0.237,1637.33,,26,1624,0.194,mejorando,0.533,0.67,0.822400649705728,1.581726
149037502,Urbania,SAN MIGUEL,150136,Av. Bertolotto 850,San Miguel,490000.0,67.0,7313.432835820896,3,2,1,300.0,1,5853.0,392151.0,-0.25,1637.33,,26,1624,0.194,mejorando,0.533,0.67,0.822400649705728,1.581726
147856892,Urbania,SAN MIGUEL,150136,Av. Costanera 980,San Miguel,490000.0,62.0,7903.225806451613,2,2,1,320.0,1,5853.0,362886.0,-0.35,1637.33,,26,1624,0.194,mejorando,0.533,0.67,0.822400649705728,1.581726
148351243,Urbania,SAN MIGUEL,150136,Jirón Huandoy,Maranga,494340.0,77.0,6420.0,3,3,0,0.0,1,5853.0,450681.0,-0.097,1637.33,,26,1624,0.194,mejorando,0.533,0.67,0.822400649705728,1.581726
147615259,Urbania,SAN MIGUEL,150136,Jr. Hermanos Catari al 300,San Miguel,496000.0,102.0,4862.745098039216,2,2,0,0.0,1,5853.0,597006.0,0.169,1637.33,,26,1624,0.194,mejorando,0.533,0.67,0.822400649705728,1.581726
149508873,Urbania,SAN MIGUEL,150136,Calle Gonzales Candamo  al 200,San Miguel,500000.0,83.0,6024.096385542169,3,3,0,0.0,1,5853.0,485799.0,-0.029,1637.33,,26,1624,0.194,mejorando,0.533,0.67,0.822400649705728,1.581726
149272941,Urbania,SAN MIGUEL,150136,"Amplio y Espacioso Dúplex en San Miguel – Súper Iluminado y a Excelente Precio $150,000 No Cochera",San Miguel,502500.0,140.0,3589.285714285714,3,2,0,0.0,1,5853.0,819420.0,0.387,1637.33,,26,1624,0.194,mejorando,0.533,0.67,0.822400649705728,1.581726
143503605,Urbania,SAN MIGUEL,150136,POR  U.CATÓLICA DEPA 100M2 PATIO 1ER.PISO,Lima,506000.0,100.0,5060.0,3,2,0,20.0,1,5853.0,585300.0,0.135,1637.33,,26,1624,0.194,mejorando,0.533,0.67,0.822400649705728,1.581726
149752674,Urbania,SAN MIGUEL,150136,Avenida Bertolotto 111,San Miguel,506600.0,93.0,5447.311827956989,3,2,1,380.0,1,5853.0,544329.0,0.069,1637.33,,26,1624,0.194,mejorando,0.533,0.67,0.822400649705728,1.581726
146428158,Urbania,SAN MIGUEL,150136,La Libertad 200,San Miguel,508000.0,77.0,6597.402597402597,3,2,1,300.0,10,5853.0,450681.0,-0.127,1637.33,,26,1624,0.194,mejorando,0.533,0.67,0.822400649705728,1.581726
145460143,Urbania,SAN MIGUEL,150136,Amalia Puga,San Miguel,508982.0,77.0,6610.1558441558445,3,2,1,0.0,1,5853.0,450681.0,-0.129,1637.33,,26,1624,0.194,mejorando,0.533,0.67,0.822400649705728,1.581726
144457775,Urbania,SAN MIGUEL,150136,Francisca Zubiaga,San Miguel,509328.0,71.0,7173.633802816901,3,2,1,0.0,1,5853.0,415563.0,-0.226,1637.33,,26,1624,0.194,mejorando,0.533,0.67,0.822400649705728,1.581726
149490915,Urbania,SAN MIGUEL,150136,jr. Gran Mariscal Ramon Castilla  al 700,San Miguel,510000.0,58.0,8793.103448275862,3,2,1,0.0,1,5853.0,339474.0,-0.502,1637.33,,26,1624,0.194,mejorando,0.533,0.67,0.822400649705728,1.581726
148313247,Urbania,SAN MIGUEL,150136,Paso de los Andes 270 al 200,San Miguel,510000.0,127.0,4015.748031496063,4,3,0,0.0,1,5853.0,743331.0,0.314,1637.33,,26,1624,0.194,mejorando,0.533,0.67,0.822400649705728,1.581726
148999413,Urbania,SAN MIGUEL,150136,Avenida Bertolotto 610,San Miguel,510000.0,80.0,6375.0,3,2,0,232.0,1,5853.0,468240.0,-0.089,1637.33,,26,1624,0.194,mejorando,0.533,0.67,0.822400649705728,1.581726
149664090,Urbania,SAN MIGUEL,150136,Juan Bartolotto Negro al 600,San Miguel,510000.0,80.0,6375.0,3,2,0,0.0,1,5853.0,468240.0,-0.089,1637.33,,26,1624,0.194,mejorando,0.533,0.67,0.822400649705728,1.581726
149751624,Urbania,SAN MIGUEL,150136,Av. Bertolotto al 100 - 87m² - 3 Dormitorios - 1 Cochera - Piso 15,San Miguel,513400.0,87.0,5901.149425287356,3,2,1,340.0,1,5853.0,509211.0,-0.008,1637.33,,26,1624,0.194,mejorando,0.533,0.67,0.822400649705728,1.581726
149655302,Urbania,SAN MIGUEL,150136,Malecon Bertolotto 111 Piso 14,San Miguel,514050.0,95.0,5411.0526315789475,3,2,1,300.0,1,5853.0,556035.0,0.076,1637.33,,26,1624,0.194,mejorando,0.533,0.67,0.822400649705728,1.581726
146116575,Urbania,SAN MIGUEL,150136,"Cal. 1 (uno) S/N - Esquina con la Av. Costanera Cdra. 4 - Urb, San Miguel",San Miguel,522222.0,62.0,8422.935483870968,1,2,0,0.0,10,5853.0,362886.0,-0.439,1637.33,,26,1624,0.194,mejorando,0.533,0.67,0.822400649705728,1.581726
148959337,Urbania,SAN MIGUEL,150136,Avenida Bertolotto 111,San Miguel,527000.0,90.0,5855.555555555556,3,2,1,0.0,1,5853.0,526770.0,-0.0,1637.33,,26,1624,0.194,mejorando,0.533,0.67,0.822400649705728,1.581726
147488200,Urbania,SAN MIGUEL,150136,"Mario Valdivia 140, Lima  al 15000",San Miguel,531129.0,82.0,6477.182926829269,3,2,0,0.0,1,5853.0,479946.0,-0.107,1637.33,,26,1624,0.194,mejorando,0.533,0.67,0.822400649705728,1.581726
149824189,Urbania,SAN MIGUEL,150136,Jiron Bolognesi,San Miguel,532000.0,74.0,7189.189189189189,3,1,0,300.0,10,5853.0,433122.0,-0.228,1637.33,,26,1624,0.194,mejorando,0.533,0.67,0.822400649705728,1.581726
149358687,Urbania,SAN MIGUEL,150136,Málaga - Jr. Francisco Bolognesi  al 300,San Miguel,532000.0,74.0,7189.189189189189,3,2,0,0.0,1,5853.0,433122.0,-0.228,1637.33,,26,1624,0.194,mejorando,0.533,0.67,0.822400649705728,1.581726
149688820,Urbania,SAN MIGUEL,150136,Pasaje Carlos Arenas Loayza,San Miguel,534000.0,91.0,5868.131868131868,2,2,1,0.0,1,5853.0,532623.0,-0.003,1637.33,,26,1624,0.194,mejorando,0.533,0.67,0.822400649705728,1.581726
148675031,Urbania,SAN MIGUEL,150136,Malecon Bertolotto  al 100,San Miguel,534400.0,87.0,6142.528735632184,3,2,1,340.0,1,5853.0,509211.0,-0.049,1637.33,,26,1624,0.194,mejorando,0.533,0.67,0.822400649705728,1.581726
149158852,Urbania,SAN MIGUEL,150136,Calle Rosalia Morales de Lavalle,San Miguel,536000.0,93.0,5763.440860215053,3,2,1,100.0,1,5853.0,544329.0,0.015,1637.33,,26,1624,0.194,mejorando,0.533,0.67,0.822400649705728,1.581726
148448126,Urbania,SAN MIGUEL,150136,San Miguel,San Miguel,537950.0,75.0,7172.666666666667,3,2,0,0.0,1,5853.0,438975.0,-0.225,1637.33,,26,1624,0.194,mejorando,0.533,0.67,0.822400649705728,1.581726
149014890,Urbania,SAN MIGUEL,150136,Jiron Manco Segundo 200,San Miguel,540000.0,129.0,4186.046511627907,2,2,0,0.0,1,5853.0,755037.0,0.285,1637.33,,26,1624,0.194,mejorando,0.533,0.67,0.822400649705728,1.581726
148306546,Urbania,SAN MIGUEL,150136,Av. Los Patriotas 156,San Miguel,540000.0,126.0,4285.714285714285,3,2,1,100.0,1,5853.0,737478.0,0.268,1637.33,,26,1624,0.194,mejorando,0.533,0.67,0.822400649705728,1.581726
149111152,Urbania,SAN MIGUEL,150136,Camilo Carrillo,San Miguel,540000.0,110.0,4909.090909090909,3,3,0,0.0,1,5853.0,643830.0,0.161,1637.33,,26,1624,0.194,mejorando,0.533,0.67,0.822400649705728,1.581726
149310439,Urbania,SAN MIGUEL,150136,Av. Bertolloto,San Miguel,541058.0,71.0,7620.5352112676055,3,2,1,0.0,1,5853.0,415563.0,-0.302,1637.33,,26,1624,0.194,mejorando,0.533,0.67,0.822400649705728,1.581726
147784748,Urbania,SAN MIGUEL,150136,Av. Los Patriotas al 300,San Miguel,543000.0,84.0,6464.285714285715,3,2,0,0.0,1,5853.0,491652.0,-0.104,1637.33,,26,1624,0.194,mejorando,0.533,0.67,0.822400649705728,1.581726
144709809,Urbania,SAN MIGUEL,150136,av. Rafael Escardo cuadra 11,San Miguel,543570.0,99.0,5490.606060606061,3,2,0,0.0,1,5853.0,579447.0,0.062,1637.33,,26,1624,0.194,mejorando,0.533,0.67,0.822400649705728,1.581726
149715129,Urbania,SAN MIGUEL,150136,Calle Contisuyo al 100 3 Dorm | Vista A Parque | 2 Cocheras,San Miguel,550000.0,75.0,7333.333333333333,3,2,2,0.0,10,5853.0,438975.0,-0.253,1637.33,,26,1624,0.194,mejorando,0.533,0.67,0.822400649705728,1.581726
149802534,Urbania,SAN MIGUEL,150136,Av. Bertolotto 980,Miramar,550000.0,128.0,4296.875,2,3,0,0.0,1,5853.0,749184.0,0.266,1637.33,,26,1624,0.194,mejorando,0.533,0.67,0.822400649705728,1.581726
149255620,Urbania,SAN MIGUEL,150136,Pedrerias al 100,San Miguel,551000.0,114.0,4833.333333333333,3,2,0,0.0,1,5853.0,667242.0,0.174,1637.33,,26,1624,0.194,mejorando,0.533,0.67,0.822400649705728,1.581726
149346202,Urbania,SAN MIGUEL,150136,Calle Pedrerias 135,San Miguel,551000.0,114.0,4833.333333333333,3,2,0,280.0,1,5853.0,667242.0,0.174,1637.33,,26,1624,0.194,mejorando,0.533,0.67,0.822400649705728,1.581726
147945471,Urbania,SAN MIGUEL,150136,av bertolotto 111,San Miguel,551040.0,88.0,6261.818181818182,3,2,1,0.0,1,5853.0,515064.0,-0.07,1637.33,,26,1624,0.194,mejorando,0.533,0.67,0.822400649705728,1.581726
143439003,Urbania,SAN MIGUEL,150136,"Malecón Bertolotto N°7xx, Dpto.  103 D",San Miguel,557234.0,88.0,6332.204545454545,2,2,1,0.0,10,5853.0,515064.0,-0.082,1637.33,,26,1624,0.194,mejorando,0.533,0.67,0.822400649705728,1.581726
149367999,Urbania,SAN MIGUEL,150136,Av. Bertolotto 850,San Miguel,560000.0,68.0,8235.29411764706,2,2,1,0.0,1,5853.0,398004.0,-0.407,1637.33,,26,1624,0.194,mejorando,0.533,0.67,0.822400649705728,1.581726
3518523,Urbania,SAN MIGUEL,150136,JR PEDRERIAS,San Miguel,560000.0,114.0,4912.2807017543855,3,2,0,0.0,1,5853.0,667242.0,0.161,1637.33,,26,1624,0.194,mejorando,0.533,0.67,0.822400649705728,1.581726
148002269,Urbania,SAN MIGUEL,150136,Jr. Mariscal Ramón Castilla  al 600,Pablo Vi,561000.0,102.0,5500.0,3,2,0,0.0,1,5853.0,597006.0,0.06,1637.33,,26,1624,0.194,mejorando,0.533,0.67,0.822400649705728,1.581726
149901716,Urbania,SAN MIGUEL,150136,Malecón Bertolotto,San Miguel,569000.0,73.0,7794.520547945205,3,2,1,0.0,10,5853.0,427269.0,-0.332,1637.33,,26,1624,0.194,mejorando,0.533,0.67,0.822400649705728,1.581726
149127094,Urbania,SAN MIGUEL,150136,Av. Universitaria 425,San Miguel,569250.0,130.0,4378.846153846154,3,3,0,200.0,1,5853.0,760890.0,0.252,1637.33,,26,1624,0.194,mejorando,0.533,0.67,0.822400649705728,1.581726
149298549,Urbania,SAN MIGUEL,150136,Avenida Bertolotto 270,San Miguel,572000.0,100.0,5720.0,3,2,0,400.0,1,5853.0,585300.0,0.023,1637.33,,26,1624,0.194,mejorando,0.533,0.67,0.822400649705728,1.581726
149028516,Urbania,SAN MIGUEL,150136,Collasuyo 251,San Miguel,584500.0,107.0,5462.616822429906,2,2,0,150.0,1,5853.0,626271.0,0.067,1637.33,,26,1624,0.194,mejorando,0.533,0.67,0.822400649705728,1.581726
149256048,Urbania,SAN MIGUEL,150136,José Gabriel Aguilar,San Miguel,588000.0,93.0,6322.580645161291,3,2,1,0.0,1,5853.0,544329.0,-0.08,1637.33,,26,1624,0.194,mejorando,0.533,0.67,0.822400649705728,1.581726
146767670,Urbania,SAN MIGUEL,150136,Bertolotto 6 san Miguel,San Miguel,600000.0,82.0,7317.073170731707,3,2,1,230.0,1,5853.0,479946.0,-0.25,1637.33,,26,1624,0.194,mejorando,0.533,0.67,0.822400649705728,1.581726
4075438,Urbania,SAN MIGUEL,150136,Av. Costanera,San Miguel,600400.0,136.0,4414.705882352941,3,3,1,280.0,1,5853.0,796008.0,0.246,1637.33,,26,1624,0.194,mejorando,0.533,0.67,0.822400649705728,1.581726
148871059,Urbania,SAN MIGUEL,150136,Inca Huasi jr,San Miguel,603000.0,102.0,5911.764705882353,3,2,0,50.0,1,5853.0,597006.0,-0.01,1637.33,,26,1624,0.194,mejorando,0.533,0.67,0.822400649705728,1.581726
148250255,Urbania,SAN MIGUEL,150136,Calle Collasuyo 251,Maranga,605200.0,107.0,5656.07476635514,2,2,0,220.0,1,5853.0,626271.0,0.034,1637.33,,26,1624,0.194,mejorando,0.533,0.67,0.822400649705728,1.581726
145803601,Urbania,SAN MIGUEL,150136,"Calle Carlos Gonzales, San Miguel",San Miguel,605400.0,79.0,7663.291139240507,3,2,0,0.0,1,5853.0,462387.0,-0.309,1637.33,,26,1624,0.194,mejorando,0.533,0.67,0.822400649705728,1.581726
149860407,Urbania,SAN MIGUEL,150136,Av. Lima 1023,San Miguel,610000.0,112.0,5446.428571428572,4,3,1,150.0,1,5853.0,655536.0,0.069,1637.33,,26,1624,0.194,mejorando,0.533,0.67,0.822400649705728,1.581726
149720279,Urbania,SAN MIGUEL,150136,Jirón Arica,San Miguel,619000.0,125.0,4952.0,3,3,0,0.0,1,5853.0,731625.0,0.154,1637.33,,26,1624,0.194,mejorando,0.533,0.67,0.822400649705728,1.581726
149498311,Urbania,SAN MIGUEL,150136,Tacna al 300,San Miguel,625000.0,103.0,6067.961165048544,3,2,0,0.0,1,5853.0,602859.0,-0.037,1637.33,,26,1624,0.194,mejorando,0.533,0.67,0.822400649705728,1.581726
149865123,Urbania,SAN MIGUEL,150136,Calle Jose Gabriel Aguilar,San Miguel,631000.0,147.0,4292.517006802721,3,3,1,0.0,1,5853.0,860391.0,0.267,1637.33,,26,1624,0.194,mejorando,0.533,0.67,0.822400649705728,1.581726
148947159,Urbania,SAN MIGUEL,150136,Jirón Grau 355,San Miguel,634100.0,100.0,6341.0,2,2,0,0.0,1,5853.0,585300.0,-0.083,1637.33,,26,1624,0.194,mejorando,0.533,0.67,0.822400649705728,1.581726
143172596,Urbania,SAN MIGUEL,150136,"Av. Universitaria N°8xx, Dpto.2001",San Miguel,639400.0,103.0,6207.766990291262,2,3,1,0.0,1,5853.0,602859.0,-0.061,1637.33,,26,1624,0.194,mejorando,0.533,0.67,0.822400649705728,1.581726
148990534,Urbania,SAN MIGUEL,150136,Jose Liborno 115,San Miguel,640000.0,124.0,5161.290322580645,4,3,0,0.0,1,5853.0,725772.0,0.118,1637.33,,26,1624,0.194,mejorando,0.533,0.67,0.822400649705728,1.581726
148945636,Urbania,SAN MIGUEL,150136,Fortunato Quezada,Las Leyendas,642600.0,131.0,4905.343511450382,4,3,1,180.0,1,5853.0,766743.0,0.162,1637.33,,26,1624,0.194,mejorando,0.533,0.67,0.822400649705728,1.581726
149106350,Urbania,SAN MIGUEL,150136,Carlos Arenas Loayza Urb. Pando,Pando Etapa I,647500.0,97.0,6675.257731958763,3,2,0,0.0,10,5853.0,567741.0,-0.14,1637.33,,26,1624,0.194,mejorando,0.533,0.67,0.822400649705728,1.581726
149511557,Urbania,SAN MIGUEL,150136,Av. Tacna,San Miguel,655000.0,103.0,6359.223300970873,3,2,0,0.0,1,5853.0,602859.0,-0.086,1637.33,,26,1624,0.194,mejorando,0.533,0.67,0.822400649705728,1.581726
148990460,Urbania,SAN MIGUEL,150136,José Liborno 115,San Miguel,660500.0,137.0,4821.167883211679,4,3,0,0.0,1,5853.0,801861.0,0.176,1637.33,,26,1624,0.194,mejorando,0.533,0.67,0.822400649705728,1.581726
149903205,Urbania,SAN MIGUEL,150136,Rosa Pérez Liendo al 100,San Miguel,661500.0,120.0,5512.5,3,2,2,0.0,1,5853.0,702360.0,0.058,1637.33,,26,1624,0.194,mejorando,0.533,0.67,0.822400649705728,1.581726
149773980,Urbania,SAN MIGUEL,150136,Av. Precursores 1000,Los Precursores,676650.0,222.0,3047.972972972973,2,1,1,50.0,1,5853.0,1299366.0,0.479,1637.33,,26,1624,0.194,mejorando,0.533,0.67,0.822400649705728,1.581726
148436057,Urbania,SAN MIGUEL,150136,Jirón Huandoy,Maranga,689230.0,117.0,5890.854700854701,3,3,1,0.0,1,5853.0,684801.0,-0.006,1637.33,,26,1624,0.194,mejorando,0.533,0.67,0.822400649705728,1.581726
149293368,Urbania,SAN MIGUEL,150136,Jr. Manco II  165,San Miguel,697000.0,119.0,5857.142857142857,3,2,1,450.0,1,5853.0,696507.0,-0.001,1637.33,,26,1624,0.194,mejorando,0.533,0.67,0.822400649705728,1.581726
148428017,Urbania,SAN MIGUEL,150136,AV. Riva Agüero,San Miguel,704900.0,108.0,6526.851851851852,3,2,1,0.0,1,5853.0,632124.0,-0.115,1637.33,,26,1624,0.194,mejorando,0.533,0.67,0.822400649705728,1.581726
149828836,Urbania,SAN MIGUEL,150136,Av. Costanera al 300,San Miguel,714000.0,115.0,6208.695652173913,3,3,1,370.0,1,5853.0,673095.0,-0.061,1637.33,,26,1624,0.194,mejorando,0.533,0.67,0.822400649705728,1.581726
149507939,Urbania,SAN MIGUEL,150136,Av. Costanera al 300,San Miguel,714000.0,115.0,6208.695652173913,3,3,1,370.0,1,5853.0,673095.0,-0.061,1637.33,,26,1624,0.194,mejorando,0.533,0.67,0.822400649705728,1.581726
4675402,Urbania,SAN MIGUEL,150136,av costanera 300,Miramar,724500.0,113.0,6411.504424778761,3,3,1,300.0,1,5853.0,661389.0,-0.095,1637.33,,26,1624,0.194,mejorando,0.533,0.67,0.822400649705728,1.581726
147791933,Urbania,SAN MIGUEL,150136,Calle Carmenca san Miguel Lima,Maranga,778000.0,127.0,6125.9842519685035,3,2,0,300.0,1,5853.0,743331.0,-0.047,1637.33,,26,1624,0.194,mejorando,0.533,0.67,0.822400649705728,1.581726
147023629,Urbania,SAN MIGUEL,150136,Av. Costanera 350,Miramar,788500.0,140.0,5632.142857142857,3,2,0,0.0,1,5853.0,819420.0,0.038,1637.33,,26,1624,0.194,mejorando,0.533,0.67,0.822400649705728,1.581726
149582374,Urbania,SAN MIGUEL,150136,Jr. Mariscal Ramón Castilla 740,San Miguel,800000.0,111.0,7207.207207207207,3,2,0,350.0,1,5853.0,649683.0,-0.231,1637.33,,26,1624,0.194,mejorando,0.533,0.67,0.822400649705728,1.581726
149255885,Urbania,SAN MIGUEL,150136,Ubinas,San Miguel,854000.0,122.0,7000.0,3,2,1,0.0,1,5853.0,714066.0,-0.196,1637.33,,26,1624,0.194,mejorando,0.533,0.67,0.822400649705728,1.581726
149051364,Urbania,SAN MIGUEL,150136,Av Los Precursores 1020,San Miguel,895000.0,208.0,4302.884615384615,3,2,1,0.0,1,5853.0,1217424.0,0.265,1637.33,,26,1624,0.194,mejorando,0.533,0.67,0.822400649705728,1.581726
148690014,Urbania,SAN MIGUEL,150136,Av. de los Precursores Cuadra 10,San Miguel,901000.0,211.0,4270.142180094786,3,3,1,0.0,1,5853.0,1234983.0,0.27,1637.33,,26,1624,0.194,mejorando,0.533,0.67,0.822400649705728,1.581726
149862084,Urbania,SAN MIGUEL,150136,Avenida Tacna Cuadra 3,San Miguel,906000.0,145.0,6248.275862068966,3,3,1,0.0,1,5853.0,848685.0,-0.068,1637.33,,26,1624,0.194,mejorando,0.533,0.67,0.822400649705728,1.581726
149511546,Urbania,SAN MIGUEL,150136,Av. Tacna,San Miguel,920000.0,145.0,6344.827586206897,3,3,0,0.0,1,5853.0,848685.0,-0.084,1637.33,,26,1624,0.194,mejorando,0.533,0.67,0.822400649705728,1.581726
148212357,Urbania,SAN MIGUEL,150136,Calle Hernán Cortés 124,San Miguel,954000.0,161.0,5925.465838509317,3,3,1,0.0,1,5853.0,942333.0,-0.012,1637.33,,26,1624,0.194,mejorando,0.533,0.67,0.822400649705728,1.581726
148932745,Urbania,SAN MIGUEL,150136,Umachiri 296,San Miguel,1032500.0,189.0,5462.962962962963,4,3,0,0.0,1,5853.0,1106217.0,0.067,1637.33,,26,1624,0.194,mejorando,0.533,0.67,0.822400649705728,1.581726
148111218,Urbania,SAN MIGUEL,150136,C. Grimaldo del Solar 400,San Miguel,1340000.0,226.0,5929.203539823009,3,2,2,440.0,1,5853.0,1322778.0,-0.013,1637.33,,26,1624,0.194,mejorando,0.533,0.67,0.822400649705728,1.581726
148972406,Urbania,SANTIAGO DE SURCO,150140,Jirón Doña Delmira,Santiago de Surco,234600.0,55.0,4265.454545454545,2,1,0,0.0,1,5606.0,308330.0,0.239,1818.18,,8,523,0.326,mejorando,0.382,0.528,0.8017574897902349,1.231283
149685457,Urbania,SANTIAGO DE SURCO,150140,"Calle Combate de Abtao 185, Santiago de Surco",Cruz De Surco,258260.0,45.0,5739.111111111111,1,1,0,0.0,10,5606.0,252270.0,-0.024,1818.18,,8,523,0.326,mejorando,0.382,0.528,0.8017574897902349,1.231283
149490699,Urbania,SANTIAGO DE SURCO,150140,Jirón Juno 184 - a Minutos del Óvalo de la Curva,Sagitario,260000.0,65.0,4000.0,3,2,0,250.0,10,5606.0,364390.0,0.286,1818.18,,8,523,0.326,mejorando,0.382,0.528,0.8017574897902349,1.231283
149661984,Urbania,SANTIAGO DE SURCO,150140,Av Las Gaviotas 2121,Sagitario,284400.0,55.0,5170.909090909091,1,1,0,250.0,1,5606.0,308330.0,0.078,1818.18,,8,523,0.326,mejorando,0.382,0.528,0.8017574897902349,1.231283
148322490,Urbania,SANTIAGO DE SURCO,150140,Jiron Viña Venturo  2xx - Vendo Dpto 3dorm Cerca a la av Guardia Civil,Sagitario,285600.0,78.0,3661.5384615384614,3,2,0,100.0,1,5606.0,437268.0,0.347,1818.18,,8,523,0.326,mejorando,0.382,0.528,0.8017574897902349,1.231283
149155680,Urbania,SANTIAGO DE SURCO,150140,Calle Galileo Galilei al 100,Santiago de Surco,286000.0,82.0,3487.8048780487807,3,2,0,100.0,1,5606.0,459692.0,0.378,1818.18,,8,523,0.326,mejorando,0.382,0.528,0.8017574897902349,1.231283
149324095,Urbania,SANTIAGO DE SURCO,150140,Calle Doña Delmira  al 400,Los Rosales,291550.0,62.0,4702.419354838709,2,1,0,70.0,1,5606.0,347572.0,0.161,1818.18,,8,523,0.326,mejorando,0.382,0.528,0.8017574897902349,1.231283
148562473,Urbania,SANTIAGO DE SURCO,150140,JR Vulcano,Santiago de Surco,312500.0,53.0,5896.226415094339,2,2,1,250.0,1,5606.0,297118.0,-0.052,1818.18,,8,523,0.326,mejorando,0.382,0.528,0.8017574897902349,1.231283
149791092,Urbania,SANTIAGO DE SURCO,150140,Calle 6  al 100,Santiago de Surco,335000.0,75.0,4466.666666666667,3,2,0,215.0,1,5606.0,420450.0,0.203,1818.18,,8,523,0.326,mejorando,0.382,0.528,0.8017574897902349,1.231283
149042276,Urbania,SANTIAGO DE SURCO,150140,Se Vende Departamento en Jr. Maximiliano Velarde - Surco - Lima_bc-1006-1 / 01295,Santiago de Surco,359200.0,123.0,2920.3252032520327,3,2,0,0.0,1,5606.0,689538.0,0.479,1818.18,,8,523,0.326,mejorando,0.382,0.528,0.8017574897902349,1.231283
149629113,Urbania,SANTIAGO DE SURCO,150140,Calle Viña Venturo al 100,Los Parrales De Surco,370000.0,82.0,4512.195121951219,2,2,0,50.0,1,5606.0,459692.0,0.195,1818.18,,8,523,0.326,mejorando,0.382,0.528,0.8017574897902349,1.231283
149482304,Urbania,SANTIAGO DE SURCO,150140,Doña Hortencia 170,Santiago de Surco,399777.0,100.0,3997.77,2,2,0,0.0,10,5606.0,560600.0,0.287,1818.18,,8,523,0.326,mejorando,0.382,0.528,0.8017574897902349,1.231283
149831648,Urbania,SANTIAGO DE SURCO,150140,Calle Combate de Abtao 185,Cruz De Surco,403650.0,79.0,5109.493670886076,3,2,0,0.0,1,5606.0,442874.0,0.089,1818.18,,8,523,0.326,mejorando,0.382,0.528,0.8017574897902349,1.231283
149485129,Urbania,SANTIAGO DE SURCO,150140,Santo Cristo al 100,Santiago de Surco,410400.0,77.0,5329.87012987013,3,2,1,200.0,1,5606.0,431662.0,0.049,1818.18,,8,523,0.326,mejorando,0.382,0.528,0.8017574897902349,1.231283
147397789,Urbania,SANTIAGO DE SURCO,150140,Jr. Combate Iquique 200,Santiago de Surco,413000.0,81.0,5098.765432098766,3,2,0,220.0,1,5606.0,454086.0,0.09,1818.18,,8,523,0.326,mejorando,0.382,0.528,0.8017574897902349,1.231283
147401059,Urbania,SANTIAGO DE SURCO,150140,Jr. Combate Iquique 200,Santiago de Surco,413500.0,81.0,5104.938271604939,3,2,0,220.0,1,5606.0,454086.0,0.089,1818.18,,8,523,0.326,mejorando,0.382,0.528,0.8017574897902349,1.231283
149429238,Urbania,SANTIAGO DE SURCO,150140,Jirón Los Cisnes al 100,Sagitario,418000.0,111.0,3765.765765765766,4,3,0,100.0,1,5606.0,622266.0,0.328,1818.18,,8,523,0.326,mejorando,0.382,0.528,0.8017574897902349,1.231283
149250347,Urbania,SANTIAGO DE SURCO,150140,Mariscal Castilla 671,Santiago de Surco,425000.0,95.0,4473.684210526316,3,3,1,0.0,1,5606.0,532570.0,0.202,1818.18,,8,523,0.326,mejorando,0.382,0.528,0.8017574897902349,1.231283
147856753,Urbania,SANTIAGO DE SURCO,150140,Jiron Combate de Angamos  Santiago de Surco,Cruz De Surco,429000.0,74.0,5797.2972972972975,3,2,0,200.0,1,5606.0,414844.0,-0.034,1818.18,,8,523,0.326,mejorando,0.382,0.528,0.8017574897902349,1.231283
149422713,Urbania,SANTIAGO DE SURCO,150140,Loma de los Suspiros,Prolongacion Benavides,444100.0,76.0,5843.421052631579,2,2,0,150.0,1,5606.0,426056.0,-0.042,1818.18,,8,523,0.326,mejorando,0.382,0.528,0.8017574897902349,1.231283
149404894,Urbania,SANTIAGO DE SURCO,150140,"Departamento Semi Amoblado en Venta, Surco Límite con Chorrillos",Santiago de Surco,456300.0,84.0,5432.142857142857,4,2,1,0.0,1,5606.0,470904.0,0.031,1818.18,,8,523,0.326,mejorando,0.382,0.528,0.8017574897902349,1.231283
148788929,Urbania,SANTIAGO DE SURCO,150140,Calle 1,Los Alamos De Monterrico,470400.0,73.0,6443.835616438356,3,1,2,300.0,1,5606.0,409238.0,-0.149,1818.18,,8,523,0.326,mejorando,0.382,0.528,0.8017574897902349,1.231283
149791084,Urbania,SANTIAGO DE SURCO,150140,Tambo Real al 200,Tambo Real,478800.0,75.0,6384.0,3,2,0,100.0,1,5606.0,420450.0,-0.139,1818.18,,8,523,0.326,mejorando,0.382,0.528,0.8017574897902349,1.231283
149868814,Urbania,SANTIAGO DE SURCO,150140,Calle Santa Elena Norte,Santiago de Surco,486500.0,90.0,5405.555555555556,2,2,1,200.0,1,5606.0,504540.0,0.036,1818.18,,8,523,0.326,mejorando,0.382,0.528,0.8017574897902349,1.231283
149645352,Urbania,SANTIAGO DE SURCO,150140,Jirón Guillermo Perata,Liguria,493350.0,97.0,5086.082474226804,3,2,1,120.0,1,5606.0,543782.0,0.093,1818.18,,8,523,0.326,mejorando,0.382,0.528,0.8017574897902349,1.231283
149741283,Urbania,SANTIAGO DE SURCO,150140,Venta de Departamento en Surco -  Ca. Roca David Cdra. 1 - Alt Cdra 11 de Av. Ayacucho Ic-1245-1 /  01305,Santiago de Surco,499000.0,87.0,5735.632183908046,2,2,1,0.0,1,5606.0,487722.0,-0.023,1818.18,,8,523,0.326,mejorando,0.382,0.528,0.8017574897902349,1.231283
149377831,Urbania,SANTIAGO DE SURCO,150140,Av. La Encalada al 1300,Santiago de Surco,533381.0,76.0,7018.171052631579,2,2,0,0.0,1,5606.0,426056.0,-0.252,1818.18,,8,523,0.326,mejorando,0.382,0.528,0.8017574897902349,1.231283
149401413,Urbania,SANTIAGO DE SURCO,150140,Av de los Ingenieros 994,Valle Hermoso,537584.0,119.0,4517.512605042017,3,2,2,0.0,1,5606.0,667114.0,0.194,1818.18,,8,523,0.326,mejorando,0.382,0.528,0.8017574897902349,1.231283
149590128,Urbania,SANTIAGO DE SURCO,150140,Santiago deSuco,El Derby,538650.0,124.0,4343.951612903225,2,2,2,0.0,1,5606.0,695144.0,0.225,1818.18,,8,523,0.326,mejorando,0.382,0.528,0.8017574897902349,1.231283
149501671,Urbania,SANTIAGO DE SURCO,150140,"Cristóbal de Peralta al 699, Surco",Santiago de Surco,539805.0,99.0,5452.575757575758,3,2,0,0.0,1,5606.0,554994.0,0.027,1818.18,,8,523,0.326,mejorando,0.382,0.528,0.8017574897902349,1.231283
149377873,Urbania,SANTIAGO DE SURCO,150140,Av. Manuel Olguín al 400,Santiago de Surco,543000.0,60.0,9050.0,2,2,0,0.0,10,5606.0,336360.0,-0.614,1818.18,,8,523,0.326,mejorando,0.382,0.528,0.8017574897902349,1.231283
147788472,Urbania,SANTIAGO DE SURCO,150140,AV. Gral. Edmundo Aguilar 451,Las Palmas,567300.0,111.0,5110.810810810811,3,3,1,200.0,1,5606.0,622266.0,0.088,1818.18,,8,523,0.326,mejorando,0.382,0.528,0.8017574897902349,1.231283
149907734,Urbania,SANTIAGO DE SURCO,150140,Calle  Los Laureles 314,Santiago de Surco,574560.0,82.0,7006.829268292683,1,1,1,300.0,1,5606.0,459692.0,-0.25,1818.18,,8,523,0.326,mejorando,0.382,0.528,0.8017574897902349,1.231283
147980872,Urbania,SANTIAGO DE SURCO,150140,"Avenida Monterrico Sur 1, Piso 4, Surco",Prolong. Benavides,595000.0,107.0,5560.747663551402,4,2,1,0.0,1,5606.0,599842.0,0.008,1818.18,,8,523,0.326,mejorando,0.382,0.528,0.8017574897902349,1.231283
147961627,Urbania,SANTIAGO DE SURCO,150140,El Polo 1074,Santiago de Surco,595000.0,94.0,6329.787234042553,3,3,1,0.0,1,5606.0,526964.0,-0.129,1818.18,,8,523,0.326,mejorando,0.382,0.528,0.8017574897902349,1.231283
148169947,Urbania,SANTIAGO DE SURCO,150140,"Jr. Cahuide 262, Surco",Santiago de Surco,595000.0,214.0,2780.373831775701,4,2,0,180.0,1,5606.0,1199684.0,0.504,1818.18,,8,523,0.326,mejorando,0.382,0.528,0.8017574897902349,1.231283
149585115,Urbania,SANTIAGO DE SURCO,150140,Av VALLES DEL SUR XXX - 1XX,Higuereta,599860.0,102.0,5880.980392156863,2,2,1,200.0,1,5606.0,571812.0,-0.049,1818.18,,8,523,0.326,mejorando,0.382,0.528,0.8017574897902349,1.231283
148718233,Urbania,SANTIAGO DE SURCO,150140,"Paseo de la Castellana, Condominio El Mirador.",Santiago de Surco,620000.0,134.0,4626.865671641791,4,3,1,0.0,1,5606.0,751204.0,0.175,1818.18,,8,523,0.326,mejorando,0.382,0.528,0.8017574897902349,1.231283
148835051,Urbania,SANTIAGO DE SURCO,150140,Av. Monterrico Chico 273,Santiago de Surco,623450.0,131.0,4759.160305343511,4,2,1,1.0,1,5606.0,734386.0,0.151,1818.18,,8,523,0.326,mejorando,0.382,0.528,0.8017574897902349,1.231283
149700094,Urbania,SANTIAGO DE SURCO,150140,Jirón Giuseppe Verdi,Alamos,632000.0,110.0,5745.454545454545,3,3,2,350.0,1,5606.0,616660.0,-0.025,1818.18,,8,523,0.326,mejorando,0.382,0.528,0.8017574897902349,1.231283
148219069,Urbania,SANTIAGO DE SURCO,150140,Av. El Derby 575,Santiago de Surco,635000.0,105.0,6047.619047619048,3,3,2,360.0,1,5606.0,588630.0,-0.079,1818.18,,8,523,0.326,mejorando,0.382,0.528,0.8017574897902349,1.231283
149890905,Urbania,SANTIAGO DE SURCO,150140,Av la Encalada  al 1200,Santiago de Surco,649350.0,105.0,6184.285714285715,3,4,1,0.0,1,5606.0,588630.0,-0.103,1818.18,,8,523,0.326,mejorando,0.382,0.528,0.8017574897902349,1.231283
149725089,Urbania,SANTIAGO DE SURCO,150140,Jr. Forestales Urb. Los Álamos de Monterrico al 300,Santiago de Surco,658240.0,134.0,4912.238805970149,3,4,1,0.0,1,5606.0,751204.0,0.124,1818.18,,8,523,0.326,mejorando,0.382,0.528,0.8017574897902349,1.231283
148799507,Urbania,SANTIAGO DE SURCO,150140,Los Crisantemos 110,Las Casuarinas,665000.0,127.0,5236.220472440945,3,2,2,0.0,1,5606.0,711962.0,0.066,1818.18,,8,523,0.326,mejorando,0.382,0.528,0.8017574897902349,1.231283
146329002,Urbania,SANTIAGO DE SURCO,150140,Arturo Aguilar,Vista Alegre,673000.0,104.0,6471.153846153846,3,2,1,0.0,1,5606.0,583024.0,-0.154,1818.18,,8,523,0.326,mejorando,0.382,0.528,0.8017574897902349,1.231283
149106112,Urbania,SANTIAGO DE SURCO,150140,Calle Amancaes 297  psio 2 Casuarinas Sur Surco,Santiago de Surco,678000.0,135.0,5022.222222222223,3,2,2,358.0,1,5606.0,756810.0,0.104,1818.18,,8,523,0.326,mejorando,0.382,0.528,0.8017574897902349,1.231283
148686036,Urbania,SANTIAGO DE SURCO,150140,jr. Jeronimo de Aliaga Norte  al 500,Chacarilla Del Estanque,686750.0,107.0,6418.22429906542,3,3,2,0.0,1,5606.0,599842.0,-0.145,1818.18,,8,523,0.326,mejorando,0.382,0.528,0.8017574897902349,1.231283
13509729,Urbania,SANTIAGO DE SURCO,150140,Nestor Batanero 120,Santa Teresa De Las Gardenias,690000.0,131.0,5267.175572519084,3,2,1,450.0,1,5606.0,734386.0,0.06,1818.18,,8,523,0.326,mejorando,0.382,0.528,0.8017574897902349,1.231283
149846936,Urbania,SANTIAGO DE SURCO,150140,El Escorial 245,Los Manzanos,703970.0,95.0,7410.210526315789,3,2,1,0.0,1,5606.0,532570.0,-0.322,1818.18,,8,523,0.326,mejorando,0.382,0.528,0.8017574897902349,1.231283
148517378,Urbania,SANTIAGO DE SURCO,150140,el cascajal 162,Santiago de Surco,705000.0,151.0,4668.87417218543,3,2,1,350.0,1,5606.0,846506.0,0.167,1818.18,,8,523,0.326,mejorando,0.382,0.528,0.8017574897902349,1.231283
149618886,Urbania,SANTIAGO DE SURCO,150140,Av Ayacucho al 100,Santiago de Surco,714150.0,110.0,6492.272727272727,3,2,1,100.0,1,5606.0,616660.0,-0.158,1818.18,,8,523,0.326,mejorando,0.382,0.528,0.8017574897902349,1.231283
149714102,Urbania,SANTIAGO DE SURCO,150140,Los Jazmines al 202,Valle Hermoso,718000.0,108.0,6648.148148148148,3,2,0,0.0,10,5606.0,605448.0,-0.186,1818.18,,8,523,0.326,mejorando,0.382,0.528,0.8017574897902349,1.231283
147924649,Urbania,SANTIAGO DE SURCO,150140,Calle La Calera de la Merced N° 204 Surquillo,La Calera De La Merced,723240.0,145.0,4987.862068965517,3,3,1,0.0,10,5606.0,812870.0,0.11,1818.18,,8,523,0.326,mejorando,0.382,0.528,0.8017574897902349,1.231283
148018120,Urbania,SANTIAGO DE SURCO,150140,Jiron Señor de Sipan  120,Santiago de Surco,726700.0,150.0,4844.666666666667,2,2,1,0.0,1,5606.0,840900.0,0.136,1818.18,,8,523,0.326,mejorando,0.382,0.528,0.8017574897902349,1.231283
149207570,Urbania,SANTIAGO DE SURCO,150140,Avenida Alfredo Franco,Chama,737800.0,117.0,6305.982905982906,3,3,1,400.0,1,5606.0,655902.0,-0.125,1818.18,,8,523,0.326,mejorando,0.382,0.528,0.8017574897902349,1.231283
149791096,Urbania,SANTIAGO DE SURCO,150140,Monte Claro al 100,Chacarilla Del Estanque,742500.0,133.0,5582.706766917293,2,3,1,600.0,1,5606.0,745598.0,0.004,1818.18,,8,523,0.326,mejorando,0.382,0.528,0.8017574897902349,1.231283
149843514,Urbania,SANTIAGO DE SURCO,150140,Jr.  Cineraria 584,Santiago de Surco,748000.0,90.0,8311.111111111111,3,2,1,0.0,10,5606.0,504540.0,-0.483,1818.18,,8,523,0.326,mejorando,0.382,0.528,0.8017574897902349,1.231283
149812222,Urbania,SANTIAGO DE SURCO,150140,Avenida Coronel Reynaldo Vivanco,Santa Teresa,749100.0,140.0,5350.714285714285,3,4,1,435.0,1,5606.0,784840.0,0.046,1818.18,,8,523,0.326,mejorando,0.382,0.528,0.8017574897902349,1.231283
149791087,Urbania,SANTIAGO DE SURCO,150140,Avenida de los Ingenieros al 900,Ingenieros Valle Hermoso,753750.0,120.0,6281.25,3,2,2,0.0,1,5606.0,672720.0,-0.12,1818.18,,8,523,0.326,mejorando,0.382,0.528,0.8017574897902349,1.231283
147253589,Urbania,SANTIAGO DE SURCO,150140,AV LOS INGENIEROS 713 URB VALLE HERMOSO,Valle Hermoso,754650.0,146.0,5168.835616438356,3,2,1,1.0,1,5606.0,818476.0,0.078,1818.18,,8,523,0.326,mejorando,0.382,0.528,0.8017574897902349,1.231283
148813594,Urbania,SANTIAGO DE SURCO,150140,Av. Alejandro Velasco Astete 1153,Chacarilla Del Estanque,763000.0,104.0,7336.538461538462,1,1,2,0.0,1,5606.0,583024.0,-0.309,1818.18,,8,523,0.326,mejorando,0.382,0.528,0.8017574897902349,1.231283
149561056,Urbania,SANTIAGO DE SURCO,150140,Jirón Grimaldo Reategui del Aguila 323,Chama,763950.0,127.0,6015.354330708661,3,3,2,400.0,1,5606.0,711962.0,-0.073,1818.18,,8,523,0.326,mejorando,0.382,0.528,0.8017574897902349,1.231283
148922453,Urbania,SANTIAGO DE SURCO,150140,LA CORUÑA,Higuereta,770000.0,132.0,5833.333333333333,3,2,0,0.0,1,5606.0,739992.0,-0.041,1818.18,,8,523,0.326,mejorando,0.382,0.528,0.8017574897902349,1.231283
149397395,Urbania,SANTIAGO DE SURCO,150140,Jr. Cerro Negro 230,Santiago de Surco,770500.0,134.0,5750.0,3,3,1,0.0,1,5606.0,751204.0,-0.026,1818.18,,8,523,0.326,mejorando,0.382,0.528,0.8017574897902349,1.231283
147971310,Urbania,SANTIAGO DE SURCO,150140,Av. Guillermo More 1XX,Santiago de Surco,772800.0,119.0,6494.117647058823,3,3,1,0.0,1,5606.0,667114.0,-0.158,1818.18,,8,523,0.326,mejorando,0.382,0.528,0.8017574897902349,1.231283
149347327,Urbania,SANTIAGO DE SURCO,150140,Velasco Astete 1400 Surco,Santa Teresa,774000.0,99.0,7818.181818181818,3,2,0,0.0,1,5606.0,554994.0,-0.395,1818.18,,8,523,0.326,mejorando,0.382,0.528,0.8017574897902349,1.231283
149435023,Urbania,SANTIAGO DE SURCO,150140,"Monte Claro 129 con 133m2, 2 Dormitorios y 01 Cochera!",Chacarilla Del Estanque,774500.0,133.0,5823.308270676692,2,3,1,0.0,1,5606.0,745598.0,-0.039,1818.18,,8,523,0.326,mejorando,0.382,0.528,0.8017574897902349,1.231283
149773405,Urbania,SANTIAGO DE SURCO,150140,Jr. Jacarandá,Valle Hermoso Residencial,778600.0,122.0,6381.9672131147545,2,2,1,500.0,10,5606.0,683932.0,-0.138,1818.18,,8,523,0.326,mejorando,0.382,0.528,0.8017574897902349,1.231283
149538089,Urbania,SANTIAGO DE SURCO,150140,Calle Las Violetas-casuarinas Cerca a Plaza Vea de Valle Hermoso,Las Casuarinas,781660.0,140.0,5583.285714285715,4,4,1,0.0,1,5606.0,784840.0,0.004,1818.18,,8,523,0.326,mejorando,0.382,0.528,0.8017574897902349,1.231283
149182441,Urbania,SANTIAGO DE SURCO,150140,Surco,Santiago de Surco,798000.0,90.0,8866.666666666666,3,2,1,0.0,1,5606.0,504540.0,-0.582,1818.18,,8,523,0.326,mejorando,0.382,0.528,0.8017574897902349,1.231283
149097637,Urbania,SANTIAGO DE SURCO,150140,Av De Los Ingenieros 260,Santiago de Surco,798000.0,124.0,6435.4838709677415,3,2,2,0.0,10,5606.0,695144.0,-0.148,1818.18,,8,523,0.326,mejorando,0.382,0.528,0.8017574897902349,1.231283
148976757,Urbania,SANTIAGO DE SURCO,150140,Calle Tambo de Oro  al 100,Santiago de Surco,804000.0,140.0,5742.857142857143,3,3,2,500.0,1,5606.0,784840.0,-0.024,1818.18,,8,523,0.326,mejorando,0.382,0.528,0.8017574897902349,1.231283
148690198,Urbania,SANTIAGO DE SURCO,150140,Av. Valles del Sur,Higuereta,804000.0,108.0,7444.444444444444,3,2,0,400.0,1,5606.0,605448.0,-0.328,1818.18,,8,523,0.326,mejorando,0.382,0.528,0.8017574897902349,1.231283
147962223,Urbania,SANTIAGO DE SURCO,150140,Frente a Parque - Surco,Canopus,805420.0,138.0,5836.376811594203,3,2,0,300.0,1,5606.0,773628.0,-0.041,1818.18,,8,523,0.326,mejorando,0.382,0.528,0.8017574897902349,1.231283
148995907,Urbania,SANTIAGO DE SURCO,150140,Castilla la Vieja 7,Santiago de Surco,822500.0,189.0,4351.851851851852,3,2,1,350.0,1,5606.0,1059534.0,0.224,1818.18,,8,523,0.326,mejorando,0.382,0.528,0.8017574897902349,1.231283
146933136,Urbania,SANTIAGO DE SURCO,150140,Avenida El Polo  al 700,El Polo,825256.0,158.0,5223.139240506329,3,3,1,480.0,1,5606.0,885748.0,0.068,1818.18,,8,523,0.326,mejorando,0.382,0.528,0.8017574897902349,1.231283
149747680,Urbania,SANTIAGO DE SURCO,150140,Avenida Central 960,Los Alamos De Monterrico,830000.0,125.0,6640.0,3,3,2,520.0,10,5606.0,700750.0,-0.184,1818.18,,8,523,0.326,mejorando,0.382,0.528,0.8017574897902349,1.231283
147707091,Urbania,SANTIAGO DE SURCO,150140,Calle LA Coruña al 200,Higuereta,833280.0,169.0,4930.650887573965,5,4,2,450.0,1,5606.0,947414.0,0.12,1818.18,,8,523,0.326,mejorando,0.382,0.528,0.8017574897902349,1.231283
149747643,Urbania,SANTIAGO DE SURCO,150140,Alonso de Molina Esquina con Paramonga,Las Colinas De Monterrico,837000.0,135.0,6200.0,3,2,2,300.0,1,5606.0,756810.0,-0.106,1818.18,,8,523,0.326,mejorando,0.382,0.528,0.8017574897902349,1.231283
148801421,Urbania,SANTIAGO DE SURCO,150140,El Herraje,Los Alamos De Monterrico,845000.0,157.0,5382.165605095542,3,3,3,400.0,1,5606.0,880142.0,0.04,1818.18,,8,523,0.326,mejorando,0.382,0.528,0.8017574897902349,1.231283
149726791,Urbania,SANTIAGO DE SURCO,150140,Calle Madreselvas xxx santiago de surco,Santiago de Surco,845250.0,140.0,6037.5,3,2,2,700.0,10,5606.0,784840.0,-0.077,1818.18,,8,523,0.326,mejorando,0.382,0.528,0.8017574897902349,1.231283
149870384,Urbania,SANTIAGO DE SURCO,150140,Jirón Domingo de la Presa,Santiago de Surco,850000.0,195.0,4358.974358974359,4,4,1,300.0,1,5606.0,1093170.0,0.222,1818.18,,8,523,0.326,mejorando,0.382,0.528,0.8017574897902349,1.231283
148434630,Urbania,SANTIAGO DE SURCO,150140,Calle Mar Java Mz. O Lt. 3 Neptuno Santiago de Surco,Neptuno,858301.0,118.0,7273.737288135593,3,2,1,250.0,1,5606.0,661508.0,-0.297,1818.18,,8,523,0.326,mejorando,0.382,0.528,0.8017574897902349,1.231283
146445914,Urbania,SANTIAGO DE SURCO,150140,Calle Monte Sierpe 1xx,Chacarilla Del Estanque,863000.0,103.0,8378.640776699029,3,2,0,0.0,10,5606.0,577418.0,-0.495,1818.18,,8,523,0.326,mejorando,0.382,0.528,0.8017574897902349,1.231283
149356332,Urbania,SANTIAGO DE SURCO,150140,JR LAS Cantutas  al 200,Casuarinas Sur,870000.0,205.0,4243.90243902439,3,2,2,0.0,1,5606.0,1149230.0,0.243,1818.18,,8,523,0.326,mejorando,0.382,0.528,0.8017574897902349,1.231283
149265004,Urbania,SANTIAGO DE SURCO,150140,Av. Alejandro Velasco Astete 3360,Santiago de Surco,875000.0,132.0,6628.787878787879,3,2,2,0.0,1,5606.0,739992.0,-0.182,1818.18,,8,523,0.326,mejorando,0.382,0.528,0.8017574897902349,1.231283
149429750,Urbania,SANTIAGO DE SURCO,150140,Avenida Circunvalacion Golf de los Incas al 200,Santiago de Surco,877711.0,123.0,7135.861788617886,3,3,1,0.0,1,5606.0,689538.0,-0.273,1818.18,,8,523,0.326,mejorando,0.382,0.528,0.8017574897902349,1.231283
148565582,Urbania,SANTIAGO DE SURCO,150140,Jirón Las Cantutas - Bello Flat DE 200mts  con Terraza y Cochera Doble - Piscina,Casuarinas Sur,880600.0,199.0,4425.125628140703,3,2,2,450.0,1,5606.0,1115594.0,0.211,1818.18,,8,523,0.326,mejorando,0.382,0.528,0.8017574897902349,1.231283
149274471,Urbania,SANTIAGO DE SURCO,150140,Jirón Tomasal al 1000,Huertos De San Antonio,882400.0,106.0,8324.528301886792,3,3,1,0.0,10,5606.0,594236.0,-0.485,1818.18,,8,523,0.326,mejorando,0.382,0.528,0.8017574897902349,1.231283
149632292,Urbania,SANTIAGO DE SURCO,150140,Jr. Las Gardenias al 300,Santiago de Surco,884000.0,220.0,4018.181818181818,3,3,2,580.0,1,5606.0,1233320.0,0.283,1818.18,,8,523,0.326,mejorando,0.382,0.528,0.8017574897902349,1.231283
147927504,Urbania,SANTIAGO DE SURCO,150140,CRISANTEMOS,Las Casuarinas,884000.0,220.0,4018.181818181818,3,2,2,550.0,1,5606.0,1233320.0,0.283,1818.18,,8,523,0.326,mejorando,0.382,0.528,0.8017574897902349,1.231283
149452795,Urbania,SANTIAGO DE SURCO,150140,AV Jacaranda  al 100,Valle Hermoso,891800.0,137.0,6509.489051094891,4,3,2,500.0,1,5606.0,768022.0,-0.161,1818.18,,8,523,0.326,mejorando,0.382,0.528,0.8017574897902349,1.231283
148818079,Urbania,SANTIAGO DE SURCO,150140,Araroba  al 100,Benavides,892713.0,157.0,5686.070063694267,3,3,3,0.0,1,5606.0,880142.0,-0.014,1818.18,,8,523,0.326,mejorando,0.382,0.528,0.8017574897902349,1.231283
149800861,Urbania,SANTIAGO DE SURCO,150140,Calle Ocoña 1XX  Surco,Santiago de Surco,907400.0,202.0,4492.079207920792,5,4,2,0.0,1,5606.0,1132412.0,0.199,1818.18,,8,523,0.326,mejorando,0.382,0.528,0.8017574897902349,1.231283
148514228,Urbania,SANTIAGO DE SURCO,150140,Jr. Pisac 222,Higuereta,910000.0,167.0,5449.101796407185,3,3,2,0.0,1,5606.0,936202.0,0.028,1818.18,,8,523,0.326,mejorando,0.382,0.528,0.8017574897902349,1.231283
149454474,Urbania,SANTIAGO DE SURCO,150140,Santiago,Higuereta,914250.0,121.0,7555.785123966943,3,2,2,0.0,10,5606.0,678326.0,-0.348,1818.18,,8,523,0.326,mejorando,0.382,0.528,0.8017574897902349,1.231283
148447937,Urbania,SANTIAGO DE SURCO,150140,Clemente X,Santiago de Surco,915000.0,302.0,3029.801324503311,3,2,1,0.0,10,5606.0,1693012.0,0.46,1818.18,,8,523,0.326,mejorando,0.382,0.528,0.8017574897902349,1.231283
148521934,Urbania,SANTIAGO DE SURCO,150140,Avenida Velasco Astete,Chacarilla Del Estanque,917600.0,125.0,7340.8,3,3,2,0.0,1,5606.0,700750.0,-0.309,1818.18,,8,523,0.326,mejorando,0.382,0.528,0.8017574897902349,1.231283
149701731,Urbania,SANTIAGO DE SURCO,150140,Enrique Salazar Barreto,Santiago de Surco,918000.0,248.0,3701.6129032258063,5,3,1,0.0,1,5606.0,1390288.0,0.34,1818.18,,8,523,0.326,mejorando,0.382,0.528,0.8017574897902349,1.231283
149446202,Urbania,SANTIAGO DE SURCO,150140,Paramonga,Santiago de Surco,918000.0,133.0,6902.255639097744,2,1,1,0.0,1,5606.0,745598.0,-0.231,1818.18,,8,523,0.326,mejorando,0.382,0.528,0.8017574897902349,1.231283
149728312,Urbania,SANTIAGO DE SURCO,150140,Avenida Alejandro Velasco Astete 1100,Chacarilla Del Estanque,927500.0,140.0,6625.0,3,2,2,600.0,1,5606.0,784840.0,-0.182,1818.18,,8,523,0.326,mejorando,0.382,0.528,0.8017574897902349,1.231283
149670870,Urbania,SANTIAGO DE SURCO,150140,Las Violetas 154,Casuarinas Sur,930000.0,232.0,4008.6206896551726,3,2,2,0.0,10,5606.0,1300592.0,0.285,1818.18,,8,523,0.326,mejorando,0.382,0.528,0.8017574897902349,1.231283
149429050,Urbania,SANTIAGO DE SURCO,150140,Jr Los Laureles - Chacarilla Surco,Valle Hermoso,935000.0,153.0,6111.111111111111,3,2,2,420.0,1,5606.0,857718.0,-0.09,1818.18,,8,523,0.326,mejorando,0.382,0.528,0.8017574897902349,1.231283
148379168,Urbania,SANTIAGO DE SURCO,150140,AV PRIMAVERA CALLE PUCALA,El Polo,938000.0,228.0,4114.035087719299,5,3,1,0.0,1,5606.0,1278168.0,0.266,1818.18,,8,523,0.326,mejorando,0.382,0.528,0.8017574897902349,1.231283
149363938,Urbania,SANTIAGO DE SURCO,150140,Jr. Batalla de San Juan 742  Las Gardenias Santiago de Surco 742,Las Gardenias,941500.0,162.0,5811.728395061728,3,3,2,540.0,1,5606.0,908172.0,-0.037,1818.18,,8,523,0.326,mejorando,0.382,0.528,0.8017574897902349,1.231283
148912675,Urbania,SANTIAGO DE SURCO,150140,Av. de los Precursores 575,Valle Hermoso Oeste,943880.0,134.0,7043.880597014925,3,3,2,600.0,1,5606.0,751204.0,-0.256,1818.18,,8,523,0.326,mejorando,0.382,0.528,0.8017574897902349,1.231283
146878202,Urbania,SANTIAGO DE SURCO,150140,Jr. Pucala Valle Hermoso Surco,Valle Hermoso,945000.0,179.0,5279.329608938548,3,2,2,600.0,1,5606.0,1003474.0,0.058,1818.18,,8,523,0.326,mejorando,0.382,0.528,0.8017574897902349,1.231283
149697831,Urbania,SANTIAGO DE SURCO,150140,Pancho Fierro,Valle Hermoso Oeste,945200.0,130.0,7270.7692307692305,3,3,2,380.0,10,5606.0,728780.0,-0.297,1818.18,,8,523,0.326,mejorando,0.382,0.528,0.8017574897902349,1.231283
147375610,Urbania,SANTIAGO DE SURCO,150140,Av Mariscal Ramon Castilla,Santiago de Surco,946400.0,217.0,4361.290322580645,4,4,1,350.0,1,5606.0,1216502.0,0.222,1818.18,,8,523,0.326,mejorando,0.382,0.528,0.8017574897902349,1.231283
149242541,Urbania,SANTIAGO DE SURCO,150140,Calle Jose Maria Quiroga  al 300,Higuereta,949900.0,136.0,6984.558823529412,5,3,1,300.0,1,5606.0,762416.0,-0.246,1818.18,,8,523,0.326,mejorando,0.382,0.528,0.8017574897902349,1.231283
149206828,Urbania,SANTIAGO DE SURCO,150140,Calle las Campanillas  Casuarinas Surco,Las Casuarinas Alta,962500.0,164.0,5868.90243902439,3,3,1,600.0,1,5606.0,919384.0,-0.047,1818.18,,8,523,0.326,mejorando,0.382,0.528,0.8017574897902349,1.231283
148512051,Urbania,SANTIAGO DE SURCO,150140,Jirón Las Fresias 235,Los Pinos De Monterrico Chico,962500.0,242.0,3977.2727272727275,4,1,2,0.0,1,5606.0,1356652.0,0.291,1818.18,,8,523,0.326,mejorando,0.382,0.528,0.8017574897902349,1.231283
149903341,Urbania,SANTIAGO DE SURCO,150140,El buen retiro,Valle Hermoso,963200.0,180.0,5351.111111111111,4,3,2,400.0,1,5606.0,1009080.0,0.045,1818.18,,8,523,0.326,mejorando,0.382,0.528,0.8017574897902349,1.231283
149826531,Urbania,SANTIAGO DE SURCO,150140,Av. de los Precursores,Valle Hermoso Oeste,982600.0,184.0,5340.217391304348,3,2,1,250.0,10,5606.0,1031504.0,0.047,1818.18,,8,523,0.326,mejorando,0.382,0.528,0.8017574897902349,1.231283
149235186,Urbania,SANTIAGO DE SURCO,150140,Monte Claro,Chacarilla Del Estanque,983680.0,140.0,7026.285714285715,3,4,2,650.0,1,5606.0,784840.0,-0.253,1818.18,,8,523,0.326,mejorando,0.382,0.528,0.8017574897902349,1.231283
149403386,Urbania,SANTIAGO DE SURCO,150140,Jirón Arturo Aguilar 289 Santiago de Surco,Santiago de Surco,986000.0,218.0,4522.935779816514,2,3,1,0.0,1,5606.0,1222108.0,0.193,1818.18,,8,523,0.326,mejorando,0.382,0.528,0.8017574897902349,1.231283
149066343,Urbania,SANTIAGO DE SURCO,150140,Calle Montes DE OCA - Flat 190 M2- Vista Externa - 3 Dorm CON Baño,Valle Hermoso,987915.0,190.0,5199.5526315789475,3,3,1,850.0,10,5606.0,1065140.0,0.073,1818.18,,8,523,0.326,mejorando,0.382,0.528,0.8017574897902349,1.231283
148013486,Urbania,SANTIAGO DE SURCO,150140,Av. Primavera & Jirón Jerónimo de Aliaga Sur,Valle Hermoso,991200.0,157.0,6313.375796178344,3,3,2,0.0,1,5606.0,880142.0,-0.126,1818.18,,8,523,0.326,mejorando,0.382,0.528,0.8017574897902349,1.231283
149042568,Urbania,SANTIAGO DE SURCO,150140,Cerros de Camacho  600,Cerros De Camacho,992000.0,164.0,6048.780487804878,3,3,1,838.0,1,5606.0,919384.0,-0.079,1818.18,,8,523,0.326,mejorando,0.382,0.528,0.8017574897902349,1.231283
148238445,Urbania,SANTIAGO DE SURCO,150140,Urbanización Higuereta,Higuereta,993000.0,115.0,8634.782608695652,3,3,0,0.0,1,5606.0,644690.0,-0.54,1818.18,,8,523,0.326,mejorando,0.382,0.528,0.8017574897902349,1.231283
148332529,Urbania,SANTIAGO DE SURCO,150140,Av. El Derby,Santiago de Surco,997500.0,180.0,5541.666666666667,3,2,2,380.0,1,5606.0,1009080.0,0.011,1818.18,,8,523,0.326,mejorando,0.382,0.528,0.8017574897902349,1.231283
147353965,Urbania,SANTIAGO DE SURCO,150140,Dirección no informada,Santiago de Surco,997500.0,145.0,6879.310344827586,3,2,2,600.0,1,5606.0,812870.0,-0.227,1818.18,,8,523,0.326,mejorando,0.382,0.528,0.8017574897902349,1.231283
148201563,Urbania,SANTIAGO DE SURCO,150140,Av. Pedro Venturo,Santiago de Surco,998000.0,121.0,8247.933884297521,2,3,2,700.0,10,5606.0,678326.0,-0.471,1818.18,,8,523,0.326,mejorando,0.382,0.528,0.8017574897902349,1.231283
148571531,Urbania,SANTIAGO DE SURCO,150140,Jr Juan de Rada  al 300,Santiago de Surco,1003400.0,191.0,5253.4031413612565,2,3,1,0.0,1,5606.0,1070746.0,0.063,1818.18,,8,523,0.326,mejorando,0.382,0.528,0.8017574897902349,1.231283
148881847,Urbania,SANTIAGO DE SURCO,150140,"Chacarilla V. Astete con C. Inca  Parques, Colegios, 4 Habitaciones 3 Estacionamientos.  216m2",Santiago de Surco,1004000.0,216.0,4648.148148148148,3,2,3,650.0,10,5606.0,1210896.0,0.171,1818.18,,8,523,0.326,mejorando,0.382,0.528,0.8017574897902349,1.231283
148545490,Urbania,SANTIAGO DE SURCO,150140,Ernesto Cardenas Santiago de Surco,Santiago de Surco,1005120.0,154.0,6526.7532467532465,4,4,2,0.0,1,5606.0,863324.0,-0.164,1818.18,,8,523,0.326,mejorando,0.382,0.528,0.8017574897902349,1.231283
149469162,Urbania,SANTIAGO DE SURCO,150140,Jirón Tomasal,Santiago de Surco,1009770.0,141.0,7161.489361702128,2,2,0,0.0,1,5606.0,790446.0,-0.277,1818.18,,8,523,0.326,mejorando,0.382,0.528,0.8017574897902349,1.231283
149702826,Urbania,SANTIAGO DE SURCO,150140,Av. Mariscal Ramón Castilla 233,Santiago de Surco,1020000.0,192.0,5312.5,4,2,1,0.0,1,5606.0,1076352.0,0.052,1818.18,,8,523,0.326,mejorando,0.382,0.528,0.8017574897902349,1.231283
149911166,Urbania,SANTIAGO DE SURCO,150140,Jirón Tomasal 8XX,Huertos De San Antonio,1023000.0,134.0,7634.328358208955,3,3,2,470.0,1,5606.0,751204.0,-0.362,1818.18,,8,523,0.326,mejorando,0.382,0.528,0.8017574897902349,1.231283
149399031,Urbania,SANTIAGO DE SURCO,150140,Surco 1,Chacarilla Del Estanque,1041200.0,300.0,3470.6666666666665,4,4,2,500.0,1,5606.0,1681800.0,0.381,1818.18,,8,523,0.326,mejorando,0.382,0.528,0.8017574897902349,1.231283
149295105,Urbania,SANTIAGO DE SURCO,150140,Alameda del Crepúsculo,Santiago de Surco,1055000.0,184.0,5733.695652173913,3,3,0,0.0,10,5606.0,1031504.0,-0.023,1818.18,,8,523,0.326,mejorando,0.382,0.528,0.8017574897902349,1.231283
149719537,Urbania,SANTIAGO DE SURCO,150140,Calle Monte Real al 100,Santiago de Surco,1060000.0,167.0,6347.305389221557,3,4,0,480.0,1,5606.0,936202.0,-0.132,1818.18,,8,523,0.326,mejorando,0.382,0.528,0.8017574897902349,1.231283
149575396,Urbania,SANTIAGO DE SURCO,150140,Calle Arturo Lecca al 200,Santa Carmela,1063000.0,196.0,5423.469387755102,3,3,2,0.0,1,5606.0,1098776.0,0.033,1818.18,,8,523,0.326,mejorando,0.382,0.528,0.8017574897902349,1.231283
146517530,Urbania,SANTIAGO DE SURCO,150140,chacarilla,Santiago de Surco,1070850.0,158.0,6777.53164556962,3,2,2,650.0,1,5606.0,885748.0,-0.209,1818.18,,8,523,0.326,mejorando,0.382,0.528,0.8017574897902349,1.231283
148281562,Urbania,SANTIAGO DE SURCO,150140,Ca. Batallon Tarma 315,Santiago de Surco,1079534.0,236.0,4574.296610169492,4,2,2,585.0,1,5606.0,1323016.0,0.184,1818.18,,8,523,0.326,mejorando,0.382,0.528,0.8017574897902349,1.231283
148251656,Urbania,SANTIAGO DE SURCO,150140,"Av. Alejandro Velasco Astete, Surco",Chacarilla Del Estanque,1085000.0,222.0,4887.387387387387,4,4,2,600.0,1,5606.0,1244532.0,0.128,1818.18,,8,523,0.326,mejorando,0.382,0.528,0.8017574897902349,1.231283
146739831,Urbania,SANTIAGO DE SURCO,150140,Monte Real 141,Santiago de Surco,1088000.0,182.0,5978.021978021978,3,4,2,900.0,1,5606.0,1020292.0,-0.066,1818.18,,8,523,0.326,mejorando,0.382,0.528,0.8017574897902349,1.231283
148064841,Urbania,SANTIAGO DE SURCO,150140,jr Enrique Campos  al 300 Cerca a Chacarilla,Las Gardenias,1112020.0,208.0,5346.25,3,2,2,0.0,1,5606.0,1166048.0,0.046,1818.18,,8,523,0.326,mejorando,0.382,0.528,0.8017574897902349,1.231283
147989411,Urbania,SANTIAGO DE SURCO,150140,jr Monte Real,Chacarilla Del Estanque,1122000.0,202.0,5554.455445544554,3,4,2,850.0,1,5606.0,1132412.0,0.009,1818.18,,8,523,0.326,mejorando,0.382,0.528,0.8017574897902349,1.231283
149495872,Urbania,SANTIAGO DE SURCO,150140,"Amplio Dúplex en Las Casuarinas, 169 m², con Vista Interior, Excelente Distribución y Gran Iluminación Natural - Jr Jacarandá  al 100",Las Casuarinas,1132000.0,169.0,6698.224852071006,4,3,0,0.0,1,5606.0,947414.0,-0.195,1818.18,,8,523,0.326,mejorando,0.382,0.528,0.8017574897902349,1.231283
148040301,Urbania,SANTIAGO DE SURCO,150140,Av La Floresta 4xx,Chacarilla Del Estanque,1150000.0,164.0,7012.195121951219,3,3,2,800.0,1,5606.0,919384.0,-0.251,1818.18,,8,523,0.326,mejorando,0.382,0.528,0.8017574897902349,1.231283
149791094,Urbania,SANTIAGO DE SURCO,150140,Jacaranda  al 400,Valle Hermoso Residencial,1162000.0,171.0,6795.3216374269,3,3,2,650.0,1,5606.0,958626.0,-0.212,1818.18,,8,523,0.326,mejorando,0.382,0.528,0.8017574897902349,1.231283
147983678,Urbania,SANTIAGO DE SURCO,150140,Puerto Pizarro 150,Santiago de Surco,1168000.0,223.0,5237.668161434977,3,3,1,550.0,1,5606.0,1250138.0,0.066,1818.18,,8,523,0.326,mejorando,0.382,0.528,0.8017574897902349,1.231283
148820902,Urbania,SANTIAGO DE SURCO,150140,URBANIZACION LOS JAZMINES,Los Jazmines,1172500.0,214.0,5478.971962616823,4,4,2,600.0,10,5606.0,1199684.0,0.023,1818.18,,8,523,0.326,mejorando,0.382,0.528,0.8017574897902349,1.231283
149496733,Urbania,SANTIAGO DE SURCO,150140,Jirón Jacarandá 137,Santiago de Surco,1173000.0,205.0,5721.951219512195,3,2,2,600.0,1,5606.0,1149230.0,-0.021,1818.18,,8,523,0.326,mejorando,0.382,0.528,0.8017574897902349,1.231283
149534409,Urbania,SANTIAGO DE SURCO,150140,AV. CIRCUNVALACION EL CLUB EL GOLF LOS INCAS 148,Club Golf Los Incas,1173000.0,150.0,7820.0,3,3,2,650.0,1,5606.0,840900.0,-0.395,1818.18,,8,523,0.326,mejorando,0.382,0.528,0.8017574897902349,1.231283
149656204,Urbania,SANTIAGO DE SURCO,150140,Calle Jose Sebastian Barranca 191,Santiago de Surco,1173000.0,238.0,4928.571428571428,4,3,2,500.0,1,5606.0,1334228.0,0.121,1818.18,,8,523,0.326,mejorando,0.382,0.528,0.8017574897902349,1.231283
146683328,Urbania,SANTIAGO DE SURCO,150140,las laderas,Santiago de Surco,1176500.0,150.0,7843.333333333333,2,2,2,300.0,1,5606.0,840900.0,-0.399,1818.18,,8,523,0.326,mejorando,0.382,0.528,0.8017574897902349,1.231283
148224434,Urbania,SANTIAGO DE SURCO,150140,Batallón Libres De Trujillo 177,Santiago de Surco,1186600.0,226.0,5250.442477876106,3,2,2,750.0,1,5606.0,1266956.0,0.063,1818.18,,8,523,0.326,mejorando,0.382,0.528,0.8017574897902349,1.231283
147917254,Urbania,SANTIAGO DE SURCO,150140,"Valle Hermoso, Surco Duplex 2 Dormitorios Vista Externa NO Paga Alcabala CON Doble Teerraza",Valle Hermoso,1195728.0,216.0,5535.777777777777,2,2,2,750.0,1,5606.0,1210896.0,0.013,1818.18,,8,523,0.326,mejorando,0.382,0.528,0.8017574897902349,1.231283
149813969,Urbania,SANTIAGO DE SURCO,150140,Av. Alejandro Velasco Astete al 1200,Santiago de Surco,1204000.0,301.0,4000.0,3,2,2,1200.0,1,5606.0,1687406.0,0.286,1818.18,,8,523,0.326,mejorando,0.382,0.528,0.8017574897902349,1.231283
148589287,Urbania,SANTIAGO DE SURCO,150140,"Precursores Cuadra 3, Esquina Cerca a Chacarilla",Santiago de Surco,1206810.0,253.0,4770.0,3,3,2,850.0,1,5606.0,1418318.0,0.149,1818.18,,8,523,0.326,mejorando,0.382,0.528,0.8017574897902349,1.231283
149332169,Urbania,SANTIAGO DE SURCO,150140,Jirón Trinitarias 308,Las Gardenias,1207000.0,208.0,5802.884615384615,4,4,2,650.0,1,5606.0,1166048.0,-0.035,1818.18,,8,523,0.326,mejorando,0.382,0.528,0.8017574897902349,1.231283
149198056,Urbania,SANTIAGO DE SURCO,150140,Calle  Emancipacion,Santiago de Surco,1207000.0,208.0,5802.884615384615,3,3,2,800.0,1,5606.0,1166048.0,-0.035,1818.18,,8,523,0.326,mejorando,0.382,0.528,0.8017574897902349,1.231283
147506502,Urbania,SANTIAGO DE SURCO,150140,"Jr. Domingo de la Presa Cdra. 1, Valle Hermoso de Monterrico, Surco",Santiago de Surco,1207500.0,288.0,4192.708333333333,3,3,2,300.0,1,5606.0,1614528.0,0.252,1818.18,,8,523,0.326,mejorando,0.382,0.528,0.8017574897902349,1.231283
147855165,Urbania,SANTIAGO DE SURCO,150140,Calle Los Granados 141,Valle Hermoso Residencial Etapa Ii,1213420.0,300.0,4044.733333333333,3,4,2,380.0,1,5606.0,1681800.0,0.278,1818.18,,8,523,0.326,mejorando,0.382,0.528,0.8017574897902349,1.231283
149753690,Urbania,SANTIAGO DE SURCO,150140,Av de los Ingenieros 234,Valle Hermoso,1216250.0,240.0,5067.708333333333,3,4,2,0.0,1,5606.0,1345440.0,0.096,1818.18,,8,523,0.326,mejorando,0.382,0.528,0.8017574897902349,1.231283
149847537,Urbania,SANTIAGO DE SURCO,150140,"Lima Polo Hunt- Bello Duplex  de 277 mt2  con Terraza Y Piscina Propia, 3d, 2 Cocheras Paralelas",Monterrico,1220000.0,277.0,4404.332129963899,3,4,2,0.0,1,5606.0,1552862.0,0.214,1818.18,,8,523,0.326,mejorando,0.382,0.528,0.8017574897902349,1.231283
149326750,Urbania,SANTIAGO DE SURCO,150140,Jr. Huaroc Duplex de Estreno 221m2 Gran Terraza (NO Paga Alcabala),Santiago de Surco,1240116.0,221.0,5611.384615384615,3,2,1,0.0,1,5606.0,1238926.0,-0.001,1818.18,,8,523,0.326,mejorando,0.382,0.528,0.8017574897902349,1.231283
149525210,Urbania,SANTIAGO DE SURCO,150140,Jr. La Conquista 267,El Derby,1245215.0,174.0,7156.408045977011,3,3,2,500.0,1,5606.0,975444.0,-0.277,1818.18,,8,523,0.326,mejorando,0.382,0.528,0.8017574897902349,1.231283
149276199,Urbania,SANTIAGO DE SURCO,150140,Jirón Las Laderas 662,Santiago de Surco,1292000.0,204.0,6333.333333333333,3,2,2,1200.0,1,5606.0,1143624.0,-0.13,1818.18,,8,523,0.326,mejorando,0.382,0.528,0.8017574897902349,1.231283
149118446,Urbania,SANTIAGO DE SURCO,150140,"Jr. Bellavista 304, Santiago De Surco 15023, Perú",Las Casuarinas,1295000.0,210.0,6166.666666666667,3,2,2,0.0,1,5606.0,1177260.0,-0.1,1818.18,,8,523,0.326,mejorando,0.382,0.528,0.8017574897902349,1.231283
148654543,Urbania,SANTIAGO DE SURCO,150140,"Valle Hermoso, Surco, Duplex 3 Dormitorios, Vista Externa, No Paga Alcabala",Valle Hermoso,1303680.0,306.0,4260.392156862745,3,2,2,550.0,1,5606.0,1715436.0,0.24,1818.18,,8,523,0.326,mejorando,0.382,0.528,0.8017574897902349,1.231283
149552726,Urbania,SANTIAGO DE SURCO,150140,Alonso de Molina al 748,Los Huertos De Surco,1311000.0,311.0,4215.434083601286,3,3,2,500.0,1,5606.0,1743466.0,0.248,1818.18,,8,523,0.326,mejorando,0.382,0.528,0.8017574897902349,1.231283
149145332,Urbania,SANTIAGO DE SURCO,150140,cerros de camacho,Cerros De Camacho,1328250.0,250.0,5313.0,3,3,2,1000.0,1,5606.0,1401500.0,0.052,1818.18,,8,523,0.326,mejorando,0.382,0.528,0.8017574897902349,1.231283
146515529,Urbania,SANTIAGO DE SURCO,150140,"Ca Simón Salguero Cdra 6, Surco - VTA",Santiago de Surco,1330000.0,292.0,4554.7945205479455,3,3,1,0.0,1,5606.0,1636952.0,0.188,1818.18,,8,523,0.326,mejorando,0.382,0.528,0.8017574897902349,1.231283
149535249,Urbania,SANTIAGO DE SURCO,150140,Reynaldo Vivanco al 200,Chacarilla Del Estanque Este,1341662.0,204.0,6576.774509803921,3,4,3,750.0,1,5606.0,1143624.0,-0.173,1818.18,,8,523,0.326,mejorando,0.382,0.528,0.8017574897902349,1.231283
148499889,Urbania,SANTIAGO DE SURCO,150140,"Av. El Derby, Surco",Santiago de Surco,1350000.0,255.0,5294.117647058823,3,2,2,0.0,1,5606.0,1429530.0,0.056,1818.18,,8,523,0.326,mejorando,0.382,0.528,0.8017574897902349,1.231283
148999701,Urbania,SANTIAGO DE SURCO,150140,LA Conquista  al 200,Monterrico,1373415.0,381.0,3604.763779527559,3,3,2,750.0,1,5606.0,2135886.0,0.357,1818.18,,8,523,0.326,mejorando,0.382,0.528,0.8017574897902349,1.231283
148569624,Urbania,SANTIAGO DE SURCO,150140,Pasaje Estepa Rusa 181,Santiago de Surco,1390250.0,283.0,4912.544169611308,4,3,2,950.0,1,5606.0,1586498.0,0.124,1818.18,,8,523,0.326,mejorando,0.382,0.528,0.8017574897902349,1.231283
148261267,Urbania,SANTIAGO DE SURCO,150140,a pasos del Parque Doig,Chacarilla Del Estanque,1394400.0,196.0,7114.285714285715,3,3,2,800.0,1,5606.0,1098776.0,-0.269,1818.18,,8,523,0.326,mejorando,0.382,0.528,0.8017574897902349,1.231283
149550709,Urbania,SANTIAGO DE SURCO,150140,Casuarinas,Las Casuarinas,1398550.0,341.0,4101.319648093841,3,2,2,770.0,1,5606.0,1911646.0,0.268,1818.18,,8,523,0.326,mejorando,0.382,0.528,0.8017574897902349,1.231283
149542324,Urbania,SANTIAGO DE SURCO,150140,Amplio Dúplex en Surco de 217 m² con Vista a Jardín Interior y Estacionamientos Incluidosjr Cosmos al 600,La Alborada,1399000.0,217.0,6447.004608294931,3,3,2,0.0,1,5606.0,1216502.0,-0.15,1818.18,,8,523,0.326,mejorando,0.382,0.528,0.8017574897902349,1.231283
59050698,Urbania,SANTIAGO DE SURCO,150140,CALLE LAS AGATAS 175 SURCO,Golf Los Incas,1400100.0,178.0,7865.730337078651,3,3,2,950.0,1,5606.0,997868.0,-0.403,1818.18,,8,523,0.326,mejorando,0.382,0.528,0.8017574897902349,1.231283
149726937,Urbania,SANTIAGO DE SURCO,150140,Calle La Presa,Las Gardenias,1444200.0,267.0,5408.988764044944,3,3,2,650.0,1,5606.0,1496802.0,0.035,1818.18,,8,523,0.326,mejorando,0.382,0.528,0.8017574897902349,1.231283
149368353,Urbania,SANTIAGO DE SURCO,150140,Avenida Cerros de Camacho 1050,Cerros De Camacho,1457250.0,263.0,5540.874524714829,3,3,2,1100.0,1,5606.0,1474378.0,0.012,1818.18,,8,523,0.326,mejorando,0.382,0.528,0.8017574897902349,1.231283
147661912,Urbania,SANTIAGO DE SURCO,150140,JIRON MONTE CARMELO SURCO,Chacarilla Del Estanque,1479000.0,182.0,8126.373626373626,3,4,2,750.0,1,5606.0,1020292.0,-0.45,1818.18,,8,523,0.326,mejorando,0.382,0.528,0.8017574897902349,1.231283
148112903,Urbania,SANTIAGO DE SURCO,150140,Av Precursores,Santiago de Surco,1483500.0,302.0,4912.251655629139,3,4,2,980.0,1,5606.0,1693012.0,0.124,1818.18,,8,523,0.326,mejorando,0.382,0.528,0.8017574897902349,1.231283
149898794,Urbania,SANTIAGO DE SURCO,150140,Venta de Departamento Frente a Parque en Chacarilla – 205 m²,Chacarilla Del Estanque,1483500.0,205.0,7236.585365853659,3,2,3,850.0,1,5606.0,1149230.0,-0.291,1818.18,,8,523,0.326,mejorando,0.382,0.528,0.8017574897902349,1.231283
148949251,Urbania,SANTIAGO DE SURCO,150140,Calle Monte Flor 244,Chacarilla Del Estanque,1487500.0,213.0,6983.568075117371,3,3,2,1050.0,1,5606.0,1194078.0,-0.246,1818.18,,8,523,0.326,mejorando,0.382,0.528,0.8017574897902349,1.231283
148983570,Urbania,SANTIAGO DE SURCO,150140,Avenida de la Floresta,Chacarilla Del Estanque,1498000.0,326.0,4595.0920245398775,3,4,2,800.0,1,5606.0,1827556.0,0.18,1818.18,,8,523,0.326,mejorando,0.382,0.528,0.8017574897902349,1.231283
149352471,Urbania,SANTIAGO DE SURCO,150140,Jirón Monte Blanco,Chacarilla Del Estanque,1573200.0,220.0,7150.909090909091,3,3,2,750.0,1,5606.0,1233320.0,-0.276,1818.18,,8,523,0.326,mejorando,0.382,0.528,0.8017574897902349,1.231283
148728163,Urbania,SANTIAGO DE SURCO,150140,Jirón Conde de la Vega del Ren 178,Chacarilla Del Estanque,1650000.0,371.0,4447.43935309973,4,5,2,1950.0,1,5606.0,2079826.0,0.207,1818.18,,8,523,0.326,mejorando,0.382,0.528,0.8017574897902349,1.231283
148545155,Urbania,SANTIAGO DE SURCO,150140,"Calle Via Lactea, Cerca a la Universidad de Lima, Surco",Santiago de Surco,1747200.0,400.0,4368.0,4,4,2,600.0,10,5606.0,2242400.0,0.221,1818.18,,8,523,0.326,mejorando,0.382,0.528,0.8017574897902349,1.231283
149222583,Urbania,SANTIAGO DE SURCO,150140,JR. Cruz DEL SUR  al 300,Los Granados,1767320.0,412.0,4289.611650485437,3,3,3,0.0,1,5606.0,2309672.0,0.235,1818.18,,8,523,0.326,mejorando,0.382,0.528,0.8017574897902349,1.231283
147734584,Urbania,SANTIAGO DE SURCO,150140,Calle Vía Lactea al 200,Monterrico,1796400.0,226.0,7948.672566371682,3,3,2,600.0,1,5606.0,1266956.0,-0.418,1818.18,,8,523,0.326,mejorando,0.382,0.528,0.8017574897902349,1.231283
4470088,Urbania,SANTIAGO DE SURCO,150140,Av. Circunvalacion Golf los Incas 595,Club Golf Los Incas,1802000.0,288.0,6256.944444444444,3,3,3,1000.0,1,5606.0,1614528.0,-0.116,1818.18,,8,523,0.326,mejorando,0.382,0.528,0.8017574897902349,1.231283
142759463,Urbania,SANTIAGO DE SURCO,150140,Ca. La Emancipacion 200,Santiago de Surco,1821000.0,320.0,5690.625,3,4,2,0.0,1,5606.0,1793920.0,-0.015,1818.18,,8,523,0.326,mejorando,0.382,0.528,0.8017574897902349,1.231283
149640583,Urbania,SANTIAGO DE SURCO,150140,Jirón Conde de la Vega del Ren al 400,Santiago de Surco,1836000.0,396.0,4636.363636363636,3,5,2,1213.0,1,5606.0,2219976.0,0.173,1818.18,,8,523,0.326,mejorando,0.382,0.528,0.8017574897902349,1.231283
147949198,Urbania,SANTIAGO DE SURCO,150140,Circunvalacion Golf Los Incas 859,Golf Los Incas,1836000.0,345.0,5321.739130434783,3,3,3,1300.0,10,5606.0,1934070.0,0.051,1818.18,,8,523,0.326,mejorando,0.382,0.528,0.8017574897902349,1.231283
149339867,Urbania,SANTIAGO DE SURCO,150140,Av. Circunvalación del Golf los Incas 595,Golf Los Incas,1900600.0,316.0,6014.556962025316,3,3,3,0.0,1,5606.0,1771496.0,-0.073,1818.18,,8,523,0.326,mejorando,0.382,0.528,0.8017574897902349,1.231283
149524344,Urbania,SANTIAGO DE SURCO,150140,Avenida Cerros de Camacho 1050,Santiago de Surco,1905500.0,263.0,7245.247148288973,3,3,3,1200.0,1,5606.0,1474378.0,-0.292,1818.18,,8,523,0.326,mejorando,0.382,0.528,0.8017574897902349,1.231283
3878055,Urbania,SANTIAGO DE SURCO,150140,CERROS DE CAMACHO 4,Cerros De Camacho,1909500.0,315.0,6061.9047619047615,4,3,2,800.0,1,5606.0,1765890.0,-0.081,1818.18,,8,523,0.326,mejorando,0.382,0.528,0.8017574897902349,1.231283
148008884,Urbania,SANTIAGO DE SURCO,150140,Calle Las Acacias  al 100,Valle Hermoso,1932000.0,353.0,5473.087818696884,4,4,2,900.0,1,5606.0,1978918.0,0.024,1818.18,,8,523,0.326,mejorando,0.382,0.528,0.8017574897902349,1.231283
149428954,Urbania,SANTIAGO DE SURCO,150140,VELASCO ATETE CHACARILLA,Santiago de Surco,1972000.0,404.0,4881.188118811881,3,3,3,987.0,1,5606.0,2264824.0,0.129,1818.18,,8,523,0.326,mejorando,0.382,0.528,0.8017574897902349,1.231283
149366193,Urbania,SANTIAGO DE SURCO,150140,Alameda Monte Umbroso 820,Chacarilla Del Estanque,2001000.0,240.0,8337.5,3,3,2,994.0,1,5606.0,1345440.0,-0.487,1818.18,,8,523,0.326,mejorando,0.382,0.528,0.8017574897902349,1.231283
149752384,Urbania,SANTIAGO DE SURCO,150140,Alameda Monte Umbroso,Chacarilla Del Estanque,2063100.0,322.0,6407.142857142857,3,3,2,1200.0,1,5606.0,1805132.0,-0.143,1818.18,,8,523,0.326,mejorando,0.382,0.528,0.8017574897902349,1.231283
147989276,Urbania,SANTIAGO DE SURCO,150140,Av. Bielovucic Cavalier 1XX. Chacarilla San Borja,Chacarilla Del Estanque,2105000.0,324.0,6496.913580246914,4,5,2,800.0,1,5606.0,1816344.0,-0.159,1818.18,,8,523,0.326,mejorando,0.382,0.528,0.8017574897902349,1.231283
149790491,Urbania,SANTIAGO DE SURCO,150140,Monte Carlo Chacarilla Surco 1,Chacarilla Del Estanque,2176000.0,405.0,5372.83950617284,4,3,2,850.0,1,5606.0,2270430.0,0.042,1818.18,,8,523,0.326,mejorando,0.382,0.528,0.8017574897902349,1.231283
149788864,Urbania,SANTIAGO DE SURCO,150140,Av. Cerros de Camacho al 700,Cerros De Camacho,2178050.0,426.0,5112.793427230047,4,4,4,0.0,1,5606.0,2388156.0,0.088,1818.18,,8,523,0.326,mejorando,0.382,0.528,0.8017574897902349,1.231283
149831694,Urbania,SANTIAGO DE SURCO,150140,Cerros de Camacho,Cerros De Camacho,2233000.0,420.0,5316.666666666667,4,4,3,2400.0,1,5606.0,2354520.0,0.052,1818.18,,8,523,0.326,mejorando,0.382,0.528,0.8017574897902349,1.231283
147842298,Urbania,SANTIAGO DE SURCO,150140,"Cerros de Camacho, Santiago de Surco, Santiago de Surco, Lima",Cerros De Camacho,2287387.0,405.0,5647.869135802469,4,5,3,2100.0,1,5606.0,2270430.0,-0.007,1818.18,,8,523,0.326,mejorando,0.382,0.528,0.8017574897902349,1.231283
149590858,Urbania,SANTIAGO DE SURCO,150140,Avenida Cerros de Camacho,Santiago de Surco,2622000.0,466.0,5626.609442060086,3,3,3,1224.0,1,5606.0,2612396.0,-0.004,1818.18,,8,523,0.326,mejorando,0.382,0.528,0.8017574897902349,1.231283
149047845,Urbania,SANTIAGO DE SURCO,150140,Avenida Cerros de Camacho,Cerros De Camacho,2720000.0,401.0,6783.042394014962,4,4,5,1500.0,1,5606.0,2248006.0,-0.21,1818.18,,8,523,0.326,mejorando,0.382,0.528,0.8017574897902349,1.231283
149746401,Urbania,SANTIAGO DE SURCO,150140,Av. Circunvalación Golf los Incas,Golf Los Incas,2940000.0,527.0,5578.747628083492,4,6,4,1500.0,1,5606.0,2954362.0,0.005,1818.18,,8,523,0.326,mejorando,0.382,0.528,0.8017574897902349,1.231283
149590491,Urbania,SANTIAGO DE SURCO,150140,Av. Circunvalación Golf los Incas 1047,Golf Los Incas,2940000.0,525.0,5600.0,4,7,4,1500.0,1,5606.0,2943150.0,0.001,1818.18,,8,523,0.326,mejorando,0.382,0.528,0.8017574897902349,1.231283
149682949,Urbania,SANTIAGO DE SURCO,150140,Cerros de Camacho  al 1050,Cerros De Camacho,2949500.0,484.0,6094.00826446281,3,7,6,0.0,1,5606.0,2713304.0,-0.087,1818.18,,8,523,0.326,mejorando,0.382,0.528,0.8017574897902349,1.231283
148043873,Urbania,SANTIAGO DE SURCO,150140,CERROS DE CAMACHO,Cerros De Camacho,3230000.0,538.0,6003.717472118959,4,4,4,0.0,1,5606.0,3016028.0,-0.071,1818.18,,8,523,0.326,mejorando,0.382,0.528,0.8017574897902349,1.231283
144943794,Urbania,SANTIAGO DE SURCO,150140,CERROS DE CAMACHO 2,Golf Los Incas,3264000.0,365.0,8942.465753424658,4,4,3,1100.0,1,5606.0,2046190.0,-0.595,1818.18,,8,523,0.326,mejorando,0.382,0.528,0.8017574897902349,1.231283
147734644,Urbania,SANTIAGO DE SURCO,150140,Calle Vía Lactea al 200,Monterrico,3794400.0,441.0,8604.081632653062,4,4,3,800.0,1,5606.0,2472246.0,-0.535,1818.18,,8,523,0.326,mejorando,0.382,0.528,0.8017574897902349,1.231283
149612234,Urbania,SURQUILLO,150141,Calle Pacioli MZ M LOT  6,Villa Victoria,185500.0,40.0,4637.5,2,2,0,0.0,1,6566.0,262640.0,0.294,1856.33,,10,284,0.285,mejorando,0.648,0.682,0.8171136689103559,2.747559
149753335,Urbania,SURQUILLO,150141,Av. Angamos Este 1785,Surquillo,199000.0,27.0,7370.37037037037,1,1,0,250.0,1,6566.0,177282.0,-0.123,1856.33,,10,284,0.285,mejorando,0.648,0.682,0.8171136689103559,2.747559
149126210,Urbania,SURQUILLO,150141,Andrés Luna,La Calera,220000.0,35.0,6285.714285714285,1,1,0,160.0,1,6566.0,229810.0,0.043,1856.33,,10,284,0.285,mejorando,0.648,0.682,0.8171136689103559,2.747559
147078155,Urbania,SURQUILLO,150141,Surquillo,Surquillo,232000.0,26.0,8923.076923076924,1,1,0,0.0,1,6566.0,170716.0,-0.359,1856.33,,10,284,0.285,mejorando,0.648,0.682,0.8171136689103559,2.747559
145852955,Urbania,SURQUILLO,150141,"Av Aramburu N° 9xx, Dpto. 309 AL 2309",Surquillo,232000.0,26.0,8923.076923076924,1,1,0,0.0,1,6566.0,170716.0,-0.359,1856.33,,10,284,0.285,mejorando,0.648,0.682,0.8171136689103559,2.747559
147683327,Urbania,SURQUILLO,150141,"Av Angamos Este N° 17xx, Dpto. 408 AL 2808",Surquillo,255000.0,36.0,7083.333333333333,1,1,1,0.0,1,6566.0,236376.0,-0.079,1856.33,,10,284,0.285,mejorando,0.648,0.682,0.8171136689103559,2.747559
149697865,Urbania,SURQUILLO,150141,Calle las Casuarinas 271 surquillo,La Calera,257000.0,32.0,8031.25,1,1,0,0.0,7,6566.0,210112.0,-0.223,1856.33,,10,284,0.285,mejorando,0.648,0.682,0.8171136689103559,2.747559
147683337,Urbania,SURQUILLO,150141,"Av Angamos Este N° 17xx, Dpto. 313 AL 2813",Surquillo,257000.0,37.0,6945.945945945946,1,1,1,0.0,1,6566.0,242942.0,-0.058,1856.33,,10,284,0.285,mejorando,0.648,0.682,0.8171136689103559,2.747559
149264715,Urbania,SURQUILLO,150141,Urb. La Calera,La Calera De La Merced,262200.0,40.0,6555.0,1,1,0,0.0,1,6566.0,262640.0,0.002,1856.33,,10,284,0.285,mejorando,0.648,0.682,0.8171136689103559,2.747559
149025660,Urbania,SURQUILLO,150141,CALLE MODIAGLINI 157,La Calera,265000.0,38.0,6973.684210526316,1,1,1,180.0,1,6566.0,249508.0,-0.062,1856.33,,10,284,0.285,mejorando,0.648,0.682,0.8171136689103559,2.747559
148993277,Urbania,SURQUILLO,150141,La Calera,Surquillo,268006.0,50.0,5360.12,1,1,0,0.0,10,6566.0,328300.0,0.184,1856.33,,10,284,0.285,mejorando,0.648,0.682,0.8171136689103559,2.747559
143770621,Urbania,SURQUILLO,150141,surquillo,La Calera,269325.0,38.0,7087.5,1,1,1,0.0,1,6566.0,249508.0,-0.079,1856.33,,10,284,0.285,mejorando,0.648,0.682,0.8171136689103559,2.747559
149038118,Urbania,SURQUILLO,150141,Laurel Rosa,Los Sauces,274700.0,40.0,6867.5,1,1,0,0.0,1,6566.0,262640.0,-0.046,1856.33,,10,284,0.285,mejorando,0.648,0.682,0.8171136689103559,2.747559
145779681,Urbania,SURQUILLO,150141,"Av Tomas Marsano N° 3xx, Dpto. 702 AL 2202",Surquillo,280929.0,28.0,10033.17857142857,1,1,0,0.0,1,6566.0,183848.0,-0.528,1856.33,,10,284,0.285,mejorando,0.648,0.682,0.8171136689103559,2.747559
4325305,Urbania,SURQUILLO,150141,"CALLE ARTURO DURAY, SEGUNDA CUADRA",Surquillo,282000.0,44.0,6409.090909090909,2,1,1,150.0,1,6566.0,288904.0,0.024,1856.33,,10,284,0.285,mejorando,0.648,0.682,0.8171136689103559,2.747559
149264158,Urbania,SURQUILLO,150141,Pino Silvestre,Los Sauces,283000.0,40.0,7075.0,1,1,0,0.0,1,6566.0,262640.0,-0.078,1856.33,,10,284,0.285,mejorando,0.648,0.682,0.8171136689103559,2.747559
145765389,Urbania,SURQUILLO,150141,"Av Tomas Marsano N° 3xx, Dpto. 401 AL 2201",Surquillo,283166.0,30.0,9438.866666666667,1,1,0,0.0,1,6566.0,196980.0,-0.438,1856.33,,10,284,0.285,mejorando,0.648,0.682,0.8171136689103559,2.747559
149527495,Urbania,SURQUILLO,150141,"Av Tomas Marsano N° 26xx, Dpto. 704 AL 1704",Surquillo,285000.0,45.0,6333.333333333333,1,1,0,0.0,1,6566.0,295470.0,0.035,1856.33,,10,284,0.285,mejorando,0.648,0.682,0.8171136689103559,2.747559
149112909,Urbania,SURQUILLO,150141,Narciso DE LA Colina  10,Surquillo,286450.0,56.0,5115.178571428572,3,2,0,0.0,1,6566.0,367696.0,0.221,1856.33,,10,284,0.285,mejorando,0.648,0.682,0.8171136689103559,2.747559
149791337,Urbania,SURQUILLO,150141,Angamos  al 1800,Surquillo,288000.0,39.0,7384.615384615385,1,1,0,0.0,1,6566.0,256074.0,-0.125,1856.33,,10,284,0.285,mejorando,0.648,0.682,0.8171136689103559,2.747559
149261098,Urbania,SURQUILLO,150141,Av. Tomás Marsano  al 1600,Surquillo,290000.0,43.0,6744.186046511628,1,1,0,180.0,1,6566.0,282338.0,-0.027,1856.33,,10,284,0.285,mejorando,0.648,0.682,0.8171136689103559,2.747559
143155808,Urbania,SURQUILLO,150141,Avenida Andrés Aramburú,Surquillo,294000.0,37.0,7945.945945945946,1,1,0,0.0,1,6566.0,242942.0,-0.21,1856.33,,10,284,0.285,mejorando,0.648,0.682,0.8171136689103559,2.747559
145832811,Urbania,SURQUILLO,150141,Av. Angamos,Surquillo,299000.0,41.0,7292.682926829269,1,1,0,0.0,1,6566.0,269206.0,-0.111,1856.33,,10,284,0.285,mejorando,0.648,0.682,0.8171136689103559,2.747559
147362898,Urbania,SURQUILLO,150141,AV TOMAS MARSANO,Surquillo,300000.0,36.0,8333.333333333334,1,1,0,0.0,10,6566.0,236376.0,-0.269,1856.33,,10,284,0.285,mejorando,0.648,0.682,0.8171136689103559,2.747559
149075545,Urbania,SURQUILLO,150141,Yarinacocha 110,Surquillo,300000.0,47.0,6382.978723404255,1,1,0,150.0,1,6566.0,308602.0,0.028,1856.33,,10,284,0.285,mejorando,0.648,0.682,0.8171136689103559,2.747559
149086214,Urbania,SURQUILLO,150141,"Dpto. en Victor Mantilla, Barrio Médico, Surquillo",Barrio Medico,302400.0,64.0,4725.0,2,2,0,90.0,10,6566.0,420224.0,0.28,1856.33,,10,284,0.285,mejorando,0.648,0.682,0.8171136689103559,2.747559
149890601,Urbania,SURQUILLO,150141,Avenida Principal 800,La Calera,305000.0,40.0,7625.0,1,1,1,180.0,1,6566.0,262640.0,-0.161,1856.33,,10,284,0.285,mejorando,0.648,0.682,0.8171136689103559,2.747559
148889479,Urbania,SURQUILLO,150141,Avenida Andrés Aramburú,Surquillo,309000.0,40.0,7725.0,1,1,0,0.0,10,6566.0,262640.0,-0.177,1856.33,,10,284,0.285,mejorando,0.648,0.682,0.8171136689103559,2.747559
149631173,Urbania,SURQUILLO,150141,Sergio Bernales al 528 50.50m2 CON 2 Dormitorios Y Zona Parrilla Para Inversion,Surquillo,315000.0,50.0,6300.0,2,1,0,250.0,1,6566.0,328300.0,0.041,1856.33,,10,284,0.285,mejorando,0.648,0.682,0.8171136689103559,2.747559
148953302,Urbania,SURQUILLO,150141,Jirón Dante,Surquillo,315000.0,65.0,4846.153846153846,2,1,0,150.0,1,6566.0,426790.0,0.262,1856.33,,10,284,0.285,mejorando,0.648,0.682,0.8171136689103559,2.747559
149836470,Urbania,SURQUILLO,150141,Jirón de La Colina Narciso N° 1029 - Segundo Piso,Surquillo,316480.0,77.0,4110.12987012987,2,1,0,0.0,1,6566.0,505582.0,0.374,1856.33,,10,284,0.285,mejorando,0.648,0.682,0.8171136689103559,2.747559
149432246,Urbania,SURQUILLO,150141,Calle Los Halcones 6,Surquillo,318250.0,65.0,4896.153846153846,2,1,0,80.0,1,6566.0,426790.0,0.254,1856.33,,10,284,0.285,mejorando,0.648,0.682,0.8171136689103559,2.747559
147898263,Urbania,SURQUILLO,150141,Albert Einstein 406,La Calera De La Merced,320000.0,49.0,6530.6122448979595,2,1,0,200.0,1,6566.0,321734.0,0.005,1856.33,,10,284,0.285,mejorando,0.648,0.682,0.8171136689103559,2.747559
149790625,Urbania,SURQUILLO,150141,Avenida Paseo de la República 4095,Surquillo,320000.0,38.0,8421.052631578947,1,1,0,180.0,10,6566.0,249508.0,-0.283,1856.33,,10,284,0.285,mejorando,0.648,0.682,0.8171136689103559,2.747559
147100171,Urbania,SURQUILLO,150141,VILLARAN,Marsano,323000.0,35.0,9228.57142857143,1,1,0,200.0,1,6566.0,229810.0,-0.406,1856.33,,10,284,0.285,mejorando,0.648,0.682,0.8171136689103559,2.747559
149896755,Urbania,SURQUILLO,150141,Alfa Centauro,La Calera De La Merced,327750.0,65.0,5042.307692307692,2,2,0,150.0,1,6566.0,426790.0,0.232,1856.33,,10,284,0.285,mejorando,0.648,0.682,0.8171136689103559,2.747559
143172580,Urbania,SURQUILLO,150141,"Av. Aramburu N°6xx, Dpto. 310 AL 1210",Surquillo,328000.0,32.0,10250.0,1,1,0,0.0,10,6566.0,210112.0,-0.561,1856.33,,10,284,0.285,mejorando,0.648,0.682,0.8171136689103559,2.747559
145765464,Urbania,SURQUILLO,150141,"Av Tomas Marsano N° 3xx, Dpto. 611 AL 1711",Surquillo,329426.0,41.0,8034.780487804878,1,1,0,0.0,1,6566.0,269206.0,-0.224,1856.33,,10,284,0.285,mejorando,0.648,0.682,0.8171136689103559,2.747559
143366582,Urbania,SURQUILLO,150141,AVENIDA AVIACION N° 3944,La Calera,329625.0,50.0,6592.5,2,2,1,180.0,1,6566.0,328300.0,-0.004,1856.33,,10,284,0.285,mejorando,0.648,0.682,0.8171136689103559,2.747559
147364226,Urbania,SURQUILLO,150141,MARSANO,Las Orquideas,330700.0,35.0,9448.57142857143,1,1,0,1.0,1,6566.0,229810.0,-0.439,1856.33,,10,284,0.285,mejorando,0.648,0.682,0.8171136689103559,2.747559
143365907,Urbania,SURQUILLO,150141,CALLE ALFA CISNE N° 150,La Calera De Monterrico,332000.0,49.0,6775.510204081633,2,2,0,180.0,1,6566.0,321734.0,-0.032,1856.33,,10,284,0.285,mejorando,0.648,0.682,0.8171136689103559,2.747559
149354593,Urbania,SURQUILLO,150141,Avenida Domingo Orué 456,Surquillo,332500.0,75.0,4433.333333333333,3,2,0,220.0,10,6566.0,492450.0,0.325,1856.33,,10,284,0.285,mejorando,0.648,0.682,0.8171136689103559,2.747559
148049256,Urbania,SURQUILLO,150141,Surquillo,Surquillo,336000.0,40.0,8400.0,1,1,0,0.0,1,6566.0,262640.0,-0.279,1856.33,,10,284,0.285,mejorando,0.648,0.682,0.8171136689103559,2.747559
149791237,Urbania,SURQUILLO,150141,Calle Marco Polo  al 200,La Calera,340000.0,43.0,7906.976744186047,1,1,0,230.0,10,6566.0,282338.0,-0.204,1856.33,,10,284,0.285,mejorando,0.648,0.682,0.8171136689103559,2.747559
148280459,Urbania,SURQUILLO,150141,Av. Tomás Marsano con Av. Guardia Civil,Surquillo,340000.0,41.0,8292.682926829268,1,1,0,0.0,1,6566.0,269206.0,-0.263,1856.33,,10,284,0.285,mejorando,0.648,0.682,0.8171136689103559,2.747559
149288618,Urbania,SURQUILLO,150141,Urb. La Calera,La Calera De La Merced,340200.0,64.0,5315.625,1,2,0,0.0,1,6566.0,420224.0,0.19,1856.33,,10,284,0.285,mejorando,0.648,0.682,0.8171136689103559,2.747559
149559918,Urbania,SURQUILLO,150141,Avenida Principal 499,La Calera De La Merced,342868.0,44.0,7792.454545454545,3,1,0,250.0,10,6566.0,288904.0,-0.187,1856.33,,10,284,0.285,mejorando,0.648,0.682,0.8171136689103559,2.747559
149864025,Urbania,SURQUILLO,150141,Pasaje El Bambu,Los Sauces,343530.0,57.0,6026.8421052631575,1,1,0,0.0,1,6566.0,374262.0,0.082,1856.33,,10,284,0.285,mejorando,0.648,0.682,0.8171136689103559,2.747559
149303089,Urbania,SURQUILLO,150141,Avenida Roca y Boloña,Surquillo,345000.0,40.0,8625.0,1,1,0,200.0,1,6566.0,262640.0,-0.314,1856.33,,10,284,0.285,mejorando,0.648,0.682,0.8171136689103559,2.747559
149274646,Urbania,SURQUILLO,150141,Narciso DE LA Colina Cuiadra 10,Surquillo,345000.0,64.0,5390.625,3,3,0,0.0,1,6566.0,420224.0,0.179,1856.33,,10,284,0.285,mejorando,0.648,0.682,0.8171136689103559,2.747559
4559358,Urbania,SURQUILLO,150141,CALLE EL CEREZO N° 274,La Calera,350000.0,49.0,7142.857142857143,2,2,1,0.0,1,6566.0,321734.0,-0.088,1856.33,,10,284,0.285,mejorando,0.648,0.682,0.8171136689103559,2.747559
149779211,Urbania,SURQUILLO,150141,"Av.principal Cdra.8, Surquillo",La Calera,355000.0,55.0,6454.545454545455,2,2,0,230.0,1,6566.0,361130.0,0.017,1856.33,,10,284,0.285,mejorando,0.648,0.682,0.8171136689103559,2.747559
149554230,Urbania,SURQUILLO,150141,Tomas Marsano al 300 -  Piso 7,Surquillo,355000.0,43.0,8255.813953488372,1,1,0,0.0,1,6566.0,282338.0,-0.257,1856.33,,10,284,0.285,mejorando,0.648,0.682,0.8171136689103559,2.747559
147683347,Urbania,SURQUILLO,150141,"Av Angamos Este N° 17xx, Dpto. 310 AL 2810",Surquillo,359000.0,48.0,7479.166666666667,2,2,1,0.0,1,6566.0,315168.0,-0.139,1856.33,,10,284,0.285,mejorando,0.648,0.682,0.8171136689103559,2.747559
149368297,Urbania,SURQUILLO,150141,Avenida Sergio Bernales (LIMITE MIRAFLORES),Surquillo,361000.0,35.0,10314.285714285714,1,1,1,240.0,1,6566.0,229810.0,-0.571,1856.33,,10,284,0.285,mejorando,0.648,0.682,0.8171136689103559,2.747559
149038258,Urbania,SURQUILLO,150141,Laurel Rosa,Los Sauces,361800.0,55.0,6578.181818181818,2,1,0,0.0,1,6566.0,361130.0,-0.002,1856.33,,10,284,0.285,mejorando,0.648,0.682,0.8171136689103559,2.747559
149613541,Urbania,SURQUILLO,150141,Calera,La Calera,363800.0,54.0,6737.037037037037,2,1,1,180.0,1,6566.0,354564.0,-0.026,1856.33,,10,284,0.285,mejorando,0.648,0.682,0.8171136689103559,2.747559
149241267,Urbania,SURQUILLO,150141,Av Tomas Marsano,Surquillo,365000.0,52.0,7019.2307692307695,2,2,0,1.0,1,6566.0,341432.0,-0.069,1856.33,,10,284,0.285,mejorando,0.648,0.682,0.8171136689103559,2.747559
148896040,Urbania,SURQUILLO,150141,Ca. Alfa Boyero  al 100 - Coworking - Iluminación por voz -2 Dormitorios - 2 Baños,Surquillo,367100.0,46.0,7980.434782608696,2,2,0,0.0,1,6566.0,302036.0,-0.215,1856.33,,10,284,0.285,mejorando,0.648,0.682,0.8171136689103559,2.747559
148397762,Urbania,SURQUILLO,150141,Calle Los Negocios 179,Limatambo,370000.0,60.0,6166.666666666667,2,2,0,220.0,1,6566.0,393960.0,0.061,1856.33,,10,284,0.285,mejorando,0.648,0.682,0.8171136689103559,2.747559
149343007,Urbania,SURQUILLO,150141,Avenida Domingo Orué 520,Surquillo,370000.0,66.0,5606.060606060606,3,2,0,120.0,1,6566.0,433356.0,0.146,1856.33,,10,284,0.285,mejorando,0.648,0.682,0.8171136689103559,2.747559
149323421,Urbania,SURQUILLO,150141,Avenida Sergio Bernales,La Calera,370000.0,46.0,8043.478260869565,1,1,0,0.0,1,6566.0,302036.0,-0.225,1856.33,,10,284,0.285,mejorando,0.648,0.682,0.8171136689103559,2.747559
148828316,Urbania,SURQUILLO,150141,Calle Francisco Mostajo 158,Surquillo,374000.0,67.0,5582.089552238806,2,1,1,250.0,1,6566.0,439922.0,0.15,1856.33,,10,284,0.285,mejorando,0.648,0.682,0.8171136689103559,2.747559
149288541,Urbania,SURQUILLO,150141,AV. Angamos Este 18xx DPT 2208 AL 2708,Surquillo,374000.0,55.0,6800.0,2,2,1,0.0,1,6566.0,361130.0,-0.036,1856.33,,10,284,0.285,mejorando,0.648,0.682,0.8171136689103559,2.747559
148926284,Urbania,SURQUILLO,150141,Calle Carmen,Surquillo,375000.0,83.0,4518.0722891566265,3,2,0,200.0,1,6566.0,544978.0,0.312,1856.33,,10,284,0.285,mejorando,0.648,0.682,0.8171136689103559,2.747559
149738121,Urbania,SURQUILLO,150141,Calle Dublin 100,Los Sauces,376050.0,65.0,5785.384615384615,3,2,1,0.0,1,6566.0,426790.0,0.119,1856.33,,10,284,0.285,mejorando,0.648,0.682,0.8171136689103559,2.747559
148426068,Urbania,SURQUILLO,150141,Angamos,Surquillo,377000.0,54.0,6981.481481481482,2,2,0,0.0,1,6566.0,354564.0,-0.063,1856.33,,10,284,0.285,mejorando,0.648,0.682,0.8171136689103559,2.747559
149364549,Urbania,SURQUILLO,150141,Avenida El Sauce 153,Surquillo,379500.0,50.0,7590.0,2,1,0,150.0,1,6566.0,328300.0,-0.156,1856.33,,10,284,0.285,mejorando,0.648,0.682,0.8171136689103559,2.747559
147533757,Urbania,SURQUILLO,150141,Av. Sergio Bernales,Barrio Medico,383000.0,72.0,5319.444444444444,2,1,0,70.0,1,6566.0,472752.0,0.19,1856.33,,10,284,0.285,mejorando,0.648,0.682,0.8171136689103559,2.747559
149359401,Urbania,SURQUILLO,150141,Avenida Tomas Marsano al 1800,Surquillo,383673.0,55.0,6975.872727272727,2,2,0,0.0,1,6566.0,361130.0,-0.062,1856.33,,10,284,0.285,mejorando,0.648,0.682,0.8171136689103559,2.747559
149273136,Urbania,SURQUILLO,150141,Avenida Tomás Marsano al 1900,Surquillo,385000.0,54.0,7129.62962962963,2,2,0,230.0,1,6566.0,354564.0,-0.086,1856.33,,10,284,0.285,mejorando,0.648,0.682,0.8171136689103559,2.747559
149761093,Urbania,SURQUILLO,150141,Condominio Jardines de Aramburú 2,Surquillo,385000.0,66.0,5833.333333333333,3,2,1,150.0,1,6566.0,433356.0,0.112,1856.33,,10,284,0.285,mejorando,0.648,0.682,0.8171136689103559,2.747559
146679265,Urbania,SURQUILLO,150141,Fray Angelico 220,Surquillo,385250.0,63.0,6115.079365079365,2,3,0,0.0,1,6566.0,413658.0,0.069,1856.33,,10,284,0.285,mejorando,0.648,0.682,0.8171136689103559,2.747559
143770836,Urbania,SURQUILLO,150141,la calera,La Calera,389812.0,55.0,7087.490909090909,2,1,1,0.0,1,6566.0,361130.0,-0.079,1856.33,,10,284,0.285,mejorando,0.648,0.682,0.8171136689103559,2.747559
146436708,Urbania,SURQUILLO,150141,Av. Tomas marsano 2175,Los Sauces,390000.0,45.0,8666.666666666666,1,1,1,220.0,1,6566.0,295470.0,-0.32,1856.33,,10,284,0.285,mejorando,0.648,0.682,0.8171136689103559,2.747559
4478461,Urbania,SURQUILLO,150141,"CALLE EL SAUCE 582, SURQUILLO",Los Sauces,390000.0,63.0,6190.476190476191,2,2,1,150.0,1,6566.0,413658.0,0.057,1856.33,,10,284,0.285,mejorando,0.648,0.682,0.8171136689103559,2.747559
148807303,Urbania,SURQUILLO,150141,jr Salaverry 1300,Surquillo,393000.0,80.0,4912.5,2,1,0,0.0,1,6566.0,525280.0,0.252,1856.33,,10,284,0.285,mejorando,0.648,0.682,0.8171136689103559,2.747559
146377449,Urbania,SURQUILLO,150141,Calle las Tiendas  al 300,Surquillo,395600.0,48.0,8241.666666666666,1,1,1,100.0,1,6566.0,315168.0,-0.255,1856.33,,10,284,0.285,mejorando,0.648,0.682,0.8171136689103559,2.747559
149912021,Urbania,SURQUILLO,150141,"Calle el Cerezo, La Calera, Surquillo al 300",La Calera De La Merced,399000.0,64.0,6234.375,3,2,1,0.0,1,6566.0,420224.0,0.051,1856.33,,10,284,0.285,mejorando,0.648,0.682,0.8171136689103559,2.747559
149834948,Urbania,SURQUILLO,150141,"Avenida Tomás Marsano, Surquillo",Surquillo,399000.0,56.0,7125.0,2,2,0,300.0,1,6566.0,367696.0,-0.085,1856.33,,10,284,0.285,mejorando,0.648,0.682,0.8171136689103559,2.747559
149271939,Urbania,SURQUILLO,150141,Avenida Sergio Bernales 540,Barrio Medico,400000.0,76.0,5263.1578947368425,3,2,0,300.0,1,6566.0,499016.0,0.198,1856.33,,10,284,0.285,mejorando,0.648,0.682,0.8171136689103559,2.747559
149146667,Urbania,SURQUILLO,150141,Andres Caceres al 600,Barrio Medico,402000.0,46.0,8739.130434782608,2,2,1,0.0,1,6566.0,302036.0,-0.331,1856.33,,10,284,0.285,mejorando,0.648,0.682,0.8171136689103559,2.747559
148968672,Urbania,SURQUILLO,150141,Tomas Marsano al 300,Surquillo,405000.0,57.0,7105.263157894737,2,2,0,240.0,1,6566.0,374262.0,-0.082,1856.33,,10,284,0.285,mejorando,0.648,0.682,0.8171136689103559,2.747559
149453157,Urbania,SURQUILLO,150141,Angamos Open Plaza,Surquillo,407100.0,71.0,5733.802816901409,3,2,0,200.0,1,6566.0,466186.0,0.127,1856.33,,10,284,0.285,mejorando,0.648,0.682,0.8171136689103559,2.747559
149814857,Urbania,SURQUILLO,150141,Avenida Tomas Marsano al 2200,Surquillo,410000.0,53.0,7735.8490566037735,2,2,1,270.0,1,6566.0,347998.0,-0.178,1856.33,,10,284,0.285,mejorando,0.648,0.682,0.8171136689103559,2.747559
4660090,Urbania,SURQUILLO,150141,CALLE BIELUVUCIC N° 283,La Calera De Monterrico,410000.0,56.0,7321.428571428572,2,2,1,180.0,1,6566.0,367696.0,-0.115,1856.33,,10,284,0.285,mejorando,0.648,0.682,0.8171136689103559,2.747559
149842116,Urbania,SURQUILLO,150141,Victor Alzamora  1,Surquillo,411250.0,104.0,3954.326923076923,4,2,0,115.0,1,6566.0,682864.0,0.398,1856.33,,10,284,0.285,mejorando,0.648,0.682,0.8171136689103559,2.747559
148242844,Urbania,SURQUILLO,150141,Calle La Pera N° 400 - Urb. Los Sauces - Surquillo,Surquillo,412650.0,59.0,6994.067796610169,3,2,0,0.0,1,6566.0,387394.0,-0.065,1856.33,,10,284,0.285,mejorando,0.648,0.682,0.8171136689103559,2.747559
148918756,Urbania,SURQUILLO,150141,"Urb. Los Sauces, Surquillo",Surquillo,413055.0,69.0,5986.304347826087,3,2,0,12000.0,1,6566.0,453054.0,0.088,1856.33,,10,284,0.285,mejorando,0.648,0.682,0.8171136689103559,2.747559
148856167,Urbania,SURQUILLO,150141,"Av. Tomas Marsano, Surquillo",Surquillo,418750.0,52.0,8052.884615384615,1,2,1,220.0,1,6566.0,341432.0,-0.226,1856.33,,10,284,0.285,mejorando,0.648,0.682,0.8171136689103559,2.747559
149384090,Urbania,SURQUILLO,150141,CALLE LOS QUETZALES SURQUILLO,Surquillo,420660.0,114.0,3690.0,3,3,0,100.0,1,6566.0,748524.0,0.438,1856.33,,10,284,0.285,mejorando,0.648,0.682,0.8171136689103559,2.747559
149889776,Urbania,SURQUILLO,150141,Av. Angamos Este 1559,Surquillo,425000.0,71.0,5985.915492957746,3,2,1,290.0,1,6566.0,466186.0,0.088,1856.33,,10,284,0.285,mejorando,0.648,0.682,0.8171136689103559,2.747559
149834946,Urbania,SURQUILLO,150141,"Avenida Angamos Este, Surquillo",Surquillo,425000.0,72.0,5902.777777777777,3,2,1,280.0,1,6566.0,472752.0,0.101,1856.33,,10,284,0.285,mejorando,0.648,0.682,0.8171136689103559,2.747559
148823528,Urbania,SURQUILLO,150141,Rizo Patron,Surquillo,426360.0,54.0,7895.555555555556,2,1,1,350.0,1,6566.0,354564.0,-0.202,1856.33,,10,284,0.285,mejorando,0.648,0.682,0.8171136689103559,2.747559
148874691,Urbania,SURQUILLO,150141,Av. Angamos Este al 1700,Surquillo,428000.0,63.0,6793.650793650793,3,2,0,0.0,1,6566.0,413658.0,-0.035,1856.33,,10,284,0.285,mejorando,0.648,0.682,0.8171136689103559,2.747559
149364541,Urbania,SURQUILLO,150141,Calle Los Faisanes 139,Surquillo,428750.0,90.0,4763.888888888889,3,2,1,200.0,1,6566.0,590940.0,0.274,1856.33,,10,284,0.285,mejorando,0.648,0.682,0.8171136689103559,2.747559
145799315,Urbania,SURQUILLO,150141,mayor arce de la oliva 737,Surquillo,432000.0,54.0,8000.0,1,1,1,380.0,1,6566.0,354564.0,-0.218,1856.33,,10,284,0.285,mejorando,0.648,0.682,0.8171136689103559,2.747559
149288472,Urbania,SURQUILLO,150141,Urb. La Calera,La Calera De La Merced,432400.0,78.0,5543.589743589743,2,1,0,0.0,1,6566.0,512148.0,0.156,1856.33,,10,284,0.285,mejorando,0.648,0.682,0.8171136689103559,2.747559
148882492,Urbania,SURQUILLO,150141,Av. Angamos Este,Surquillo,433000.0,63.0,6873.015873015873,3,2,1,0.0,1,6566.0,413658.0,-0.047,1856.33,,10,284,0.285,mejorando,0.648,0.682,0.8171136689103559,2.747559
145342274,Urbania,SURQUILLO,150141,"C. Ortega y Gasset 143, Surquillo",La Calera,436600.0,82.0,5324.390243902439,3,2,0,350.0,1,6566.0,538412.0,0.189,1856.33,,10,284,0.285,mejorando,0.648,0.682,0.8171136689103559,2.747559
149421989,Urbania,SURQUILLO,150141,Avenida Principal 712,Jorge Chavez,439000.0,64.0,6859.375,3,2,1,230.0,1,6566.0,420224.0,-0.045,1856.33,,10,284,0.285,mejorando,0.648,0.682,0.8171136689103559,2.747559
149225938,Urbania,SURQUILLO,150141,Av Tomas Marsano Surquillo Limite con Miraflores,Surquillo,440000.0,61.0,7213.11475409836,2,2,0,240.0,1,6566.0,400526.0,-0.099,1856.33,,10,284,0.285,mejorando,0.648,0.682,0.8171136689103559,2.747559
146050459,Urbania,SURQUILLO,150141,"Av. Tomas Marsano 2175, Surquillo",Surquillo,440000.0,61.0,7213.11475409836,2,2,0,200.0,1,6566.0,400526.0,-0.099,1856.33,,10,284,0.285,mejorando,0.648,0.682,0.8171136689103559,2.747559
149591679,Urbania,SURQUILLO,150141,Calle Carlyle - Surquillo,Surquillo,442000.0,69.0,6405.797101449275,2,2,0,0.0,1,6566.0,453054.0,0.024,1856.33,,10,284,0.285,mejorando,0.648,0.682,0.8171136689103559,2.747559
149354036,Urbania,SURQUILLO,150141,Avenida Aviación 3944,La Calera De La Merced,443000.0,73.0,6068.493150684932,3,2,0,150.0,1,6566.0,479318.0,0.076,1856.33,,10,284,0.285,mejorando,0.648,0.682,0.8171136689103559,2.747559
147030312,Urbania,SURQUILLO,150141,URB LA CALERA,Surquillo,443750.0,70.0,6339.285714285715,3,2,0,250.0,1,6566.0,459620.0,0.035,1856.33,,10,284,0.285,mejorando,0.648,0.682,0.8171136689103559,2.747559
147788371,Urbania,SURQUILLO,150141,DA Vinci 410,Surquillo,444000.0,72.0,6166.666666666667,3,2,0,0.0,1,6566.0,472752.0,0.061,1856.33,,10,284,0.285,mejorando,0.648,0.682,0.8171136689103559,2.747559
149905100,Urbania,SURQUILLO,150141,"AV. Santiago DE Surco 2175 Tomas Marsano , Surquillo",Surquillo,444000.0,65.0,6830.7692307692305,2,2,0,250.0,1,6566.0,426790.0,-0.04,1856.33,,10,284,0.285,mejorando,0.648,0.682,0.8171136689103559,2.747559
147271715,Urbania,SURQUILLO,150141,Tomas Marsano al 2100,Surquillo,444000.0,62.0,7161.290322580645,2,2,1,230.0,1,6566.0,407092.0,-0.091,1856.33,,10,284,0.285,mejorando,0.648,0.682,0.8171136689103559,2.747559
147048129,Urbania,SURQUILLO,150141,Aramburu,Surquillo,444000.0,53.0,8377.358490566037,1,1,0,0.0,1,6566.0,347998.0,-0.276,1856.33,,10,284,0.285,mejorando,0.648,0.682,0.8171136689103559,2.747559
147520426,Urbania,SURQUILLO,150141,La Calera,La Calera,445000.0,73.0,6095.890410958904,3,2,0,0.0,1,6566.0,479318.0,0.072,1856.33,,10,284,0.285,mejorando,0.648,0.682,0.8171136689103559,2.747559
147851164,Urbania,SURQUILLO,150141,AVENIDA AVIACION N° 3944,La Calera,445000.0,73.0,6095.890410958904,3,1,1,0.0,1,6566.0,479318.0,0.072,1856.33,,10,284,0.285,mejorando,0.648,0.682,0.8171136689103559,2.747559
149472879,Urbania,SURQUILLO,150141,Avenida Tomás Marsano,Surquillo,445557.0,65.0,6854.723076923077,3,3,1,200.0,10,6566.0,426790.0,-0.044,1856.33,,10,284,0.285,mejorando,0.648,0.682,0.8171136689103559,2.747559
149263727,Urbania,SURQUILLO,150141,Urb. La Calera,La Calera De La Merced,447000.0,68.0,6573.529411764706,2,2,0,0.0,1,6566.0,446488.0,-0.001,1856.33,,10,284,0.285,mejorando,0.648,0.682,0.8171136689103559,2.747559
149594671,Urbania,SURQUILLO,150141,Av. República de Panamá al 3600,Surquillo,447620.0,53.0,8445.66037735849,2,2,1,0.0,1,6566.0,347998.0,-0.286,1856.33,,10,284,0.285,mejorando,0.648,0.682,0.8171136689103559,2.747559
145635208,Urbania,SURQUILLO,150141,carlyle y emiliano zapata,La Calera De La Merced,448500.0,70.0,6407.142857142857,2,2,0,250.0,1,6566.0,459620.0,0.024,1856.33,,10,284,0.285,mejorando,0.648,0.682,0.8171136689103559,2.747559
149346464,Urbania,SURQUILLO,150141,Av. Tomás Marsano  al 1600,Surquillo,450000.0,66.0,6818.181818181818,2,2,1,0.0,1,6566.0,433356.0,-0.038,1856.33,,10,284,0.285,mejorando,0.648,0.682,0.8171136689103559,2.747559
144984928,Urbania,SURQUILLO,150141,Da Vinci 460,Surquillo,450870.0,72.0,6262.083333333333,3,2,0,0.0,1,6566.0,472752.0,0.046,1856.33,,10,284,0.285,mejorando,0.648,0.682,0.8171136689103559,2.747559
149655138,Urbania,SURQUILLO,150141,Vendo Dpto Tipo Casita 3 Pisos en Surquillo Limite con Miraflores Cerca Av. Angamos,Surquillo,452250.0,92.0,4915.760869565217,2,1,0,0.0,1,6566.0,604072.0,0.251,1856.33,,10,284,0.285,mejorando,0.648,0.682,0.8171136689103559,2.747559
147747280,Urbania,SURQUILLO,150141,AVENIDA REPUBLICA DE PANAMA,Surquillo,452378.0,51.0,8870.156862745098,2,2,0,200.0,1,6566.0,334866.0,-0.351,1856.33,,10,284,0.285,mejorando,0.648,0.682,0.8171136689103559,2.747559
147855307,Urbania,SURQUILLO,150141,Av Aviacion Surquillo,Capebco,455000.0,73.0,6232.876712328767,3,2,1,150.0,10,6566.0,479318.0,0.051,1856.33,,10,284,0.285,mejorando,0.648,0.682,0.8171136689103559,2.747559
147645576,Urbania,SURQUILLO,150141,Laurel Rosa 429,Surquillo,455000.0,90.0,5055.555555555556,3,2,0,0.0,10,6566.0,590940.0,0.23,1856.33,,10,284,0.285,mejorando,0.648,0.682,0.8171136689103559,2.747559
149448230,Urbania,SURQUILLO,150141,Av. República de Panamá 4071,Surquillo,455000.0,57.0,7982.456140350877,2,2,0,0.0,1,6566.0,374262.0,-0.216,1856.33,,10,284,0.285,mejorando,0.648,0.682,0.8171136689103559,2.747559
149603588,Urbania,SURQUILLO,150141,Calle Montesquieu 300,La Calera De La Merced,455847.0,75.0,6077.96,2,1,1,200.0,1,6566.0,492450.0,0.074,1856.33,,10,284,0.285,mejorando,0.648,0.682,0.8171136689103559,2.747559
145833177,Urbania,SURQUILLO,150141,Av. Angamos,Surquillo,458000.0,84.0,5452.380952380952,2,2,1,0.0,1,6566.0,551544.0,0.17,1856.33,,10,284,0.285,mejorando,0.648,0.682,0.8171136689103559,2.747559
148428130,Urbania,SURQUILLO,150141,Barrio Médico,Barrio Medico,459129.0,60.0,7652.15,2,2,1,0.0,1,6566.0,393960.0,-0.165,1856.33,,10,284,0.285,mejorando,0.648,0.682,0.8171136689103559,2.747559
147384904,Urbania,SURQUILLO,150141,SERGIO BERNALES 189,Barrio Medico,462300.0,82.0,5637.804878048781,3,2,1,280.0,10,6566.0,538412.0,0.141,1856.33,,10,284,0.285,mejorando,0.648,0.682,0.8171136689103559,2.747559
145853008,Urbania,SURQUILLO,150141,"Av Aramburu N° 9xx, Dpto. 312 AL 2212",Surquillo,464000.0,59.0,7864.406779661017,2,2,0,0.0,1,6566.0,387394.0,-0.198,1856.33,,10,284,0.285,mejorando,0.648,0.682,0.8171136689103559,2.747559
147065733,Urbania,SURQUILLO,150141,"Mariscal Caceres, Surquillo",Surquillo,465337.0,59.0,7887.067796610169,2,2,1,0.0,1,6566.0,387394.0,-0.201,1856.33,,10,284,0.285,mejorando,0.648,0.682,0.8171136689103559,2.747559
149053752,Urbania,SURQUILLO,150141,Av. República de Panamá  4075,Limatambo,465750.0,70.0,6653.571428571428,3,2,1,200.0,1,6566.0,459620.0,-0.013,1856.33,,10,284,0.285,mejorando,0.648,0.682,0.8171136689103559,2.747559
149523215,Urbania,SURQUILLO,150141,Urb. La Calera - Altura de Cdra. 5-6 de la  Av. Principal,Surquillo,465750.0,81.0,5750.0,3,2,1,300.0,1,6566.0,531846.0,0.124,1856.33,,10,284,0.285,mejorando,0.648,0.682,0.8171136689103559,2.747559
149790971,Urbania,SURQUILLO,150141,Av. Domingo Orué 456,Surquillo,467100.0,74.0,6312.1621621621625,3,1,0,0.0,1,6566.0,485884.0,0.039,1856.33,,10,284,0.285,mejorando,0.648,0.682,0.8171136689103559,2.747559
147789434,Urbania,SURQUILLO,150141,calle leonardo da vinci  surquillo,La Calera De La Merced,468000.0,72.0,6500.0,3,2,0,0.0,1,6566.0,472752.0,0.01,1856.33,,10,284,0.285,mejorando,0.648,0.682,0.8171136689103559,2.747559
147791854,Urbania,SURQUILLO,150141,Calle Los Negocios 495,Limatambo,471800.0,81.0,5824.691358024691,1,1,1,250.0,1,6566.0,531846.0,0.113,1856.33,,10,284,0.285,mejorando,0.648,0.682,0.8171136689103559,2.747559
149506681,Urbania,SURQUILLO,150141,Av. Tomás Marsano 2273,Surquillo,473000.0,71.0,6661.971830985915,3,2,0,0.0,1,6566.0,466186.0,-0.015,1856.33,,10,284,0.285,mejorando,0.648,0.682,0.8171136689103559,2.747559
149898273,Urbania,SURQUILLO,150141,Calle Los Negocios 165,Limatambo,475000.0,52.0,9134.615384615385,2,2,1,0.0,1,6566.0,341432.0,-0.391,1856.33,,10,284,0.285,mejorando,0.648,0.682,0.8171136689103559,2.747559
149177696,Urbania,SURQUILLO,150141,Ca. Alfa Boyero  al 100 - Coworking - Iluminación por voz -2 Dormitorios - 2 Baños,Surquillo,477200.0,62.0,7696.774193548387,2,2,0,0.0,1,6566.0,407092.0,-0.172,1856.33,,10,284,0.285,mejorando,0.648,0.682,0.8171136689103559,2.747559
149313132,Urbania,SURQUILLO,150141,Surquillo,Surquillo,481000.0,59.0,8152.542372881356,2,2,0,0.0,1,6566.0,387394.0,-0.242,1856.33,,10,284,0.285,mejorando,0.648,0.682,0.8171136689103559,2.747559
149831502,Urbania,SURQUILLO,150141,Alfa León 109,La Calera De La Merced,481600.0,77.0,6254.545454545455,2,2,0,220.0,10,6566.0,505582.0,0.047,1856.33,,10,284,0.285,mejorando,0.648,0.682,0.8171136689103559,2.747559
149130261,Urbania,SURQUILLO,150141,"Calle Calvino, LA Calera DE LA Merced - Surquillo",Surquillo,482065.0,82.0,5878.841463414634,2,2,0,0.0,1,6566.0,538412.0,0.105,1856.33,,10,284,0.285,mejorando,0.648,0.682,0.8171136689103559,2.747559
149153183,Urbania,SURQUILLO,150141,LOS Negocios 1XX,Surquillo,485000.0,74.0,6554.054054054054,3,2,1,230.0,1,6566.0,485884.0,0.002,1856.33,,10,284,0.285,mejorando,0.648,0.682,0.8171136689103559,2.747559
149587574,Urbania,SURQUILLO,150141,La Calera al 100,La Calera De La Merced,486200.0,103.0,4720.388349514563,4,2,0,0.0,1,6566.0,676298.0,0.281,1856.33,,10,284,0.285,mejorando,0.648,0.682,0.8171136689103559,2.747559
149406618,Urbania,SURQUILLO,150141,Calle el Cedro 185,Los Sauces,489000.0,92.0,5315.217391304348,3,2,1,140.0,1,6566.0,604072.0,0.19,1856.33,,10,284,0.285,mejorando,0.648,0.682,0.8171136689103559,2.747559
149760982,Urbania,SURQUILLO,150141,Av. Principal N° 925 Departamento 801,Surquillo,490000.0,85.0,5764.705882352941,3,2,1,380.0,1,6566.0,558110.0,0.122,1856.33,,10,284,0.285,mejorando,0.648,0.682,0.8171136689103559,2.747559
148527832,Urbania,SURQUILLO,150141,calle Mary Cassat 112 dpto 602,La Calera De La Merced,490000.0,77.0,6363.636363636364,2,1,1,400.0,1,6566.0,505582.0,0.031,1856.33,,10,284,0.285,mejorando,0.648,0.682,0.8171136689103559,2.747559
149527560,Urbania,SURQUILLO,150141,"Av Tomas Marsano N° 26xx, Dpto. 201, 202",Surquillo,492000.0,69.0,7130.434782608696,3,2,1,0.0,1,6566.0,453054.0,-0.086,1856.33,,10,284,0.285,mejorando,0.648,0.682,0.8171136689103559,2.747559
149536054,Urbania,SURQUILLO,150141,Av. Principal al 800,Surquillo,495000.0,82.0,6036.585365853659,3,2,1,400.0,1,6566.0,538412.0,0.081,1856.33,,10,284,0.285,mejorando,0.648,0.682,0.8171136689103559,2.747559
147976943,Urbania,SURQUILLO,150141,Calle Emiliano Zapata Surquillo,La Calera De La Merced,495600.0,79.0,6273.4177215189875,3,2,0,0.0,1,6566.0,518714.0,0.045,1856.33,,10,284,0.285,mejorando,0.648,0.682,0.8171136689103559,2.747559
148856326,Urbania,SURQUILLO,150141,Calle Las Palomas 120,Surquillo,500000.0,90.0,5555.555555555556,3,3,1,180.0,1,6566.0,590940.0,0.154,1856.33,,10,284,0.285,mejorando,0.648,0.682,0.8171136689103559,2.747559
149801012,Urbania,SURQUILLO,150141,Av. Sergio Bernales,Surquillo,502520.0,64.0,7851.875,3,2,0,0.0,1,6566.0,420224.0,-0.196,1856.33,,10,284,0.285,mejorando,0.648,0.682,0.8171136689103559,2.747559
147985262,Urbania,SURQUILLO,150141,La Calera,La Calera,503650.0,85.0,5925.294117647059,2,3,0,0.0,1,6566.0,558110.0,0.098,1856.33,,10,284,0.285,mejorando,0.648,0.682,0.8171136689103559,2.747559
149634977,Urbania,SURQUILLO,150141,Av. Mariscal Caceres 281,Surquillo,505000.0,64.0,7890.625,2,2,1,0.0,1,6566.0,420224.0,-0.202,1856.33,,10,284,0.285,mejorando,0.648,0.682,0.8171136689103559,2.747559
149265626,Urbania,SURQUILLO,150141,Manuel Irribarren,Surquillo,505000.0,69.0,7318.840579710145,3,2,0,0.0,1,6566.0,453054.0,-0.115,1856.33,,10,284,0.285,mejorando,0.648,0.682,0.8171136689103559,2.747559
4046692,Urbania,SURQUILLO,150141,cA. Ortega y Gasset,La Calera,506250.0,86.0,5886.627906976744,2,3,2,300.0,1,6566.0,564676.0,0.103,1856.33,,10,284,0.285,mejorando,0.648,0.682,0.8171136689103559,2.747559
143328041,Urbania,SURQUILLO,150141,Av. Sergio Bernales 536,Barrio Medico,507000.0,101.0,5019.80198019802,3,2,1,260.0,1,6566.0,663166.0,0.235,1856.33,,10,284,0.285,mejorando,0.648,0.682,0.8171136689103559,2.747559
147702711,Urbania,SURQUILLO,150141,la calera,Calera,507500.0,66.0,7689.393939393939,2,2,0,250.0,1,6566.0,433356.0,-0.171,1856.33,,10,284,0.285,mejorando,0.648,0.682,0.8171136689103559,2.747559
65351301,Urbania,SURQUILLO,150141,Las tiendas,Surquillo,510000.0,100.0,5100.0,2,2,0,85.0,1,6566.0,656600.0,0.223,1856.33,,10,284,0.285,mejorando,0.648,0.682,0.8171136689103559,2.747559
149243597,Urbania,SURQUILLO,150141,Laurel Rosa 321,Surquillo,510000.0,95.0,5368.421052631579,3,2,1,250.0,1,6566.0,623770.0,0.182,1856.33,,10,284,0.285,mejorando,0.648,0.682,0.8171136689103559,2.747559
147626659,Urbania,SURQUILLO,150141,Av. Tomás Marsano con Av. Guardia Civil,Surquillo,510000.0,60.0,8500.0,2,2,0,0.0,1,6566.0,393960.0,-0.295,1856.33,,10,284,0.285,mejorando,0.648,0.682,0.8171136689103559,2.747559
4508239,Urbania,SURQUILLO,150141,SERGIO BERNALES,Barrio Medico,512658.0,92.0,5572.369565217391,3,2,1,330.0,1,6566.0,604072.0,0.151,1856.33,,10,284,0.285,mejorando,0.648,0.682,0.8171136689103559,2.747559
149400870,Urbania,SURQUILLO,150141,Caoba 240,Los Sauces,515000.0,82.0,6280.487804878048,2,2,1,300.0,1,6566.0,538412.0,0.043,1856.33,,10,284,0.285,mejorando,0.648,0.682,0.8171136689103559,2.747559
148027025,Urbania,SURQUILLO,150141,Calle la calera de la merced,Calera,516810.0,98.0,5273.571428571428,3,3,1,320.0,1,6566.0,643468.0,0.197,1856.33,,10,284,0.285,mejorando,0.648,0.682,0.8171136689103559,2.747559
149542296,Urbania,SURQUILLO,150141,Urbanización La Calera de la Merced Calle Camilo Blas,Surquillo,517500.0,64.0,8085.9375,1,1,1,150.0,1,6566.0,420224.0,-0.231,1856.33,,10,284,0.285,mejorando,0.648,0.682,0.8171136689103559,2.747559
149151426,Urbania,SURQUILLO,150141,CALLE ROENTGEN 2XX,Surquillo,520000.0,82.0,6341.463414634146,3,3,0,450.0,1,6566.0,538412.0,0.034,1856.33,,10,284,0.285,mejorando,0.648,0.682,0.8171136689103559,2.747559
146078834,Urbania,SURQUILLO,150141,"Av, Roca y Boloña",Surquillo,521360.0,115.0,4533.565217391304,2,3,2,150.0,1,6566.0,755090.0,0.31,1856.33,,10,284,0.285,mejorando,0.648,0.682,0.8171136689103559,2.747559
148187504,Urbania,SURQUILLO,150141,URB LIMATAMBO,Surquillo,522000.0,88.0,5931.818181818182,2,3,0,0.0,1,6566.0,577808.0,0.097,1856.33,,10,284,0.285,mejorando,0.648,0.682,0.8171136689103559,2.747559
149107405,Urbania,SURQUILLO,150141,"Calle Rodin, La Calera, Surquillo.",La Calera,525000.0,78.0,6730.7692307692305,2,2,0,290.0,1,6566.0,512148.0,-0.025,1856.33,,10,284,0.285,mejorando,0.648,0.682,0.8171136689103559,2.747559
145466472,Urbania,SURQUILLO,150141,Gerard Blanchere 202,Las Orquideas,525000.0,90.0,5833.333333333333,3,2,0,200.0,1,6566.0,590940.0,0.112,1856.33,,10,284,0.285,mejorando,0.648,0.682,0.8171136689103559,2.747559
147997014,Urbania,SURQUILLO,150141,La Calera,La Calera,525383.0,87.0,6038.885057471264,2,3,0,0.0,1,6566.0,571242.0,0.08,1856.33,,10,284,0.285,mejorando,0.648,0.682,0.8171136689103559,2.747559
147363015,Urbania,SURQUILLO,150141,AV TOMAS MARSANO,Surquillo,528000.0,70.0,7542.857142857143,3,2,0,0.0,1,6566.0,459620.0,-0.149,1856.33,,10,284,0.285,mejorando,0.648,0.682,0.8171136689103559,2.747559
147048038,Urbania,SURQUILLO,150141,Aramburu,Surquillo,528000.0,69.0,7652.173913043478,2,2,1,0.0,1,6566.0,453054.0,-0.165,1856.33,,10,284,0.285,mejorando,0.648,0.682,0.8171136689103559,2.747559
147791666,Urbania,SURQUILLO,150141,Calle Alfa Aguila 124,Surquillo,528500.0,78.0,6775.641025641025,3,2,1,220.0,1,6566.0,512148.0,-0.032,1856.33,,10,284,0.285,mejorando,0.648,0.682,0.8171136689103559,2.747559
149203098,Urbania,SURQUILLO,150141,Avenida Roca y Boloña,Surquillo,528800.0,82.0,6448.780487804878,2,2,0,200.0,1,6566.0,538412.0,0.018,1856.33,,10,284,0.285,mejorando,0.648,0.682,0.8171136689103559,2.747559
149060523,Urbania,SURQUILLO,150141,Avenida Paseo de la República 3905,Surquillo,530000.0,89.0,5955.056179775281,3,3,1,400.0,1,6566.0,584374.0,0.093,1856.33,,10,284,0.285,mejorando,0.648,0.682,0.8171136689103559,2.747559
149267462,Urbania,SURQUILLO,150141,Urb. La Calera,La Calera De La Merced,530800.0,82.0,6473.170731707317,3,2,0,0.0,1,6566.0,538412.0,0.014,1856.33,,10,284,0.285,mejorando,0.648,0.682,0.8171136689103559,2.747559
149817785,Urbania,SURQUILLO,150141,San Carlos 384,Surquillo,532650.0,109.0,4886.697247706422,4,2,0,80.0,1,6566.0,715694.0,0.256,1856.33,,10,284,0.285,mejorando,0.648,0.682,0.8171136689103559,2.747559
147760985,Urbania,SURQUILLO,150141,AVENIDA REPUBLICA DE PANAMA,Surquillo,535180.0,68.0,7870.294117647059,3,2,0,300.0,10,6566.0,446488.0,-0.199,1856.33,,10,284,0.285,mejorando,0.648,0.682,0.8171136689103559,2.747559
4647711,Urbania,SURQUILLO,150141,Av. Sergio Bernales,Barrio Medico,535674.0,65.0,8241.138461538461,3,2,1,0.0,1,6566.0,426790.0,-0.255,1856.33,,10,284,0.285,mejorando,0.648,0.682,0.8171136689103559,2.747559
149725040,Urbania,SURQUILLO,150141,"Juan Fuentes con Octavio Paz, Los Sauces, Surquillo",Surquillo,537275.0,68.0,7901.10294117647,2,2,0,0.0,1,6566.0,446488.0,-0.203,1856.33,,10,284,0.285,mejorando,0.648,0.682,0.8171136689103559,2.747559
148695135,Urbania,SURQUILLO,150141,La Calera de la Merced,Surquillo,538000.0,100.0,5380.0,3,3,0,0.0,1,6566.0,656600.0,0.181,1856.33,,10,284,0.285,mejorando,0.648,0.682,0.8171136689103559,2.747559
149432949,Urbania,SURQUILLO,150141,Av. Sergio Bernales 500,Surquillo,539400.0,82.0,6578.048780487805,3,2,0,0.0,10,6566.0,538412.0,-0.002,1856.33,,10,284,0.285,mejorando,0.648,0.682,0.8171136689103559,2.747559
145887930,Urbania,SURQUILLO,150141,Av. Sergio Bernales,Surquillo,539681.0,64.0,8432.515625,3,2,0,0.0,1,6566.0,420224.0,-0.284,1856.33,,10,284,0.285,mejorando,0.648,0.682,0.8171136689103559,2.747559
149287217,Urbania,SURQUILLO,150141,Andres Aramburú 600,Surquillo,543000.0,58.0,9362.068965517241,2,2,0,0.0,1,6566.0,380828.0,-0.426,1856.33,,10,284,0.285,mejorando,0.648,0.682,0.8171136689103559,2.747559
143172598,Urbania,SURQUILLO,150141,"Av. Aramburu N°6xx, Dpto. 2212",Surquillo,543000.0,58.0,9362.068965517241,2,2,0,0.0,1,6566.0,380828.0,-0.426,1856.33,,10,284,0.285,mejorando,0.648,0.682,0.8171136689103559,2.747559
145806629,Urbania,SURQUILLO,150141,Av. Angamos,Surquillo,545000.0,71.0,7676.056338028169,3,2,1,0.0,1,6566.0,466186.0,-0.169,1856.33,,10,284,0.285,mejorando,0.648,0.682,0.8171136689103559,2.747559
149088607,Urbania,SURQUILLO,150141,Av Paseo de la Republica 5181,Surquillo,548300.0,74.0,7409.459459459459,3,2,0,314.0,1,6566.0,485884.0,-0.128,1856.33,,10,284,0.285,mejorando,0.648,0.682,0.8171136689103559,2.747559
149400493,Urbania,SURQUILLO,150141,av Tomas Marsano  al 1623,Aurora Este,553320.0,101.0,5478.415841584158,3,2,1,0.0,1,6566.0,663166.0,0.166,1856.33,,10,284,0.285,mejorando,0.648,0.682,0.8171136689103559,2.747559
149019311,Urbania,SURQUILLO,150141,Av. Andrés Avelino Cáceres 111,Surquillo,554000.0,88.0,6295.454545454545,3,2,1,345.0,1,6566.0,577808.0,0.041,1856.33,,10,284,0.285,mejorando,0.648,0.682,0.8171136689103559,2.747559
149262722,Urbania,SURQUILLO,150141,La Calera de la Merced,La Calera De La Merced,562200.0,88.0,6388.636363636364,3,2,0,0.0,1,6566.0,577808.0,0.027,1856.33,,10,284,0.285,mejorando,0.648,0.682,0.8171136689103559,2.747559
149591762,Urbania,SURQUILLO,150141,"Calle Alfa Centauro, Urb. LA Calera, Surquillo",Surquillo,570500.0,87.0,6557.471264367816,3,2,0,0.0,1,6566.0,571242.0,0.001,1856.33,,10,284,0.285,mejorando,0.648,0.682,0.8171136689103559,2.747559
149266687,Urbania,SURQUILLO,150141,Av. Tomás Marsano,Aurora Este,582000.0,82.0,7097.5609756097565,3,2,1,0.0,1,6566.0,538412.0,-0.081,1856.33,,10,284,0.285,mejorando,0.648,0.682,0.8171136689103559,2.747559
149905151,Urbania,SURQUILLO,150141,Calle Courbet 10 Piso 9 - Surquillo,Surquillo,585000.0,73.0,8013.698630136986,3,2,0,0.0,1,6566.0,479318.0,-0.22,1856.33,,10,284,0.285,mejorando,0.648,0.682,0.8171136689103559,2.747559
148204645,Urbania,SURQUILLO,150141,La Calera,Surquillo,586155.0,84.0,6978.035714285715,3,2,0,0.0,1,6566.0,551544.0,-0.063,1856.33,,10,284,0.285,mejorando,0.648,0.682,0.8171136689103559,2.747559
148981647,Urbania,SURQUILLO,150141,Confucio,La Calera De La Merced,586259.0,96.0,6106.864583333333,2,2,1,0.0,1,6566.0,630336.0,0.07,1856.33,,10,284,0.285,mejorando,0.648,0.682,0.8171136689103559,2.747559
149086054,Urbania,SURQUILLO,150141,Calle La Casuarina 253,Los Sauces,588000.0,120.0,4900.0,3,2,1,270.0,10,6566.0,787920.0,0.254,1856.33,,10,284,0.285,mejorando,0.648,0.682,0.8171136689103559,2.747559
148471647,Urbania,SURQUILLO,150141,av. Tomas Marsano  1600,Surquillo,588000.0,83.0,7084.3373493975905,3,2,1,350.0,10,6566.0,544978.0,-0.079,1856.33,,10,284,0.285,mejorando,0.648,0.682,0.8171136689103559,2.747559
149334383,Urbania,SURQUILLO,150141,Balcon Vista a Parque-suquillo - 3d - 2b  Ascensor Directo Parlantes gas,Surquillo,590000.0,73.0,8082.191780821918,3,2,0,0.0,1,6566.0,479318.0,-0.231,1856.33,,10,284,0.285,mejorando,0.648,0.682,0.8171136689103559,2.747559
149264116,Urbania,SURQUILLO,150141,Av. Villaran,Los Sauces,592530.0,98.0,6046.224489795918,3,2,0,0.0,1,6566.0,643468.0,0.079,1856.33,,10,284,0.285,mejorando,0.648,0.682,0.8171136689103559,2.747559
149288579,Urbania,SURQUILLO,150141,Av. Villaran,Surquillo,592600.0,98.0,6046.938775510204,3,2,0,0.0,1,6566.0,643468.0,0.079,1856.33,,10,284,0.285,mejorando,0.648,0.682,0.8171136689103559,2.747559
148353141,Urbania,SURQUILLO,150141,"Av. Tomas Marsano, Surquillo",Surquillo,595084.0,75.0,7934.453333333333,3,2,0,0.0,1,6566.0,492450.0,-0.208,1856.33,,10,284,0.285,mejorando,0.648,0.682,0.8171136689103559,2.747559
149238465,Urbania,SURQUILLO,150141,Paderewski 119,Calera,600000.0,145.0,4137.931034482759,4,3,1,200.0,1,6566.0,952070.0,0.37,1856.33,,10,284,0.285,mejorando,0.648,0.682,0.8171136689103559,2.747559
149902296,Urbania,SURQUILLO,150141,Calle Andrea del Sarto,La Calera De La Merced,602000.0,89.0,6764.044943820225,3,2,1,290.0,1,6566.0,584374.0,-0.03,1856.33,,10,284,0.285,mejorando,0.648,0.682,0.8171136689103559,2.747559
149809563,Urbania,SURQUILLO,150141,Av. Tomás Marsano 1647,Surquillo,603750.0,83.0,7274.096385542169,3,2,1,280.0,1,6566.0,544978.0,-0.108,1856.33,,10,284,0.285,mejorando,0.648,0.682,0.8171136689103559,2.747559
146117177,Urbania,SURQUILLO,150141,Av. Santiago de Surco 1999,Surquillo,605900.0,84.0,7213.0952380952385,3,2,0,0.0,1,6566.0,551544.0,-0.099,1856.33,,10,284,0.285,mejorando,0.648,0.682,0.8171136689103559,2.747559
148041943,Urbania,SURQUILLO,150141,Ca. Ortega y Gasset,Surquillo,610290.0,95.0,6424.105263157895,3,2,1,300.0,1,6566.0,623770.0,0.022,1856.33,,10,284,0.285,mejorando,0.648,0.682,0.8171136689103559,2.747559
142861331,Urbania,SURQUILLO,150141,Surquillo,Surquillo,612000.0,74.0,8270.27027027027,3,2,0,300.0,1,6566.0,485884.0,-0.26,1856.33,,10,284,0.285,mejorando,0.648,0.682,0.8171136689103559,2.747559
149612073,Urbania,SURQUILLO,150141,C. Raoul de Veneuil 193 - Santiago de Surco,Surquillo,613970.0,97.0,6329.587628865979,4,3,1,0.0,1,6566.0,636902.0,0.036,1856.33,,10,284,0.285,mejorando,0.648,0.682,0.8171136689103559,2.747559
148325446,Urbania,SURQUILLO,150141,Av. Tomás Marsano Cdra. 16 - Surquillo,Surquillo,617750.0,93.0,6642.4731182795695,4,2,0,0.0,1,6566.0,610638.0,-0.012,1856.33,,10,284,0.285,mejorando,0.648,0.682,0.8171136689103559,2.747559
149592024,Urbania,SURQUILLO,150141,Calle Víctor Alzamora,Barrio Medico,618800.0,99.0,6250.50505050505,3,2,1,300.0,1,6566.0,650034.0,0.048,1856.33,,10,284,0.285,mejorando,0.648,0.682,0.8171136689103559,2.747559
4621317,Urbania,SURQUILLO,150141,Av. Aramburu,Surquillo,619000.0,76.0,8144.736842105263,3,2,1,200.0,1,6566.0,499016.0,-0.24,1856.33,,10,284,0.285,mejorando,0.648,0.682,0.8171136689103559,2.747559
149339732,Urbania,SURQUILLO,150141,Avenida Principal,Surquillo,622800.0,89.0,6997.752808988764,3,3,2,0.0,1,6566.0,584374.0,-0.066,1856.33,,10,284,0.285,mejorando,0.648,0.682,0.8171136689103559,2.747559
148883359,Urbania,SURQUILLO,150141,Calle Felipe Durand,Barrio Medico,625000.0,76.0,8223.684210526315,3,2,0,0.0,1,6566.0,499016.0,-0.252,1856.33,,10,284,0.285,mejorando,0.648,0.682,0.8171136689103559,2.747559
149493474,Urbania,SURQUILLO,150141,"Calle Felipe Durand, Surquillo, Barrio Medico, Surquillo",Barrio Medico,625000.0,77.0,8116.883116883117,3,2,1,0.0,1,6566.0,505582.0,-0.236,1856.33,,10,284,0.285,mejorando,0.648,0.682,0.8171136689103559,2.747559
147642165,Urbania,SURQUILLO,150141,"CALLE MAGNOLIA N° 186, URB. LOS SAUCES",Los Sauces,630000.0,106.0,5943.396226415094,2,3,0,180.0,1,6566.0,695996.0,0.095,1856.33,,10,284,0.285,mejorando,0.648,0.682,0.8171136689103559,2.747559
149291453,Urbania,SURQUILLO,150141,Avenida Principal,Las Orquideas,633500.0,112.0,5656.25,3,2,1,430.0,1,6566.0,735392.0,0.139,1856.33,,10,284,0.285,mejorando,0.648,0.682,0.8171136689103559,2.747559
144730250,Urbania,SURQUILLO,150141,Calle Cerezos,La Calera,637500.0,87.0,7327.586206896552,4,3,0,250.0,1,6566.0,571242.0,-0.116,1856.33,,10,284,0.285,mejorando,0.648,0.682,0.8171136689103559,2.747559
147681575,Urbania,SURQUILLO,150141,Calle el cerezo 315,La Calera De La Merced,637500.0,87.0,7327.586206896552,4,2,0,320.0,1,6566.0,571242.0,-0.116,1856.33,,10,284,0.285,mejorando,0.648,0.682,0.8171136689103559,2.747559
146939658,Urbania,SURQUILLO,150141,CALLE EL CEREZO DPTO 802,La Calera,637500.0,87.0,7327.586206896552,4,2,0,250.0,1,6566.0,571242.0,-0.116,1856.33,,10,284,0.285,mejorando,0.648,0.682,0.8171136689103559,2.747559
146199369,Urbania,SURQUILLO,150141,"Av Principal N° 4xx, Dpto. 202 AL 702",Surquillo,637680.0,78.0,8175.384615384615,3,2,1,0.0,1,6566.0,512148.0,-0.245,1856.33,,10,284,0.285,mejorando,0.648,0.682,0.8171136689103559,2.747559
147424768,Urbania,SURQUILLO,150141,AVENIDA ARAMBURU,Surquillo,643700.0,74.0,8698.648648648648,3,2,0,297.0,1,6566.0,485884.0,-0.325,1856.33,,10,284,0.285,mejorando,0.648,0.682,0.8171136689103559,2.747559
4621345,Urbania,SURQUILLO,150141,Av. Aramburu,Surquillo,645000.0,77.0,8376.623376623376,3,2,1,300.0,10,6566.0,505582.0,-0.276,1856.33,,10,284,0.285,mejorando,0.648,0.682,0.8171136689103559,2.747559
148343788,Urbania,SURQUILLO,150141,calle los negocios 495,Surquillo,646000.0,120.0,5383.333333333333,3,2,0,400.0,10,6566.0,787920.0,0.18,1856.33,,10,284,0.285,mejorando,0.648,0.682,0.8171136689103559,2.747559
147702976,Urbania,SURQUILLO,150141,Av.principal 200,Surquillo,653700.0,74.0,8833.783783783783,3,2,0,250.0,1,6566.0,485884.0,-0.345,1856.33,,10,284,0.285,mejorando,0.648,0.682,0.8171136689103559,2.747559
147596183,Urbania,SURQUILLO,150141,La Calera,La Calera,665000.0,120.0,5541.666666666667,3,3,1,0.0,1,6566.0,787920.0,0.156,1856.33,,10,284,0.285,mejorando,0.648,0.682,0.8171136689103559,2.747559
145329281,Urbania,SURQUILLO,150141,"C. Marco Polo 138, Surquillo",La Calera De La Merced,673750.0,115.0,5858.695652173913,3,4,1,100.0,1,6566.0,755090.0,0.108,1856.33,,10,284,0.285,mejorando,0.648,0.682,0.8171136689103559,2.747559
149061585,Urbania,SURQUILLO,150141,"Cuadra 9 de la Avenida Villaran Mz f Lote 2 Dpt,101 al 100",Surquillo,674311.0,156.0,4322.50641025641,4,2,0,0.0,1,6566.0,1024296.0,0.342,1856.33,,10,284,0.285,mejorando,0.648,0.682,0.8171136689103559,2.747559
149141193,Urbania,SURQUILLO,150141,La Begonia,Los Sauces,690530.0,225.0,3069.0222222222224,4,3,1,280.0,10,6566.0,1477350.0,0.533,1856.33,,10,284,0.285,mejorando,0.648,0.682,0.8171136689103559,2.747559
149322787,Urbania,SURQUILLO,150141,Av. Sergio Bernales N° 381,Surquillo,693000.0,102.0,6794.117647058823,3,2,1,310.0,1,6566.0,669732.0,-0.035,1856.33,,10,284,0.285,mejorando,0.648,0.682,0.8171136689103559,2.747559
149272472,Urbania,SURQUILLO,150141,Calle Courbet 168,La Calera De La Merced,694000.0,116.0,5982.758620689655,3,2,1,0.0,1,6566.0,761656.0,0.089,1856.33,,10,284,0.285,mejorando,0.648,0.682,0.8171136689103559,2.747559
148941039,Urbania,SURQUILLO,150141,Vendo Dpto EN Urb. Limatambo Surquillo - Calle LAS Palomas,Surquillo,695000.0,107.0,6495.327102803738,3,3,1,0.0,1,6566.0,702562.0,0.011,1856.33,,10,284,0.285,mejorando,0.648,0.682,0.8171136689103559,2.747559
148673826,Urbania,SURQUILLO,150141,Holbein al 147,Vipep,696700.0,112.0,6220.535714285715,3,3,1,250.0,1,6566.0,735392.0,0.053,1856.33,,10,284,0.285,mejorando,0.648,0.682,0.8171136689103559,2.747559
146544977,Urbania,SURQUILLO,150141,CALLE EL CEREZO DPTO 801,La Calera,710000.0,97.0,7319.587628865979,3,2,0,250.0,1,6566.0,636902.0,-0.115,1856.33,,10,284,0.285,mejorando,0.648,0.682,0.8171136689103559,2.747559
149187558,Urbania,SURQUILLO,150141,Calle El Cerezo,La Calera De La Merced,710000.0,97.0,7319.587628865979,3,2,0,250.0,1,6566.0,636902.0,-0.115,1856.33,,10,284,0.285,mejorando,0.648,0.682,0.8171136689103559,2.747559
148227498,Urbania,SURQUILLO,150141,Victor Maurtua,Surquillo,710600.0,104.0,6832.692307692308,3,2,2,500.0,1,6566.0,682864.0,-0.041,1856.33,,10,284,0.285,mejorando,0.648,0.682,0.8171136689103559,2.747559
149594487,Urbania,SURQUILLO,150141,Av. República de Panamá  al 3600,Surquillo,710798.0,69.0,10301.420289855072,3,2,1,0.0,1,6566.0,453054.0,-0.569,1856.33,,10,284,0.285,mejorando,0.648,0.682,0.8171136689103559,2.747559
149091223,Urbania,SURQUILLO,150141,La Calera,La Calera,720250.0,130.0,5540.384615384615,4,3,1,0.0,1,6566.0,853580.0,0.156,1856.33,,10,284,0.285,mejorando,0.648,0.682,0.8171136689103559,2.747559
146621684,Urbania,SURQUILLO,150141,Calle El Cerezo,Calera,723800.0,98.0,7385.714285714285,4,2,0,250.0,1,6566.0,643468.0,-0.125,1856.33,,10,284,0.285,mejorando,0.648,0.682,0.8171136689103559,2.747559
146940193,Urbania,SURQUILLO,150141,CALLE EL CEREZO DPTO 803,La Calera,723800.0,99.0,7311.111111111111,4,2,0,250.0,1,6566.0,650034.0,-0.113,1856.33,,10,284,0.285,mejorando,0.648,0.682,0.8171136689103559,2.747559
149287216,Urbania,SURQUILLO,150141,Andres Aramburú 600,Surquillo,737000.0,76.0,9697.368421052632,3,3,0,0.0,1,6566.0,499016.0,-0.477,1856.33,,10,284,0.285,mejorando,0.648,0.682,0.8171136689103559,2.747559
148635812,Urbania,SURQUILLO,150141,Avenida Andrés Aramburú 600,Surquillo,737000.0,73.0,10095.890410958904,3,2,1,350.0,10,6566.0,479318.0,-0.538,1856.33,,10,284,0.285,mejorando,0.648,0.682,0.8171136689103559,2.747559
149264706,Urbania,SURQUILLO,150141,Av. Andrés Aramburú,Surquillo,737000.0,76.0,9697.368421052632,3,3,0,250.0,1,6566.0,499016.0,-0.477,1856.33,,10,284,0.285,mejorando,0.648,0.682,0.8171136689103559,2.747559
149820379,Urbania,SURQUILLO,150141,Calera de Monterrico,Surquillo,741750.0,129.0,5750.0,4,2,1,250.0,10,6566.0,847014.0,0.124,1856.33,,10,284,0.285,mejorando,0.648,0.682,0.8171136689103559,2.747559
149181464,Urbania,SURQUILLO,150141,Cerca al Centro Financiero - Av. Aramburú,Surquillo,742000.0,76.0,9763.157894736842,3,2,1,0.0,1,6566.0,499016.0,-0.487,1856.33,,10,284,0.285,mejorando,0.648,0.682,0.8171136689103559,2.747559
148850777,Urbania,SURQUILLO,150141,Av. Andrés Aramburú 666,Surquillo,743000.0,76.0,9776.315789473685,3,2,0,280.0,1,6566.0,499016.0,-0.489,1856.33,,10,284,0.285,mejorando,0.648,0.682,0.8171136689103559,2.747559
149801858,Urbania,SURQUILLO,150141,Calle Harrington  al 100,La Calera De La Merced,743900.0,173.0,4300.0,3,3,1,250.0,1,6566.0,1135918.0,0.345,1856.33,,10,284,0.285,mejorando,0.648,0.682,0.8171136689103559,2.747559
149173758,Urbania,SURQUILLO,150141,Av. Andrés Aramburú,Surquillo,745000.0,76.0,9802.631578947368,3,2,1,0.0,1,6566.0,499016.0,-0.493,1856.33,,10,284,0.285,mejorando,0.648,0.682,0.8171136689103559,2.747559
148611522,Urbania,SURQUILLO,150141,"Av. Andrés Aramburú , Surquillo",Limatambo,745000.0,76.0,9802.631578947368,3,2,0,0.0,1,6566.0,499016.0,-0.493,1856.33,,10,284,0.285,mejorando,0.648,0.682,0.8171136689103559,2.747559
149334405,Urbania,SURQUILLO,150141,Balcon Vista a Parque-suquillo - 3d - 2b  Ascensor Directo Parlantes gas,Surquillo,750000.0,109.0,6880.733944954129,3,2,0,0.0,1,6566.0,715694.0,-0.048,1856.33,,10,284,0.285,mejorando,0.648,0.682,0.8171136689103559,2.747559
148285298,Urbania,SURQUILLO,150141,La Calera,La Calera,750965.0,128.0,5866.9140625,4,3,0,0.0,1,6566.0,840448.0,0.106,1856.33,,10,284,0.285,mejorando,0.648,0.682,0.8171136689103559,2.747559
148117222,Urbania,SURQUILLO,150141,"Calle Lola Pardo Vargas 045, Surquillo",Barrio Medico,756000.0,142.0,5323.943661971831,3,2,1,460.0,1,6566.0,932372.0,0.189,1856.33,,10,284,0.285,mejorando,0.648,0.682,0.8171136689103559,2.747559
148631537,Urbania,SURQUILLO,150141,Lola Pardo Vargas,Barrio Medico,756000.0,142.0,5323.943661971831,3,2,1,460.0,1,6566.0,932372.0,0.189,1856.33,,10,284,0.285,mejorando,0.648,0.682,0.8171136689103559,2.747559
149481578,Urbania,SURQUILLO,150141,"Calle Mayor Arce DE Oliva N°xxx, Dpto. 702",Surquillo,756800.0,109.0,6943.119266055046,3,2,1,420.0,1,6566.0,715694.0,-0.057,1856.33,,10,284,0.285,mejorando,0.648,0.682,0.8171136689103559,2.747559
149871247,Urbania,SURQUILLO,150141,Calle Ortega y Gasset 200,La Calera De La Merced,759000.0,128.0,5929.6875,3,2,1,0.0,1,6566.0,840448.0,0.097,1856.33,,10,284,0.285,mejorando,0.648,0.682,0.8171136689103559,2.747559
149612242,Urbania,SURQUILLO,150141,ESPALDA DE NEOPLASICAS,La Calera De La Merced,763250.0,129.0,5916.666666666667,4,3,0,0.0,10,6566.0,847014.0,0.099,1856.33,,10,284,0.285,mejorando,0.648,0.682,0.8171136689103559,2.747559
149717407,Urbania,SURQUILLO,150141,Av. Villaran 1109,Los Sauces,763400.0,126.0,6058.730158730159,3,2,0,130.0,1,6566.0,827316.0,0.077,1856.33,,10,284,0.285,mejorando,0.648,0.682,0.8171136689103559,2.747559
149038306,Urbania,SURQUILLO,150141,La Calera,La Calera,768200.0,103.0,7458.252427184466,4,3,1,0.0,10,6566.0,676298.0,-0.136,1856.33,,10,284,0.285,mejorando,0.648,0.682,0.8171136689103559,2.747559
145961197,Urbania,SURQUILLO,150141,AV. Sergio Bernales,Surquillo,772800.0,204.0,3788.235294117647,4,4,0,0.0,1,6566.0,1339464.0,0.423,1856.33,,10,284,0.285,mejorando,0.648,0.682,0.8171136689103559,2.747559
149561147,Urbania,SURQUILLO,150141,Lola Pardo Vargas 045,Aurora Este,774077.0,150.0,5160.513333333333,3,2,1,460.0,1,6566.0,984900.0,0.214,1856.33,,10,284,0.285,mejorando,0.648,0.682,0.8171136689103559,2.747559
149276475,Urbania,SURQUILLO,150141,ESPALDA DE NEOPLASICAS,La Calera De La Merced,776025.0,134.0,5791.231343283582,3,2,0,200.0,1,6566.0,879844.0,0.118,1856.33,,10,284,0.285,mejorando,0.648,0.682,0.8171136689103559,2.747559
149911208,Urbania,SURQUILLO,150141,La Calera de Monterrico,Surquillo,776250.0,134.0,5792.910447761194,4,2,1,250.0,10,6566.0,879844.0,0.118,1856.33,,10,284,0.285,mejorando,0.648,0.682,0.8171136689103559,2.747559
149777724,Urbania,SURQUILLO,150141,"Oswaldo Hercelles Cdra 1, Límite con Aurora - Miraflroes",Barrio Medico,778000.0,107.0,7271.028037383177,3,2,1,500.0,1,6566.0,702562.0,-0.107,1856.33,,10,284,0.285,mejorando,0.648,0.682,0.8171136689103559,2.747559
149112630,Urbania,SURQUILLO,150141,Manet mz L  8,Surquillo,778600.0,128.0,6082.8125,4,3,1,0.0,1,6566.0,840448.0,0.074,1856.33,,10,284,0.285,mejorando,0.648,0.682,0.8171136689103559,2.747559
149049491,Urbania,SURQUILLO,150141,Duplex CON Vista Externa Frente A Parque Privado DE 147 M2,Barrio Medico,779000.0,147.0,5299.319727891157,4,4,1,300.0,1,6566.0,965202.0,0.193,1856.33,,10,284,0.285,mejorando,0.648,0.682,0.8171136689103559,2.747559
148421995,Urbania,SURQUILLO,150141,Av. Sergio Bernales al 500,Surquillo,781000.0,174.0,4488.505747126437,4,4,1,400.0,1,6566.0,1142484.0,0.316,1856.33,,10,284,0.285,mejorando,0.648,0.682,0.8171136689103559,2.747559
147899495,Urbania,SURQUILLO,150141,AV SERGIO BERNALES,Medico,788000.0,157.0,5019.108280254777,4,4,1,320.0,1,6566.0,1030862.0,0.236,1856.33,,10,284,0.285,mejorando,0.648,0.682,0.8171136689103559,2.747559
149294198,Urbania,SURQUILLO,150141,Exclusivos Dúplex de 2 Niveles | Parque Pascal | Surquillo | Desde USD 190,Surquillo,800200.0,130.0,6155.384615384615,2,4,0,0.0,1,6566.0,853580.0,0.063,1856.33,,10,284,0.285,mejorando,0.648,0.682,0.8171136689103559,2.747559
148690274,Urbania,SURQUILLO,150141,Av. Valles del Sur,Capebco,804000.0,108.0,7444.444444444444,3,2,0,400.0,1,6566.0,709128.0,-0.134,1856.33,,10,284,0.285,mejorando,0.648,0.682,0.8171136689103559,2.747559
149497049,Urbania,SURQUILLO,150141,Calle Lola Pardo Vargas,Barrio Medico,813100.0,140.0,5807.857142857143,2,2,1,460.0,1,6566.0,919240.0,0.115,1856.33,,10,284,0.285,mejorando,0.648,0.682,0.8171136689103559,2.747559
147154211,Urbania,SURQUILLO,150141,"Casuarina 179, los sauces, surquillo",Los Sauces,817000.0,240.0,3404.1666666666665,5,5,1,0.0,1,6566.0,1575840.0,0.482,1856.33,,10,284,0.285,mejorando,0.648,0.682,0.8171136689103559,2.747559
148711897,Urbania,SURQUILLO,150141,Avenida Vallles del sur,Los Sauces,817650.0,108.0,7570.833333333333,2,2,1,0.0,1,6566.0,709128.0,-0.153,1856.33,,10,284,0.285,mejorando,0.648,0.682,0.8171136689103559,2.747559
148322589,Urbania,SURQUILLO,150141,JULIAN SANDOVAL,Surquillo,818000.0,144.0,5680.555555555556,3,2,0,400.0,1,6566.0,945504.0,0.135,1856.33,,10,284,0.285,mejorando,0.648,0.682,0.8171136689103559,2.747559
149187481,Urbania,SURQUILLO,150141,"Jr. Salaverry 1177, Surquillo 15047, Perú",Surquillo,839604.0,150.0,5597.36,3,3,0,0.0,1,6566.0,984900.0,0.148,1856.33,,10,284,0.285,mejorando,0.648,0.682,0.8171136689103559,2.747559
149098416,Urbania,SURQUILLO,150141,Merced,La Calera De La Merced,845250.0,160.0,5282.8125,4,3,1,0.0,1,6566.0,1050560.0,0.195,1856.33,,10,284,0.285,mejorando,0.648,0.682,0.8171136689103559,2.747559
148861096,Urbania,SURQUILLO,150141,Calle Federico Engels 142,La Calera De La Merced,859350.0,179.0,4800.8379888268155,4,4,1,330.0,1,6566.0,1175314.0,0.269,1856.33,,10,284,0.285,mejorando,0.648,0.682,0.8171136689103559,2.747559
149829254,Urbania,SURQUILLO,150141,C. Ortega y Gasset 398,La Calera De La Merced,862500.0,152.0,5674.3421052631575,3,2,1,0.0,1,6566.0,998032.0,0.136,1856.33,,10,284,0.285,mejorando,0.648,0.682,0.8171136689103559,2.747559
148287708,Urbania,SURQUILLO,150141,FISHER 100,La Calera,871000.0,171.0,5093.567251461988,4,3,1,0.0,1,6566.0,1122786.0,0.224,1856.33,,10,284,0.285,mejorando,0.648,0.682,0.8171136689103559,2.747559
149477662,Urbania,SURQUILLO,150141,"Juan Fuentes con Octavio Paz, Los Sauces, Surquillo",Surquillo,895615.0,151.0,5931.225165562914,3,2,2,0.0,1,6566.0,991466.0,0.097,1856.33,,10,284,0.285,mejorando,0.648,0.682,0.8171136689103559,2.747559
149442977,Urbania,SURQUILLO,150141,Av. Thomas Marsano  1623,Surquillo,900000.0,172.0,5232.558139534884,3,3,1,600.0,1,6566.0,1129352.0,0.203,1856.33,,10,284,0.285,mejorando,0.648,0.682,0.8171136689103559,2.747559
148700588,Urbania,SURQUILLO,150141,Ortega Y Gasset  al 100,Surquillo,922000.0,148.0,6229.72972972973,4,5,1,300.0,1,6566.0,971768.0,0.051,1856.33,,10,284,0.285,mejorando,0.648,0.682,0.8171136689103559,2.747559
4609765,Urbania,SURQUILLO,150141,Av. Sergio Bernales,Surquillo,957600.0,165.0,5803.636363636364,3,3,2,420.0,1,6566.0,1083390.0,0.116,1856.33,,10,284,0.285,mejorando,0.648,0.682,0.8171136689103559,2.747559
149655491,Urbania,SURQUILLO,150141,La Calera,La Calera,985320.0,186.0,5297.419354838709,3,5,2,350.0,1,6566.0,1221276.0,0.193,1856.33,,10,284,0.285,mejorando,0.648,0.682,0.8171136689103559,2.747559
149651052,Urbania,SURQUILLO,150141,Calle Montesquieu 200,Surquillo,1000500.0,190.0,5265.789473684211,3,2,1,320.0,1,6566.0,1247540.0,0.198,1856.33,,10,284,0.285,mejorando,0.648,0.682,0.8171136689103559,2.747559
149270766,Urbania,SURQUILLO,150141,Diderot 311,La Calera De La Merced,1005606.0,186.0,5406.4838709677415,4,5,2,350.0,1,6566.0,1221276.0,0.177,1856.33,,10,284,0.285,mejorando,0.648,0.682,0.8171136689103559,2.747559
149725125,Urbania,SURQUILLO,150141,La Calera,La Calera,1035000.0,142.0,7288.732394366197,3,2,1,0.0,1,6566.0,932372.0,-0.11,1856.33,,10,284,0.285,mejorando,0.648,0.682,0.8171136689103559,2.747559
